#
# There is insufficient memory for the Java Runtime Environment to continue.
# Native memory allocation (mmap) failed to map 65536 bytes. Error detail: Failed to commit metaspace.
# Possible reasons:
#   The system is out of physical RAM or swap space
#   This process is running with CompressedOops enabled, and the Java Heap may be blocking the growth of the native heap
# Possible solutions:
#   Reduce memory load on the system
#   Increase physical memory or swap space
#   Check if swap backing store is full
#   Decrease Java heap size (-Xmx/-Xms)
#   Decrease number of Java threads
#   Decrease Java thread stack sizes (-Xss)
#   Set larger code cache with -XX:ReservedCodeCacheSize=
#   JVM is running with Unscaled Compressed Oops mode in which the Java heap is
#     placed in the first 4GB address space. The Java Heap base address is the
#     maximum limit for the native heap growth. Please use -XX:HeapBaseMinAddress
#     to set the Java Heap base and to place the Java Heap above 4GB virtual address.
# This output file may be truncated or incomplete.
#
#  Out of Memory Error (virtualSpaceNode.cpp:113), pid=15024, tid=8012
#
# JRE version: OpenJDK Runtime Environment Temurin-21.0.10+7 (21.0.10+7) (build 21.0.10+7-LTS)
# Java VM: OpenJDK 64-Bit Server VM Temurin-21.0.10+7 (21.0.10+7-LTS, mixed mode, sharing, tiered, compressed oops, compressed class ptrs, parallel gc, windows-amd64)
# No core dump will be written. Minidumps are not enabled by default on client versions of Windows
#

---------------  S U M M A R Y ------------

Command Line: --add-modules=ALL-SYSTEM --add-opens=java.base/java.util=ALL-UNNAMED --add-opens=java.base/java.lang=ALL-UNNAMED --add-opens=java.base/sun.nio.fs=ALL-UNNAMED -Declipse.application=org.eclipse.jdt.ls.core.id1 -Dosgi.bundles.defaultStartLevel=4 -Declipse.product=org.eclipse.jdt.ls.core.product -Djava.import.generatesMetadataFilesAtProjectRoot=false -DDetectVMInstallationsJob.disabled=true -Dfile.encoding=utf8 -XX:+UseParallelGC -XX:GCTimeRatio=4 -XX:AdaptiveSizePolicyWeight=90 -Dsun.zip.disableMemoryMapping=true -Xmx2G -Xms100m -Xlog:disable -javaagent:c:\Users\gdtt_\.antigravity-ide\extensions\redhat.java-1.54.0-win32-x64\lombok\lombok-1.18.39-4050.jar -XX:+HeapDumpOnOutOfMemoryError -XX:HeapDumpPath=c:\Users\gdtt_\AppData\Roaming\Antigravity IDE\User\workspaceStorage\9b54a673ce9d48390a264c05abd1288d\redhat.java -Daether.dependencyCollector.impl=bf -Xmx512M c:\Users\gdtt_\.antigravity-ide\extensions\redhat.java-1.54.0-win32-x64\server\plugins\org.eclipse.equinox.launcher_1.7.100.v20251111-0406.jar -configuration c:\Users\gdtt_\AppData\Roaming\Antigravity IDE\User\globalStorage\redhat.java\1.54.0\config_win -data c:\Users\gdtt_\AppData\Roaming\Antigravity IDE\User\workspaceStorage\9b54a673ce9d48390a264c05abd1288d\redhat.java\jdt_ws --pipe=\\.\pipe\lsp-9b5ae130b3d14b980fe4c47f791fb75d-sock

Host: 11th Gen Intel(R) Core(TM) i3-1115G4 @ 3.00GHz, 4 cores, 11G,  Windows 11 , 64 bit Build 26100 (10.0.26100.8521)
Time: Wed Jun 10 10:44:38 2026 SE Asia Standard Time elapsed time: 8.856878 seconds (0d 0h 0m 8s)

---------------  T H R E A D  ---------------

Current thread (0x000002a8fec26c20):  JavaThread "Worker-0: Checking project encoding"        [_thread_in_vm, id=8012, stack(0x000000fc3fa00000,0x000000fc3fb00000) (1024K)]

Stack: [0x000000fc3fa00000,0x000000fc3fb00000]
Native frames: (J=compiled Java code, j=interpreted, Vv=VM code, C=native code)
V  [jvm.dll+0x6d7a39]
V  [jvm.dll+0x8b4b26]
V  [jvm.dll+0x8b70de]
V  [jvm.dll+0x8b77c3]
V  [jvm.dll+0x284346]
V  [jvm.dll+0x8b086e]
V  [jvm.dll+0x679444]
V  [jvm.dll+0x1e82bb]
V  [jvm.dll+0x1e807e]
V  [jvm.dll+0x67bd42]
V  [jvm.dll+0x67bb72]
V  [jvm.dll+0x679e1e]
V  [jvm.dll+0x26f5c6]
V  [jvm.dll+0x219f3f]
V  [jvm.dll+0x20f62e]
V  [jvm.dll+0x5b644f]
V  [jvm.dll+0x82ead6]
V  [jvm.dll+0x478db8]
V  [jvm.dll+0x47ebe8]
C  [java.dll+0x17ec]

Java frames: (J=compiled Java code, j=interpreted, Vv=VM code)
J 1119  java.lang.ClassLoader.defineClass1(Ljava/lang/ClassLoader;Ljava/lang/String;[BIILjava/security/ProtectionDomain;Ljava/lang/String;)Ljava/lang/Class; java.base@21.0.10 (0 bytes) @ 0x000002a8f4528e91 [0x000002a8f4528dc0+0x00000000000000d1]
J 1886 c1 java.lang.ClassLoader.defineClass(Ljava/lang/String;[BIILjava/security/ProtectionDomain;)Ljava/lang/Class; java.base@21.0.10 (43 bytes) @ 0x000002a8ecd3dd7c [0x000002a8ecd3da20+0x000000000000035c]
J 2899 c1 org.eclipse.osgi.internal.loader.ModuleClassLoader.defineClass(Ljava/lang/String;[BLorg/eclipse/osgi/internal/loader/classpath/ClasspathEntry;)Lorg/eclipse/osgi/internal/loader/ModuleClassLoader$DefineClassResult; (67 bytes) @ 0x000002a8ecf9c8bc [0x000002a8ecf9c5a0+0x000000000000031c]
J 2774 c1 org.eclipse.osgi.internal.loader.classpath.ClasspathManager.defineClass(Ljava/lang/String;[BLorg/eclipse/osgi/internal/loader/classpath/ClasspathEntry;Lorg/eclipse/osgi/storage/bundlefile/BundleEntry;Ljava/util/List;)Ljava/lang/Class; (636 bytes) @ 0x000002a8ecf43374 [0x000002a8ecf418c0+0x0000000000001ab4]
J 2775 c1 org.eclipse.osgi.internal.loader.classpath.ClasspathManager.findClassImpl(Ljava/lang/String;Lorg/eclipse/osgi/internal/loader/classpath/ClasspathEntry;Ljava/util/List;)Ljava/lang/Class; (328 bytes) @ 0x000002a8ecf4ad24 [0x000002a8ecf47a00+0x0000000000003324]
J 2496 c1 org.eclipse.osgi.internal.loader.classpath.ClasspathManager.findLocalClassImpl(Ljava/lang/String;[Lorg/eclipse/osgi/internal/loader/classpath/ClasspathEntry;Ljava/util/List;)Ljava/lang/Class; (55 bytes) @ 0x000002a8ecea81e4 [0x000002a8ecea8060+0x0000000000000184]
J 2500 c1 org.eclipse.osgi.internal.loader.classpath.ClasspathManager.findLocalClassImpl(Ljava/lang/String;Ljava/util/List;)Ljava/lang/Class; (132 bytes) @ 0x000002a8eceaa394 [0x000002a8ecea9e60+0x0000000000000534]
J 2749 c1 org.eclipse.osgi.internal.loader.classpath.ClasspathManager.findLocalClass(Ljava/lang/String;)Ljava/lang/Class; (210 bytes) @ 0x000002a8ecf30a24 [0x000002a8ecf2fd60+0x0000000000000cc4]
J 2493 c1 org.eclipse.osgi.internal.loader.BundleLoader.findLocalClass(Ljava/lang/String;)Ljava/lang/Class; (159 bytes) @ 0x000002a8ecea02cc [0x000002a8ece9f6e0+0x0000000000000bec]
J 2407 c1 org.eclipse.osgi.internal.loader.BundleLoader.findClass0(Ljava/lang/String;ZZ)Ljava/lang/Class; (490 bytes) @ 0x000002a8ece6065c [0x000002a8ece5d4c0+0x000000000000319c]
J 2406 c1 org.eclipse.osgi.internal.loader.BundleLoader.findClass(Ljava/lang/String;)Ljava/lang/Class; (8 bytes) @ 0x000002a8ece5cacc [0x000002a8ece5ca40+0x000000000000008c]
J 2408 c1 org.eclipse.osgi.internal.loader.ModuleClassLoader.loadClass(Ljava/lang/String;Z)Ljava/lang/Class; (36 bytes) @ 0x000002a8ece63c4c [0x000002a8ece63a20+0x000000000000022c]
J 3943 c2 java.lang.ClassLoader.loadClass(Ljava/lang/String;)Ljava/lang/Class; java.base@21.0.10 (7 bytes) @ 0x000002a8f466c76c [0x000002a8f466c720+0x000000000000004c]
v  ~StubRoutines::call_stub 0x000002a8f3f110e7
j  org.eclipse.core.internal.events.ResourceDeltaFactory.computeDelta(Lorg/eclipse/core/internal/resources/Workspace;Lorg/eclipse/core/internal/watson/ElementTree;Lorg/eclipse/core/internal/watson/ElementTree;Lorg/eclipse/core/runtime/IPath;J)Lorg/eclipse/core/internal/events/ResourceDelta;+156
j  org.eclipse.core.internal.events.NotificationManager.getDelta(Lorg/eclipse/core/internal/watson/ElementTree;I)Lorg/eclipse/core/internal/events/ResourceDelta;+138
j  org.eclipse.core.internal.events.NotificationManager.broadcastChanges(Lorg/eclipse/core/internal/watson/ElementTree;Lorg/eclipse/core/internal/events/ResourceChangeEvent;Z)V+40
j  org.eclipse.core.internal.resources.Workspace.broadcastPostChange()V+22
j  org.eclipse.core.internal.resources.Workspace.endOperation(Lorg/eclipse/core/runtime/jobs/ISchedulingRule;Z)V+142
j  org.eclipse.core.internal.resources.InternalWorkspaceJob.run(Lorg/eclipse/core/runtime/IProgressMonitor;)Lorg/eclipse/core/runtime/IStatus;+59
j  org.eclipse.core.internal.jobs.Worker.run()V+32
v  ~StubRoutines::call_stub 0x000002a8f3f110e7

Compiled method (n/a) 8872 1119     n 0       java.lang.ClassLoader::defineClass1 (native)
 total in heap  [0x000002a8f4528c10,0x000002a8f4529098] = 1160
 relocation     [0x000002a8f4528d70,0x000002a8f4528da8] = 56
 main code      [0x000002a8f4528dc0,0x000002a8f4529096] = 726
 stub code      [0x000002a8f4529096,0x000002a8f4529098] = 2

[Constant Pool (empty)]

[MachCode]
[Entry Point]
  # {method} {0x000002a880434f58} 'defineClass1' '(Ljava/lang/ClassLoader;Ljava/lang/String;[BIILjava/security/ProtectionDomain;Ljava/lang/String;)Ljava/lang/Class;' in 'java/lang/ClassLoader'
  # parm0:    rdx:rdx   = 'java/lang/ClassLoader'
  # parm1:    r8:r8     = 'java/lang/String'
  # parm2:    r9:r9     = '[B'
  # parm3:    rdi       = int
  # parm4:    rsi       = int
  # parm5:    rcx:rcx   = 'java/security/ProtectionDomain'
  # parm6:    [sp+0xa0]   = 'java/lang/String'  (sp of caller)
  0x000002a8f4528dc0: 448b 5208 | 49bb 0000 | 0080 a802 | 0000 4d03 | d349 3bc2 | 0f84 0600 

  0x000002a8f4528dd8: ;   {runtime_call ic_miss_stub}
  0x000002a8f4528dd8: 0000 e9a1 | 58a3 ff90 
[Verified Entry Point]
  0x000002a8f4528de0: 8984 2400 | 80ff ff55 | 488b ec48 | 81ec 9000 | 0000 6690 | 4181 7f20 | 0200 0000 

  0x000002a8f4528dfc: ;   {runtime_call StubRoutines (final stubs)}
  0x000002a8f4528dfc: 7405 e8fd | 49a2 ff48 | 837d 1000 | 488d 4510 | 480f 4445 | 1048 8944 | 2440 4889 | 4c24 7048 
  0x000002a8f4528e1c: 83f9 0048 | 8d44 2470 | 480f 4444 | 2470 4889 | 4424 3848 | 8974 2430 | 4889 7c24 | 284c 894c 
  0x000002a8f4528e3c: 2458 4983 | f900 488d | 4424 5848 | 0f44 4424 | 5848 8944 | 2420 4c89 | 4424 5049 | 83f8 004c 
  0x000002a8f4528e5c: 8d4c 2450 | 4c0f 444c | 2450 4889 | 5424 4848 | 83fa 004c | 8d44 2448 | 4c0f 4444 

  0x000002a8f4528e78: ;   {oop(a 'java/lang/Class'{0x00000000e077aef0} = 'java/lang/ClassLoader')}
  0x000002a8f4528e78: 2448 49be | f0ae 77e0 | 0000 0000 | 4c89 7424 | 784c 8d74 | 2478 498b | d6c5 f877 

  0x000002a8f4528e94: ;   {internal_word}
  0x000002a8f4528e94: 49ba 918e | 52f4 a802 | 0000 4d89 | 97a8 0300 | 0049 89a7 | a003 0000 

  0x000002a8f4528eac: ;   {external_word}
  0x000002a8f4528eac: 49ba c65c | ceca fc7f | 0000 4180 | 3a00 0f84 | 4e00 0000 | 5241 5041 

  0x000002a8f4528ec4: ;   {metadata({method} {0x000002a880434f58} 'defineClass1' '(Ljava/lang/ClassLoader;Ljava/lang/String;[BIILjava/security/ProtectionDomain;Ljava/lang/String;)Ljava/lang/Class;' in 'java/lang/ClassLoader')}
  0x000002a8f4528ec4: 5148 ba50 | 4f43 80a8 | 0200 0049 | 8bcf 4883 | ec20 40f6 | c40f 0f84 | 1900 0000 | 4883 ec08 
  0x000002a8f4528ee4: ;   {runtime_call}
  0x000002a8f4528ee4: 48b8 50e1 | 77ca fc7f | 0000 ffd0 | 4883 c408 | e90c 0000 

  0x000002a8f4528ef8: ;   {runtime_call}
  0x000002a8f4528ef8: 0048 b850 | e177 cafc | 7f00 00ff | d048 83c4 | 2041 5941 | 585a 498d | 8fc0 0300 | 0041 c787 
  0x000002a8f4528f18: 4c04 0000 | 0400 0000 

  0x000002a8f4528f20: ;   {runtime_call}
  0x000002a8f4528f20: 48b8 ac16 | 1a4b fd7f | 0000 ffd0 | c5f8 7741 | c787 4c04 | 0000 0500 | 0000 f083 | 4424 c000 
  0x000002a8f4528f40: 493b af50 | 0400 000f | 870e 0000 | 0041 83bf | 4804 0000 | 000f 842b | 0000 00c5 | f877 4889 
  0x000002a8f4528f60: 45f8 498b | cf4c 8be4 | 4883 ec20 | 4883 e4f0 

  0x000002a8f4528f70: ;   {runtime_call}
  0x000002a8f4528f70: 48b8 d052 | 43ca fc7f | 0000 ffd0 | 498b e44d | 33e4 488b | 45f8 41c7 | 874c 0400 | 0008 0000 
  0x000002a8f4528f90: 0041 83bf | c804 0000 | 020f 84ca 

  0x000002a8f4528f9c: ;   {external_word}
  0x000002a8f4528f9c: 0000 0049 | bac6 5cce | cafc 7f00 | 0041 803a | 000f 844c | 0000 0048 

  0x000002a8f4528fb4: ;   {metadata({method} {0x000002a880434f58} 'defineClass1' '(Ljava/lang/ClassLoader;Ljava/lang/String;[BIILjava/security/ProtectionDomain;Ljava/lang/String;)Ljava/lang/Class;' in 'java/lang/ClassLoader')}
  0x000002a8f4528fb4: 8945 f848 | ba50 4f43 | 80a8 0200 | 0049 8bcf | 4883 ec20 | 40f6 c40f | 0f84 1900 | 0000 4883 
  0x000002a8f4528fd4: ;   {runtime_call}
  0x000002a8f4528fd4: ec08 48b8 | 50e1 77ca | fc7f 0000 | ffd0 4883 | c408 e90c 

  0x000002a8f4528fe8: ;   {runtime_call}
  0x000002a8f4528fe8: 0000 0048 | b850 e177 | cafc 7f00 | 00ff d048 | 83c4 2048 | 8b45 f849 | c787 a003 | 0000 0000 
  0x000002a8f4529008: 0000 49c7 | 87a8 0300 | 0000 0000 | 00c5 f877 | 4885 c00f | 8425 0000 | 00a8 030f | 8508 0000 
  0x000002a8f4529028: 0048 8b00 | e915 0000 | 00a8 010f | 8509 0000 | 0048 8b40 | fee9 0400 | 0000 488b | 40ff 498b 
  0x000002a8f4529048: 8f30 0400 | 00c7 8100 | 0100 0000 | 0000 00c9 | 4983 7f08 | 000f 8501 | 0000 00c3 

  0x000002a8f4529064: ;   {runtime_call StubRoutines (initial stubs)}
  0x000002a8f4529064: e997 7e9e | ffc5 f877 | 4889 45f8 | 4c8b e448 | 83ec 2048 

  0x000002a8f4529078: ;   {runtime_call}
  0x000002a8f4529078: 83e4 f048 | b8a0 1878 | cafc 7f00 | 00ff d049 | 8be4 4d33 | e448 8b45 | f8e9 09ff | ffff f4f4 
[/MachCode]


Compiled method (c1) 8877 1886       3       java.lang.ClassLoader::defineClass (43 bytes)
 total in heap  [0x000002a8ecd3d810,0x000002a8ecd3e170] = 2400
 relocation     [0x000002a8ecd3d970,0x000002a8ecd3da10] = 160
 main code      [0x000002a8ecd3da20,0x000002a8ecd3dec0] = 1184
 stub code      [0x000002a8ecd3dec0,0x000002a8ecd3df38] = 120
 metadata       [0x000002a8ecd3df38,0x000002a8ecd3df68] = 48
 scopes data    [0x000002a8ecd3df68,0x000002a8ecd3e058] = 240
 scopes pcs     [0x000002a8ecd3e058,0x000002a8ecd3e138] = 224
 dependencies   [0x000002a8ecd3e138,0x000002a8ecd3e148] = 16
 nul chk table  [0x000002a8ecd3e148,0x000002a8ecd3e170] = 40

[Constant Pool (empty)]

[MachCode]
[Entry Point]
  # {method} {0x000002a8804352d8} 'defineClass' '(Ljava/lang/String;[BIILjava/security/ProtectionDomain;)Ljava/lang/Class;' in 'java/lang/ClassLoader'
  # this:     rdx:rdx   = 'java/lang/ClassLoader'
  # parm0:    r8:r8     = 'java/lang/String'
  # parm1:    r9:r9     = '[B'
  # parm2:    rdi       = int
  # parm3:    rsi       = int
  # parm4:    rcx:rcx   = 'java/security/ProtectionDomain'
  #           [sp+0xc0]  (sp of caller)
  0x000002a8ecd3da20: 448b 5208 | 49bb 0000 | 0080 a802 | 0000 4d03 | d34c 3bd0 

  0x000002a8ecd3da34: ;   {runtime_call ic_miss_stub}
  0x000002a8ecd3da34: 0f85 460c | 2207 660f | 1f44 0000 
[Verified Entry Point]
  0x000002a8ecd3da40: 8984 2400 | 80ff ff55 | 4881 ecb0 | 0000 0090 | 4181 7f20 | 0200 0000 

  0x000002a8ecd3da58: ;   {runtime_call StubRoutines (final stubs)}
  0x000002a8ecd3da58: 7405 e8a1 | fd20 0748 | 8954 2478 

  0x000002a8ecd3da64: ;   {metadata(method data for {method} {0x000002a8804352d8} 'defineClass' '(Ljava/lang/String;[BIILjava/security/ProtectionDomain;)Ljava/lang/Class;' in 'java/lang/ClassLoader')}
  0x000002a8ecd3da64: 48bb b0ef | 36c1 a802 | 0000 8b83 | cc00 0000 | 83c0 0289 | 83cc 0000 | 0025 fe07 | 0000 85c0 
  0x000002a8ecd3da84: 0f84 5803 | 0000 89b4 | 2494 0000 | 0089 bc24 | 9000 0000 | 4c89 8c24 | 8800 0000 

  0x000002a8ecd3daa0: ;   {metadata(method data for {method} {0x000002a8804352d8} 'defineClass' '(Ljava/lang/String;[BIILjava/security/ProtectionDomain;)Ljava/lang/Class;' in 'java/lang/ClassLoader')}
  0x000002a8ecd3daa0: 488b da48 | b8b0 ef36 | c1a8 0200 | 0048 8380 | 1001 0000 | 0149 8bd8 | 4c8b c34c | 8bc9 488b 
  0x000002a8ecd3dac0: ca48 8bd1 | 4889 9c24 | 8000 0000 

  0x000002a8ecd3dacc: ;   {optimized virtual_call}
  0x000002a8ecd3dacc: 6666 90e8 

  0x000002a8ecd3dad0: ; ImmutableOopMap {[120]=Oop [128]=Oop [136]=Oop }
                      ;*invokevirtual preDefineClass {reexecute=0 rethrow=0 return_oop=0}
                      ; - java.lang.ClassLoader::defineClass@4
  0x000002a8ecd3dad0: cc1a edff 

  0x000002a8ecd3dad4: ;   {other}
  0x000002a8ecd3dad4: 0f1f 8400 | c402 0000 | 4889 8424 | 9800 0000 | 488b 5424 

  0x000002a8ecd3dae8: ;   {metadata(method data for {method} {0x000002a8804352d8} 'defineClass' '(Ljava/lang/String;[BIILjava/security/ProtectionDomain;)Ljava/lang/Class;' in 'java/lang/ClassLoader')}
  0x000002a8ecd3dae8: 7849 b8b0 | ef36 c1a8 | 0200 0049 | 8380 4801 

  0x000002a8ecd3daf8: ;   {metadata(method data for {method} {0x000002a880434fc0} 'defineClassSourceLocation' '(Ljava/security/ProtectionDomain;)Ljava/lang/String;' in 'java/lang/ClassLoader')}
  0x000002a8ecd3daf8: 0000 0149 | b8c8 f636 | c1a8 0200 | 0041 8b90 | cc00 0000 | 83c2 0241 | 8990 cc00 | 0000 81e2 
  0x000002a8ecd3db18: feff 1f00 | 85d2 0f84 | df02 0000 

  0x000002a8ecd3db24: ; implicit exception: dispatches to 0x000002a8ecd3de24
  0x000002a8ecd3db24: 483b 004c 

  0x000002a8ecd3db28: ;   {metadata(method data for {method} {0x000002a880434fc0} 'defineClassSourceLocation' '(Ljava/security/ProtectionDomain;)Ljava/lang/String;' in 'java/lang/ClassLoader')}
  0x000002a8ecd3db28: 8bc0 48ba | c8f6 36c1 | a802 0000 | 4883 8210 | 0100 0001 | 448b 4010 

  0x000002a8ecd3db40: ;   {metadata(method data for {method} {0x000002a880434fc0} 'defineClassSourceLocation' '(Ljava/security/ProtectionDomain;)Ljava/lang/String;' in 'java/lang/ClassLoader')}
  0x000002a8ecd3db40: 4d85 c048 | bac8 f636 | c1a8 0200 | 0048 c7c6 | 5801 0000 | 7507 48c7 | c648 0100 | 0048 8b3c 
  0x000002a8ecd3db60: 3248 8d7f | 0148 893c | 320f 850f 

  0x000002a8ecd3db6c: ;   {oop(nullptr)}
  0x000002a8ecd3db6c: 0000 0048 | bb00 0000 | 0000 0000 | 00e9 a901 | 0000 493b | 0049 8bd0 

  0x000002a8ecd3db84: ;   {metadata(method data for {method} {0x000002a880434fc0} 'defineClassSourceLocation' '(Ljava/security/ProtectionDomain;)Ljava/lang/String;' in 'java/lang/ClassLoader')}
  0x000002a8ecd3db84: 48be c8f6 | 36c1 a802 | 0000 4883 | 8668 0100 | 0001 418b | 500c 4885 

  0x000002a8ecd3db9c: ;   {metadata(method data for {method} {0x000002a880434fc0} 'defineClassSourceLocation' '(Ljava/security/ProtectionDomain;)Ljava/lang/String;' in 'java/lang/ClassLoader')}
  0x000002a8ecd3db9c: d248 bec8 | f636 c1a8 | 0200 0048 | c7c7 b001 | 0000 7507 | 48c7 c7a0 | 0100 0048 | 8b1c 3e48 
  0x000002a8ecd3dbbc: 8d5b 0148 | 891c 3e0f | 850f 0000 

  0x000002a8ecd3dbc8: ;   {oop(nullptr)}
  0x000002a8ecd3dbc8: 0048 bb00 | 0000 0000 | 0000 00e9 | 4f01 0000 

  0x000002a8ecd3dbd8: ;   {metadata(method data for {method} {0x000002a880434fc0} 'defineClassSourceLocation' '(Ljava/security/ProtectionDomain;)Ljava/lang/String;' in 'java/lang/ClassLoader')}
  0x000002a8ecd3dbd8: 48be c8f6 | 36c1 a802 | 0000 4883 | 86c0 0100 | 0001 483b | 024c 8bc2 

  0x000002a8ecd3dbf0: ;   {metadata(method data for {method} {0x000002a880434fc0} 'defineClassSourceLocation' '(Ljava/security/ProtectionDomain;)Ljava/lang/String;' in 'java/lang/ClassLoader')}
  0x000002a8ecd3dbf0: 48be c8f6 | 36c1 a802 | 0000 4883 | 86f8 0100 

  0x000002a8ecd3dc00: ;   {metadata(method data for {method} {0x000002a88001abf0} 'toString' '()Ljava/lang/String;' in 'java/net/URL')}
  0x000002a8ecd3dc00: 0001 49b8 | 98ea 36c1 | a802 0000 | 418b b0cc | 0000 0083 | c602 4189 | b0cc 0000 | 0081 e6fe 
  0x000002a8ecd3dc20: ff1f 0085 | f60f 8408 | 0200 004c 

  0x000002a8ecd3dc2c: ;   {metadata(method data for {method} {0x000002a88001abf0} 'toString' '()Ljava/lang/String;' in 'java/net/URL')}
  0x000002a8ecd3dc2c: 8bc2 48be | 98ea 36c1 | a802 0000 | 4883 8610 | 0100 0001 

  0x000002a8ecd3dc40: ;   {metadata(method data for {method} {0x000002a880428b60} 'toExternalForm' '()Ljava/lang/String;' in 'java/net/URL')}
  0x000002a8ecd3dc40: 49b8 4882 | 36c1 a802 | 0000 418b | b0cc 0000 | 0083 c602 | 4189 b0cc | 0000 0081 | e6fe ff1f 
  0x000002a8ecd3dc60: 0085 f60f | 84eb 0100 | 008b 7238 

  0x000002a8ecd3dc6c: ; implicit exception: dispatches to 0x000002a8ecd3de75
  0x000002a8ecd3dc6c: 483b 064c 

  0x000002a8ecd3dc70: ;   {metadata(method data for {method} {0x000002a880428b60} 'toExternalForm' '()Ljava/lang/String;' in 'java/net/URL')}
  0x000002a8ecd3dc70: 8bc6 48bf | 4882 36c1 | a802 0000 | 458b 4008 | 49ba 0000 | 0080 a802 | 0000 4d03 | c24c 3b87 
  0x000002a8ecd3dc90: 2001 0000 | 750d 4883 | 8728 0100 | 0001 e960 | 0000 004c | 3b87 3001 | 0000 750d | 4883 8738 
  0x000002a8ecd3dcb0: 0100 0001 | e94a 0000 | 0048 83bf | 2001 0000 | 0075 174c | 8987 2001 | 0000 48c7 | 8728 0100 
  0x000002a8ecd3dcd0: 0001 0000 | 00e9 2900 | 0000 4883 | bf30 0100 | 0000 7517 | 4c89 8730 | 0100 0048 | c787 3801 
  0x000002a8ecd3dcf0: 0000 0100 | 0000 e908 | 0000 0048 | 8387 1001 | 0000 014c | 8bc2 488b | d60f 1f40 | 0048 b8ff 
  0x000002a8ecd3dd10: ffff ffff 

  0x000002a8ecd3dd14: ;   {virtual_call}
  0x000002a8ecd3dd14: ffff ffe8 

  0x000002a8ecd3dd18: ; ImmutableOopMap {[120]=Oop [128]=Oop [136]=Oop [152]=Oop }
                      ;*invokevirtual toExternalForm {reexecute=0 rethrow=0 return_oop=0}
                      ; - java.net.URL::toExternalForm@5
                      ; - java.net.URL::toString@1
                      ; - java.lang.ClassLoader::defineClassSourceLocation@22
                      ; - java.lang.ClassLoader::defineClass@12
  0x000002a8ecd3dd18: 34f0 2d07 

  0x000002a8ecd3dd1c: ;   {other}
  0x000002a8ecd3dd1c: 0f1f 8400 | 0c05 0001 | 488b d848 | 8b84 2498 | 0000 008b | b424 9400 | 0000 8bbc | 2490 0000 
  0x000002a8ecd3dd3c: 004c 8b8c | 2488 0000 | 004c 8b84 | 2480 0000 | 0048 8b54 

  0x000002a8ecd3dd50: ;   {metadata(method data for {method} {0x000002a8804352d8} 'defineClass' '(Ljava/lang/String;[BIILjava/security/ProtectionDomain;)Ljava/lang/Class;' in 'java/lang/ClassLoader')}
  0x000002a8ecd3dd50: 2478 48b9 | b0ef 36c1 | a802 0000 | 4883 8180 | 0100 0001 | 4c8b da49 | 8bd3 488b | c848 891c 
  0x000002a8ecd3dd70: 2466 0f1f 

  0x000002a8ecd3dd74: ;   {static_call}
  0x000002a8ecd3dd74: 4400 00e8 

  0x000002a8ecd3dd78: ; ImmutableOopMap {[120]=Oop [152]=Oop }
                      ;*invokestatic defineClass1 {reexecute=0 rethrow=0 return_oop=0}
                      ; - java.lang.ClassLoader::defineClass@27
  0x000002a8ecd3dd78: 64b0 7e07 

  0x000002a8ecd3dd7c: ;   {other}
  0x000002a8ecd3dd7c: 0f1f 8400 | 6c05 0002 | 488b 5424 

  0x000002a8ecd3dd88: ;   {metadata(method data for {method} {0x000002a8804352d8} 'defineClass' '(Ljava/lang/String;[BIILjava/security/ProtectionDomain;)Ljava/lang/Class;' in 'java/lang/ClassLoader')}
  0x000002a8ecd3dd88: 7849 b8b0 | ef36 c1a8 | 0200 0049 | 8380 9001 | 0000 014c | 8bc0 4c8b | 8c24 9800 | 0000 488b 
  0x000002a8ecd3dda8: 5424 7848 | 8984 24a0 | 0000 000f 

  0x000002a8ecd3ddb4: ;   {optimized virtual_call}
  0x000002a8ecd3ddb4: 1f40 00e8 

  0x000002a8ecd3ddb8: ; ImmutableOopMap {[160]=Oop }
                      ;*invokevirtual postDefineClass {reexecute=0 rethrow=0 return_oop=0}
                      ; - java.lang.ClassLoader::defineClass@37
  0x000002a8ecd3ddb8: e427 f7ff 

  0x000002a8ecd3ddbc: ;   {other}
  0x000002a8ecd3ddbc: 0f1f 8400 | ac05 0003 | 488b 8424 | a000 0000 | 4881 c4b0 | 0000 005d 

  0x000002a8ecd3ddd4: ;   {poll_return}
  0x000002a8ecd3ddd4: 493b a750 | 0400 000f | 8799 0000 

  0x000002a8ecd3dde0: ;   {metadata({method} {0x000002a8804352d8} 'defineClass' '(Ljava/lang/String;[BIILjava/security/ProtectionDomain;)Ljava/lang/Class;' in 'java/lang/ClassLoader')}
  0x000002a8ecd3dde0: 00c3 49ba | d052 4380 | a802 0000 | 4c89 5424 | 0848 c704 | 24ff ffff 

  0x000002a8ecd3ddf8: ;   {runtime_call counter_overflow Runtime1 stub}
  0x000002a8ecd3ddf8: ffe8 82a6 

  0x000002a8ecd3ddfc: ; ImmutableOopMap {rdx=Oop r8=Oop r9=Oop rcx=Oop [120]=Oop }
                      ;*synchronization entry
                      ; - java.lang.ClassLoader::defineClass@-1
  0x000002a8ecd3ddfc: 2d07 e987 

  0x000002a8ecd3de00: ;   {metadata({method} {0x000002a880434fc0} 'defineClassSourceLocation' '(Ljava/security/ProtectionDomain;)Ljava/lang/String;' in 'java/lang/ClassLoader')}
  0x000002a8ecd3de00: fcff ff49 | bab8 4f43 | 80a8 0200 | 004c 8954 | 2408 48c7 | 0424 ffff 

  0x000002a8ecd3de18: ;   {runtime_call counter_overflow Runtime1 stub}
  0x000002a8ecd3de18: ffff e861 

  0x000002a8ecd3de1c: ; ImmutableOopMap {rax=Oop [120]=Oop [128]=Oop [136]=Oop [152]=Oop }
                      ;*synchronization entry
                      ; - java.lang.ClassLoader::defineClassSourceLocation@-1
                      ; - java.lang.ClassLoader::defineClass@12
  0x000002a8ecd3de1c: a62d 07e9 | 00fd ffff 

  0x000002a8ecd3de24: ;   {runtime_call throw_null_pointer_exception Runtime1 stub}
  0x000002a8ecd3de24: e8f7 5524 

  0x000002a8ecd3de28: ; ImmutableOopMap {rax=Oop [120]=Oop [128]=Oop [136]=Oop [152]=Oop }
                      ;*invokevirtual getCodeSource {reexecute=0 rethrow=0 return_oop=0}
                      ; - java.lang.ClassLoader::defineClassSourceLocation@1
                      ; - java.lang.ClassLoader::defineClass@12
                      ;   {runtime_call throw_null_pointer_exception Runtime1 stub}
  0x000002a8ecd3de28: 07e8 f255 

  0x000002a8ecd3de2c: ; ImmutableOopMap {rax=Oop r8=Oop [120]=Oop [128]=Oop [136]=Oop [152]=Oop }
                      ;*invokevirtual getLocation {reexecute=0 rethrow=0 return_oop=0}
                      ; - java.lang.ClassLoader::defineClassSourceLocation@12
                      ; - java.lang.ClassLoader::defineClass@12
                      ;   {runtime_call throw_null_pointer_exception Runtime1 stub}
  0x000002a8ecd3de2c: 2407 e8ed 

  0x000002a8ecd3de30: ; ImmutableOopMap {rdx=Oop [120]=Oop [128]=Oop [136]=Oop [152]=Oop }
                      ;*invokevirtual toString {reexecute=0 rethrow=0 return_oop=0}
                      ; - java.lang.ClassLoader::defineClassSourceLocation@22
                      ; - java.lang.ClassLoader::defineClass@12
                      ;   {metadata({method} {0x000002a88001abf0} 'toString' '()Ljava/lang/String;' in 'java/net/URL')}
  0x000002a8ecd3de30: 5524 0749 | bae8 ab01 | 80a8 0200 | 004c 8954 | 2408 48c7 | 0424 ffff 

  0x000002a8ecd3de48: ;   {runtime_call counter_overflow Runtime1 stub}
  0x000002a8ecd3de48: ffff e831 

  0x000002a8ecd3de4c: ; ImmutableOopMap {rdx=Oop [120]=Oop [128]=Oop [136]=Oop [152]=Oop }
                      ;*synchronization entry
                      ; - java.net.URL::toString@-1
                      ; - java.lang.ClassLoader::defineClassSourceLocation@22
                      ; - java.lang.ClassLoader::defineClass@12
  0x000002a8ecd3de4c: a62d 07e9 | d7fd ffff 

  0x000002a8ecd3de54: ;   {metadata({method} {0x000002a880428b60} 'toExternalForm' '()Ljava/lang/String;' in 'java/net/URL')}
  0x000002a8ecd3de54: 49ba 588b | 4280 a802 | 0000 4c89 | 5424 0848 | c704 24ff 

  0x000002a8ecd3de68: ;   {runtime_call counter_overflow Runtime1 stub}
  0x000002a8ecd3de68: ffff ffe8 

  0x000002a8ecd3de6c: ; ImmutableOopMap {rdx=Oop [120]=Oop [128]=Oop [136]=Oop [152]=Oop }
                      ;*synchronization entry
                      ; - java.net.URL::toExternalForm@-1
                      ; - java.net.URL::toString@1
                      ; - java.lang.ClassLoader::defineClassSourceLocation@22
                      ; - java.lang.ClassLoader::defineClass@12
  0x000002a8ecd3de6c: 10a6 2d07 | e9f4 fdff 

  0x000002a8ecd3de74: ;   {runtime_call throw_null_pointer_exception Runtime1 stub}
  0x000002a8ecd3de74: ffe8 a655 

  0x000002a8ecd3de78: ; ImmutableOopMap {rdx=Oop rsi=Oop [120]=Oop [128]=Oop [136]=Oop [152]=Oop }
                      ;*invokevirtual toExternalForm {reexecute=0 rethrow=0 return_oop=0}
                      ; - java.net.URL::toExternalForm@5
                      ; - java.net.URL::toString@1
                      ; - java.lang.ClassLoader::defineClassSourceLocation@22
                      ; - java.lang.ClassLoader::defineClass@12
                      ;   {internal_word}
  0x000002a8ecd3de78: 2407 49ba | d4dd d3ec | a802 0000 | 4d89 9768 

  0x000002a8ecd3de88: ;   {runtime_call SafepointBlob}
  0x000002a8ecd3de88: 0400 00e9 | f07c 2207 | 498b 8700 | 0500 0049 | c787 0005 | 0000 0000 | 0000 49c7 | 8708 0500 
  0x000002a8ecd3dea8: 0000 0000 | 0048 81c4 | b000 0000 

  0x000002a8ecd3deb4: ;   {runtime_call unwind_exception Runtime1 stub}
  0x000002a8ecd3deb4: 5de9 4664 | 2407 f4f4 | f4f4 f4f4 
[Stub Code]
  0x000002a8ecd3dec0: ;   {no_reloc}
  0x000002a8ecd3dec0: 0f1f 4400 

  0x000002a8ecd3dec4: ;   {static_stub}
  0x000002a8ecd3dec4: 0048 bb00 | 0000 0000 

  0x000002a8ecd3decc: ;   {runtime_call nmethod}
  0x000002a8ecd3decc: 0000 00e9 | fbff ffff 

  0x000002a8ecd3ded4: ;   {static_stub}
  0x000002a8ecd3ded4: 48bb 0000 | 0000 0000 

  0x000002a8ecd3dedc: ;   {runtime_call nmethod}
  0x000002a8ecd3dedc: 0000 e9fb 

  0x000002a8ecd3dee0: ;   {static_stub}
  0x000002a8ecd3dee0: ffff ff48 | bb00 0000 | 0000 0000 

  0x000002a8ecd3deec: ;   {runtime_call nmethod}
  0x000002a8ecd3deec: 00e9 fbff 

  0x000002a8ecd3def0: ;   {static_stub}
  0x000002a8ecd3def0: ffff 48bb | 0000 0000 | 0000 0000 

  0x000002a8ecd3defc: ;   {runtime_call nmethod}
  0x000002a8ecd3defc: e9fb ffff 

  0x000002a8ecd3df00: ;   {runtime_call handle_exception_from_callee Runtime1 stub}
  0x000002a8ecd3df00: ffe8 fa68 

  0x000002a8ecd3df04: ;   {external_word}
  0x000002a8ecd3df04: 2d07 48b9 | 4053 a4ca | fc7f 0000 | 4883 e4f0 

  0x000002a8ecd3df14: ;   {runtime_call}
  0x000002a8ecd3df14: 48b8 b0c3 | 66ca fc7f | 0000 ffd0 

  0x000002a8ecd3df20: ;   {section_word}
  0x000002a8ecd3df20: f449 ba21 | dfd3 eca8 | 0200 0041 

  0x000002a8ecd3df2c: ;   {runtime_call DeoptimizationBlob}
  0x000002a8ecd3df2c: 52e9 ee90 | 2207 f4f4 | f4f4 f4f4 
[/MachCode]


Compiled method (c1) 8891 2899   !   3       org.eclipse.osgi.internal.loader.ModuleClassLoader::defineClass (67 bytes)
 total in heap  [0x000002a8ecf9c390,0x000002a8ecf9cf70] = 3040
 relocation     [0x000002a8ecf9c4f0,0x000002a8ecf9c598] = 168
 main code      [0x000002a8ecf9c5a0,0x000002a8ecf9cba0] = 1536
 stub code      [0x000002a8ecf9cba0,0x000002a8ecf9cc10] = 112
 oops           [0x000002a8ecf9cc10,0x000002a8ecf9cc18] = 8
 metadata       [0x000002a8ecf9cc18,0x000002a8ecf9cc58] = 64
 scopes data    [0x000002a8ecf9cc58,0x000002a8ecf9cda8] = 336
 scopes pcs     [0x000002a8ecf9cda8,0x000002a8ecf9ceb8] = 272
 dependencies   [0x000002a8ecf9ceb8,0x000002a8ecf9ced0] = 24
 handler table  [0x000002a8ecf9ced0,0x000002a8ecf9cf48] = 120
 nul chk table  [0x000002a8ecf9cf48,0x000002a8ecf9cf70] = 40

[Constant Pool (empty)]

[MachCode]
[Entry Point]
  # {method} {0x000002a8c15dfe98} 'defineClass' '(Ljava/lang/String;[BLorg/eclipse/osgi/internal/loader/classpath/ClasspathEntry;)Lorg/eclipse/osgi/internal/loader/ModuleClassLoader$DefineClassResult;' in 'org/eclipse/osgi/internal/loader/ModuleClassLoader'
  # this:     rdx:rdx   = 'org/eclipse/osgi/internal/loader/ModuleClassLoader'
  # parm0:    r8:r8     = 'java/lang/String'
  # parm1:    r9:r9     = '[B'
  # parm2:    rdi:rdi   = 'org/eclipse/osgi/internal/loader/classpath/ClasspathEntry'
  #           [sp+0xb0]  (sp of caller)
  0x000002a8ecf9c5a0: 448b 5208 | 49bb 0000 | 0080 a802 | 0000 4d03 | d34c 3bd0 

  0x000002a8ecf9c5b4: ;   {runtime_call ic_miss_stub}
  0x000002a8ecf9c5b4: 0f85 c620 | fc06 660f | 1f44 0000 
[Verified Entry Point]
  0x000002a8ecf9c5c0: 8984 2400 | 80ff ff55 | 4881 eca0 | 0000 0090 | 4181 7f20 | 0200 0000 

  0x000002a8ecf9c5d8: ;   {runtime_call StubRoutines (final stubs)}
  0x000002a8ecf9c5d8: 7405 e821 

  0x000002a8ecf9c5dc: ;   {metadata(method data for {method} {0x000002a8c15dfe98} 'defineClass' '(Ljava/lang/String;[BLorg/eclipse/osgi/internal/loader/classpath/ClasspathEntry;)Lorg/eclipse/osgi/internal/loader/ModuleClassLoader$DefineClassResult;' in 'org/eclipse/osgi/internal/loader/ModuleClassLoader')}
  0x000002a8ecf9c5dc: 12fb 0648 | be00 00c5 | c1a8 0200 | 008b 9ecc | 0000 0083 | c302 899e | cc00 0000 | 81e3 fe07 
  0x000002a8ecf9c5fc: 0000 85db | 0f84 5304 | 0000 4889 | 7c24 704c | 894c 2468 

  0x000002a8ecf9c610: ;   {metadata(method data for {method} {0x000002a8c15dfe98} 'defineClass' '(Ljava/lang/String;[BLorg/eclipse/osgi/internal/loader/classpath/ClasspathEntry;)Lorg/eclipse/osgi/internal/loader/ModuleClassLoader$DefineClassResult;' in 'org/eclipse/osgi/internal/loader/ModuleClassLoader')}
  0x000002a8ecf9c610: 488b f248 | bb00 00c5 | c1a8 0200 | 008b 7608 | 49ba 0000 | 0080 a802 | 0000 4903 | f248 3bb3 
  0x000002a8ecf9c630: 2001 0000 | 750d 4883 | 8328 0100 | 0001 e960 | 0000 0048 | 3bb3 3001 | 0000 750d | 4883 8338 
  0x000002a8ecf9c650: 0100 0001 | e94a 0000 | 0048 83bb | 2001 0000 | 0075 1748 | 89b3 2001 | 0000 48c7 | 8328 0100 
  0x000002a8ecf9c670: 0001 0000 | 00e9 2900 | 0000 4883 | bb30 0100 | 0000 7517 | 4889 b330 | 0100 0048 | c783 3801 
  0x000002a8ecf9c690: 0000 0100 | 0000 e908 | 0000 0048 | 8383 1001 

  0x000002a8ecf9c6a0: ;   {metadata(method data for {method} {0x000002a8c1624b48} 'getClassLoadingLock' '(Ljava/lang/String;)Ljava/lang/Object;' in 'org/eclipse/osgi/internal/loader/ModuleClassLoader')}
  0x000002a8ecf9c6a0: 0000 0148 | be40 3689 | c1a8 0200 | 008b 9ecc | 0000 0083 | c302 899e | cc00 0000 | 81e3 feff 
  0x000002a8ecf9c6c0: 1f00 85db | 0f84 b003 | 0000 8b72 | 5048 3b06 

  0x000002a8ecf9c6d0: ;   {metadata(method data for {method} {0x000002a8c1624b48} 'getClassLoadingLock' '(Ljava/lang/String;)Ljava/lang/Object;' in 'org/eclipse/osgi/internal/loader/ModuleClassLoader')}
  0x000002a8ecf9c6d0: 488b de48 | b840 3689 | c1a8 0200 | 0048 8380 | 1001 0000 | 0149 8bd8 | 4c8b c348 | 8954 2458 
  0x000002a8ecf9c6f0: 488b d648 | 895c 2460 | 0f1f 8000 

  0x000002a8ecf9c6fc: ;   {optimized virtual_call}
  0x000002a8ecf9c6fc: 0000 00e8 

  0x000002a8ecf9c700: ; ImmutableOopMap {[88]=Oop [96]=Oop [104]=Oop [112]=Oop }
                      ;*invokevirtual getLock {reexecute=0 rethrow=0 return_oop=0}
                      ; - org.eclipse.osgi.internal.loader.ModuleClassLoader::getClassLoadingLock@5 (line 437)
                      ; - org.eclipse.osgi.internal.loader.ModuleClassLoader::defineClass@8 (line 312)
  0x000002a8ecf9c700: fcde 2300 

  0x000002a8ecf9c704: ;   {other}
  0x000002a8ecf9c704: 0f1f 8400 | 7403 0000 | 4889 4424 | 7848 8d94 | 2480 0000 | 0048 8bf0 | 4889 7208 

  0x000002a8ecf9c720: ; implicit exception: dispatches to 0x000002a8ecf9caa0
  0x000002a8ecf9c720: 488b 0648 | 83c8 0148 | 8902 f048 | 0fb1 160f | 8412 0000 | 0048 2bc4 | 4825 07f0 | ffff 4889 
  0x000002a8ecf9c740: 020f 855e | 0300 0049 | ff87 5005 | 0000 488b 

  0x000002a8ecf9c750: ;   {metadata(method data for {method} {0x000002a8c15dfe98} 'defineClass' '(Ljava/lang/String;[BLorg/eclipse/osgi/internal/loader/classpath/ClasspathEntry;)Lorg/eclipse/osgi/internal/loader/ModuleClassLoader$DefineClassResult;' in 'org/eclipse/osgi/internal/loader/ModuleClassLoader')}
  0x000002a8ecf9c750: 5424 5848 | be00 00c5 | c1a8 0200 | 0048 8386 | 4801 0000 

  0x000002a8ecf9c764: ;   {metadata(method data for {method} {0x000002a8804353e0} 'findLoadedClass' '(Ljava/lang/String;)Ljava/lang/Class;' in 'java/lang/ClassLoader')}
  0x000002a8ecf9c764: 0148 ba48 | d923 c1a8 | 0200 008b | b2cc 0000 | 0083 c602 | 89b2 cc00 | 0000 81e6 | feff 1f00 
  0x000002a8ecf9c784: 85f6 0f84 | 2c03 0000 

  0x000002a8ecf9c78c: ;   {metadata(method data for {method} {0x000002a8804353e0} 'findLoadedClass' '(Ljava/lang/String;)Ljava/lang/Class;' in 'java/lang/ClassLoader')}
  0x000002a8ecf9c78c: 48ba 48d9 | 23c1 a802 | 0000 4883 | 8210 0100 | 0001 488b | 5424 600f 

  0x000002a8ecf9c7a4: ;   {static_call}
  0x000002a8ecf9c7a4: 1f40 00e8 

  0x000002a8ecf9c7a8: ; ImmutableOopMap {[88]=Oop [96]=Oop [104]=Oop [112]=Oop [120]=Oop [136]=Oop }
                      ;*invokestatic checkName {reexecute=0 rethrow=0 return_oop=0}
                      ; - java.lang.ClassLoader::findLoadedClass@1
                      ; - org.eclipse.osgi.internal.loader.ModuleClassLoader::defineClass@17 (line 313)
  0x000002a8ecf9c7a8: 34d1 6407 

  0x000002a8ecf9c7ac: ;   {other}
  0x000002a8ecf9c7ac: 0f1f 8400 | 1c04 0001 

  0x000002a8ecf9c7b4: ;   {metadata(method data for {method} {0x000002a8804353e0} 'findLoadedClass' '(Ljava/lang/String;)Ljava/lang/Class;' in 'java/lang/ClassLoader')}
  0x000002a8ecf9c7b4: 85c0 49b8 | 48d9 23c1 | a802 0000 | 48c7 c220 | 0100 0075 | 0748 c7c2 | 3001 0000 | 498b 3410 
  0x000002a8ecf9c7d4: 488d 7601 | 4989 3410 | 0f85 0f00 

  0x000002a8ecf9c7e0: ;   {oop(nullptr)}
  0x000002a8ecf9c7e0: 0000 48be | 0000 0000 | 0000 0000 | e936 0000 | 0048 8b54 

  0x000002a8ecf9c7f4: ;   {metadata(method data for {method} {0x000002a8804353e0} 'findLoadedClass' '(Ljava/lang/String;)Ljava/lang/Class;' in 'java/lang/ClassLoader')}
  0x000002a8ecf9c7f4: 2458 49b8 | 48d9 23c1 | a802 0000 | 4983 8040 | 0100 0001 | 4c8b 4424 | 6048 8b54 | 2458 0f1f 
  0x000002a8ecf9c814: ;   {optimized virtual_call}
  0x000002a8ecf9c814: 4400 00e8 

  0x000002a8ecf9c818: ; ImmutableOopMap {[88]=Oop [96]=Oop [104]=Oop [112]=Oop [120]=Oop [136]=Oop }
                      ;*invokevirtual findLoadedClass0 {reexecute=0 rethrow=0 return_oop=0}
                      ; - java.lang.ClassLoader::findLoadedClass@11
                      ; - org.eclipse.osgi.internal.loader.ModuleClassLoader::defineClass@17 (line 313)
  0x000002a8ecf9c818: a479 5307 

  0x000002a8ecf9c81c: ;   {other}
  0x000002a8ecf9c81c: 0f1f 8400 | 8c04 0002 | 488b f048 

  0x000002a8ecf9c828: ;   {metadata(method data for {method} {0x000002a8c15dfe98} 'defineClass' '(Ljava/lang/String;[BLorg/eclipse/osgi/internal/loader/classpath/ClasspathEntry;)Lorg/eclipse/osgi/internal/loader/ModuleClassLoader$DefineClassResult;' in 'org/eclipse/osgi/internal/loader/ModuleClassLoader')}
  0x000002a8ecf9c828: 85f6 49b8 | 0000 c5c1 | a802 0000 | 49c7 c190 | 0100 0074 | 0749 c7c1 | 8001 0000 | 4b8b 3c08 
  0x000002a8ecf9c848: 488d 7f01 | 4b89 3c08 | 0f84 0e00 | 0000 488b | de41 b800 | 0000 00e9 | 6900 0000 | 488b 7c24 
  0x000002a8ecf9c868: 704c 8b4c | 2468 4c8b | 4424 6048 | 8b54 2458 

  0x000002a8ecf9c878: ; implicit exception: dispatches to 0x000002a8ecf9cad9
  0x000002a8ecf9c878: 418b 710c 

  0x000002a8ecf9c87c: ; implicit exception: dispatches to 0x000002a8ecf9cade
  0x000002a8ecf9c87c: 483b 0748 

  0x000002a8ecf9c880: ;   {metadata(method data for {method} {0x000002a8c15dfe98} 'defineClass' '(Ljava/lang/String;[BLorg/eclipse/osgi/internal/loader/classpath/ClasspathEntry;)Lorg/eclipse/osgi/internal/loader/ModuleClassLoader$DefineClassResult;' in 'org/eclipse/osgi/internal/loader/ModuleClassLoader')}
  0x000002a8ecf9c880: 8bcf 48bb | 0000 c5c1 | a802 0000 | 4883 83b8 | 0100 0001 | 8b4f 1048 

  0x000002a8ecf9c898: ;   {metadata(method data for {method} {0x000002a8c15dfe98} 'defineClass' '(Ljava/lang/String;[BLorg/eclipse/osgi/internal/loader/classpath/ClasspathEntry;)Lorg/eclipse/osgi/internal/loader/ModuleClassLoader$DefineClassResult;' in 'org/eclipse/osgi/internal/loader/ModuleClassLoader')}
  0x000002a8ecf9c898: 8bfa 48bb | 0000 c5c1 | a802 0000 | 4883 83d8 | 0100 0001 | bf00 0000 | 0066 0f1f 

  0x000002a8ecf9c8b4: ;   {optimized virtual_call}
  0x000002a8ecf9c8b4: 4400 00e8 

  0x000002a8ecf9c8b8: ; ImmutableOopMap {[120]=Oop [136]=Oop }
                      ;*invokevirtual defineClass {reexecute=0 rethrow=0 return_oop=0}
                      ; - org.eclipse.osgi.internal.loader.ModuleClassLoader::defineClass@37 (line 315)
  0x000002a8ecf9c8b8: 8411 daff 

  0x000002a8ecf9c8bc: ;   {other}
  0x000002a8ecf9c8bc: 0f1f 8400 | 2c05 0003 | 488b d841 | b801 0000 | 0048 8d84 | 2480 0000 | 0048 8b10 | 4885 d20f 
  0x000002a8ecf9c8dc: 840f 0000 | 0048 8b70 | 08f0 480f | b116 0f85 | f301 0000 | 49ff 8f50 

  0x000002a8ecf9c8f4: ;   {metadata(method data for {method} {0x000002a8c15dfe98} 'defineClass' '(Ljava/lang/String;[BLorg/eclipse/osgi/internal/loader/classpath/ClasspathEntry;)Lorg/eclipse/osgi/internal/loader/ModuleClassLoader$DefineClassResult;' in 'org/eclipse/osgi/internal/loader/ModuleClassLoader')}
  0x000002a8ecf9c8f4: 0500 0048 | ba00 00c5 | c1a8 0200 | 00ff 8210 

  0x000002a8ecf9c904: ;   {metadata('org/eclipse/osgi/internal/loader/ModuleClassLoader$DefineClassResult')}
  0x000002a8ecf9c904: 0200 0048 | ba28 6612 | 81a8 0200 | 0049 8b87 | b801 0000 | 488d 7818 | 493b bfc8 | 0100 000f 
  0x000002a8ecf9c924: 87d0 0100 | 0049 89bf | b801 0000 | 48c7 0001 | 0000 0048 | 8bca 49ba | 0000 0080 | a802 0000 
  0x000002a8ecf9c944: 492b ca89 | 4808 4833 | c989 480c | 4833 c948 | 8948 1048 

  0x000002a8ecf9c958: ;   {metadata(method data for {method} {0x000002a8c15dfe98} 'defineClass' '(Ljava/lang/String;[BLorg/eclipse/osgi/internal/loader/classpath/ClasspathEntry;)Lorg/eclipse/osgi/internal/loader/ModuleClassLoader$DefineClassResult;' in 'org/eclipse/osgi/internal/loader/ModuleClassLoader')}
  0x000002a8ecf9c958: 8bf0 48bf | 0000 c5c1 | a802 0000 | 4883 8728 | 0200 0001 

  0x000002a8ecf9c96c: ;   {metadata(method data for {method} {0x000002a8c178fa90} '<init>' '(Ljava/lang/Class;Z)V' in 'org/eclipse/osgi/internal/loader/ModuleClassLoader$DefineClassResult')}
  0x000002a8ecf9c96c: 48be 8058 | aac1 a802 | 0000 8bbe | cc00 0000 | 83c7 0289 | becc 0000 | 0081 e7fe | ff1f 0085 
  0x000002a8ecf9c98c: ff0f 8473 | 0100 0048 

  0x000002a8ecf9c994: ;   {metadata(method data for {method} {0x000002a8c178fa90} '<init>' '(Ljava/lang/Class;Z)V' in 'org/eclipse/osgi/internal/loader/ModuleClassLoader$DefineClassResult')}
  0x000002a8ecf9c994: 8bf0 48bf | 8058 aac1 | a802 0000 | 4883 8710 | 0100 0001 

  0x000002a8ecf9c9a8: ;   {metadata(method data for {method} {0x000002a880474dc0} '<init>' '()V' in 'java/lang/Object')}
  0x000002a8ecf9c9a8: 48be 9067 | 00c1 a802 | 0000 8bbe | cc00 0000 | 83c7 0289 | becc 0000 | 0081 e7fe | ff1f 0085 
  0x000002a8ecf9c9c8: ff0f 8458 | 0100 004c | 8bd3 4489 | 5010 488d | 3048 c1ee | 0948 bf00 | 004c fba8 | 0200 00c6 
  0x000002a8ecf9c9e8: 043e 0041 | 83e0 0144 | 8840 0c48 | 81c4 a000 

  0x000002a8ecf9c9f8: ;   {poll_return}
  0x000002a8ecf9c9f8: 0000 5d49 | 3ba7 5004 | 0000 0f87 | 4001 0000 | c349 8b87 | 0005 0000 | 4d33 d24d | 8997 0005 
  0x000002a8ecf9ca18: 0000 4d33 | d24d 8997 | 0805 0000 | 488b f048 | 8d84 2480 | 0000 0048 | 8b38 4885 | ff0f 840f 
  0x000002a8ecf9ca38: 0000 0048 | 8b58 08f0 | 480f b13b | 0f85 1401 | 0000 49ff | 8f50 0500 | 0048 8bc6 | e938 0100 
  0x000002a8ecf9ca58: ;   {metadata({method} {0x000002a8c15dfe98} 'defineClass' '(Ljava/lang/String;[BLorg/eclipse/osgi/internal/loader/classpath/ClasspathEntry;)Lorg/eclipse/osgi/internal/loader/ModuleClassLoader$DefineClassResult;' in 'org/eclipse/osgi/internal/loader/ModuleClassLoader')}
  0x000002a8ecf9ca58: 0049 ba90 | fe5d c1a8 | 0200 004c | 8954 2408 | 48c7 0424 | ffff ffff 

  0x000002a8ecf9ca70: ;   {runtime_call counter_overflow Runtime1 stub}
  0x000002a8ecf9ca70: e80b ba07 

  0x000002a8ecf9ca74: ; ImmutableOopMap {rdx=Oop r8=Oop r9=Oop rdi=Oop }
                      ;*synchronization entry
                      ; - org.eclipse.osgi.internal.loader.ModuleClassLoader::defineClass@-1 (line 310)
  0x000002a8ecf9ca74: 07e9 8cfb 

  0x000002a8ecf9ca78: ;   {metadata({method} {0x000002a8c1624b48} 'getClassLoadingLock' '(Ljava/lang/String;)Ljava/lang/Object;' in 'org/eclipse/osgi/internal/loader/ModuleClassLoader')}
  0x000002a8ecf9ca78: ffff 49ba | 404b 62c1 | a802 0000 | 4c89 5424 | 0848 c704 | 24ff ffff 

  0x000002a8ecf9ca90: ;   {runtime_call counter_overflow Runtime1 stub}
  0x000002a8ecf9ca90: ffe8 eab9 

  0x000002a8ecf9ca94: ; ImmutableOopMap {rdx=Oop r8=Oop [104]=Oop [112]=Oop }
                      ;*synchronization entry
                      ; - org.eclipse.osgi.internal.loader.ModuleClassLoader::getClassLoadingLock@-1 (line 437)
                      ; - org.eclipse.osgi.internal.loader.ModuleClassLoader::defineClass@8 (line 312)
  0x000002a8ecf9ca94: 0707 e92f 

  0x000002a8ecf9ca98: ;   {runtime_call throw_null_pointer_exception Runtime1 stub}
  0x000002a8ecf9ca98: fcff ffe8 

  0x000002a8ecf9ca9c: ; ImmutableOopMap {rdx=Oop r8=Oop rsi=Oop [104]=Oop [112]=Oop }
                      ;*invokevirtual getLock {reexecute=0 rethrow=0 return_oop=0}
                      ; - org.eclipse.osgi.internal.loader.ModuleClassLoader::getClassLoadingLock@5 (line 437)
                      ; - org.eclipse.osgi.internal.loader.ModuleClassLoader::defineClass@8 (line 312)
  0x000002a8ecf9ca9c: 8069 fe06 

  0x000002a8ecf9caa0: ;   {runtime_call throw_null_pointer_exception Runtime1 stub}
  0x000002a8ecf9caa0: e87b 69fe 

  0x000002a8ecf9caa4: ; ImmutableOopMap {rsi=Oop [88]=Oop [96]=Oop [104]=Oop [112]=Oop [120]=Oop }
                      ;*monitorenter {reexecute=0 rethrow=0 return_oop=0}
                      ; - org.eclipse.osgi.internal.loader.ModuleClassLoader::defineClass@14 (line 312)
  0x000002a8ecf9caa4: 0648 8974 | 2408 4889 

  0x000002a8ecf9caac: ;   {runtime_call monitorenter_nofpu Runtime1 stub}
  0x000002a8ecf9caac: 1424 e8cd 

  0x000002a8ecf9cab0: ; ImmutableOopMap {rsi=Oop [88]=Oop [96]=Oop [104]=Oop [112]=Oop [120]=Oop [136]=Oop }
                      ;*monitorenter {reexecute=0 rethrow=0 return_oop=0}
                      ; - org.eclipse.osgi.internal.loader.ModuleClassLoader::defineClass@14 (line 312)
  0x000002a8ecf9cab0: 8f07 07e9 | 96fc ffff 

  0x000002a8ecf9cab8: ;   {metadata({method} {0x000002a8804353e0} 'findLoadedClass' '(Ljava/lang/String;)Ljava/lang/Class;' in 'java/lang/ClassLoader')}
  0x000002a8ecf9cab8: 49ba d853 | 4380 a802 | 0000 4c89 | 5424 0848 | c704 24ff 

  0x000002a8ecf9cacc: ;   {runtime_call counter_overflow Runtime1 stub}
  0x000002a8ecf9cacc: ffff ffe8 

  0x000002a8ecf9cad0: ; ImmutableOopMap {[88]=Oop [96]=Oop [104]=Oop [112]=Oop [120]=Oop [136]=Oop }
                      ;*synchronization entry
                      ; - java.lang.ClassLoader::findLoadedClass@-1
                      ; - org.eclipse.osgi.internal.loader.ModuleClassLoader::defineClass@17 (line 313)
  0x000002a8ecf9cad0: acb9 0707 | e9b3 fcff 

  0x000002a8ecf9cad8: ;   {runtime_call throw_null_pointer_exception Runtime1 stub}
  0x000002a8ecf9cad8: ffe8 4269 

  0x000002a8ecf9cadc: ; ImmutableOopMap {rdx=Oop r8=Oop r9=Oop rdi=Oop [120]=Oop [136]=Oop }
                      ;*arraylength {reexecute=0 rethrow=0 return_oop=0}
                      ; - org.eclipse.osgi.internal.loader.ModuleClassLoader::defineClass@32 (line 315)
                      ;   {runtime_call throw_null_pointer_exception Runtime1 stub}
  0x000002a8ecf9cadc: fe06 e83d 

  0x000002a8ecf9cae0: ; ImmutableOopMap {rdx=Oop r8=Oop r9=Oop rdi=Oop [120]=Oop [136]=Oop }
                      ;*invokevirtual getDomain {reexecute=0 rethrow=0 return_oop=0}
                      ; - org.eclipse.osgi.internal.loader.ModuleClassLoader::defineClass@34 (line 315)
  0x000002a8ecf9cae0: 69fe 0648 | 8d84 2480 | 0000 0048 

  0x000002a8ecf9caec: ;   {runtime_call monitorexit_nofpu Runtime1 stub}
  0x000002a8ecf9caec: 8904 24e8 | 0c96 0707 | e9fe fdff | ff48 8bd2 

  0x000002a8ecf9cafc: ;   {runtime_call fast_new_instance Runtime1 stub}
  0x000002a8ecf9cafc: e8ff 5cfe 

  0x000002a8ecf9cb00: ; ImmutableOopMap {rbx=Oop }
                      ;*new {reexecute=0 rethrow=0 return_oop=0}
                      ; - org.eclipse.osgi.internal.loader.ModuleClassLoader::defineClass@55 (line 319)
  0x000002a8ecf9cb00: 06e9 51fe 

  0x000002a8ecf9cb04: ;   {metadata({method} {0x000002a8c178fa90} '<init>' '(Ljava/lang/Class;Z)V' in 'org/eclipse/osgi/internal/loader/ModuleClassLoader$DefineClassResult')}
  0x000002a8ecf9cb04: ffff 49ba | 88fa 78c1 | a802 0000 | 4c89 5424 | 0848 c704 | 24ff ffff 

  0x000002a8ecf9cb1c: ;   {runtime_call counter_overflow Runtime1 stub}
  0x000002a8ecf9cb1c: ffe8 5eb9 

  0x000002a8ecf9cb20: ; ImmutableOopMap {rbx=Oop rax=Oop }
                      ;*synchronization entry
                      ; - org.eclipse.osgi.internal.loader.ModuleClassLoader$DefineClassResult::<init>@-1 (line 96)
                      ; - org.eclipse.osgi.internal.loader.ModuleClassLoader::defineClass@63 (line 319)
  0x000002a8ecf9cb20: 0707 e96c 

  0x000002a8ecf9cb24: ;   {metadata({method} {0x000002a880474dc0} '<init>' '()V' in 'java/lang/Object')}
  0x000002a8ecf9cb24: feff ff49 | bab8 4d47 | 80a8 0200 | 004c 8954 | 2408 48c7 | 0424 ffff 

  0x000002a8ecf9cb3c: ;   {runtime_call counter_overflow Runtime1 stub}
  0x000002a8ecf9cb3c: ffff e83d 

  0x000002a8ecf9cb40: ; ImmutableOopMap {rbx=Oop rax=Oop }
                      ;*synchronization entry
                      ; - java.lang.Object::<init>@-1
                      ; - org.eclipse.osgi.internal.loader.ModuleClassLoader$DefineClassResult::<init>@1 (line 96)
                      ; - org.eclipse.osgi.internal.loader.ModuleClassLoader::defineClass@63 (line 319)
  0x000002a8ecf9cb40: b907 07e9 | 87fe ffff 

  0x000002a8ecf9cb48: ;   {internal_word}
  0x000002a8ecf9cb48: 49ba fbc9 | f9ec a802 | 0000 4d89 | 9768 0400 

  0x000002a8ecf9cb58: ;   {runtime_call SafepointBlob}
  0x000002a8ecf9cb58: 00e9 2290 | fc06 488d | 8424 8000 | 0000 4889 

  0x000002a8ecf9cb68: ;   {runtime_call monitorexit_nofpu Runtime1 stub}
  0x000002a8ecf9cb68: 0424 e891 | 9507 07e9 | ddfe ffff | 498b 8700 | 0500 0049 | c787 0005 | 0000 0000 | 0000 49c7 
  0x000002a8ecf9cb88: 8708 0500 | 0000 0000 | 0048 81c4 | a000 0000 

  0x000002a8ecf9cb98: ;   {runtime_call unwind_exception Runtime1 stub}
  0x000002a8ecf9cb98: 5de9 6277 | fe06 f4f4 
[Stub Code]
  0x000002a8ecf9cba0: ;   {no_reloc}
  0x000002a8ecf9cba0: 48bb 1076 | 68c1 a802 

  0x000002a8ecf9cba8: ;   {runtime_call I2C/C2I adapters}
  0x000002a8ecf9cba8: 0000 e9b8 

  0x000002a8ecf9cbac: ;   {static_stub}
  0x000002a8ecf9cbac: 75fc 0648 | bb00 0000 | 0000 0000 

  0x000002a8ecf9cbb8: ;   {runtime_call nmethod}
  0x000002a8ecf9cbb8: 00e9 fbff 

  0x000002a8ecf9cbbc: ;   {static_stub}
  0x000002a8ecf9cbbc: ffff 48bb | 0000 0000 | 0000 0000 

  0x000002a8ecf9cbc8: ;   {runtime_call nmethod}
  0x000002a8ecf9cbc8: e9fb ffff 

  0x000002a8ecf9cbcc: ;   {static_stub}
  0x000002a8ecf9cbcc: ff48 bb00 | 0000 0000 

  0x000002a8ecf9cbd4: ;   {runtime_call nmethod}
  0x000002a8ecf9cbd4: 0000 00e9 | fbff ffff 
[Exception Handler]
  0x000002a8ecf9cbdc: ;   {runtime_call handle_exception_from_callee Runtime1 stub}
  0x000002a8ecf9cbdc: e81f 7c07 

  0x000002a8ecf9cbe0: ;   {external_word}
  0x000002a8ecf9cbe0: 0748 b940 | 53a4 cafc | 7f00 0048 

  0x000002a8ecf9cbec: ;   {runtime_call}
  0x000002a8ecf9cbec: 83e4 f048 | b8b0 c366 | cafc 7f00 | 00ff d0f4 
[Deopt Handler Code]
  0x000002a8ecf9cbfc: ;   {section_word}
  0x000002a8ecf9cbfc: 49ba fccb | f9ec a802 | 0000 4152 

  0x000002a8ecf9cc08: ;   {runtime_call DeoptimizationBlob}
  0x000002a8ecf9cc08: e913 a4fc | 06f4 f4f4 
[/MachCode]


---------------  P R O C E S S  ---------------

Threads class SMR info:
_java_thread_list=0x000002a8ff2d9db0, length=22, elements={
0x000002a8e7eccc80, 0x000002a8e7f89b40, 0x000002a8e7f8cdd0, 0x000002a8fcfbffd0,
0x000002a8fcfc0640, 0x000002a8fcfc10a0, 0x000002a8fcfc1b00, 0x000002a8fcfc2890,
0x000002a8fd045750, 0x000002a8fdedafd0, 0x000002a8fdf03b40, 0x000002a8fe633f50,
0x000002a8fec4e040, 0x000002a8fe6dc470, 0x000002a8fe6dceb0, 0x000002a8feb9ccc0,
0x000002a8ff2b3cf0, 0x000002a8fe0f7e30, 0x000002a8fec25f00, 0x000002a8fec26c20,
0x000002a8fec25870, 0x000002a8c559f8a0
}

Java Threads: ( => current thread )
  0x000002a8e7eccc80 JavaThread "main"                              [_thread_blocked, id=1380, stack(0x000000fc3e000000,0x000000fc3e100000) (1024K)]
  0x000002a8e7f89b40 JavaThread "Reference Handler"          daemon [_thread_blocked, id=17344, stack(0x000000fc3e500000,0x000000fc3e600000) (1024K)]
  0x000002a8e7f8cdd0 JavaThread "Finalizer"                  daemon [_thread_blocked, id=13156, stack(0x000000fc3e600000,0x000000fc3e700000) (1024K)]
  0x000002a8fcfbffd0 JavaThread "Signal Dispatcher"          daemon [_thread_blocked, id=14468, stack(0x000000fc3e700000,0x000000fc3e800000) (1024K)]
  0x000002a8fcfc0640 JavaThread "Attach Listener"            daemon [_thread_blocked, id=8404, stack(0x000000fc3e800000,0x000000fc3e900000) (1024K)]
  0x000002a8fcfc10a0 JavaThread "Service Thread"             daemon [_thread_blocked, id=7312, stack(0x000000fc3e900000,0x000000fc3ea00000) (1024K)]
  0x000002a8fcfc1b00 JavaThread "Monitor Deflation Thread"   daemon [_thread_blocked, id=13488, stack(0x000000fc3ea00000,0x000000fc3eb00000) (1024K)]
  0x000002a8fcfc2890 JavaThread "C2 CompilerThread0"         daemon [_thread_blocked, id=8616, stack(0x000000fc3eb00000,0x000000fc3ec00000) (1024K)]
  0x000002a8fd045750 JavaThread "C1 CompilerThread0"         daemon [_thread_blocked, id=7132, stack(0x000000fc3ec00000,0x000000fc3ed00000) (1024K)]
  0x000002a8fdedafd0 JavaThread "Common-Cleaner"             daemon [_thread_blocked, id=1264, stack(0x000000fc3ed00000,0x000000fc3ee00000) (1024K)]
  0x000002a8fdf03b40 JavaThread "Notification Thread"        daemon [_thread_blocked, id=4460, stack(0x000000fc3ee00000,0x000000fc3ef00000) (1024K)]
  0x000002a8fe633f50 JavaThread "Active Thread: Equinox Container: 752fea7e-0e77-4b26-a59a-493dfc0e49c0"        [_thread_blocked, id=16164, stack(0x000000fc3f300000,0x000000fc3f400000) (1024K)]
  0x000002a8fec4e040 JavaThread "Refresh Thread: Equinox Container: 752fea7e-0e77-4b26-a59a-493dfc0e49c0" daemon [_thread_blocked, id=5960, stack(0x000000fc3f400000,0x000000fc3f500000) (1024K)]
  0x000002a8fe6dc470 JavaThread "Framework Event Dispatcher: Equinox Container: 752fea7e-0e77-4b26-a59a-493dfc0e49c0" daemon [_thread_blocked, id=19480, stack(0x000000fc3f500000,0x000000fc3f600000) (1024K)]
  0x000002a8fe6dceb0 JavaThread "Start Level: Equinox Container: 752fea7e-0e77-4b26-a59a-493dfc0e49c0" daemon [_thread_in_vm, id=11308, stack(0x000000fc3f600000,0x000000fc3f700000) (1024K)]
  0x000002a8feb9ccc0 JavaThread "Bundle File Closer"         daemon [_thread_blocked, id=18700, stack(0x000000fc3ef00000,0x000000fc3f000000) (1024K)]
  0x000002a8ff2b3cf0 JavaThread "SCR Component Actor"        daemon [_thread_blocked, id=4448, stack(0x000000fc3f700000,0x000000fc3f800000) (1024K)]
  0x000002a8fe0f7e30 JavaThread "Worker-JM"                         [_thread_blocked, id=18540, stack(0x000000fc3f800000,0x000000fc3f900000) (1024K)]
  0x000002a8fec25f00 JavaThread "JNA Cleaner"                daemon [_thread_blocked, id=16616, stack(0x000000fc3f900000,0x000000fc3fa00000) (1024K)]
=>0x000002a8fec26c20 JavaThread "Worker-0: Checking project encoding"        [_thread_in_vm, id=8012, stack(0x000000fc3fa00000,0x000000fc3fb00000) (1024K)]
  0x000002a8fec25870 JavaThread "Worker-1"                          [_thread_blocked, id=21288, stack(0x000000fc3fb00000,0x000000fc3fc00000) (1024K)]
  0x000002a8c559f8a0 JavaThread "C2 CompilerThread1"         daemon [_thread_blocked, id=1752, stack(0x000000fc3fc00000,0x000000fc3fd00000) (1024K)]
Total: 22

Other Threads:
  0x000002a8e7f6fb90 VMThread "VM Thread"                           [id=16700, stack(0x000000fc3e400000,0x000000fc3e500000) (1024K)]
  0x000002a8e7f39d00 WatcherThread "VM Periodic Task Thread"        [id=10524, stack(0x000000fc3e300000,0x000000fc3e400000) (1024K)]
  0x000002a8e7eeb300 WorkerThread "GC Thread#0"                     [id=12664, stack(0x000000fc3e200000,0x000000fc3e300000) (1024K)]
  0x000002a8fdf1f5f0 WorkerThread "GC Thread#1"                     [id=4176, stack(0x000000fc3f000000,0x000000fc3f100000) (1024K)]
  0x000002a8fdf1f9a0 WorkerThread "GC Thread#2"                     [id=6276, stack(0x000000fc3f100000,0x000000fc3f200000) (1024K)]
  0x000002a8fdf1eae0 WorkerThread "GC Thread#3"                     [id=15176, stack(0x000000fc3f200000,0x000000fc3f300000) (1024K)]
Total: 6

Threads with active compile tasks:
Total: 0

VM state: not at safepoint (normal execution)

VM Mutex/Monitor currently owned by a thread:  ([mutex/lock_event])
[0x00007ffccacfc4e0] Metaspace_lock - owner thread: 0x000002a8fec26c20

Heap address: 0x00000000e0000000, size: 512 MB, Compressed Oops mode: 32-bit

CDS archive(s) mapped at: [0x000002a880000000-0x000002a880ba0000-0x000002a880ba0000), size 12189696, SharedBaseAddress: 0x000002a880000000, ArchiveRelocationMode: 1.
Compressed class space mapped at: 0x000002a881000000-0x000002a8c1000000, reserved size: 1073741824
Narrow klass base: 0x000002a880000000, Narrow klass shift: 0, Narrow klass range: 0x100000000

GC Precious Log:
 CardTable entry size: 512
 CPUs: 4 total, 4 available
 Memory: 12022M
 Large Page Support: Disabled
 NUMA Support: Disabled
 Compressed Oops: Enabled (32-bit)
 Alignments: Space 512K, Generation 512K, Heap 2M
 Heap Min Capacity: 100M
 Heap Initial Capacity: 100M
 Heap Max Capacity: 512M
 Pre-touch: Disabled
 Parallel Workers: 4

Heap:
 PSYoungGen      total 29184K, used 6379K [0x00000000f5580000, 0x00000000f7680000, 0x0000000100000000)
  eden space 24576K, 25% used [0x00000000f5580000,0x00000000f5bbaf50,0x00000000f6d80000)
  from space 4608K, 0% used [0x00000000f6e80000,0x00000000f6e80000,0x00000000f7300000)
  to   space 3584K, 0% used [0x00000000f7300000,0x00000000f7300000,0x00000000f7680000)
 ParOldGen       total 68608K, used 13088K [0x00000000e0000000, 0x00000000e4300000, 0x00000000f5580000)
  object space 68608K, 19% used [0x00000000e0000000,0x00000000e0cc81c8,0x00000000e4300000)
 Metaspace       used 21179K, committed 22144K, reserved 1114112K
  class space    used 2260K, committed 2688K, reserved 1048576K

Card table byte_map: [0x000002a8fbbc0000,0x000002a8fbcd0000] _byte_map_base: 0x000002a8fb4c0000

Marking Bits: (ParMarkBitMap*) 0x00007ffccad03450
 Begin Bits: [0x000002a8fbd80000, 0x000002a8fc580000)
 End Bits:   [0x000002a8fc580000, 0x000002a8fcd80000)

Polling page: 0x000002a8e8330000

Metaspace:

Usage:
  Non-class:     18.48 MB used.
      Class:      2.21 MB used.
       Both:     20.68 MB used.

Virtual space:
  Non-class space:       64.00 MB reserved,      19.00 MB ( 30%) committed,  1 nodes.
      Class space:        1.00 GB reserved,       2.62 MB ( <1%) committed,  1 nodes.
             Both:        1.06 GB reserved,      21.62 MB (  2%) committed. 

Chunk freelists:
   Non-Class:  12.61 MB
       Class:  13.42 MB
        Both:  26.03 MB

MaxMetaspaceSize: unlimited
CompressedClassSpaceSize: 1.00 GB
Initial GC threshold: 21.00 MB
Current GC threshold: 35.00 MB
CDS: on
 - commit_granule_bytes: 65536.
 - commit_granule_words: 8192.
 - virtual_space_node_default_size: 8388608.
 - enlarge_chunks_in_place: 1.
 - use_allocation_guard: 0.


Internal statistics:

num_allocs_failed_limit: 3.
num_arena_births: 816.
num_arena_deaths: 14.
num_vsnodes_births: 2.
num_vsnodes_deaths: 0.
num_space_committed: 346.
num_space_uncommitted: 0.
num_chunks_returned_to_freelist: 17.
num_chunks_taken_from_freelist: 1702.
num_chunk_merges: 9.
num_chunk_splits: 1066.
num_chunks_enlarged: 619.
num_inconsistent_stats: 0.

CodeHeap 'non-profiled nmethods': size=120000Kb used=1778Kb max_used=1778Kb free=118221Kb
 bounds [0x000002a8f44b0000, 0x000002a8f4720000, 0x000002a8fb9e0000]
CodeHeap 'profiled nmethods': size=120000Kb used=8204Kb max_used=8204Kb free=111796Kb
 bounds [0x000002a8ec9e0000, 0x000002a8ed1f0000, 0x000002a8f3f10000]
CodeHeap 'non-nmethods': size=5760Kb used=1299Kb max_used=1331Kb free=4460Kb
 bounds [0x000002a8f3f10000, 0x000002a8f4180000, 0x000002a8f44b0000]
CodeCache: size=245760Kb, used=11281Kb, max_used=11313Kb, free=234477Kb
 total_blobs=4513, nmethods=3942, adapters=477, full_count=0
Compilation: enabled, stopped_count=0, restarted_count=0

Compilation events (20 events):
Event: 8.829 Thread 0x000002a8fd045750 3934       1       org.eclipse.osgi.internal.serviceregistry.ServiceUse::getLock (5 bytes)
Event: 8.829 Thread 0x000002a8fd045750 nmethod 3934 0x000002a8f466bf90 code [0x000002a8f466c120, 0x000002a8f466c1e8]
Event: 8.838 Thread 0x000002a8fd045750 3935       3       org.eclipse.osgi.container.ModuleRevisionBuilder::unmodifiableMap (86 bytes)
Event: 8.838 Thread 0x000002a8fd045750 nmethod 3935 0x000002a8ed1df010 code [0x000002a8ed1df2c0, 0x000002a8ed1e0108]
Event: 8.840 Thread 0x000002a8fd045750 3936       1       org.eclipse.core.internal.dtree.AbstractDataTreeNode::isDelta (2 bytes)
Event: 8.840 Thread 0x000002a8fd045750 nmethod 3936 0x000002a8f466c290 code [0x000002a8f466c420, 0x000002a8f466c4e8]
Event: 8.840 Thread 0x000002a8fd045750 3937       3       java.lang.invoke.DirectMethodHandle$Holder::invokeStatic (14 bytes)
Event: 8.840 Thread 0x000002a8fd045750 nmethod 3937 0x000002a8ed1e0490 code [0x000002a8ed1e0660, 0x000002a8ed1e0b68]
Event: 8.841 Thread 0x000002a8fd045750 3938       3       java.util.regex.Matcher::<init> (95 bytes)
Event: 8.841 Thread 0x000002a8fd045750 nmethod 3938 0x000002a8ed1e0c90 code [0x000002a8ed1e0e60, 0x000002a8ed1e1310]
Event: 8.841 Thread 0x000002a8fd045750 3939       3       java.lang.invoke.DirectMethodHandle$Holder::invokeStatic (17 bytes)
Event: 8.841 Thread 0x000002a8fd045750 nmethod 3939 0x000002a8ed1e1490 code [0x000002a8ed1e1660, 0x000002a8ed1e1b08]
Event: 8.841 Thread 0x000002a8fd045750 3940       3       java.lang.invoke.LambdaForm$MH/0x000002a881017800::invoke (32 bytes)
Event: 8.841 Thread 0x000002a8fd045750 nmethod 3940 0x000002a8ed1e1c10 code [0x000002a8ed1e1de0, 0x000002a8ed1e22a0]
Event: 8.841 Thread 0x000002a8fd045750 3941       3       java.lang.invoke.DirectMethodHandle$Holder::invokeStatic (21 bytes)
Event: 8.842 Thread 0x000002a8fd045750 nmethod 3941 0x000002a8ed1e2410 code [0x000002a8ed1e25e0, 0x000002a8ed1e2ac0]
Event: 8.842 Thread 0x000002a8fd045750 3942       3       java.lang.StringConcatHelper::prepend (22 bytes)
Event: 8.842 Thread 0x000002a8fd045750 nmethod 3942 0x000002a8ed1e2c10 code [0x000002a8ed1e2dc0, 0x000002a8ed1e2f48]
Event: 8.843 Thread 0x000002a8c559f8a0 3943       4       java.lang.ClassLoader::loadClass (7 bytes)
Event: 8.843 Thread 0x000002a8c559f8a0 nmethod 3943 0x000002a8f466c590 code [0x000002a8f466c720, 0x000002a8f466c7d0]

GC Heap History (16 events):
Event: 1.727 GC heap before
{Heap before GC invocations=1 (full 0):
 PSYoungGen      total 29696K, used 25600K [0x00000000f5580000, 0x00000000f7680000, 0x0000000100000000)
  eden space 25600K, 100% used [0x00000000f5580000,0x00000000f6e80000,0x00000000f6e80000)
  from space 4096K, 0% used [0x00000000f7280000,0x00000000f7280000,0x00000000f7680000)
  to   space 4096K, 0% used [0x00000000f6e80000,0x00000000f6e80000,0x00000000f7280000)
 ParOldGen       total 68608K, used 0K [0x00000000e0000000, 0x00000000e4300000, 0x00000000f5580000)
  object space 68608K, 0% used [0x00000000e0000000,0x00000000e0000000,0x00000000e4300000)
 Metaspace       used 4371K, committed 4608K, reserved 1114112K
  class space    used 474K, committed 576K, reserved 1048576K
}
Event: 1.734 GC heap after
{Heap after GC invocations=1 (full 0):
 PSYoungGen      total 29696K, used 3280K [0x00000000f5580000, 0x00000000f7680000, 0x0000000100000000)
  eden space 25600K, 0% used [0x00000000f5580000,0x00000000f5580000,0x00000000f6e80000)
  from space 4096K, 80% used [0x00000000f6e80000,0x00000000f71b4148,0x00000000f7280000)
  to   space 4096K, 0% used [0x00000000f7280000,0x00000000f7280000,0x00000000f7680000)
 ParOldGen       total 68608K, used 8K [0x00000000e0000000, 0x00000000e4300000, 0x00000000f5580000)
  object space 68608K, 0% used [0x00000000e0000000,0x00000000e0002000,0x00000000e4300000)
 Metaspace       used 4371K, committed 4608K, reserved 1114112K
  class space    used 474K, committed 576K, reserved 1048576K
}
Event: 2.949 GC heap before
{Heap before GC invocations=2 (full 0):
 PSYoungGen      total 29696K, used 28880K [0x00000000f5580000, 0x00000000f7680000, 0x0000000100000000)
  eden space 25600K, 100% used [0x00000000f5580000,0x00000000f6e80000,0x00000000f6e80000)
  from space 4096K, 80% used [0x00000000f6e80000,0x00000000f71b4148,0x00000000f7280000)
  to   space 4096K, 0% used [0x00000000f7280000,0x00000000f7280000,0x00000000f7680000)
 ParOldGen       total 68608K, used 8K [0x00000000e0000000, 0x00000000e4300000, 0x00000000f5580000)
  object space 68608K, 0% used [0x00000000e0000000,0x00000000e0002000,0x00000000e4300000)
 Metaspace       used 8003K, committed 8320K, reserved 1114112K
  class space    used 831K, committed 960K, reserved 1048576K
}
Event: 2.955 GC heap after
{Heap after GC invocations=2 (full 0):
 PSYoungGen      total 29696K, used 4086K [0x00000000f5580000, 0x00000000f7680000, 0x0000000100000000)
  eden space 25600K, 0% used [0x00000000f5580000,0x00000000f5580000,0x00000000f6e80000)
  from space 4096K, 99% used [0x00000000f7280000,0x00000000f767d810,0x00000000f7680000)
  to   space 4096K, 0% used [0x00000000f6e80000,0x00000000f6e80000,0x00000000f7280000)
 ParOldGen       total 68608K, used 2051K [0x00000000e0000000, 0x00000000e4300000, 0x00000000f5580000)
  object space 68608K, 2% used [0x00000000e0000000,0x00000000e0200ec8,0x00000000e4300000)
 Metaspace       used 8003K, committed 8320K, reserved 1114112K
  class space    used 831K, committed 960K, reserved 1048576K
}
Event: 3.966 GC heap before
{Heap before GC invocations=3 (full 0):
 PSYoungGen      total 29696K, used 29686K [0x00000000f5580000, 0x00000000f7680000, 0x0000000100000000)
  eden space 25600K, 100% used [0x00000000f5580000,0x00000000f6e80000,0x00000000f6e80000)
  from space 4096K, 99% used [0x00000000f7280000,0x00000000f767d810,0x00000000f7680000)
  to   space 4096K, 0% used [0x00000000f6e80000,0x00000000f6e80000,0x00000000f7280000)
 ParOldGen       total 68608K, used 2051K [0x00000000e0000000, 0x00000000e4300000, 0x00000000f5580000)
  object space 68608K, 2% used [0x00000000e0000000,0x00000000e0200ec8,0x00000000e4300000)
 Metaspace       used 9463K, committed 9856K, reserved 1114112K
  class space    used 1005K, committed 1152K, reserved 1048576K
}
Event: 3.972 GC heap after
{Heap after GC invocations=3 (full 0):
 PSYoungGen      total 29696K, used 4081K [0x00000000f5580000, 0x00000000f7680000, 0x0000000100000000)
  eden space 25600K, 0% used [0x00000000f5580000,0x00000000f5580000,0x00000000f6e80000)
  from space 4096K, 99% used [0x00000000f6e80000,0x00000000f727c4e8,0x00000000f7280000)
  to   space 4096K, 0% used [0x00000000f7280000,0x00000000f7280000,0x00000000f7680000)
 ParOldGen       total 68608K, used 4923K [0x00000000e0000000, 0x00000000e4300000, 0x00000000f5580000)
  object space 68608K, 7% used [0x00000000e0000000,0x00000000e04cedf8,0x00000000e4300000)
 Metaspace       used 9463K, committed 9856K, reserved 1114112K
  class space    used 1005K, committed 1152K, reserved 1048576K
}
Event: 6.523 GC heap before
{Heap before GC invocations=4 (full 0):
 PSYoungGen      total 29696K, used 29681K [0x00000000f5580000, 0x00000000f7680000, 0x0000000100000000)
  eden space 25600K, 100% used [0x00000000f5580000,0x00000000f6e80000,0x00000000f6e80000)
  from space 4096K, 99% used [0x00000000f6e80000,0x00000000f727c4e8,0x00000000f7280000)
  to   space 4096K, 0% used [0x00000000f7280000,0x00000000f7280000,0x00000000f7680000)
 ParOldGen       total 68608K, used 4923K [0x00000000e0000000, 0x00000000e4300000, 0x00000000f5580000)
  object space 68608K, 7% used [0x00000000e0000000,0x00000000e04cedf8,0x00000000e4300000)
 Metaspace       used 11770K, committed 12096K, reserved 1114112K
  class space    used 1247K, committed 1408K, reserved 1048576K
}
Event: 6.529 GC heap after
{Heap after GC invocations=4 (full 0):
 PSYoungGen      total 29696K, used 4079K [0x00000000f5580000, 0x00000000f7680000, 0x0000000100000000)
  eden space 25600K, 0% used [0x00000000f5580000,0x00000000f5580000,0x00000000f6e80000)
  from space 4096K, 99% used [0x00000000f7280000,0x00000000f767bd40,0x00000000f7680000)
  to   space 4096K, 0% used [0x00000000f6e80000,0x00000000f6e80000,0x00000000f7280000)
 ParOldGen       total 68608K, used 6343K [0x00000000e0000000, 0x00000000e4300000, 0x00000000f5580000)
  object space 68608K, 9% used [0x00000000e0000000,0x00000000e0631f68,0x00000000e4300000)
 Metaspace       used 11770K, committed 12096K, reserved 1114112K
  class space    used 1247K, committed 1408K, reserved 1048576K
}
Event: 7.431 GC heap before
{Heap before GC invocations=5 (full 0):
 PSYoungGen      total 29696K, used 29679K [0x00000000f5580000, 0x00000000f7680000, 0x0000000100000000)
  eden space 25600K, 100% used [0x00000000f5580000,0x00000000f6e80000,0x00000000f6e80000)
  from space 4096K, 99% used [0x00000000f7280000,0x00000000f767bd40,0x00000000f7680000)
  to   space 4096K, 0% used [0x00000000f6e80000,0x00000000f6e80000,0x00000000f7280000)
 ParOldGen       total 68608K, used 6343K [0x00000000e0000000, 0x00000000e4300000, 0x00000000f5580000)
  object space 68608K, 9% used [0x00000000e0000000,0x00000000e0631f68,0x00000000e4300000)
 Metaspace       used 15780K, committed 16448K, reserved 1114112K
  class space    used 1634K, committed 1920K, reserved 1048576K
}
Event: 7.436 GC heap after
{Heap after GC invocations=5 (full 0):
 PSYoungGen      total 29184K, used 4079K [0x00000000f5580000, 0x00000000f7a00000, 0x0000000100000000)
  eden space 25088K, 0% used [0x00000000f5580000,0x00000000f5580000,0x00000000f6e00000)
  from space 4096K, 99% used [0x00000000f6e80000,0x00000000f727bd10,0x00000000f7280000)
  to   space 6144K, 0% used [0x00000000f7400000,0x00000000f7400000,0x00000000f7a00000)
 ParOldGen       total 68608K, used 7899K [0x00000000e0000000, 0x00000000e4300000, 0x00000000f5580000)
  object space 68608K, 11% used [0x00000000e0000000,0x00000000e07b6ce0,0x00000000e4300000)
 Metaspace       used 15780K, committed 16448K, reserved 1114112K
  class space    used 1634K, committed 1920K, reserved 1048576K
}
Event: 8.251 GC heap before
{Heap before GC invocations=6 (full 0):
 PSYoungGen      total 29184K, used 29167K [0x00000000f5580000, 0x00000000f7a00000, 0x0000000100000000)
  eden space 25088K, 100% used [0x00000000f5580000,0x00000000f6e00000,0x00000000f6e00000)
  from space 4096K, 99% used [0x00000000f6e80000,0x00000000f727bd10,0x00000000f7280000)
  to   space 6144K, 0% used [0x00000000f7400000,0x00000000f7400000,0x00000000f7a00000)
 ParOldGen       total 68608K, used 7899K [0x00000000e0000000, 0x00000000e4300000, 0x00000000f5580000)
  object space 68608K, 11% used [0x00000000e0000000,0x00000000e07b6ce0,0x00000000e4300000)
 Metaspace       used 18818K, committed 19648K, reserved 1114112K
  class space    used 1972K, committed 2304K, reserved 1048576K
}
Event: 8.256 GC heap after
{Heap after GC invocations=6 (full 0):
 PSYoungGen      total 29184K, used 4574K [0x00000000f5580000, 0x00000000f7880000, 0x0000000100000000)
  eden space 24576K, 0% used [0x00000000f5580000,0x00000000f5580000,0x00000000f6d80000)
  from space 4608K, 99% used [0x00000000f7400000,0x00000000f78778c0,0x00000000f7880000)
  to   space 5120K, 0% used [0x00000000f6e80000,0x00000000f6e80000,0x00000000f7380000)
 ParOldGen       total 68608K, used 7907K [0x00000000e0000000, 0x00000000e4300000, 0x00000000f5580000)
  object space 68608K, 11% used [0x00000000e0000000,0x00000000e07b8ce0,0x00000000e4300000)
 Metaspace       used 18818K, committed 19648K, reserved 1114112K
  class space    used 1972K, committed 2304K, reserved 1048576K
}
Event: 8.525 GC heap before
{Heap before GC invocations=7 (full 0):
 PSYoungGen      total 29184K, used 22247K [0x00000000f5580000, 0x00000000f7880000, 0x0000000100000000)
  eden space 24576K, 71% used [0x00000000f5580000,0x00000000f66c2610,0x00000000f6d80000)
  from space 4608K, 99% used [0x00000000f7400000,0x00000000f78778c0,0x00000000f7880000)
  to   space 5120K, 0% used [0x00000000f6e80000,0x00000000f6e80000,0x00000000f7380000)
 ParOldGen       total 68608K, used 7907K [0x00000000e0000000, 0x00000000e4300000, 0x00000000f5580000)
  object space 68608K, 11% used [0x00000000e0000000,0x00000000e07b8ce0,0x00000000e4300000)
 Metaspace       used 20618K, committed 21504K, reserved 1114112K
  class space    used 2192K, committed 2560K, reserved 1048576K
}
Event: 8.533 GC heap after
{Heap after GC invocations=7 (full 0):
 PSYoungGen      total 29184K, used 4111K [0x00000000f5580000, 0x00000000f7680000, 0x0000000100000000)
  eden space 24576K, 0% used [0x00000000f5580000,0x00000000f5580000,0x00000000f6d80000)
  from space 4608K, 89% used [0x00000000f6e80000,0x00000000f7283ea0,0x00000000f7300000)
  to   space 3584K, 0% used [0x00000000f7300000,0x00000000f7300000,0x00000000f7680000)
 ParOldGen       total 68608K, used 9448K [0x00000000e0000000, 0x00000000e4300000, 0x00000000f5580000)
  object space 68608K, 13% used [0x00000000e0000000,0x00000000e093a2e0,0x00000000e4300000)
 Metaspace       used 20618K, committed 21504K, reserved 1114112K
  class space    used 2192K, committed 2560K, reserved 1048576K
}
Event: 8.533 GC heap before
{Heap before GC invocations=8 (full 1):
 PSYoungGen      total 29184K, used 4111K [0x00000000f5580000, 0x00000000f7680000, 0x0000000100000000)
  eden space 24576K, 0% used [0x00000000f5580000,0x00000000f5580000,0x00000000f6d80000)
  from space 4608K, 89% used [0x00000000f6e80000,0x00000000f7283ea0,0x00000000f7300000)
  to   space 3584K, 0% used [0x00000000f7300000,0x00000000f7300000,0x00000000f7680000)
 ParOldGen       total 68608K, used 9448K [0x00000000e0000000, 0x00000000e4300000, 0x00000000f5580000)
  object space 68608K, 13% used [0x00000000e0000000,0x00000000e093a2e0,0x00000000e4300000)
 Metaspace       used 20618K, committed 21504K, reserved 1114112K
  class space    used 2192K, committed 2560K, reserved 1048576K
}
Event: 8.578 GC heap after
{Heap after GC invocations=8 (full 1):
 PSYoungGen      total 29184K, used 0K [0x00000000f5580000, 0x00000000f7680000, 0x0000000100000000)
  eden space 24576K, 0% used [0x00000000f5580000,0x00000000f5580000,0x00000000f6d80000)
  from space 4608K, 0% used [0x00000000f6e80000,0x00000000f6e80000,0x00000000f7300000)
  to   space 3584K, 0% used [0x00000000f7300000,0x00000000f7300000,0x00000000f7680000)
 ParOldGen       total 68608K, used 13088K [0x00000000e0000000, 0x00000000e4300000, 0x00000000f5580000)
  object space 68608K, 19% used [0x00000000e0000000,0x00000000e0cc81c8,0x00000000e4300000)
 Metaspace       used 20605K, committed 21504K, reserved 1114112K
  class space    used 2188K, committed 2560K, reserved 1048576K
}

Dll operation events (10 events):
Event: 0.020 Loaded shared library c:\Users\gdtt_\.antigravity-ide\extensions\redhat.java-1.54.0-win32-x64\jre\21.0.10-win32-x86_64\bin\java.dll
Event: 0.177 Loaded shared library c:\Users\gdtt_\.antigravity-ide\extensions\redhat.java-1.54.0-win32-x64\jre\21.0.10-win32-x86_64\bin\zip.dll
Event: 0.206 Loaded shared library C:\Users\gdtt_\.antigravity-ide\extensions\redhat.java-1.54.0-win32-x64\jre\21.0.10-win32-x86_64\bin\instrument.dll
Event: 0.214 Loaded shared library C:\Users\gdtt_\.antigravity-ide\extensions\redhat.java-1.54.0-win32-x64\jre\21.0.10-win32-x86_64\bin\net.dll
Event: 0.217 Loaded shared library C:\Users\gdtt_\.antigravity-ide\extensions\redhat.java-1.54.0-win32-x64\jre\21.0.10-win32-x86_64\bin\nio.dll
Event: 0.228 Loaded shared library C:\Users\gdtt_\.antigravity-ide\extensions\redhat.java-1.54.0-win32-x64\jre\21.0.10-win32-x86_64\bin\zip.dll
Event: 0.307 Loaded shared library C:\Users\gdtt_\.antigravity-ide\extensions\redhat.java-1.54.0-win32-x64\jre\21.0.10-win32-x86_64\bin\jimage.dll
Event: 0.441 Loaded shared library c:\Users\gdtt_\.antigravity-ide\extensions\redhat.java-1.54.0-win32-x64\jre\21.0.10-win32-x86_64\bin\verify.dll
Event: 2.974 Loaded shared library C:\Users\gdtt_\AppData\Roaming\Antigravity IDE\User\globalStorage\redhat.java\1.54.0\config_win\org.eclipse.equinox.launcher\org.eclipse.equinox.launcher.win32.win32.x86_64_1.3.0.v20260203-2149\eclipse_11919.dll
Event: 7.807 Loaded shared library C:\Users\gdtt_\AppData\Local\Temp\jna-63116079\jna12093231418688962983.dll

Deoptimization events (20 events):
Event: 8.475 Thread 0x000002a8fe6dceb0 Uncommon trap: trap_request=0xffffffde fr.pc=0x000002a8f4633340 relative=0x0000000000000460
Event: 8.475 Thread 0x000002a8fe6dceb0 Uncommon trap: reason=class_check action=maybe_recompile pc=0x000002a8f4633340 method=java.util.ImmutableCollections$MapN.probe(Ljava/lang/Object;)I @ 1 c2
Event: 8.475 Thread 0x000002a8fe6dceb0 DEOPT PACKING pc=0x000002a8f4633340 sp=0x000000fc3f6f2790
Event: 8.475 Thread 0x000002a8fe6dceb0 DEOPT UNPACKING pc=0x000002a8f3f66da2 sp=0x000000fc3f6f2740 mode 2
Event: 8.475 Thread 0x000002a8fe6dceb0 Uncommon trap: trap_request=0xffffffde fr.pc=0x000002a8f4633340 relative=0x0000000000000460
Event: 8.475 Thread 0x000002a8fe6dceb0 Uncommon trap: reason=class_check action=maybe_recompile pc=0x000002a8f4633340 method=java.util.ImmutableCollections$MapN.probe(Ljava/lang/Object;)I @ 1 c2
Event: 8.475 Thread 0x000002a8fe6dceb0 DEOPT PACKING pc=0x000002a8f4633340 sp=0x000000fc3f6f2790
Event: 8.475 Thread 0x000002a8fe6dceb0 DEOPT UNPACKING pc=0x000002a8f3f66da2 sp=0x000000fc3f6f2740 mode 2
Event: 8.581 Thread 0x000002a8fe6dceb0 Uncommon trap: trap_request=0xffffff45 fr.pc=0x000002a8f461919c relative=0x00000000000052fc
Event: 8.581 Thread 0x000002a8fe6dceb0 Uncommon trap: reason=unstable_if action=reinterpret pc=0x000002a8f461919c method=java.lang.invoke.MethodType.genericMethodType(IZ)Ljava/lang/invoke/MethodType; @ 27 c2
Event: 8.581 Thread 0x000002a8fe6dceb0 DEOPT PACKING pc=0x000002a8f461919c sp=0x000000fc3f6f2460
Event: 8.581 Thread 0x000002a8fe6dceb0 DEOPT UNPACKING pc=0x000002a8f3f66da2 sp=0x000000fc3f6f2270 mode 2
Event: 8.646 Thread 0x000002a8fe6dceb0 Uncommon trap: trap_request=0xffffff45 fr.pc=0x000002a8f46502cc relative=0x00000000000001ac
Event: 8.646 Thread 0x000002a8fe6dceb0 Uncommon trap: reason=unstable_if action=reinterpret pc=0x000002a8f46502cc method=jdk.internal.org.objectweb.asm.Frame.push(I)V @ 26 c2
Event: 8.646 Thread 0x000002a8fe6dceb0 DEOPT PACKING pc=0x000002a8f46502cc sp=0x000000fc3f6f1500
Event: 8.646 Thread 0x000002a8fe6dceb0 DEOPT UNPACKING pc=0x000002a8f3f66da2 sp=0x000000fc3f6f1488 mode 2
Event: 8.708 Thread 0x000002a8fe6dceb0 Uncommon trap: trap_request=0xffffff45 fr.pc=0x000002a8f46023f0 relative=0x0000000000000a90
Event: 8.708 Thread 0x000002a8fe6dceb0 Uncommon trap: reason=unstable_if action=reinterpret pc=0x000002a8f46023f0 method=sun.security.provider.SHA.implCompress0([BI)V @ 4 c2
Event: 8.708 Thread 0x000002a8fe6dceb0 DEOPT PACKING pc=0x000002a8f46023f0 sp=0x000000fc3f6f1c30
Event: 8.708 Thread 0x000002a8fe6dceb0 DEOPT UNPACKING pc=0x000002a8f3f66da2 sp=0x000000fc3f6f1ba0 mode 2

Classes loaded (20 events):
Event: 8.707 Loading class java/io/ObjectStreamClass$1
Event: 8.707 Loading class java/io/ObjectStreamClass$1 done
Event: 8.707 Loading class java/io/DataOutputStream
Event: 8.707 Loading class java/io/DataOutputStream done
Event: 8.707 Loading class java/io/ObjectStreamClass$MemberSignature
Event: 8.707 Loading class java/io/ObjectStreamClass$MemberSignature done
Event: 8.707 Loading class java/io/ObjectStreamClass$3
Event: 8.707 Loading class java/io/ObjectStreamClass$3 done
Event: 8.708 Loading class java/io/ObjectStreamClass$4
Event: 8.708 Loading class java/io/ObjectStreamClass$4 done
Event: 8.708 Loading class java/io/ObjectStreamClass$5
Event: 8.708 Loading class java/io/ObjectStreamClass$5 done
Event: 8.736 Loading class java/io/ObjectStreamClass$ExceptionInfo
Event: 8.736 Loading class java/io/ObjectStreamClass$ExceptionInfo done
Event: 8.753 Loading class org/w3c/dom/Node
Event: 8.753 Loading class org/w3c/dom/Node done
Event: 8.753 Loading class javax/xml/transform/Result
Event: 8.753 Loading class javax/xml/transform/Result done
Event: 8.753 Loading class javax/xml/transform/Source
Event: 8.753 Loading class javax/xml/transform/Source done

Classes unloaded (7 events):
Event: 8.547 Thread 0x000002a8e7f6fb90 Unloading class 0x000002a8811ab400 'java/lang/invoke/LambdaForm$MH+0x000002a8811ab400'
Event: 8.547 Thread 0x000002a8e7f6fb90 Unloading class 0x000002a8811ab000 'java/lang/invoke/LambdaForm$MH+0x000002a8811ab000'
Event: 8.547 Thread 0x000002a8e7f6fb90 Unloading class 0x000002a8811aac00 'java/lang/invoke/LambdaForm$MH+0x000002a8811aac00'
Event: 8.547 Thread 0x000002a8e7f6fb90 Unloading class 0x000002a8811aa800 'java/lang/invoke/LambdaForm$MH+0x000002a8811aa800'
Event: 8.547 Thread 0x000002a8e7f6fb90 Unloading class 0x000002a8811aa400 'java/lang/invoke/LambdaForm$BMH+0x000002a8811aa400'
Event: 8.547 Thread 0x000002a8e7f6fb90 Unloading class 0x000002a8811aa000 'java/lang/invoke/LambdaForm$DMH+0x000002a8811aa000'
Event: 8.547 Thread 0x000002a8e7f6fb90 Unloading class 0x000002a8811a8c00 'java/lang/invoke/LambdaForm$DMH+0x000002a8811a8c00'

Classes redefined (0 events):
No events

Internal exceptions (20 events):
Event: 8.475 Thread 0x000002a8fe6dceb0 Exception <a 'java/lang/NoSuchMethodError'{0x00000000f64f9f58}: 'long java.lang.invoke.DirectMethodHandle$Holder.invokeStatic(java.lang.Object, java.lang.Object, int)'> (0x00000000f64f9f58) 
thrown [s\src\hotspot\share\interpreter\linkResolver.cpp, line 773]
Event: 8.481 Thread 0x000002a8fe6dceb0 Exception <a 'java/lang/NoSuchMethodError'{0x00000000f6542c90}: 'java.lang.Object java.lang.invoke.DirectMethodHandle$Holder.invokeStatic(java.lang.Object, java.lang.Object, java.lang.Object, java.lang.Object, int, java.lang.Object)'> (0x00000000f6542c90) 
thrown [s\src\hotspot\share\interpreter\linkResolver.cpp, line 773]
Event: 8.485 Thread 0x000002a8fe6dceb0 Exception <a 'java/lang/NoSuchMethodError'{0x00000000f655ce70}: 'java.lang.Object java.lang.invoke.DirectMethodHandle$Holder.invokeStaticInit(java.lang.Object, java.lang.Object, java.lang.Object, java.lang.Object, java.lang.Object, java.lang.Object, java.lang.Object)'> (0x00000000f655ce70) 
thrown [s\src\hotspot\share\interpreter\linkResolver.cpp, line 773]
Event: 8.486 Thread 0x000002a8fe6dceb0 Exception <a 'java/lang/NoSuchMethodError'{0x00000000f6562610}: 'java.lang.Object java.lang.invoke.Invokers$Holder.invoke_MT(java.lang.Object, java.lang.Object, java.lang.Object, java.lang.Object, java.lang.Object, java.lang.Object, java.lang.Object, java.lang.Object, java.lang.Object)'> (0x00000000f6562610) 
thrown [s\src\hotspot\share\interpreter\linkResolver.cpp, line 773]
Event: 8.489 Thread 0x000002a8fe6dceb0 Exception <a 'java/lang/NoSuchMethodError'{0x00000000f6597770}: 'int java.lang.invoke.DirectMethodHandle$Holder.invokeVirtual(java.lang.Object, java.lang.Object, java.lang.Object)'> (0x00000000f6597770) 
thrown [s\src\hotspot\share\interpreter\linkResolver.cpp, line 773]
Event: 8.490 Thread 0x000002a8fe6dceb0 Exception <a 'java/lang/NoSuchMethodError'{0x00000000f659c708}: 'int java.lang.invoke.DirectMethodHandle$Holder.invokeStaticInit(java.lang.Object, int, int)'> (0x00000000f659c708) 
thrown [s\src\hotspot\share\interpreter\linkResolver.cpp, line 773]
Event: 8.490 Thread 0x000002a8fe6dceb0 Exception <a 'java/lang/NoSuchMethodError'{0x00000000f65a4a90}: 'int java.lang.invoke.DirectMethodHandle$Holder.invokeStaticInit(java.lang.Object, long, long)'> (0x00000000f65a4a90) 
thrown [s\src\hotspot\share\interpreter\linkResolver.cpp, line 773]
Event: 8.490 Thread 0x000002a8fe6dceb0 Exception <a 'java/lang/NoSuchMethodError'{0x00000000f65ac448}: 'int java.lang.invoke.DirectMethodHandle$Holder.invokeStaticInit(java.lang.Object, float, float)'> (0x00000000f65ac448) 
thrown [s\src\hotspot\share\interpreter\linkResolver.cpp, line 773]
Event: 8.491 Thread 0x000002a8fe6dceb0 Exception <a 'java/lang/NoSuchMethodError'{0x00000000f65b3df8}: 'int java.lang.invoke.DirectMethodHandle$Holder.invokeStaticInit(java.lang.Object, double, double)'> (0x00000000f65b3df8) 
thrown [s\src\hotspot\share\interpreter\linkResolver.cpp, line 773]
Event: 8.491 Thread 0x000002a8fe6dceb0 Exception <a 'java/lang/NoSuchMethodError'{0x00000000f65b9210}: 'int java.lang.invoke.DirectMethodHandle$Holder.invokeStatic(java.lang.Object, long)'> (0x00000000f65b9210) 
thrown [s\src\hotspot\share\interpreter\linkResolver.cpp, line 773]
Event: 8.493 Thread 0x000002a8fe6dceb0 Exception <a 'java/lang/NoSuchMethodError'{0x00000000f65d7ef8}: 'int java.lang.invoke.Invokers$Holder.linkToTargetMethod(java.lang.Object, java.lang.Object)'> (0x00000000f65d7ef8) 
thrown [s\src\hotspot\share\interpreter\linkResolver.cpp, line 773]
Event: 8.582 Thread 0x000002a8fe6dceb0 Exception <a 'java/lang/NoSuchMethodError'{0x00000000f559fe20}: 'java.lang.Object java.lang.invoke.Invokers$Holder.invoke_MT(java.lang.Object, java.lang.Object, java.lang.Object, java.lang.Object, java.lang.Object, java.lang.Object, java.lang.Object, java.lang.Object, java.lang.Object, java.lang.Object, java.lang.Object)'> (0x00000000f559fe20) 
thrown [s\src\hotspot\share\interpreter\linkResolver.cpp, line 773]
Event: 8.625 Thread 0x000002a8fe6dceb0 Exception <a 'java/lang/NoSuchMethodError'{0x00000000f5631488}: 'java.lang.Object java.lang.invoke.Invokers$Holder.invoke_MT(java.lang.Object, java.lang.Object, java.lang.Object, java.lang.Object, java.lang.Object, java.lang.Object, java.lang.Object, java.lang.Object, java.lang.Object, java.lang.Object)'> (0x00000000f5631488) 
thrown [s\src\hotspot\share\interpreter\linkResolver.cpp, line 773]
Event: 8.639 Thread 0x000002a8fe6dceb0 Exception <a 'java/lang/NoSuchMethodError'{0x00000000f56e1530}: 'java.lang.Object java.lang.invoke.DirectMethodHandle$Holder.newInvokeSpecial(java.lang.Object, java.lang.Object, java.lang.Object, java.lang.Object, java.lang.Object, java.lang.Object, java.lang.Object)'> (0x00000000f56e1530) 
thrown [s\src\hotspot\share\interpreter\linkResolver.cpp, line 773]
Event: 8.646 Thread 0x000002a8fe6dceb0 Exception <a 'java/lang/NoSuchMethodError'{0x00000000f57597d8}: 'java.lang.Object java.lang.invoke.Invokers$Holder.invoker(java.lang.Object, java.lang.Object, java.lang.Object, java.lang.Object, java.lang.Object, java.lang.Object, java.lang.Object, java.lang.Object, java.lang.Object, java.lang.Object, java.lang.Object, java.lang.Object, java.lang.Object)'> (0x00000000f57597d8) 
thrown [s\src\hotspot\share\interpreter\linkResolver.cpp, line 773]
Event: 8.647 Thread 0x000002a8fe6dceb0 Exception <a 'java/lang/NoSuchMethodError'{0x00000000f5763c70}: 'java.lang.Object java.lang.invoke.DelegatingMethodHandle$Holder.delegate(java.lang.Object, java.lang.Object, java.lang.Object, java.lang.Object, java.lang.Object, java.lang.Object, java.lang.Object, java.lang.Object, java.lang.Object, java.lang.Object, java.lang.Object, java.lang.Object, java.lang.Object)'> (0x00000000f5763c70) 
thrown [s\src\hotspot\share\interpreter\linkResolver.cpp, line 773]
Event: 8.708 Thread 0x000002a8fe6dceb0 Exception <a 'java/lang/NoSuchMethodError'{0x00000000f57cfa38}: static Lorg/eclipse/m2e/core/internal/lifecyclemapping/model/PluginExecutionMetadata;.<clinit>()V> (0x00000000f57cfa38) 
thrown [s\src\hotspot\share\prims\jni.cpp, line 1111]
Event: 8.708 Thread 0x000002a8fe6dceb0 Implicit null exception at 0x000002a8f46019a4 to 0x000002a8f46023d4
Event: 8.729 Thread 0x000002a8fe6dceb0 Exception <a 'java/lang/NoSuchMethodError'{0x00000000f582fb58}: static Lorg/eclipse/m2e/core/internal/lifecyclemapping/model/PluginExecutionFilter;.<clinit>()V> (0x00000000f582fb58) 
thrown [s\src\hotspot\share\prims\jni.cpp, line 1111]
Event: 8.734 Thread 0x000002a8fe6dceb0 Exception <a 'java/lang/NoSuchMethodError'{0x00000000f585f4e0}: static Lorg/eclipse/m2e/core/internal/project/registry/MavenProjectFacade$MavenProjectConfiguration;.<clinit>()V> (0x00000000f585f4e0) 
thrown [s\src\hotspot\share\prims\jni.cpp, line 1111]

ZGC Phase Switch (0 events):
No events

VM Operations (20 events):
Event: 7.431 Executing safepoint VM operation: ParallelGCFailedAllocation (Allocation Failure)
Event: 7.436 Executing safepoint VM operation: ParallelGCFailedAllocation (Allocation Failure) done
Event: 7.596 Executing non-safepoint VM operation: HandshakeAllThreads (Deoptimize)
Event: 7.596 Executing non-safepoint VM operation: HandshakeAllThreads (Deoptimize) done
Event: 7.814 Executing non-safepoint VM operation: HandshakeAllThreads (Deoptimize)
Event: 7.814 Executing non-safepoint VM operation: HandshakeAllThreads (Deoptimize) done
Event: 7.984 Executing non-safepoint VM operation: HandshakeAllThreads (Deoptimize)
Event: 7.984 Executing non-safepoint VM operation: HandshakeAllThreads (Deoptimize) done
Event: 8.070 Executing non-safepoint VM operation: HandshakeAllThreads (Deoptimize)
Event: 8.070 Executing non-safepoint VM operation: HandshakeAllThreads (Deoptimize) done
Event: 8.076 Executing non-safepoint VM operation: HandshakeAllThreads (Deoptimize)
Event: 8.076 Executing non-safepoint VM operation: HandshakeAllThreads (Deoptimize) done
Event: 8.138 Executing safepoint VM operation: ICBufferFull
Event: 8.138 Executing safepoint VM operation: ICBufferFull done
Event: 8.251 Executing safepoint VM operation: ParallelGCFailedAllocation (Allocation Failure)
Event: 8.256 Executing safepoint VM operation: ParallelGCFailedAllocation (Allocation Failure) done
Event: 8.474 Executing non-safepoint VM operation: HandshakeAllThreads (Deoptimize)
Event: 8.474 Executing non-safepoint VM operation: HandshakeAllThreads (Deoptimize) done
Event: 8.525 Executing safepoint VM operation: CollectForMetadataAllocation (Metadata GC Threshold)
Event: 8.579 Executing safepoint VM operation: CollectForMetadataAllocation (Metadata GC Threshold) done

Memory protections (0 events):
No events

Nmethod flushes (0 events):
No events

Events (20 events):
Event: 0.372 Thread 0x000002a8fd045750 Thread added: 0x000002a8fdf78310
Event: 0.478 Thread 0x000002a8fdf78310 Thread exited: 0x000002a8fdf78310
Event: 0.857 Thread 0x000002a8e7eccc80 Thread added: 0x000002a8fdf03b40
Event: 1.199 Thread 0x000002a8fd045750 Thread added: 0x000002a8fe039280
Event: 1.851 Thread 0x000002a8fe039280 Thread exited: 0x000002a8fe039280
Event: 2.148 Thread 0x000002a8fd045750 Thread added: 0x000002a8fe293950
Event: 2.391 Thread 0x000002a8fe293950 Thread exited: 0x000002a8fe293950
Event: 2.484 Thread 0x000002a8fd045750 Thread added: 0x000002a8fe37ab80
Event: 2.610 Thread 0x000002a8e7eccc80 Thread added: 0x000002a8fe633f50
Event: 2.969 Thread 0x000002a8e7eccc80 Thread added: 0x000002a8fec4e040
Event: 3.006 Thread 0x000002a8fec4e040 Thread added: 0x000002a8fe6dc470
Event: 3.011 Thread 0x000002a8e7eccc80 Thread added: 0x000002a8fe6dceb0
Event: 3.511 Thread 0x000002a8fe37ab80 Thread exited: 0x000002a8fe37ab80
Event: 4.074 Thread 0x000002a8fe6dceb0 Thread added: 0x000002a8feb9ccc0
Event: 6.430 Thread 0x000002a8fe6dceb0 Thread added: 0x000002a8ff2b3cf0
Event: 7.208 Thread 0x000002a8fe6dceb0 Thread added: 0x000002a8fe0f7e30
Event: 7.830 Thread 0x000002a8fe6dceb0 Thread added: 0x000002a8fec25f00
Event: 7.866 Thread 0x000002a8fe6dceb0 Thread added: 0x000002a8fec26c20
Event: 7.894 Thread 0x000002a8fe6dceb0 Thread added: 0x000002a8fec25870
Event: 7.995 Thread 0x000002a8fd045750 Thread added: 0x000002a8c559f8a0


Dynamic libraries:
0x00007ff756520000 - 0x00007ff75652e000 	c:\Users\gdtt_\.antigravity-ide\extensions\redhat.java-1.54.0-win32-x64\jre\21.0.10-win32-x86_64\bin\java.exe
0x00007ffd79e40000 - 0x00007ffd7a0a6000 	C:\WINDOWS\SYSTEM32\ntdll.dll
0x00007ffd782d0000 - 0x00007ffd78399000 	C:\WINDOWS\System32\KERNEL32.DLL
0x00007ffd770d0000 - 0x00007ffd774ca000 	C:\WINDOWS\System32\KERNELBASE.dll
0x00007ffd774d0000 - 0x00007ffd7761c000 	C:\WINDOWS\System32\ucrtbase.dll
0x00007ffd5f160000 - 0x00007ffd5f178000 	c:\Users\gdtt_\.antigravity-ide\extensions\redhat.java-1.54.0-win32-x64\jre\21.0.10-win32-x86_64\bin\jli.dll
0x00007ffd790c0000 - 0x00007ffd79287000 	C:\WINDOWS\System32\USER32.dll
0x00007ffd77820000 - 0x00007ffd77847000 	C:\WINDOWS\System32\win32u.dll
0x00007ffd78f60000 - 0x00007ffd78f8b000 	C:\WINDOWS\System32\GDI32.dll
0x00007ffd77900000 - 0x00007ffd77a2b000 	C:\WINDOWS\System32\gdi32full.dll
0x00007ffd77850000 - 0x00007ffd778f3000 	C:\WINDOWS\System32\msvcp_win.dll
0x00007ffd4cae0000 - 0x00007ffd4cafe000 	c:\Users\gdtt_\.antigravity-ide\extensions\redhat.java-1.54.0-win32-x64\jre\21.0.10-win32-x86_64\bin\VCRUNTIME140.dll
0x00007ffd5e490000 - 0x00007ffd5e722000 	C:\WINDOWS\WinSxS\amd64_microsoft.windows.common-controls_6595b64144ccf1df_6.0.26100.8521_none_3e08b75ce33403b3\COMCTL32.dll
0x00007ffd79010000 - 0x00007ffd790b9000 	C:\WINDOWS\System32\msvcrt.dll
0x00007ffd788a0000 - 0x00007ffd788d2000 	C:\WINDOWS\System32\IMM32.DLL
0x00007ffd61260000 - 0x00007ffd6126c000 	c:\Users\gdtt_\.antigravity-ide\extensions\redhat.java-1.54.0-win32-x64\jre\21.0.10-win32-x86_64\bin\vcruntime140_1.dll
0x00007ffd33c80000 - 0x00007ffd33d0d000 	c:\Users\gdtt_\.antigravity-ide\extensions\redhat.java-1.54.0-win32-x64\jre\21.0.10-win32-x86_64\bin\msvcp140.dll
0x00007ffcca040000 - 0x00007ffccade1000 	c:\Users\gdtt_\.antigravity-ide\extensions\redhat.java-1.54.0-win32-x64\jre\21.0.10-win32-x86_64\bin\server\jvm.dll
0x00007ffd78b10000 - 0x00007ffd78bc6000 	C:\WINDOWS\System32\ADVAPI32.dll
0x00007ffd79d50000 - 0x00007ffd79dfa000 	C:\WINDOWS\System32\sechost.dll
0x00007ffd77bb0000 - 0x00007ffd77cc8000 	C:\WINDOWS\System32\RPCRT4.dll
0x00007ffd78bd0000 - 0x00007ffd78c50000 	C:\WINDOWS\System32\WS2_32.dll
0x00007ffd76f50000 - 0x00007ffd76fae000 	C:\WINDOWS\SYSTEM32\POWRPROF.dll
0x00007ffd6ee20000 - 0x00007ffd6ee56000 	C:\WINDOWS\SYSTEM32\WINMM.dll
0x00007ffd6ec80000 - 0x00007ffd6ec8b000 	C:\WINDOWS\SYSTEM32\VERSION.dll
0x00007ffd76f10000 - 0x00007ffd76f24000 	C:\WINDOWS\SYSTEM32\UMPDC.dll
0x00007ffd75e60000 - 0x00007ffd75e7b000 	C:\WINDOWS\SYSTEM32\kernel.appcore.dll
0x00007ffd611e0000 - 0x00007ffd611ea000 	c:\Users\gdtt_\.antigravity-ide\extensions\redhat.java-1.54.0-win32-x64\jre\21.0.10-win32-x86_64\bin\jimage.dll
0x00007ffd74700000 - 0x00007ffd74942000 	C:\WINDOWS\SYSTEM32\DBGHELP.DLL
0x00007ffd77ec0000 - 0x00007ffd78243000 	C:\WINDOWS\System32\combase.dll
0x00007ffd78c60000 - 0x00007ffd78d39000 	C:\WINDOWS\System32\OLEAUT32.dll
0x00007ffd50780000 - 0x00007ffd507bb000 	C:\WINDOWS\SYSTEM32\dbgcore.DLL
0x00007ffd776b0000 - 0x00007ffd77758000 	C:\WINDOWS\System32\bcryptPrimitives.dll
0x00007ffd5fe00000 - 0x00007ffd5fe0f000 	c:\Users\gdtt_\.antigravity-ide\extensions\redhat.java-1.54.0-win32-x64\jre\21.0.10-win32-x86_64\bin\instrument.dll
0x00007ffd4b1a0000 - 0x00007ffd4b1c0000 	c:\Users\gdtt_\.antigravity-ide\extensions\redhat.java-1.54.0-win32-x64\jre\21.0.10-win32-x86_64\bin\java.dll
0x00007ffd792a0000 - 0x00007ffd79a24000 	C:\WINDOWS\System32\SHELL32.dll
0x00007ffd74c80000 - 0x00007ffd75500000 	C:\WINDOWS\SYSTEM32\windows.storage.dll
0x00007ffd79c50000 - 0x00007ffd79d46000 	C:\WINDOWS\System32\SHCORE.dll
0x00007ffd78d40000 - 0x00007ffd78da7000 	C:\WINDOWS\System32\shlwapi.dll
0x00007ffd76ff0000 - 0x00007ffd77019000 	C:\WINDOWS\SYSTEM32\profapi.dll
0x00007ffd476c0000 - 0x00007ffd476d8000 	c:\Users\gdtt_\.antigravity-ide\extensions\redhat.java-1.54.0-win32-x64\jre\21.0.10-win32-x86_64\bin\zip.dll
0x00007ffd5fa20000 - 0x00007ffd5fa30000 	C:\Users\gdtt_\.antigravity-ide\extensions\redhat.java-1.54.0-win32-x64\jre\21.0.10-win32-x86_64\bin\net.dll
0x00007ffd67f50000 - 0x00007ffd68079000 	C:\WINDOWS\SYSTEM32\WINHTTP.dll
0x00007ffd763d0000 - 0x00007ffd7643c000 	C:\WINDOWS\system32\mswsock.dll
0x00007ffd37d30000 - 0x00007ffd37d46000 	C:\Users\gdtt_\.antigravity-ide\extensions\redhat.java-1.54.0-win32-x64\jre\21.0.10-win32-x86_64\bin\nio.dll
0x00007ffd50740000 - 0x00007ffd50750000 	c:\Users\gdtt_\.antigravity-ide\extensions\redhat.java-1.54.0-win32-x64\jre\21.0.10-win32-x86_64\bin\verify.dll
0x00007ffd23040000 - 0x00007ffd23085000 	C:\Users\gdtt_\AppData\Roaming\Antigravity IDE\User\globalStorage\redhat.java\1.54.0\config_win\org.eclipse.equinox.launcher\org.eclipse.equinox.launcher.win32.win32.x86_64_1.3.0.v20260203-2149\eclipse_11919.dll
0x00007ffd78970000 - 0x00007ffd78b08000 	C:\WINDOWS\System32\ole32.dll
0x00007ffd766b0000 - 0x00007ffd766cb000 	C:\WINDOWS\SYSTEM32\CRYPTSP.dll
0x00007ffd75dc0000 - 0x00007ffd75df9000 	C:\WINDOWS\system32\rsaenh.dll
0x00007ffd76480000 - 0x00007ffd764b3000 	C:\WINDOWS\SYSTEM32\USERENV.dll
0x00007ffd76fc0000 - 0x00007ffd76fea000 	C:\WINDOWS\SYSTEM32\bcrypt.dll
0x00007ffd766d0000 - 0x00007ffd766dc000 	C:\WINDOWS\SYSTEM32\CRYPTBASE.dll
0x00007ffd75850000 - 0x00007ffd75883000 	C:\WINDOWS\SYSTEM32\IPHLPAPI.DLL
0x00007ffd78830000 - 0x00007ffd7883a000 	C:\WINDOWS\System32\NSI.dll
0x00007ffd1cca0000 - 0x00007ffd1cce9000 	C:\Users\gdtt_\AppData\Local\Temp\jna-63116079\jna12093231418688962983.dll
0x00007ffd77cd0000 - 0x00007ffd77cd8000 	C:\WINDOWS\System32\PSAPI.DLL

JVMTI agents:
c:\Users\gdtt_\.antigravity-ide\extensions\redhat.java-1.54.0-win32-x64\lombok\lombok-1.18.39-4050.jar path:c:\Users\gdtt_\.antigravity-ide\extensions\redhat.java-1.54.0-win32-x64\jre\21.0.10-win32-x86_64\bin\instrument.dll, loaded, initialized, instrumentlib options:none

dbghelp: loaded successfully - version: 4.0.5 - missing functions: none
symbol engine: initialized successfully - sym options: 0x614 - pdb path: .;c:\Users\gdtt_\.antigravity-ide\extensions\redhat.java-1.54.0-win32-x64\jre\21.0.10-win32-x86_64\bin;C:\WINDOWS\SYSTEM32;C:\WINDOWS\WinSxS\amd64_microsoft.windows.common-controls_6595b64144ccf1df_6.0.26100.8521_none_3e08b75ce33403b3;c:\Users\gdtt_\.antigravity-ide\extensions\redhat.java-1.54.0-win32-x64\jre\21.0.10-win32-x86_64\bin\server;C:\Users\gdtt_\AppData\Roaming\Antigravity IDE\User\globalStorage\redhat.java\1.54.0\config_win\org.eclipse.equinox.launcher\org.eclipse.equinox.launcher.win32.win32.x86_64_1.3.0.v20260203-2149;C:\Users\gdtt_\AppData\Local\Temp\jna-63116079

VM Arguments:
jvm_args: --add-modules=ALL-SYSTEM --add-opens=java.base/java.util=ALL-UNNAMED --add-opens=java.base/java.lang=ALL-UNNAMED --add-opens=java.base/sun.nio.fs=ALL-UNNAMED -Declipse.application=org.eclipse.jdt.ls.core.id1 -Dosgi.bundles.defaultStartLevel=4 -Declipse.product=org.eclipse.jdt.ls.core.product -Djava.import.generatesMetadataFilesAtProjectRoot=false -DDetectVMInstallationsJob.disabled=true -Dfile.encoding=utf8 -XX:+UseParallelGC -XX:GCTimeRatio=4 -XX:AdaptiveSizePolicyWeight=90 -Dsun.zip.disableMemoryMapping=true -Xmx2G -Xms100m -Xlog:disable -javaagent:c:\Users\gdtt_\.antigravity-ide\extensions\redhat.java-1.54.0-win32-x64\lombok\lombok-1.18.39-4050.jar -XX:+HeapDumpOnOutOfMemoryError -XX:HeapDumpPath=c:\Users\gdtt_\AppData\Roaming\Antigravity IDE\User\workspaceStorage\9b54a673ce9d48390a264c05abd1288d\redhat.java -Daether.dependencyCollector.impl=bf -Xmx512M 
java_command: c:\Users\gdtt_\.antigravity-ide\extensions\redhat.java-1.54.0-win32-x64\server\plugins\org.eclipse.equinox.launcher_1.7.100.v20251111-0406.jar -configuration c:\Users\gdtt_\AppData\Roaming\Antigravity IDE\User\globalStorage\redhat.java\1.54.0\config_win -data c:\Users\gdtt_\AppData\Roaming\Antigravity IDE\User\workspaceStorage\9b54a673ce9d48390a264c05abd1288d\redhat.java\jdt_ws --pipe=\\.\pipe\lsp-9b5ae130b3d14b980fe4c47f791fb75d-sock
java_class_path (initial): c:\Users\gdtt_\.antigravity-ide\extensions\redhat.java-1.54.0-win32-x64\server\plugins\org.eclipse.equinox.launcher_1.7.100.v20251111-0406.jar
Launcher Type: SUN_STANDARD

[Global flags]
    uintx AdaptiveSizePolicyWeight                 = 90                                        {product} {command line}
     intx CICompilerCount                          = 3                                         {product} {ergonomic}
    uintx GCTimeRatio                              = 4                                         {product} {command line}
     bool HeapDumpOnOutOfMemoryError               = true                                   {manageable} {command line}
    ccstr HeapDumpPath                             = c:\Users\gdtt_\AppData\Roaming\Antigravity IDE\User\workspaceStorage\9b54a673ce9d48390a264c05abd1288d\redhat.java         {manageable} {command line}
   size_t InitialHeapSize                          = 104857600                                 {product} {command line}
   size_t MaxHeapSize                              = 536870912                                 {product} {command line}
   size_t MaxNewSize                               = 178782208                                 {product} {ergonomic}
   size_t MinHeapDeltaBytes                        = 524288                                    {product} {ergonomic}
   size_t MinHeapSize                              = 104857600                                 {product} {command line}
   size_t NewSize                                  = 34603008                                  {product} {ergonomic}
    uintx NonNMethodCodeHeapSize                   = 5832780                                {pd product} {ergonomic}
    uintx NonProfiledCodeHeapSize                  = 122912730                              {pd product} {ergonomic}
   size_t OldSize                                  = 70254592                                  {product} {ergonomic}
    uintx ProfiledCodeHeapSize                     = 122912730                              {pd product} {ergonomic}
    uintx ReservedCodeCacheSize                    = 251658240                              {pd product} {ergonomic}
     bool SegmentedCodeCache                       = true                                      {product} {ergonomic}
   size_t SoftMaxHeapSize                          = 536870912                              {manageable} {ergonomic}
     bool UseCompressedOops                        = true                           {product lp64_product} {ergonomic}
     bool UseLargePagesIndividualAllocation        = false                                  {pd product} {ergonomic}
     bool UseParallelGC                            = true                                      {product} {command line}

Logging:
Log output configuration:
 #0: stdout all=off uptime,level,tags foldmultilines=false
 #1: stderr all=off uptime,level,tags foldmultilines=false

Release file:
JAVA_VERSION="21.0.10" 
MODULES="java.base java.compiler java.datatransfer java.xml java.prefs java.desktop java.instrument java.logging java.management java.security.sasl java.naming java.rmi java.management.rmi java.net.http java.scripting java.security.jgss java.transaction.xa java.sql java.sql.rowset java.xml.crypto java.se java.smartcardio jdk.accessibility jdk.internal.jvmstat jdk.attach jdk.charsets jdk.internal.opt jdk.zipfs jdk.compiler jdk.crypto.ec jdk.crypto.cryptoki jdk.crypto.mscapi jdk.dynalink jdk.internal.ed jdk.editpad jdk.hotspot.agent jdk.httpserver jdk.internal.le jdk.internal.vm.ci jdk.internal.vm.compiler jdk.internal.vm.compiler.management jdk.jartool jdk.javadoc jdk.jcmd jdk.management jdk.management.agent jdk.jconsole jdk.jdeps jdk.jdwp.agent jdk.jdi jdk.jfr jdk.jshell jdk.jsobject jdk.jstatd jdk.localedata jdk.management.jfr jdk.naming.dns jdk.naming.rmi jdk.net jdk.nio.mapmode jdk.random jdk.sctp jdk.security.auth jdk.security.jgss jdk.unsupported jdk.unsupported.desktop jdk.xml.dom" 

Environment Variables:
_JAVA_OPTIONS=-Xmx512M
PATH=C:\Program Files\Common Files\Oracle\Java\javapath;C:\WINDOWS\system32;C:\WINDOWS;C:\WINDOWS\System32\Wbem;C:\WINDOWS\System32\WindowsPowerShell\v1.0\;C:\WINDOWS\System32\OpenSSH\;C:\Program Files\dotnet\;C:\Program Files (x86)\Microsoft SQL Server\160\Tools\Binn\;C:\Program Files\Microsoft SQL Server\160\Tools\Binn\;C:\Program Files\Microsoft SQL Server\Client SDK\ODBC\170\Tools\Binn\;C:\Program Files\Microsoft SQL Server\160\DTS\Binn\;C:\Program Files (x86)\Microsoft SQL Server\160\DTS\Binn\;C:\Program Files\Git\cmd;C:\Users\gdtt_\AppData\Local\Microsoft\WindowsApps;C:\Users\gdtt_\AppData\Local\Programs\Ollama;C:\Program Files\Azure Data Studio\bin;C:\Users\gdtt_\AppData\Local\Programs\cursor\resources\app\bin;C:\Users\gdtt_\AppData\Local\Programs\Antigravity\bin;C:\Users\gdtt_\AppData\Local\Programs\Antigravity IDE\bin
USERNAME=Admin
OS=Windows_NT
PROCESSOR_IDENTIFIER=Intel64 Family 6 Model 140 Stepping 1, GenuineIntel
TMP=C:\Users\gdtt_\AppData\Local\Temp
TEMP=C:\Users\gdtt_\AppData\Local\Temp




Periodic native trim disabled

---------------  S Y S T E M  ---------------

OS:
 Windows 11 , 64 bit Build 26100 (10.0.26100.8521)
OS uptime: 1 days 0:38 hours
Hyper-V role detected

CPU: total 4 (initial active 4) (2 cores per cpu, 2 threads per core) family 6 model 140 stepping 1 microcode 0xbe, cx8, cmov, fxsr, ht, mmx, 3dnowpref, sse, sse2, sse3, ssse3, sse4.1, sse4.2, popcnt, lzcnt, tsc, tscinvbit, avx, avx2, aes, erms, clmul, bmi1, bmi2, adx, avx512f, avx512dq, avx512cd, avx512bw, avx512vl, sha, fma, vzeroupper, avx512_vpopcntdq, avx512_vpclmulqdq, avx512_vaes, avx512_vnni, clflush, clflushopt, clwb, avx512_vbmi2, avx512_vbmi, hv, rdtscp, rdpid, fsrm, gfni, avx512_bitalg, f16c, cet_ibt, cet_ss, avx512_ifma
Processor Information for the first 4 processors :
  Max Mhz: 2995, Current Mhz: 2995, Mhz Limit: 2995

Memory: 4k page, system-wide physical 12022M (1728M free)
TotalPageFile size 17818M (AvailPageFile size 51M)
current process WorkingSet (physical memory assigned to process): 150M, peak: 150M
current process commit charge ("private bytes"): 215M, peak: 217M

vm_info: OpenJDK 64-Bit Server VM (21.0.10+7-LTS) for windows-amd64 JRE (21.0.10+7-LTS), built on 2026-01-20T00:00:00Z by "admin" with MS VC++ 17.12 (VS2022)

END.
