#
# There is insufficient memory for the Java Runtime Environment to continue.
# Native memory allocation (mmap) failed to map 65536 bytes. Error detail: Failed to commit metaspace.
# Possible reasons:
#   The system is out of physical RAM or swap space
#   This process is running with CompressedOops enabled, and the Java Heap may be blocking the growth of the native heap
# Possible solutions:
#   Reduce memory load on the system
#   Increase physical memory or swap space
#   Check if swap backing store is full
#   Decrease Java heap size (-Xmx/-Xms)
#   Decrease number of Java threads
#   Decrease Java thread stack sizes (-Xss)
#   Set larger code cache with -XX:ReservedCodeCacheSize=
#   JVM is running with Unscaled Compressed Oops mode in which the Java heap is
#     placed in the first 4GB address space. The Java Heap base address is the
#     maximum limit for the native heap growth. Please use -XX:HeapBaseMinAddress
#     to set the Java Heap base and to place the Java Heap above 4GB virtual address.
# This output file may be truncated or incomplete.
#
#  Out of Memory Error (virtualSpaceNode.cpp:113), pid=4136, tid=16396
#
# JRE version: OpenJDK Runtime Environment Temurin-21.0.10+7 (21.0.10+7) (build 21.0.10+7-LTS)
# Java VM: OpenJDK 64-Bit Server VM Temurin-21.0.10+7 (21.0.10+7-LTS, mixed mode, sharing, tiered, compressed oops, compressed class ptrs, parallel gc, windows-amd64)
# No core dump will be written. Minidumps are not enabled by default on client versions of Windows
#

---------------  S U M M A R Y ------------

Command Line: --add-modules=ALL-SYSTEM --add-opens=java.base/java.util=ALL-UNNAMED --add-opens=java.base/java.lang=ALL-UNNAMED --add-opens=java.base/sun.nio.fs=ALL-UNNAMED -Declipse.application=org.eclipse.jdt.ls.core.id1 -Dosgi.bundles.defaultStartLevel=4 -Declipse.product=org.eclipse.jdt.ls.core.product -Djava.import.generatesMetadataFilesAtProjectRoot=false -DDetectVMInstallationsJob.disabled=true -Dfile.encoding=utf8 -XX:+UseParallelGC -XX:GCTimeRatio=4 -XX:AdaptiveSizePolicyWeight=90 -Dsun.zip.disableMemoryMapping=true -Xmx2G -Xms100m -Xlog:disable -javaagent:c:\Users\gdtt_\.antigravity-ide\extensions\redhat.java-1.54.0-win32-x64\lombok\lombok-1.18.39-4050.jar -Xmx512M c:\Users\gdtt_\.antigravity-ide\extensions\redhat.java-1.54.0-win32-x64\server\plugins\org.eclipse.equinox.launcher_1.7.100.v20251111-0406.jar -configuration c:\Users\gdtt_\AppData\Roaming\Antigravity IDE\User\globalStorage\redhat.java\1.54.0\config_ss_win -data c:\Users\gdtt_\AppData\Roaming\Antigravity IDE\User\workspaceStorage\9b54a673ce9d48390a264c05abd1288d\redhat.java\ss_ws --pipe=\\.\pipe\lsp-f34964b8cb9b7e194f31ad2128e13d3c-sock

Host: 11th Gen Intel(R) Core(TM) i3-1115G4 @ 3.00GHz, 4 cores, 11G,  Windows 11 , 64 bit Build 26100 (10.0.26100.8521)
Time: Wed Jun 10 10:44:38 2026 SE Asia Standard Time elapsed time: 9.873598 seconds (0d 0h 0m 9s)

---------------  T H R E A D  ---------------

Current thread (0x000001dbe551ee20):  JavaThread "pool-1-thread-1"        [_thread_in_vm, id=16396, stack(0x0000003420300000,0x0000003420400000) (1024K)]

Stack: [0x0000003420300000,0x0000003420400000]
Native frames: (J=compiled Java code, j=interpreted, Vv=VM code, C=native code)
V  [jvm.dll+0x6d7a39]
V  [jvm.dll+0x8b4b26]
V  [jvm.dll+0x8b70de]
V  [jvm.dll+0x8b77c3]
V  [jvm.dll+0x284346]
V  [jvm.dll+0x8b086e]
V  [jvm.dll+0x679444]
V  [jvm.dll+0x1e82bb]
V  [jvm.dll+0x1e807e]
V  [jvm.dll+0x67bd42]
V  [jvm.dll+0x67bb72]
V  [jvm.dll+0x679e1e]
V  [jvm.dll+0x281217]
V  [jvm.dll+0x72dd4f]
V  [jvm.dll+0x72e88f]
V  [jvm.dll+0x3cc641]
V  [jvm.dll+0x3cb417]
V  [jvm.dll+0x3cb3b8]
V  [jvm.dll+0x5dd6c6]
V  [jvm.dll+0x5dc634]
V  [jvm.dll+0x3e0ae2]
V  [jvm.dll+0x3e019a]
C  0x000001db95858080

The last pc belongs to invokestatic (printed below).
Java frames: (J=compiled Java code, j=interpreted, Vv=VM code)
j  org.eclipse.jdt.ls.core.internal.handlers.BaseDocumentLifeCycleHandler.didOpen(Lorg/eclipse/lsp4j/DidOpenTextDocumentParams;)V+47
j  org.eclipse.jdt.ls.core.internal.syntaxserver.SyntaxLanguageServer.didOpen(Lorg/eclipse/lsp4j/DidOpenTextDocumentParams;)V+11
j  java.lang.invoke.LambdaForm$DMH+0x000001dba0171000.invokeInterface(Ljava/lang/Object;Ljava/lang/Object;Ljava/lang/Object;)V+24 java.base@21.0.10
j  java.lang.invoke.LambdaForm$MH+0x000001dba00b5c00.invoke(Ljava/lang/Object;Ljava/lang/Object;Ljava/lang/Object;)Ljava/lang/Object;+52 java.base@21.0.10
j  java.lang.invoke.Invokers$Holder.invokeExact_MT(Ljava/lang/Object;Ljava/lang/Object;Ljava/lang/Object;Ljava/lang/Object;)Ljava/lang/Object;+20 java.base@21.0.10
J 1505 c1 jdk.internal.reflect.DirectMethodHandleAccessor.invoke(Ljava/lang/Object;[Ljava/lang/Object;)Ljava/lang/Object; java.base@21.0.10 (92 bytes) @ 0x000001db8e5967e4 [0x000001db8e595400+0x00000000000013e4]
J 1501 c1 java.lang.reflect.Method.invoke(Ljava/lang/Object;[Ljava/lang/Object;)Ljava/lang/Object; java.base@21.0.10 (108 bytes) @ 0x000001db8e5911d4 [0x000001db8e590cc0+0x0000000000000514]
j  org.eclipse.lsp4j.jsonrpc.services.GenericEndpoint.lambda$recursiveFindRpcMethods$0(Lorg/eclipse/lsp4j/jsonrpc/services/AnnotationUtil$MethodInfo;Ljava/lang/Object;Ljava/lang/Object;)Ljava/util/concurrent/CompletableFuture;+20
j  org.eclipse.lsp4j.jsonrpc.services.GenericEndpoint$$Lambda+0x000001dba02e7d38.apply(Ljava/lang/Object;)Ljava/lang/Object;+13
j  org.eclipse.lsp4j.jsonrpc.services.GenericEndpoint.notify(Ljava/lang/String;Ljava/lang/Object;)V+18
j  org.eclipse.lsp4j.jsonrpc.RemoteEndpoint.handleNotification(Lorg/eclipse/lsp4j/jsonrpc/messages/NotificationMessage;)V+20
j  org.eclipse.lsp4j.jsonrpc.RemoteEndpoint.consume(Lorg/eclipse/lsp4j/jsonrpc/messages/Message;)V+14
j  org.eclipse.jdt.ls.core.internal.ParentProcessWatcher.lambda$1(Lorg/eclipse/lsp4j/jsonrpc/MessageConsumer;Lorg/eclipse/lsp4j/jsonrpc/messages/Message;)V+9
j  org.eclipse.jdt.ls.core.internal.ParentProcessWatcher$$Lambda+0x000001dba02cf3c0.consume(Lorg/eclipse/lsp4j/jsonrpc/messages/Message;)V+9
j  org.eclipse.lsp4j.jsonrpc.json.StreamMessageProducer.handleMessage(Ljava/io/InputStream;Lorg/eclipse/lsp4j/jsonrpc/json/StreamMessageProducer$Headers;)Z+57
j  org.eclipse.lsp4j.jsonrpc.json.StreamMessageProducer.listen(Lorg/eclipse/lsp4j/jsonrpc/MessageConsumer;)V+140
j  org.eclipse.lsp4j.jsonrpc.json.ConcurrentMessageProcessor.run()V+12
j  java.util.concurrent.Executors$RunnableAdapter.call()Ljava/lang/Object;+4 java.base@21.0.10
j  java.util.concurrent.FutureTask.run()V+39 java.base@21.0.10
j  java.util.concurrent.ThreadPoolExecutor.runWorker(Ljava/util/concurrent/ThreadPoolExecutor$Worker;)V+92 java.base@21.0.10
j  java.util.concurrent.ThreadPoolExecutor$Worker.run()V+5 java.base@21.0.10
j  java.lang.Thread.runWith(Ljava/lang/Object;Ljava/lang/Runnable;)V+5 java.base@21.0.10
j  java.lang.Thread.run()V+19 java.base@21.0.10
v  ~StubRoutines::call_stub 0x000001db958410e7
invokestatic  184 invokestatic  [0x000001db95857fe0, 0x000001db958582a8]  712 bytes
[MachCode]
  0x000001db95857fe0: 4883 ec08 | c5fa 1104 | 24eb 1f48 | 83ec 10c5 | fb11 0424 | eb14 4883 | ec10 4889 | 0424 48c7 
  0x000001db95858000: 4424 0800 | 0000 00eb | 0150 4c89 | 6dc0 410f | b755 0148 | 8b4d d0c1 | e202 8b5c | d138 c1eb 
  0x000001db95858020: 1081 e3ff | 0000 0081 | fbb8 0000 | 000f 84b4 | 0000 00bb | b800 0000 | e805 0000 | 00e9 9900 
  0x000001db95858040: 0000 488b | d348 8d44 | 2408 4c89 | 6dc0 498b | cfc5 f877 | 4989 afb0 | 0300 0049 | 8987 a003 
  0x000001db95858060: 0000 4883 | ec20 40f6 | c40f 0f84 | 1900 0000 | 4883 ec08 | 48b8 3001 | 42ca fc7f | 0000 ffd0 
  0x000001db95858080: 4883 c408 | e90c 0000 | 0048 b830 | 0142 cafc | 7f00 00ff | d048 83c4 | 2049 c787 | a003 0000 
  0x000001db958580a0: 0000 0000 | 49c7 87b0 | 0300 0000 | 0000 0049 | c787 a803 | 0000 0000 | 0000 c5f8 | 7749 837f 
  0x000001db958580c0: 0800 0f84 | 0500 0000 | e933 8efe | ff4c 8b6d | c04c 8b75 | c84e 8d74 | f500 c341 | 0fb7 5501 
  0x000001db958580e0: 488b 4dd0 | c1e2 0248 | 8b5c d140 | 488b 5b08 | 488b 5b08 | 488b 5b18 | 80bb 3101 | 0000 040f 
  0x000001db95858100: 840d 0000 | 004c 3bbb | 3801 0000 | 0f85 21ff | ffff 488b | 5cd1 408b | 54d1 50c1 | ea1c 49ba 
  0x000001db95858120: 20e4 d0ca | fc7f 0000 | 498b 14d2 | 5248 8b45 | d848 85c0 | 0f84 1200 | 0000 4883 | 4008 0148 
  0x000001db95858140: 8358 0800 | 4883 c010 | 4889 45d8 | 488b 45d8 | 4885 c00f | 843d 0100 | 0080 78f0 | 0a0f 8533 
  0x000001db95858160: 0100 0048 | 83c0 084c | 8b68 f841 | 83ed 0041 | 83fd 020f | 8c12 0100 | 004c 8b6b | 0845 0fb7 
  0x000001db95858180: 6d2e 4c2b | 2841 83ed | 014e 8b6c | ec08 4d85 | ed75 0ef6 | 4008 0175 | 58f0 4883 | 4808 01eb 
  0x000001db958581a0: 5045 8b6d | 0849 ba00 | 0000 9fdb | 0100 004d | 03ea 4d8b | d54c 3368 | 0849 f7c5 | fcff ffff 
  0x000001db958581c0: 742f 41f6 | c502 7529 | 4883 7808 | 0074 1e48 | 8378 0801 | 7417 4d8b | ea4c 3368 | 0849 f7c5 
  0x000001db958581e0: fcff ffff | 740b 4883 | 4808 02eb | 044c 8968 | 0848 83c0 | 104c 8b68 | e841 83ed | 0241 83fd 
  0x000001db95858200: 020f 8c84 | 0000 004c | 8b6b 0845 | 0fb7 6d2e | 4c2b 2841 | 83ed 014e | 8b6c ec08 | 4d85 ed75 
  0x000001db95858220: 0ef6 4008 | 0175 58f0 | 4883 4808 | 01eb 5045 | 8b6d 0849 | ba00 0000 | 9fdb 0100 | 004d 03ea 
  0x000001db95858240: 4d8b d54c | 3368 0849 | f7c5 fcff | ffff 742f | 41f6 c502 | 7529 4883 | 7808 0074 | 1e48 8378 
  0x000001db95858260: 0801 7417 | 4d8b ea4c | 3368 0849 | f7c5 fcff | ffff 740b | 4883 4808 | 02eb 044c | 8968 0848 
  0x000001db95858280: 83c0 104c | 8b68 d841 | 83ed 0441 | c1e5 0349 | 03c5 4889 | 45d8 4c8d | 6c24 084c | 896d f0ff 
  0x000001db958582a0: 6350 660f | 1f44 0000 
[/MachCode]

Compiled method (c1) 9936 1505   !   3       jdk.internal.reflect.DirectMethodHandleAccessor::invoke (92 bytes)
 total in heap  [0x000001db8e594f90,0x000001db8e598960] = 14800
 relocation     [0x000001db8e5950f0,0x000001db8e5953f0] = 768
 main code      [0x000001db8e595400,0x000001db8e597668] = 8808
 stub code      [0x000001db8e597668,0x000001db8e597788] = 288
 oops           [0x000001db8e597788,0x000001db8e5977a8] = 32
 metadata       [0x000001db8e5977a8,0x000001db8e597820] = 120
 scopes data    [0x000001db8e597820,0x000001db8e597c48] = 1064
 scopes pcs     [0x000001db8e597c48,0x000001db8e598148] = 1280
 dependencies   [0x000001db8e598148,0x000001db8e598170] = 40
 handler table  [0x000001db8e598170,0x000001db8e5988c0] = 1872
 nul chk table  [0x000001db8e5988c0,0x000001db8e598960] = 160

[Constant Pool (empty)]

[MachCode]
[Entry Point]
  # {method} {0x000001db9f19cd00} 'invoke' '(Ljava/lang/Object;[Ljava/lang/Object;)Ljava/lang/Object;' in 'jdk/internal/reflect/DirectMethodHandleAccessor'
  # this:     rdx:rdx   = 'jdk/internal/reflect/DirectMethodHandleAccessor'
  # parm0:    r8:r8     = 'java/lang/Object'
  # parm1:    r9:r9     = '[Ljava/lang/Object;'
  #           [sp+0x140]  (sp of caller)
  0x000001db8e595400: 448b 5208 | 49bb 0000 | 009f db01 | 0000 4d03 | d34c 3bd0 

  0x000001db8e595414: ;   {runtime_call ic_miss_stub}
  0x000001db8e595414: 0f85 6692 | 2f07 660f | 1f44 0000 
[Verified Entry Point]
  0x000001db8e595420: 8984 2400 | 80ff ff55 | 4881 ec30 | 0100 0090 | 4181 7f20 | 0200 0000 

  0x000001db8e595438: ;   {runtime_call StubRoutines (final stubs)}
  0x000001db8e595438: 7405 e8c1 | 832e 0748 | 8994 24a8 | 0000 004c | 8984 24b8 | 0000 004c | 898c 24b0 

  0x000001db8e595454: ;   {metadata(method data for {method} {0x000001db9f19cd00} 'invoke' '(Ljava/lang/Object;[Ljava/lang/Object;)Ljava/lang/Object;' in 'jdk/internal/reflect/DirectMethodHandleAccessor')}
  0x000001db8e595454: 0000 0048 | be48 7138 | e0db 0100 | 008b becc | 0000 0083 | c702 89be | cc00 0000 | 81e7 fe07 
  0x000001db8e595474: 0000 85ff | 0f84 631d | 0000 488b 

  0x000001db8e595480: ;   {metadata(method data for {method} {0x000001db9f19cd00} 'invoke' '(Ljava/lang/Object;[Ljava/lang/Object;)Ljava/lang/Object;' in 'jdk/internal/reflect/DirectMethodHandleAccessor')}
  0x000001db8e595480: f248 bf48 | 7138 e0db | 0100 0048 | 8387 1001 

  0x000001db8e595490: ;   {metadata(method data for {method} {0x000001db9f3c8aa0} 'isStatic' '()Z' in 'jdk/internal/reflect/DirectMethodHandleAccessor')}
  0x000001db8e595490: 0000 0148 | bef0 6c38 | e0db 0100 | 008b becc | 0000 0083 | c702 89be | cc00 0000 | 81e7 feff 
  0x000001db8e5954b0: 1f00 85ff | 0f84 481d | 0000 8b72 | 1081 e600 | 0200 0081 | fe00 0200 

  0x000001db8e5954c8: ;   {metadata(method data for {method} {0x000001db9f3c8aa0} 'isStatic' '()Z' in 'jdk/internal/reflect/DirectMethodHandleAccessor')}
  0x000001db8e5954c8: 0048 bef0 | 6c38 e0db | 0100 0048 | c7c7 1001 | 0000 7507 | 48c7 c720 | 0100 0048 | 8b1c 3e48 
  0x000001db8e5954e8: 8d5b 0148 | 891c 3e0f | 851a 0000 

  0x000001db8e5954f4: ;   {metadata(method data for {method} {0x000001db9f3c8aa0} 'isStatic' '()Z' in 'jdk/internal/reflect/DirectMethodHandleAccessor')}
  0x000001db8e5954f4: 0048 bef0 | 6c38 e0db | 0100 00ff | 8630 0100 | 00be 0100 | 0000 e905 | 0000 00be | 0000 0000 
  0x000001db8e595514: 83e6 0185 

  0x000001db8e595518: ;   {metadata(method data for {method} {0x000001db9f19cd00} 'invoke' '(Ljava/lang/Object;[Ljava/lang/Object;)Ljava/lang/Object;' in 'jdk/internal/reflect/DirectMethodHandleAccessor')}
  0x000001db8e595518: f648 be48 | 7138 e0db | 0100 0048 | c7c7 4801 | 0000 7507 | 48c7 c758 | 0100 0048 | 8b1c 3e48 
  0x000001db8e595538: 8d5b 0148 | 891c 3e0f | 85d5 0000 | 0048 8bf2 

  0x000001db8e595548: ;   {metadata(method data for {method} {0x000001db9f19cd00} 'invoke' '(Ljava/lang/Object;[Ljava/lang/Object;)Ljava/lang/Object;' in 'jdk/internal/reflect/DirectMethodHandleAccessor')}
  0x000001db8e595548: 48bf 4871 | 38e0 db01 | 0000 4883 | 8768 0100 

  0x000001db8e595558: ;   {metadata(method data for {method} {0x000001db9f3c89f0} 'checkReceiver' '(Ljava/lang/Object;)V' in 'jdk/internal/reflect/DirectMethodHandleAccessor')}
  0x000001db8e595558: 0001 48be | 9878 38e0 | db01 0000 | 8bbe cc00 | 0000 83c7 | 0289 becc | 0000 0081 | e7fe ff1f 
  0x000001db8e595578: 0085 ff0f | 84a2 1c00 | 008b 7214 

  0x000001db8e595584: ; implicit exception: dispatches to 0x000001db8e597244
  0x000001db8e595584: 493b 0049 

  0x000001db8e595588: ;   {metadata(method data for {method} {0x000001db9f3c89f0} 'checkReceiver' '(Ljava/lang/Object;)V' in 'jdk/internal/reflect/DirectMethodHandleAccessor')}
  0x000001db8e595588: 8bf8 48bb | 9878 38e0 | db01 0000 | 4883 8310 | 0100 0001 | 418b 7808 | 49ba 0000 | 009f db01 
  0x000001db8e5955a8: 0000 4903 | fa48 8b7f | 7048 8b3f 

  0x000001db8e5955b4: ; implicit exception: dispatches to 0x000001db8e597249
  0x000001db8e5955b4: 483b 0648 

  0x000001db8e5955b8: ;   {metadata(method data for {method} {0x000001db9f3c89f0} 'checkReceiver' '(Ljava/lang/Object;)V' in 'jdk/internal/reflect/DirectMethodHandleAccessor')}
  0x000001db8e5955b8: 8bde 48b8 | 9878 38e0 | db01 0000 | 4883 8048 | 0100 0001 | 4c8b c748 | 8bd6 0f1f 

  0x000001db8e5955d4: ;   {optimized virtual_call}
  0x000001db8e5955d4: 4400 00e8 

  0x000001db8e5955d8: ; ImmutableOopMap {[168]=Oop [176]=Oop [184]=Oop }
                      ;*invokevirtual isAssignableFrom {reexecute=0 rethrow=0 return_oop=0}
                      ; - jdk.internal.reflect.DirectMethodHandleAccessor::checkReceiver@8
                      ; - jdk.internal.reflect.DirectMethodHandleAccessor::invoke@9
  0x000001db8e5955d8: e4ea 8507 

  0x000001db8e5955dc: ;   {other}
  0x000001db8e5955dc: 0f1f 8400 | 4c06 0000 

  0x000001db8e5955e4: ;   {metadata(method data for {method} {0x000001db9f3c89f0} 'checkReceiver' '(Ljava/lang/Object;)V' in 'jdk/internal/reflect/DirectMethodHandleAccessor')}
  0x000001db8e5955e4: 85c0 48ba | 9878 38e0 | db01 0000 | 49c7 c090 | 0100 0074 | 0749 c7c0 | 8001 0000 | 4a8b 3402 
  0x000001db8e595604: 488d 7601 | 4a89 3402 | 0f84 771a | 0000 488b | 9424 a800 | 0000 448b 

  0x000001db8e59561c: ;   {metadata(method data for {method} {0x000001db9f19cd00} 'invoke' '(Ljava/lang/Object;[Ljava/lang/Object;)Ljava/lang/Object;' in 'jdk/internal/reflect/DirectMethodHandleAccessor')}
  0x000001db8e59561c: 420c 48be | 4871 38e0 | db01 0000 | 4883 86a0 | 0100 0001 | 498b d04c | 8b84 24b0 | 0000 000f 
  0x000001db8e59563c: ;   {static_call}
  0x000001db8e59563c: 1f40 00e8 

  0x000001db8e595640: ; ImmutableOopMap {[168]=Oop [176]=Oop [184]=Oop }
                      ;*invokestatic checkArgumentCount {reexecute=0 rethrow=0 return_oop=0}
                      ; - jdk.internal.reflect.DirectMethodHandleAccessor::invoke@17
  0x000001db8e595640: bcca ffff 

  0x000001db8e595644: ;   {other}
  0x000001db8e595644: 0f1f 8400 | b406 0001 | 488b 9424 | a800 0000 

  0x000001db8e595654: ;   {metadata(method data for {method} {0x000001db9f19cd00} 'invoke' '(Ljava/lang/Object;[Ljava/lang/Object;)Ljava/lang/Object;' in 'jdk/internal/reflect/DirectMethodHandleAccessor')}
  0x000001db8e595654: 488b f248 | bf48 7138 | e0db 0100 | 0048 8387 | b001 0000 

  0x000001db8e595668: ;   {metadata(method data for {method} {0x000001db9f3c8838} 'invokeImpl' '(Ljava/lang/Object;[Ljava/lang/Object;)Ljava/lang/Object;' in 'jdk/internal/reflect/DirectMethodHandleAccessor')}
  0x000001db8e595668: 0148 be80 | 7438 e0db | 0100 008b | becc 0000 | 0083 c702 | 89be cc00 | 0000 81e7 | feff 1f00 
  0x000001db8e595688: 85ff 0f84 | be1b 0000 

  0x000001db8e595690: ;   {metadata(method data for {method} {0x000001db9f3c8838} 'invokeImpl' '(Ljava/lang/Object;[Ljava/lang/Object;)Ljava/lang/Object;' in 'jdk/internal/reflect/DirectMethodHandleAccessor')}
  0x000001db8e595690: 8b72 0c48 | bf80 7438 | e0db 0100 | 0048 c7c3 | 1801 0000 | 85f6 488b | c348 c7c3 | 2801 0000 
  0x000001db8e5956b0: 480f 45d8 | 83fe 0148 | 8bc3 48c7 | c338 0100 | 0048 0f45 | d883 fe02 | 488b c348 | c7c3 4801 
  0x000001db8e5956d0: 0000 480f | 45d8 83fe | 0348 8bc3 | 48c7 c358 | 0100 0048 | 0f45 d848 | 8b04 1f49 | c7c2 0100 
  0x000001db8e5956f0: 0000 4903 | c248 8904 | 1f85 f60f | 8479 1100 | 0083 fe01 | 0f84 3d0f | 0000 83fe | 020f 84a7 
  0x000001db8e595710: 0800 0083 | fe03 0f84 | 3a06 0000 | 4c8b 8424 | b800 0000 | 8b72 1848 | 89b4 24c0 

  0x000001db8e59572c: ;   {metadata(method data for {method} {0x000001db9f3c8838} 'invokeImpl' '(Ljava/lang/Object;[Ljava/lang/Object;)Ljava/lang/Object;' in 'jdk/internal/reflect/DirectMethodHandleAccessor')}
  0x000001db8e59572c: 0000 0048 | bf80 7438 | e0db 0100 | 0048 8dbf | 9803 0000 | 4d85 c075 | 0ef6 4708 | 0175 53f0 
  0x000001db8e59574c: 4883 4f08 | 01eb 4b41 | 8b58 0849 | ba00 0000 | 9fdb 0100 | 0049 03da | 4c8b d348 | 335f 0848 
  0x000001db8e59576c: f7c3 fcff | ffff 742a | f6c3 0275 | 2548 f747 | 08fe ffff | ff74 1749 | 8bda 4833 | 5f08 48f7 
  0x000001db8e59578c: c3fc ffff | ff74 0b48 | 834f 0802 | eb04 4889 

  0x000001db8e59579c: ;   {metadata(method data for {method} {0x000001db9f0ae518} 'invokeExact_MT' '(Ljava/lang/Object;Ljava/lang/Object;Ljava/lang/Object;Ljava/lang/Object;)Ljava/lang/Object;' in 'java/lang/invoke/Invokers$Holder')}
  0x000001db8e59579c: 5f08 48bf | e8b1 34e0 | db01 0000 | 488d bfb8 | 0200 0048 | 85f6 750c | f607 0175 | 4cf0 4883 
  0x000001db8e5957bc: 0f01 eb45 | 8b5e 0849 | ba00 0000 | 9fdb 0100 | 0049 03da | 4c8b d348 | 331f 48f7 | c3fc ffff 
  0x000001db8e5957dc: ff74 26f6 | c302 7521 | 48f7 07fe | ffff ff74 | 1549 8bda | 4833 1f48 | f7c3 fcff | ffff 7409 
  0x000001db8e5957fc: 4883 0f02 | eb03 4889 | 1f4d 85c0 | 750e f647 | 1001 7553 | f048 834f | 1001 eb4b | 418b 5808 
  0x000001db8e59581c: 49ba 0000 | 009f db01 | 0000 4903 | da4c 8bd3 | 4833 5f10 | 48f7 c3fc | ffff ff74 | 2af6 c302 
  0x000001db8e59583c: 7525 48f7 | 4710 feff | ffff 7417 | 498b da48 | 335f 1048 | f7c3 fcff | ffff 740b | 4883 4f10 
  0x000001db8e59585c: 02eb 0448 

  0x000001db8e595860: ;   {metadata(method data for {method} {0x000001db9f3c8838} 'invokeImpl' '(Ljava/lang/Object;[Ljava/lang/Object;)Ljava/lang/Object;' in 'jdk/internal/reflect/DirectMethodHandleAccessor')}
  0x000001db8e595860: 895f 1048 | bf80 7438 | e0db 0100 | 0048 8387 | 6003 0000 

  0x000001db8e595874: ;   {metadata(method data for {method} {0x000001db9f0ae518} 'invokeExact_MT' '(Ljava/lang/Object;Ljava/lang/Object;Ljava/lang/Object;Ljava/lang/Object;)Ljava/lang/Object;' in 'java/lang/invoke/Invokers$Holder')}
  0x000001db8e595874: 0148 bfe8 | b134 e0db | 0100 008b | 9fcc 0000 | 0083 c302 | 899f cc00 | 0000 81e3 | feff 1f00 
  0x000001db8e595894: 85db 0f84 | d319 0000 

  0x000001db8e59589c: ;   {metadata(method data for {method} {0x000001db9f0ae518} 'invokeExact_MT' '(Ljava/lang/Object;Ljava/lang/Object;Ljava/lang/Object;Ljava/lang/Object;)Ljava/lang/Object;' in 'java/lang/invoke/Invokers$Holder')}
  0x000001db8e59589c: 48bf e8b1 | 34e0 db01 | 0000 488d | bf90 0100 | 0048 85f6 | 750e f647 | 0801 7552 | f048 834f 
  0x000001db8e5958bc: 0801 eb4a | 8b5e 0849 | ba00 0000 | 9fdb 0100 | 0049 03da | 4c8b d348 | 335f 0848 | f7c3 fcff 
  0x000001db8e5958dc: ffff 742a | f6c3 0275 | 2548 f747 | 08fe ffff | ff74 1749 | 8bda 4833 | 5f08 48f7 | c3fc ffff 
  0x000001db8e5958fc: ff74 0b48 | 834f 0802 | eb04 4889 

  0x000001db8e595908: ;   {oop(a 'java/lang/invoke/MethodType'{0x00000000e0002660} = (Ljava/lang/Object;[Ljava/lang/Object;)Ljava/lang/Object;)}
  0x000001db8e595908: 5f08 48bb | 6026 00e0 | 0000 0000 | 4885 db75 | 0cf6 4718 | 0175 06f0 | 4883 4f18 

  0x000001db8e595924: ;   {metadata(method data for {method} {0x000001db9f0ae518} 'invokeExact_MT' '(Ljava/lang/Object;Ljava/lang/Object;Ljava/lang/Object;Ljava/lang/Object;)Ljava/lang/Object;' in 'java/lang/invoke/Invokers$Holder')}
  0x000001db8e595924: 0148 bfe8 | b134 e0db | 0100 0048 | 8387 8001 

  0x000001db8e595934: ;   {metadata(method data for {method} {0x000001db9f3dc728} 'checkExactType' '(Ljava/lang/invoke/MethodHandle;Ljava/lang/invoke/MethodType;)V' in 'java/lang/invoke/Invokers')}
  0x000001db8e595934: 0000 0148 | bf60 d32d | e0db 0100 | 008b 87cc | 0000 0083 | c002 8987 | cc00 0000 | 25fe ff1f 
  0x000001db8e595954: 0085 c00f | 8433 1900 | 0048 3b06 

  0x000001db8e595960: ;   {metadata(method data for {method} {0x000001db9f3dc728} 'checkExactType' '(Ljava/lang/invoke/MethodHandle;Ljava/lang/invoke/MethodType;)V' in 'java/lang/invoke/Invokers')}
  0x000001db8e595960: 488b fe48 | b860 d32d | e0db 0100 | 008b 7f08 | 49ba 0000 | 009f db01 | 0000 4903 | fa48 3bb8 
  0x000001db8e595980: 2001 0000 | 750d 4883 | 8028 0100 | 0001 e960 | 0000 0048 | 3bb8 3001 | 0000 750d | 4883 8038 
  0x000001db8e5959a0: 0100 0001 | e94a 0000 | 0048 83b8 | 2001 0000 | 0075 1748 | 89b8 2001 | 0000 48c7 | 8028 0100 
  0x000001db8e5959c0: 0001 0000 | 00e9 2900 | 0000 4883 | b830 0100 | 0000 7517 | 4889 b830 | 0100 0048 | c780 3801 
  0x000001db8e5959e0: 0000 0100 | 0000 e908 | 0000 0048 | 8380 1001 | 0000 018b | 7e10 483b 

  0x000001db8e5959f8: ;   {metadata(method data for {method} {0x000001db9f3dc728} 'checkExactType' '(Ljava/lang/invoke/MethodHandle;Ljava/lang/invoke/MethodType;)V' in 'java/lang/invoke/Invokers')}
  0x000001db8e5959f8: fb48 bb60 | d32d e0db | 0100 0048 | c7c0 5801 | 0000 7507 | 48c7 c048 | 0100 0048 | 8b0c 0348 
  0x000001db8e595a18: 8d49 0148 | 890c 030f | 8522 1200 

  0x000001db8e595a24: ;   {metadata(method data for {method} {0x000001db9f0ae518} 'invokeExact_MT' '(Ljava/lang/Object;Ljava/lang/Object;Ljava/lang/Object;Ljava/lang/Object;)Ljava/lang/Object;' in 'java/lang/invoke/Invokers$Holder')}
  0x000001db8e595a24: 0048 bfe8 | b134 e0db | 0100 0048 | 8dbf c801 | 0000 8b5e | 0849 ba00 | 0000 9fdb | 0100 0049 
  0x000001db8e595a44: 03da 4c8b | d348 335f | 0848 f7c3 | fcff ffff | 742a f6c3 | 0275 2548 | f747 08fe | ffff ff74 
  0x000001db8e595a64: 1749 8bda | 4833 5f08 | 48f7 c3fc | ffff ff74 | 0b48 834f | 0802 eb04 | 4889 5f08 

  0x000001db8e595a80: ;   {metadata(method data for {method} {0x000001db9f0ae518} 'invokeExact_MT' '(Ljava/lang/Object;Ljava/lang/Object;Ljava/lang/Object;Ljava/lang/Object;)Ljava/lang/Object;' in 'java/lang/invoke/Invokers$Holder')}
  0x000001db8e595a80: 48bf e8b1 | 34e0 db01 | 0000 4883 | 87b8 0100 

  0x000001db8e595a90: ;   {metadata(method data for {method} {0x000001db9f3dc620} 'checkCustomized' '(Ljava/lang/invoke/MethodHandle;)V' in 'java/lang/invoke/Invokers')}
  0x000001db8e595a90: 0001 48bf | d0da 33e0 | db01 0000 | 8b9f cc00 | 0000 83c3 | 0289 9fcc | 0000 0081 | e3fe ff1f 
  0x000001db8e595ab0: 0085 db0f | 84fd 1700 

  0x000001db8e595ab8: ;   {metadata(method data for {method} {0x000001db9f3dc620} 'checkCustomized' '(Ljava/lang/invoke/MethodHandle;)V' in 'java/lang/invoke/Invokers')}
  0x000001db8e595ab8: 0048 bfd0 | da33 e0db | 0100 0048 | 8387 1001 

  0x000001db8e595ac8: ;   {metadata(method data for {method} {0x000001db9f0944d8} 'isCompileConstant' '(Ljava/lang/Object;)Z' in 'java/lang/invoke/MethodHandleImpl')}
  0x000001db8e595ac8: 0000 0148 | bf80 dc33 | e0db 0100 | 008b 9fcc | 0000 0083 | c302 899f | cc00 0000 | 81e3 feff 
  0x000001db8e595ae8: 1f00 85db | 0f84 e517 

  0x000001db8e595af0: ;   {metadata(method data for {method} {0x000001db9f3dc620} 'checkCustomized' '(Ljava/lang/invoke/MethodHandle;)V' in 'java/lang/invoke/Invokers')}
  0x000001db8e595af0: 0000 48bf | d0da 33e0 | db01 0000 | ff87 2001 | 0000 8b7e | 148b 7f1c 

  0x000001db8e595b08: ;   {metadata(method data for {method} {0x000001db9f3dc620} 'checkCustomized' '(Ljava/lang/invoke/MethodHandle;)V' in 'java/lang/invoke/Invokers')}
  0x000001db8e595b08: 4885 ff48 | bfd0 da33 | e0db 0100 | 0048 c7c3 | 4001 0000 | 7507 48c7 | c350 0100 | 0048 8b04 
  0x000001db8e595b28: 1f48 8d40 | 0148 8904 | 1f0f 8525 

  0x000001db8e595b34: ;   {metadata(method data for {method} {0x000001db9f3dc620} 'checkCustomized' '(Ljava/lang/invoke/MethodHandle;)V' in 'java/lang/invoke/Invokers')}
  0x000001db8e595b34: 0000 0048 | bfd0 da33 | e0db 0100 | 0048 8387 | 6001 0000 | 0148 8bd6 

  0x000001db8e595b4c: ;   {static_call}
  0x000001db8e595b4c: 6666 90e8 

  0x000001db8e595b50: ; ImmutableOopMap {[168]=Oop [176]=Oop [184]=Oop [192]=Oop }
                      ;*invokestatic maybeCustomize {reexecute=0 rethrow=0 return_oop=0}
                      ; - java.lang.invoke.Invokers::checkCustomized@19
                      ; - java.lang.invoke.Invokers$Holder::invokeExact_MT@14
                      ; - jdk.internal.reflect.DirectMethodHandleAccessor::invokeImpl@104
                      ; - jdk.internal.reflect.DirectMethodHandleAccessor::invoke@23
  0x000001db8e595b50: 2c9a 2f07 

  0x000001db8e595b54: ;   {other}
  0x000001db8e595b54: 0f1f 8400 | c40b 0002 | 4c8b 8c24 | b000 0000 | 4c8b 8424 | b800 0000 

  0x000001db8e595b6c: ;   {metadata(method data for {method} {0x000001db9f0ae518} 'invokeExact_MT' '(Ljava/lang/Object;Ljava/lang/Object;Ljava/lang/Object;Ljava/lang/Object;)Ljava/lang/Object;' in 'java/lang/invoke/Invokers$Holder')}
  0x000001db8e595b6c: 48ba e8b1 | 34e0 db01 | 0000 488d | 9218 0200 | 004d 85c0 | 750e f642 | 0801 7554 | f048 834a 
  0x000001db8e595b8c: 0801 eb4c | 418b 7008 | 49ba 0000 | 009f db01 | 0000 4903 | f24c 8bd6 | 4833 7208 | 48f7 c6fc 
  0x000001db8e595bac: ffff ff74 | 2b40 f6c6 | 0275 2548 | f742 08fe | ffff ff74 | 1749 8bf2 | 4833 7208 | 48f7 c6fc 
  0x000001db8e595bcc: ffff ff74 | 0b48 834a | 0802 eb04 | 4889 7208 | 4d85 c975 | 0ef6 4218 | 0175 54f0 | 4883 4a18 
  0x000001db8e595bec: 01eb 4c41 | 8b71 0849 | ba00 0000 | 9fdb 0100 | 0049 03f2 | 4c8b d648 | 3372 1848 | f7c6 fcff 
  0x000001db8e595c0c: ffff 742b | 40f6 c602 | 7525 48f7 | 4218 feff | ffff 7417 | 498b f248 | 3372 1848 | f7c6 fcff 
  0x000001db8e595c2c: ffff 740b | 4883 4a18 | 02eb 0448 | 8972 1848 | 8bb4 24c0 

  0x000001db8e595c40: ;   {metadata(method data for {method} {0x000001db9f0ae518} 'invokeExact_MT' '(Ljava/lang/Object;Ljava/lang/Object;Ljava/lang/Object;Ljava/lang/Object;)Ljava/lang/Object;' in 'java/lang/invoke/Invokers$Holder')}
  0x000001db8e595c40: 0000 0048 | bae8 b134 | e0db 0100 | 0048 8382 | e001 0000 | 0148 8b94 | 24c0 0000 

  0x000001db8e595c5c: ;   {optimized virtual_call}
  0x000001db8e595c5c: 0066 90e8 

  0x000001db8e595c60: ; ImmutableOopMap {[168]=Oop }
                      ;*invokevirtual invokeBasic {reexecute=0 rethrow=0 return_oop=0}
                      ; - java.lang.invoke.Invokers$Holder::invokeExact_MT@20
                      ; - jdk.internal.reflect.DirectMethodHandleAccessor::invokeImpl@104
                      ; - jdk.internal.reflect.DirectMethodHandleAccessor::invoke@23
  0x000001db8e595c60: 1c8f 2f07 

  0x000001db8e595c64: ;   {other}
  0x000001db8e595c64: 0f1f 8400 | d40c 0003 

  0x000001db8e595c6c: ;   {metadata(method data for {method} {0x000001db9f0ae518} 'invokeExact_MT' '(Ljava/lang/Object;Ljava/lang/Object;Ljava/lang/Object;Ljava/lang/Object;)Ljava/lang/Object;' in 'java/lang/invoke/Invokers$Holder')}
  0x000001db8e595c6c: 49b8 e8b1 | 34e0 db01 | 0000 4d8d | 8038 0200 | 0048 85c0 | 750d 41f6 | 0001 754e | f049 8308 
  0x000001db8e595c8c: 01eb 4744 | 8b48 0849 | ba00 0000 | 9fdb 0100 | 004d 03ca | 4d8b d14d | 3308 49f7 | c1fc ffff 
  0x000001db8e595cac: ff74 2741 | f6c1 0275 | 2149 f700 | feff ffff | 7415 4d8b | ca4d 3308 | 49f7 c1fc | ffff ff74 
  0x000001db8e595ccc: 0949 8308 | 02eb 034d 

  0x000001db8e595cd4: ;   {metadata(method data for {method} {0x000001db9f3c8838} 'invokeImpl' '(Ljava/lang/Object;[Ljava/lang/Object;)Ljava/lang/Object;' in 'jdk/internal/reflect/DirectMethodHandleAccessor')}
  0x000001db8e595cd4: 8908 49b8 | 8074 38e0 | db01 0000 | 4d8d 80b8 | 0300 0048 | 85c0 750d | 41f6 0001 | 754e f049 
  0x000001db8e595cf4: 8308 01eb | 4744 8b48 | 0849 ba00 | 0000 9fdb | 0100 004d | 03ca 4d8b | d14d 3308 | 49f7 c1fc 
  0x000001db8e595d14: ffff ff74 | 2741 f6c1 | 0275 2149 | f700 feff | ffff 7415 | 4d8b ca4d | 3308 49f7 | c1fc ffff 
  0x000001db8e595d34: ff74 0949 | 8308 02eb | 034d 8908 | 4881 c430 | 0100 005d 

  0x000001db8e595d48: ;   {poll_return}
  0x000001db8e595d48: 493b a750 | 0400 000f | 87a8 1500 | 00c3 4c8b | 8c24 b000 | 0000 4c8b | 8424 b800 | 0000 8b5a 
  0x000001db8e595d68: 1841 8379 | 0c00 0f86 | a915 0000 | 418b 7910 | 4183 790c | 010f 86ac | 1500 0041 | 8b71 1441 
  0x000001db8e595d88: 8379 0c02 | 0f86 af15 | 0000 418b | 4918 6690 

  0x000001db8e595d98: ;   {oop(a 'java/lang/invoke/MethodType'{0x00000000e0541338} = (Ljava/lang/Object;Ljava/lang/Object;Ljava/lang/Object;Ljava/lang/Object;)Ljava/lang/Object;)}
  0x000001db8e595d98: 48b8 3813 | 54e0 0000 | 0000 483b 

  0x000001db8e595da4: ;   {metadata(method data for {method} {0x000001db9f3c8838} 'invokeImpl' '(Ljava/lang/Object;[Ljava/lang/Object;)Ljava/lang/Object;' in 'jdk/internal/reflect/DirectMethodHandleAccessor')}
  0x000001db8e595da4: 0349 b980 | 7438 e0db | 0100 004d | 8d89 1803 | 0000 4d85 | c075 0f41 | f641 0801 | 7554 f049 
  0x000001db8e595dc4: 8349 0801 | eb4c 458b | 5808 49ba | 0000 009f | db01 0000 | 4d03 da4d | 8bd3 4d33 | 5908 49f7 
  0x000001db8e595de4: c3fc ffff | ff74 2b41 | f6c3 0275 | 2549 f741 | 08fe ffff | ff74 174d | 8bda 4d33 | 5908 49f7 
  0x000001db8e595e04: c3fc ffff | ff74 0b49 | 8349 0802 | eb04 4d89 | 5908 4885 | ff75 0f41 | f641 1801 | 7554 f049 
  0x000001db8e595e24: 8349 1801 | eb4c 448b | 5f08 49ba | 0000 009f | db01 0000 | 4d03 da4d | 8bd3 4d33 | 5918 49f7 
  0x000001db8e595e44: c3fc ffff | ff74 2b41 | f6c3 0275 | 2549 f741 | 18fe ffff | ff74 174d | 8bda 4d33 | 5918 49f7 
  0x000001db8e595e64: c3fc ffff | ff74 0b49 | 8349 1802 | eb04 4d89 | 5918 4c8b 

  0x000001db8e595e78: ;   {metadata(method data for {method} {0x000001db9f3c8838} 'invokeImpl' '(Ljava/lang/Object;[Ljava/lang/Object;)Ljava/lang/Object;' in 'jdk/internal/reflect/DirectMethodHandleAccessor')}
  0x000001db8e595e78: cb49 bb80 | 7438 e0db | 0100 0045 | 8b49 0849 | ba00 0000 | 9fdb 0100 | 004d 03ca | 4d3b 8bf0 
  0x000001db8e595e98: 0200 0075 | 0d49 8383 | f802 0000 | 01e9 6000 | 0000 4d3b | 8b00 0300 | 0075 0d49 | 8383 0803 
  0x000001db8e595eb8: 0000 01e9 | 4a00 0000 | 4983 bbf0 | 0200 0000 | 7517 4d89 | 8bf0 0200 | 0049 c783 | f802 0000 
  0x000001db8e595ed8: 0100 0000 | e929 0000 | 0049 83bb | 0003 0000 | 0075 174d | 898b 0003 | 0000 49c7 | 8308 0300 
  0x000001db8e595ef8: 0001 0000 | 00e9 0800 | 0000 4983 | 83e0 0200 | 0001 4c8b | cf48 8bfe | 488b f148 | 8bc8 488b 
  0x000001db8e595f18: d366 0f1f 

  0x000001db8e595f1c: ;   {optimized virtual_call}
  0x000001db8e595f1c: 4400 00e8 

  0x000001db8e595f20: ; ImmutableOopMap {[168]=Oop }
                      ;*invokevirtual invokeExact {reexecute=0 rethrow=0 return_oop=0}
                      ; - jdk.internal.reflect.DirectMethodHandleAccessor::invokeImpl@92
                      ; - jdk.internal.reflect.DirectMethodHandleAccessor::invoke@23
  0x000001db8e595f20: 4917 0000 

  0x000001db8e595f24: ;   {other}
  0x000001db8e595f24: 0f1f 8400 | 940f 0004 

  0x000001db8e595f2c: ;   {metadata(method data for {method} {0x000001db9f3c8838} 'invokeImpl' '(Ljava/lang/Object;[Ljava/lang/Object;)Ljava/lang/Object;' in 'jdk/internal/reflect/DirectMethodHandleAccessor')}
  0x000001db8e595f2c: 48ba 8074 | 38e0 db01 | 0000 488d | 9238 0300 | 0048 85c0 | 750c f602 | 0175 4df0 | 4883 0a01 
  0x000001db8e595f4c: eb46 8b70 | 0849 ba00 | 0000 9fdb | 0100 0049 | 03f2 4c8b | d648 3332 | 48f7 c6fc | ffff ff74 
  0x000001db8e595f6c: 2740 f6c6 | 0275 2148 | f702 feff | ffff 7415 | 498b f248 | 3332 48f7 | c6fc ffff | ff74 0948 
  0x000001db8e595f8c: 830a 02eb | 0348 8932 

  0x000001db8e595f94: ;   {metadata(method data for {method} {0x000001db9f3c8838} 'invokeImpl' '(Ljava/lang/Object;[Ljava/lang/Object;)Ljava/lang/Object;' in 'jdk/internal/reflect/DirectMethodHandleAccessor')}
  0x000001db8e595f94: 48ba 8074 | 38e0 db01 | 0000 ff82 | 4803 0000 | 4881 c430 | 0100 005d 

  0x000001db8e595fac: ;   {poll_return}
  0x000001db8e595fac: 493b a750 | 0400 000f | 87b8 1300 | 00c3 4c8b | 8c24 b000 | 0000 4c8b | 8424 b800 | 0000 8b72 
  0x000001db8e595fcc: 1848 89b4 | 24d0 0000 | 0041 8379 | 0c00 0f86 | b113 0000 | 418b 7910 | 4889 bc24 | c800 0000 
  0x000001db8e595fec: 4183 790c | 010f 86ac | 1300 0041 | 8b59 1448 | 899c 24d8 

  0x000001db8e596000: ;   {metadata(method data for {method} {0x000001db9f3c8838} 'invokeImpl' '(Ljava/lang/Object;[Ljava/lang/Object;)Ljava/lang/Object;' in 'jdk/internal/reflect/DirectMethodHandleAccessor')}
  0x000001db8e596000: 0000 0048 | b880 7438 | e0db 0100 | 0048 8d80 | 9802 0000 | 4d85 c075 | 0ef6 4008 | 0175 53f0 
  0x000001db8e596020: 4883 4808 | 01eb 4b41 | 8b48 0849 | ba00 0000 | 9fdb 0100 | 0049 03ca | 4c8b d148 | 3348 0848 
  0x000001db8e596040: f7c1 fcff | ffff 742a | f6c1 0275 | 2548 f740 | 08fe ffff | ff74 1749 | 8bca 4833 | 4808 48f7 
  0x000001db8e596060: c1fc ffff | ff74 0b48 | 8348 0802 | eb04 4889 

  0x000001db8e596070: ;   {metadata(method data for {method} {0x000001dbe0405ab8} 'invokeExact_MT' '(Ljava/lang/Object;Ljava/lang/Object;Ljava/lang/Object;Ljava/lang/Object;Ljava/lang/Object;)Ljava/lang/Object;' in 'java/lang/invoke/LambdaForm$MH+0x000001dba0002c00')}
  0x000001db8e596070: 4808 48b8 | 185d 40e0 | db01 0000 | 488d 80c0 | 0200 0048 | 85f6 750c | f600 0175 | 4cf0 4883 
  0x000001db8e596090: 0801 eb45 | 8b4e 0849 | ba00 0000 | 9fdb 0100 | 0049 03ca | 4c8b d148 | 3308 48f7 | c1fc ffff 
  0x000001db8e5960b0: ff74 26f6 | c102 7521 | 48f7 00fe | ffff ff74 | 1549 8bca | 4833 0848 | f7c1 fcff | ffff 7409 
  0x000001db8e5960d0: 4883 0802 | eb03 4889 | 084d 85c0 | 750e f640 | 1001 7553 | f048 8348 | 1001 eb4b | 418b 4808 
  0x000001db8e5960f0: 49ba 0000 | 009f db01 | 0000 4903 | ca4c 8bd1 | 4833 4810 | 48f7 c1fc | ffff ff74 | 2af6 c102 
  0x000001db8e596110: 7525 48f7 | 4010 feff | ffff 7417 | 498b ca48 | 3348 1048 | f7c1 fcff | ffff 740b | 4883 4810 
  0x000001db8e596130: 02eb 0448 

  0x000001db8e596134: ;   {metadata(method data for {method} {0x000001db9f3c8838} 'invokeImpl' '(Ljava/lang/Object;[Ljava/lang/Object;)Ljava/lang/Object;' in 'jdk/internal/reflect/DirectMethodHandleAccessor')}
  0x000001db8e596134: 8948 1048 | b880 7438 | e0db 0100 | 0048 8380 | 6002 0000 

  0x000001db8e596148: ;   {metadata(method data for {method} {0x000001dbe0405ab8} 'invokeExact_MT' '(Ljava/lang/Object;Ljava/lang/Object;Ljava/lang/Object;Ljava/lang/Object;Ljava/lang/Object;)Ljava/lang/Object;' in 'java/lang/invoke/LambdaForm$MH+0x000001dba0002c00')}
  0x000001db8e596148: 0148 b818 | 5d40 e0db | 0100 008b | 88cc 0000 | 0083 c102 | 8988 cc00 | 0000 81e1 | feff 1f00 
  0x000001db8e596168: 85c9 0f84 | 4512 0000 

  0x000001db8e596170: ;   {metadata(method data for {method} {0x000001dbe0405ab8} 'invokeExact_MT' '(Ljava/lang/Object;Ljava/lang/Object;Ljava/lang/Object;Ljava/lang/Object;Ljava/lang/Object;)Ljava/lang/Object;' in 'java/lang/invoke/LambdaForm$MH+0x000001dba0002c00')}
  0x000001db8e596170: 48b8 185d | 40e0 db01 | 0000 488d | 8090 0100 | 0048 85f6 | 750e f640 | 0801 7552 | f048 8348 
  0x000001db8e596190: 0801 eb4a | 8b4e 0849 | ba00 0000 | 9fdb 0100 | 0049 03ca | 4c8b d148 | 3348 0848 | f7c1 fcff 
  0x000001db8e5961b0: ffff 742a | f6c1 0275 | 2548 f740 | 08fe ffff | ff74 1749 | 8bca 4833 | 4808 48f7 | c1fc ffff 
  0x000001db8e5961d0: ff74 0b48 | 8348 0802 | eb04 4889 

  0x000001db8e5961dc: ;   {oop(a 'java/lang/invoke/MethodType'{0x00000000e0541130} = (Ljava/lang/Object;Ljava/lang/Object;Ljava/lang/Object;)Ljava/lang/Object;)}
  0x000001db8e5961dc: 4808 48b9 | 3011 54e0 | 0000 0000 | 4885 c975 | 0cf6 4018 | 0175 06f0 | 4883 4818 

  0x000001db8e5961f8: ;   {metadata(method data for {method} {0x000001dbe0405ab8} 'invokeExact_MT' '(Ljava/lang/Object;Ljava/lang/Object;Ljava/lang/Object;Ljava/lang/Object;Ljava/lang/Object;)Ljava/lang/Object;' in 'java/lang/invoke/LambdaForm$MH+0x000001dba0002c00')}
  0x000001db8e5961f8: 0148 b818 | 5d40 e0db | 0100 0048 | 8380 8001 

  0x000001db8e596208: ;   {metadata(method data for {method} {0x000001db9f3dc728} 'checkExactType' '(Ljava/lang/invoke/MethodHandle;Ljava/lang/invoke/MethodType;)V' in 'java/lang/invoke/Invokers')}
  0x000001db8e596208: 0000 0148 | b860 d32d | e0db 0100 | 0044 8b88 | cc00 0000 | 4183 c102 | 4489 88cc | 0000 0041 
  0x000001db8e596228: 81e1 feff | 1f00 4585 | c90f 849f | 1100 0048 | 3b06 488b 

  0x000001db8e59623c: ;   {metadata(method data for {method} {0x000001db9f3dc728} 'checkExactType' '(Ljava/lang/invoke/MethodHandle;Ljava/lang/invoke/MethodType;)V' in 'java/lang/invoke/Invokers')}
  0x000001db8e59623c: c649 b960 | d32d e0db | 0100 008b | 4008 49ba | 0000 009f | db01 0000 | 4903 c249 | 3b81 2001 
  0x000001db8e59625c: 0000 750d | 4983 8128 | 0100 0001 | e960 0000 | 0049 3b81 | 3001 0000 | 750d 4983 | 8138 0100 
  0x000001db8e59627c: 0001 e94a | 0000 0049 | 83b9 2001 | 0000 0075 | 1749 8981 | 2001 0000 | 49c7 8128 | 0100 0001 
  0x000001db8e59629c: 0000 00e9 | 2900 0000 | 4983 b930 | 0100 0000 | 7517 4989 | 8130 0100 | 0049 c781 | 3801 0000 
  0x000001db8e5962bc: 0100 0000 | e908 0000 | 0049 8381 | 1001 0000 | 018b 4610 

  0x000001db8e5962d0: ;   {metadata(method data for {method} {0x000001db9f3dc728} 'checkExactType' '(Ljava/lang/invoke/MethodHandle;Ljava/lang/invoke/MethodType;)V' in 'java/lang/invoke/Invokers')}
  0x000001db8e5962d0: 483b c148 | b960 d32d | e0db 0100 | 0049 c7c1 | 5801 0000 | 7507 49c7 | c148 0100 | 004e 8b1c 
  0x000001db8e5962f0: 094d 8d5b | 014e 891c | 090f 8508 

  0x000001db8e5962fc: ;   {metadata(method data for {method} {0x000001dbe0405ab8} 'invokeExact_MT' '(Ljava/lang/Object;Ljava/lang/Object;Ljava/lang/Object;Ljava/lang/Object;Ljava/lang/Object;)Ljava/lang/Object;' in 'java/lang/invoke/LambdaForm$MH+0x000001dba0002c00')}
  0x000001db8e5962fc: 0900 0048 | b818 5d40 | e0db 0100 | 0048 8d80 | c801 0000 | 8b4e 0849 | ba00 0000 | 9fdb 0100 
  0x000001db8e59631c: 0049 03ca | 4c8b d148 | 3348 0848 | f7c1 fcff | ffff 742a | f6c1 0275 | 2548 f740 | 08fe ffff 
  0x000001db8e59633c: ff74 1749 | 8bca 4833 | 4808 48f7 | c1fc ffff | ff74 0b48 | 8348 0802 | eb04 4889 

  0x000001db8e596358: ;   {metadata(method data for {method} {0x000001dbe0405ab8} 'invokeExact_MT' '(Ljava/lang/Object;Ljava/lang/Object;Ljava/lang/Object;Ljava/lang/Object;Ljava/lang/Object;)Ljava/lang/Object;' in 'java/lang/invoke/LambdaForm$MH+0x000001dba0002c00')}
  0x000001db8e596358: 4808 48b8 | 185d 40e0 | db01 0000 | 4883 80b8 | 0100 0001 

  0x000001db8e59636c: ;   {metadata(method data for {method} {0x000001db9f3dc620} 'checkCustomized' '(Ljava/lang/invoke/MethodHandle;)V' in 'java/lang/invoke/Invokers')}
  0x000001db8e59636c: 48b8 d0da | 33e0 db01 | 0000 8b88 | cc00 0000 | 83c1 0289 | 88cc 0000 | 0081 e1fe | ff1f 0085 
  0x000001db8e59638c: c90f 8469 

  0x000001db8e596390: ;   {metadata(method data for {method} {0x000001db9f3dc620} 'checkCustomized' '(Ljava/lang/invoke/MethodHandle;)V' in 'java/lang/invoke/Invokers')}
  0x000001db8e596390: 1000 0048 | b8d0 da33 | e0db 0100 | 0048 8380 | 1001 0000 

  0x000001db8e5963a4: ;   {metadata(method data for {method} {0x000001db9f0944d8} 'isCompileConstant' '(Ljava/lang/Object;)Z' in 'java/lang/invoke/MethodHandleImpl')}
  0x000001db8e5963a4: 0148 b880 | dc33 e0db | 0100 008b | 88cc 0000 | 0083 c102 | 8988 cc00 | 0000 81e1 | feff 1f00 
  0x000001db8e5963c4: 85c9 0f84 | 5110 0000 

  0x000001db8e5963cc: ;   {metadata(method data for {method} {0x000001db9f3dc620} 'checkCustomized' '(Ljava/lang/invoke/MethodHandle;)V' in 'java/lang/invoke/Invokers')}
  0x000001db8e5963cc: 48b8 d0da | 33e0 db01 | 0000 ff80 | 2001 0000 | 8b46 148b | 401c 4885 

  0x000001db8e5963e4: ;   {metadata(method data for {method} {0x000001db9f3dc620} 'checkCustomized' '(Ljava/lang/invoke/MethodHandle;)V' in 'java/lang/invoke/Invokers')}
  0x000001db8e5963e4: c048 b8d0 | da33 e0db | 0100 0048 | c7c1 4001 | 0000 7507 | 48c7 c150 | 0100 004c | 8b0c 084d 
  0x000001db8e596404: 8d49 014c | 890c 080f | 8523 0000 

  0x000001db8e596410: ;   {metadata(method data for {method} {0x000001db9f3dc620} 'checkCustomized' '(Ljava/lang/invoke/MethodHandle;)V' in 'java/lang/invoke/Invokers')}
  0x000001db8e596410: 0048 b8d0 | da33 e0db | 0100 0048 | 8380 6001 | 0000 0148 

  0x000001db8e596424: ;   {static_call}
  0x000001db8e596424: 8bd6 90e8 

  0x000001db8e596428: ; ImmutableOopMap {[168]=Oop [184]=Oop [200]=Oop [208]=Oop [216]=Oop }
                      ;*invokestatic maybeCustomize {reexecute=0 rethrow=0 return_oop=0}
                      ; - java.lang.invoke.Invokers::checkCustomized@19
                      ; - java.lang.invoke.LambdaForm$MH/0x000001dba0002c00::invokeExact_MT@15
                      ; - jdk.internal.reflect.DirectMethodHandleAccessor::invokeImpl@72
                      ; - jdk.internal.reflect.DirectMethodHandleAccessor::invoke@23
  0x000001db8e596428: 946b ffff 

  0x000001db8e59642c: ;   {other}
  0x000001db8e59642c: 0f1f 8400 | 9c14 0005 | 488b bc24 | c800 0000 | 4c8b 8424 | b800 0000 

  0x000001db8e596444: ;   {metadata(method data for {method} {0x000001dbe0405ab8} 'invokeExact_MT' '(Ljava/lang/Object;Ljava/lang/Object;Ljava/lang/Object;Ljava/lang/Object;Ljava/lang/Object;)Ljava/lang/Object;' in 'java/lang/invoke/LambdaForm$MH+0x000001dba0002c00')}
  0x000001db8e596444: 49b9 185d | 40e0 db01 | 0000 4d8d | 8918 0200 | 004d 85c0 | 750f 41f6 | 4108 0175 | 53f0 4983 
  0x000001db8e596464: 4908 01eb | 4b41 8b50 | 0849 ba00 | 0000 9fdb | 0100 0049 | 03d2 4c8b | d249 3351 | 0848 f7c2 
  0x000001db8e596484: fcff ffff | 742a f6c2 | 0275 2549 | f741 08fe | ffff ff74 | 1749 8bd2 | 4933 5108 | 48f7 c2fc 
  0x000001db8e5964a4: ffff ff74 | 0b49 8349 | 0802 eb04 | 4989 5108 | 4885 ff75 | 0f41 f641 | 1801 7552 | f049 8349 
  0x000001db8e5964c4: 1801 eb4a | 8b57 0849 | ba00 0000 | 9fdb 0100 | 0049 03d2 | 4c8b d249 | 3351 1848 | f7c2 fcff 
  0x000001db8e5964e4: ffff 742a | f6c2 0275 | 2549 f741 | 18fe ffff | ff74 1749 | 8bd2 4933 | 5118 48f7 | c2fc ffff 
  0x000001db8e596504: ff74 0b49 | 8349 1802 | eb04 4989 | 5118 488b | b424 d000 

  0x000001db8e596518: ;   {metadata(method data for {method} {0x000001dbe0405ab8} 'invokeExact_MT' '(Ljava/lang/Object;Ljava/lang/Object;Ljava/lang/Object;Ljava/lang/Object;Ljava/lang/Object;)Ljava/lang/Object;' in 'java/lang/invoke/LambdaForm$MH+0x000001dba0002c00')}
  0x000001db8e596518: 0000 49b9 | 185d 40e0 | db01 0000 | 4983 81e0 | 0100 0001 | 4c8b cf48 | 8bbc 24d8 | 0000 0048 
  0x000001db8e596538: 8b94 24d0 

  0x000001db8e59653c: ;   {optimized virtual_call}
  0x000001db8e59653c: 0000 00e8 

  0x000001db8e596540: ; ImmutableOopMap {[168]=Oop }
                      ;*invokevirtual invokeBasic {reexecute=0 rethrow=0 return_oop=0}
                      ; - java.lang.invoke.LambdaForm$MH/0x000001dba0002c00::invokeExact_MT@22
                      ; - jdk.internal.reflect.DirectMethodHandleAccessor::invokeImpl@72
                      ; - jdk.internal.reflect.DirectMethodHandleAccessor::invoke@23
  0x000001db8e596540: 3ce8 8507 

  0x000001db8e596544: ;   {other}
  0x000001db8e596544: 0f1f 8400 | b415 0006 

  0x000001db8e59654c: ;   {metadata(method data for {method} {0x000001dbe0405ab8} 'invokeExact_MT' '(Ljava/lang/Object;Ljava/lang/Object;Ljava/lang/Object;Ljava/lang/Object;Ljava/lang/Object;)Ljava/lang/Object;' in 'java/lang/invoke/LambdaForm$MH+0x000001dba0002c00')}
  0x000001db8e59654c: 49b8 185d | 40e0 db01 | 0000 4d8d | 8038 0200 | 0048 85c0 | 750d 41f6 | 0001 754e | f049 8308 
  0x000001db8e59656c: 01eb 4744 | 8b48 0849 | ba00 0000 | 9fdb 0100 | 004d 03ca | 4d8b d14d | 3308 49f7 | c1fc ffff 
  0x000001db8e59658c: ff74 2741 | f6c1 0275 | 2149 f700 | feff ffff | 7415 4d8b | ca4d 3308 | 49f7 c1fc | ffff ff74 
  0x000001db8e5965ac: 0949 8308 | 02eb 034d 

  0x000001db8e5965b4: ;   {metadata(method data for {method} {0x000001db9f3c8838} 'invokeImpl' '(Ljava/lang/Object;[Ljava/lang/Object;)Ljava/lang/Object;' in 'jdk/internal/reflect/DirectMethodHandleAccessor')}
  0x000001db8e5965b4: 8908 49b8 | 8074 38e0 | db01 0000 | 4d8d 80b8 | 0200 0048 | 85c0 750d | 41f6 0001 | 754e f049 
  0x000001db8e5965d4: 8308 01eb | 4744 8b48 | 0849 ba00 | 0000 9fdb | 0100 004d | 03ca 4d8b | d14d 3308 | 49f7 c1fc 
  0x000001db8e5965f4: ffff ff74 | 2741 f6c1 | 0275 2149 | f700 feff | ffff 7415 | 4d8b ca4d | 3308 49f7 | c1fc ffff 
  0x000001db8e596614: ff74 0949 | 8308 02eb | 034d 8908 

  0x000001db8e596620: ;   {metadata(method data for {method} {0x000001db9f3c8838} 'invokeImpl' '(Ljava/lang/Object;[Ljava/lang/Object;)Ljava/lang/Object;' in 'jdk/internal/reflect/DirectMethodHandleAccessor')}
  0x000001db8e596620: 49b8 8074 | 38e0 db01 | 0000 41ff | 80c8 0200 | 0048 81c4 | 3001 0000 

  0x000001db8e596638: ;   {poll_return}
  0x000001db8e596638: 5d49 3ba7 | 5004 0000 | 0f87 fd0d | 0000 c34c | 8b8c 24b0 | 0000 004c | 8b84 24b8 | 0000 008b 
  0x000001db8e596658: 7218 4183 | 790c 000f | 86fe 0d00 | 0045 8b49 | 100f 1f80 | 0000 0000 

  0x000001db8e596670: ;   {oop(a 'java/lang/invoke/MethodType'{0x00000000e0002688} = (Ljava/lang/Object;Ljava/lang/Object;)Ljava/lang/Object;)}
  0x000001db8e596670: 48bf 8826 | 00e0 0000 | 0000 483b 

  0x000001db8e59667c: ;   {metadata(method data for {method} {0x000001db9f3c8838} 'invokeImpl' '(Ljava/lang/Object;[Ljava/lang/Object;)Ljava/lang/Object;' in 'jdk/internal/reflect/DirectMethodHandleAccessor')}
  0x000001db8e59667c: 0648 bb80 | 7438 e0db | 0100 0048 | 8d9b 1802 | 0000 4d85 | c075 0ef6 | 4308 0175 | 50f0 4883 
  0x000001db8e59669c: 4b08 01eb | 4841 8b40 | 0849 ba00 | 0000 9fdb | 0100 0049 | 03c2 4c8b | d048 3343 | 0848 a9fc 
  0x000001db8e5966bc: ffff ff74 | 28a8 0275 | 2448 f743 | 08fe ffff | ff74 1649 | 8bc2 4833 | 4308 48a9 | fcff ffff 
  0x000001db8e5966dc: 740b 4883 | 4b08 02eb | 0448 8943 | 084d 85c9 | 750e f643 | 1801 7550 | f048 834b | 1801 eb48 
  0x000001db8e5966fc: 418b 4108 | 49ba 0000 | 009f db01 | 0000 4903 | c24c 8bd0 | 4833 4318 | 48a9 fcff | ffff 7428 
  0x000001db8e59671c: a802 7524 | 48f7 4318 | feff ffff | 7416 498b | c248 3343 | 1848 a9fc | ffff ff74 | 0b48 834b 
  0x000001db8e59673c: 1802 eb04 | 4889 4318 

  0x000001db8e596744: ;   {metadata(method data for {method} {0x000001db9f3c8838} 'invokeImpl' '(Ljava/lang/Object;[Ljava/lang/Object;)Ljava/lang/Object;' in 'jdk/internal/reflect/DirectMethodHandleAccessor')}
  0x000001db8e596744: 488b de48 | b880 7438 | e0db 0100 | 008b 5b08 | 49ba 0000 | 009f db01 | 0000 4903 | da48 3b98 
  0x000001db8e596764: f001 0000 | 750d 4883 | 80f8 0100 | 0001 e960 | 0000 0048 | 3b98 0002 | 0000 750d | 4883 8008 
  0x000001db8e596784: 0200 0001 | e94a 0000 | 0048 83b8 | f001 0000 | 0075 1748 | 8998 f001 | 0000 48c7 | 80f8 0100 
  0x000001db8e5967a4: 0001 0000 | 00e9 2900 | 0000 4883 | b800 0200 | 0000 7517 | 4889 9800 | 0200 0048 | c780 0802 
  0x000001db8e5967c4: 0000 0100 | 0000 e908 | 0000 0048 | 8380 e001 | 0000 0148 | 8bd6 0f1f 

  0x000001db8e5967dc: ;   {optimized virtual_call}
  0x000001db8e5967dc: 4400 00e8 

  0x000001db8e5967e0: ; ImmutableOopMap {[168]=Oop }
                      ;*invokevirtual invokeExact {reexecute=0 rethrow=0 return_oop=0}
                      ; - jdk.internal.reflect.DirectMethodHandleAccessor::invokeImpl@55
                      ; - jdk.internal.reflect.DirectMethodHandleAccessor::invoke@23
  0x000001db8e5967e0: 990e 0000 

  0x000001db8e5967e4: ;   {other}
  0x000001db8e5967e4: 0f1f 8400 | 5418 0007 

  0x000001db8e5967ec: ;   {metadata(method data for {method} {0x000001db9f3c8838} 'invokeImpl' '(Ljava/lang/Object;[Ljava/lang/Object;)Ljava/lang/Object;' in 'jdk/internal/reflect/DirectMethodHandleAccessor')}
  0x000001db8e5967ec: 48ba 8074 | 38e0 db01 | 0000 488d | 9238 0200 | 0048 85c0 | 750c f602 | 0175 4df0 | 4883 0a01 
  0x000001db8e59680c: eb46 8b70 | 0849 ba00 | 0000 9fdb | 0100 0049 | 03f2 4c8b | d648 3332 | 48f7 c6fc | ffff ff74 
  0x000001db8e59682c: 2740 f6c6 | 0275 2148 | f702 feff | ffff 7415 | 498b f248 | 3332 48f7 | c6fc ffff | ff74 0948 
  0x000001db8e59684c: 830a 02eb | 0348 8932 

  0x000001db8e596854: ;   {metadata(method data for {method} {0x000001db9f3c8838} 'invokeImpl' '(Ljava/lang/Object;[Ljava/lang/Object;)Ljava/lang/Object;' in 'jdk/internal/reflect/DirectMethodHandleAccessor')}
  0x000001db8e596854: 48ba 8074 | 38e0 db01 | 0000 ff82 | 4802 0000 | 4881 c430 | 0100 005d 

  0x000001db8e59686c: ;   {poll_return}
  0x000001db8e59686c: 493b a750 | 0400 000f | 871a 0c00 | 00c3 4c8b | 8424 b800 | 0000 8b72 | 1848 89b4 | 24e0 0000 
  0x000001db8e59688c: ;   {metadata(method data for {method} {0x000001db9f3c8838} 'invokeImpl' '(Ljava/lang/Object;[Ljava/lang/Object;)Ljava/lang/Object;' in 'jdk/internal/reflect/DirectMethodHandleAccessor')}
  0x000001db8e59688c: 0048 bf80 | 7438 e0db | 0100 0048 | 8dbf a801 | 0000 4d85 | c075 0cf6 | 4708 0175 | 06f0 4883 
  0x000001db8e5968ac: ;   {metadata(method data for {method} {0x000001db9f0ae5c8} 'invokeExact_MT' '(Ljava/lang/Object;Ljava/lang/Object;Ljava/lang/Object;)Ljava/lang/Object;' in 'java/lang/invoke/Invokers$Holder')}
  0x000001db8e5968ac: 4f08 0148 | bf30 af34 | e0db 0100 | 0048 8dbf | a002 0000 | 4885 f675 | 0af6 0701 | 7505 f048 
  0x000001db8e5968cc: ;   {metadata(method data for {method} {0x000001db9f3c8838} 'invokeImpl' '(Ljava/lang/Object;[Ljava/lang/Object;)Ljava/lang/Object;' in 'jdk/internal/reflect/DirectMethodHandleAccessor')}
  0x000001db8e5968cc: 830f 0148 | bf80 7438 | e0db 0100 | 0048 8387 | 7001 0000 

  0x000001db8e5968e0: ;   {metadata(method data for {method} {0x000001db9f0ae5c8} 'invokeExact_MT' '(Ljava/lang/Object;Ljava/lang/Object;Ljava/lang/Object;)Ljava/lang/Object;' in 'java/lang/invoke/Invokers$Holder')}
  0x000001db8e5968e0: 0148 bf30 | af34 e0db | 0100 008b | 9fcc 0000 | 0083 c302 | 899f cc00 | 0000 81e3 | feff 1f00 
  0x000001db8e596900: 85db 0f84 | a10b 0000 

  0x000001db8e596908: ;   {metadata(method data for {method} {0x000001db9f0ae5c8} 'invokeExact_MT' '(Ljava/lang/Object;Ljava/lang/Object;Ljava/lang/Object;)Ljava/lang/Object;' in 'java/lang/invoke/Invokers$Holder')}
  0x000001db8e596908: 48bf 30af | 34e0 db01 | 0000 488d | bf90 0100 | 0048 85f6 | 750c f647 | 0801 7506 | f048 834f 
  0x000001db8e596928: ;   {oop(a 'java/lang/invoke/MethodType'{0x00000000e00026b0} = (Ljava/lang/Object;)Ljava/lang/Object;)}
  0x000001db8e596928: 0801 48bb | b026 00e0 | 0000 0000 | 4885 db75 | 0cf6 4718 | 0175 06f0 | 4883 4f18 

  0x000001db8e596944: ;   {metadata(method data for {method} {0x000001db9f0ae5c8} 'invokeExact_MT' '(Ljava/lang/Object;Ljava/lang/Object;Ljava/lang/Object;)Ljava/lang/Object;' in 'java/lang/invoke/Invokers$Holder')}
  0x000001db8e596944: 0148 bf30 | af34 e0db | 0100 0048 | 8387 8001 

  0x000001db8e596954: ;   {metadata(method data for {method} {0x000001db9f3dc728} 'checkExactType' '(Ljava/lang/invoke/MethodHandle;Ljava/lang/invoke/MethodType;)V' in 'java/lang/invoke/Invokers')}
  0x000001db8e596954: 0000 0148 | bf60 d32d | e0db 0100 | 008b 87cc | 0000 0083 | c002 8987 | cc00 0000 | 25fe ff1f 
  0x000001db8e596974: 0085 c00f | 844d 0b00 | 0048 3b06 

  0x000001db8e596980: ;   {metadata(method data for {method} {0x000001db9f3dc728} 'checkExactType' '(Ljava/lang/invoke/MethodHandle;Ljava/lang/invoke/MethodType;)V' in 'java/lang/invoke/Invokers')}
  0x000001db8e596980: 488b fe48 | b860 d32d | e0db 0100 | 008b 7f08 | 49ba 0000 | 009f db01 | 0000 4903 | fa48 3bb8 
  0x000001db8e5969a0: 2001 0000 | 750d 4883 | 8028 0100 | 0001 e960 | 0000 0048 | 3bb8 3001 | 0000 750d | 4883 8038 
  0x000001db8e5969c0: 0100 0001 | e94a 0000 | 0048 83b8 | 2001 0000 | 0075 1748 | 89b8 2001 | 0000 48c7 | 8028 0100 
  0x000001db8e5969e0: 0001 0000 | 00e9 2900 | 0000 4883 | b830 0100 | 0000 7517 | 4889 b830 | 0100 0048 | c780 3801 
  0x000001db8e596a00: 0000 0100 | 0000 e908 | 0000 0048 | 8380 1001 | 0000 018b | 7e10 483b 

  0x000001db8e596a18: ;   {metadata(method data for {method} {0x000001db9f3dc728} 'checkExactType' '(Ljava/lang/invoke/MethodHandle;Ljava/lang/invoke/MethodType;)V' in 'java/lang/invoke/Invokers')}
  0x000001db8e596a18: fb48 bb60 | d32d e0db | 0100 0048 | c7c0 5801 | 0000 7507 | 48c7 c048 | 0100 0048 | 8b0c 0348 
  0x000001db8e596a38: 8d49 0148 | 890c 030f | 857d 0100 

  0x000001db8e596a44: ;   {metadata(method data for {method} {0x000001db9f0ae5c8} 'invokeExact_MT' '(Ljava/lang/Object;Ljava/lang/Object;Ljava/lang/Object;)Ljava/lang/Object;' in 'java/lang/invoke/Invokers$Holder')}
  0x000001db8e596a44: 0048 bf30 | af34 e0db | 0100 0048 | 8387 b801 

  0x000001db8e596a54: ;   {metadata(method data for {method} {0x000001db9f3dc620} 'checkCustomized' '(Ljava/lang/invoke/MethodHandle;)V' in 'java/lang/invoke/Invokers')}
  0x000001db8e596a54: 0000 0148 | bfd0 da33 | e0db 0100 | 008b 9fcc | 0000 0083 | c302 899f | cc00 0000 | 81e3 feff 
  0x000001db8e596a74: 1f00 85db | 0f84 720a 

  0x000001db8e596a7c: ;   {metadata(method data for {method} {0x000001db9f3dc620} 'checkCustomized' '(Ljava/lang/invoke/MethodHandle;)V' in 'java/lang/invoke/Invokers')}
  0x000001db8e596a7c: 0000 48bf | d0da 33e0 | db01 0000 | 4883 8710 | 0100 0001 

  0x000001db8e596a90: ;   {metadata(method data for {method} {0x000001db9f0944d8} 'isCompileConstant' '(Ljava/lang/Object;)Z' in 'java/lang/invoke/MethodHandleImpl')}
  0x000001db8e596a90: 48bf 80dc | 33e0 db01 | 0000 8b9f | cc00 0000 | 83c3 0289 | 9fcc 0000 | 0081 e3fe | ff1f 0085 
  0x000001db8e596ab0: db0f 845a 

  0x000001db8e596ab4: ;   {metadata(method data for {method} {0x000001db9f3dc620} 'checkCustomized' '(Ljava/lang/invoke/MethodHandle;)V' in 'java/lang/invoke/Invokers')}
  0x000001db8e596ab4: 0a00 0048 | bfd0 da33 | e0db 0100 | 00ff 8720 | 0100 008b | 7e14 8b7f | 1c48 85ff 

  0x000001db8e596ad0: ;   {metadata(method data for {method} {0x000001db9f3dc620} 'checkCustomized' '(Ljava/lang/invoke/MethodHandle;)V' in 'java/lang/invoke/Invokers')}
  0x000001db8e596ad0: 48bf d0da | 33e0 db01 | 0000 48c7 | c340 0100 | 0075 0748 | c7c3 5001 | 0000 488b | 041f 488d 
  0x000001db8e596af0: 4001 4889 | 041f 0f85 | 2800 0000 

  0x000001db8e596afc: ;   {metadata(method data for {method} {0x000001db9f3dc620} 'checkCustomized' '(Ljava/lang/invoke/MethodHandle;)V' in 'java/lang/invoke/Invokers')}
  0x000001db8e596afc: 48bf d0da | 33e0 db01 | 0000 4883 | 8760 0100 | 0001 488b | d666 0f1f 

  0x000001db8e596b14: ;   {static_call}
  0x000001db8e596b14: 4400 00e8 

  0x000001db8e596b18: ; ImmutableOopMap {[168]=Oop [184]=Oop [224]=Oop }
                      ;*invokestatic maybeCustomize {reexecute=0 rethrow=0 return_oop=0}
                      ; - java.lang.invoke.Invokers::checkCustomized@19
                      ; - java.lang.invoke.Invokers$Holder::invokeExact_MT@14
                      ; - jdk.internal.reflect.DirectMethodHandleAccessor::invokeImpl@41
                      ; - jdk.internal.reflect.DirectMethodHandleAccessor::invoke@23
  0x000001db8e596b18: a464 ffff 

  0x000001db8e596b1c: ;   {other}
  0x000001db8e596b1c: 0f1f 8400 | 8c1b 0008 | 488b b424 | e000 0000 

  0x000001db8e596b2c: ;   {metadata(method data for {method} {0x000001db9f0ae5c8} 'invokeExact_MT' '(Ljava/lang/Object;Ljava/lang/Object;Ljava/lang/Object;)Ljava/lang/Object;' in 'java/lang/invoke/Invokers$Holder')}
  0x000001db8e596b2c: 49b8 30af | 34e0 db01 | 0000 4983 | 80e0 0100 | 0001 4c8b | 8424 b800 | 0000 488b | 9424 e000 
  0x000001db8e596b4c: ;   {optimized virtual_call}
  0x000001db8e596b4c: 0000 90e8 

  0x000001db8e596b50: ; ImmutableOopMap {[168]=Oop }
                      ;*invokevirtual invokeBasic {reexecute=0 rethrow=0 return_oop=0}
                      ; - java.lang.invoke.Invokers$Holder::invokeExact_MT@19
                      ; - jdk.internal.reflect.DirectMethodHandleAccessor::invokeImpl@41
                      ; - jdk.internal.reflect.DirectMethodHandleAccessor::invoke@23
  0x000001db8e596b50: acce 8407 

  0x000001db8e596b54: ;   {other}
  0x000001db8e596b54: 0f1f 8400 | c41b 0009 

  0x000001db8e596b5c: ;   {metadata(method data for {method} {0x000001db9f0ae5c8} 'invokeExact_MT' '(Ljava/lang/Object;Ljava/lang/Object;Ljava/lang/Object;)Ljava/lang/Object;' in 'java/lang/invoke/Invokers$Holder')}
  0x000001db8e596b5c: 48ba 30af | 34e0 db01 | 0000 488d | 9228 0200 | 0048 85c0 | 750a f602 | 0175 05f0 | 4883 0a01 
  0x000001db8e596b7c: ;   {metadata(method data for {method} {0x000001db9f3c8838} 'invokeImpl' '(Ljava/lang/Object;[Ljava/lang/Object;)Ljava/lang/Object;' in 'jdk/internal/reflect/DirectMethodHandleAccessor')}
  0x000001db8e596b7c: 48ba 8074 | 38e0 db01 | 0000 488d | 92b8 0100 | 0048 85c0 | 750a f602 | 0175 05f0 | 4883 0a01 
  0x000001db8e596b9c: ;   {metadata(method data for {method} {0x000001db9f3c8838} 'invokeImpl' '(Ljava/lang/Object;[Ljava/lang/Object;)Ljava/lang/Object;' in 'jdk/internal/reflect/DirectMethodHandleAccessor')}
  0x000001db8e596b9c: 48ba 8074 | 38e0 db01 | 0000 ff82 | c801 0000 | 4881 c430 | 0100 005d 

  0x000001db8e596bb4: ;   {poll_return}
  0x000001db8e596bb4: 493b a750 | 0400 000f | 8776 0900 

  0x000001db8e596bc0: ;   {metadata(method data for {method} {0x000001db9f3dc728} 'checkExactType' '(Ljava/lang/invoke/MethodHandle;Ljava/lang/invoke/MethodType;)V' in 'java/lang/invoke/Invokers')}
  0x000001db8e596bc0: 00c3 48ba | 60d3 2de0 | db01 0000 | 4883 8268 | 0100 0001 

  0x000001db8e596bd4: ;   {oop(a 'java/lang/invoke/MethodType'{0x00000000e00026b0} = (Ljava/lang/Object;)Ljava/lang/Object;)}
  0x000001db8e596bd4: 49b8 b026 | 00e0 0000 | 0000 488b | d766 0f1f 

  0x000001db8e596be4: ;   {static_call}
  0x000001db8e596be4: 4400 00e8 

  0x000001db8e596be8: ; ImmutableOopMap {[168]=Oop [184]=Oop [224]=Oop }
                      ;*invokestatic newWrongMethodTypeException {reexecute=0 rethrow=0 return_oop=0}
                      ; - java.lang.invoke.Invokers::checkExactType@12
                      ; - java.lang.invoke.Invokers$Holder::invokeExact_MT@10
                      ; - jdk.internal.reflect.DirectMethodHandleAccessor::invokeImpl@41
                      ; - jdk.internal.reflect.DirectMethodHandleAccessor::invoke@23
  0x000001db8e596be8: 9489 2f07 

  0x000001db8e596bec: ;   {other}
  0x000001db8e596bec: 0f1f 8400 | 5c1c 000a 

  0x000001db8e596bf4: ; implicit exception: dispatches to 0x000001db8e59754d
                      ; ImmutableOopMap {rax=Oop [168]=Oop [184]=Oop [224]=Oop }
                      ;*athrow {reexecute=1 rethrow=0 return_oop=0}
                      ; - (reexecute) java.lang.invoke.Invokers::checkExactType@15
                      ; - java.lang.invoke.Invokers$Holder::invokeExact_MT@10
                      ; - jdk.internal.reflect.DirectMethodHandleAccessor::invokeImpl@41
                      ; - jdk.internal.reflect.DirectMethodHandleAccessor::invoke@23
                      ;   {section_word}
  0x000001db8e596bf4: 483b 0048 | baf7 6b59 | 8edb 0100 

  0x000001db8e596c00: ;   {runtime_call handle_exception_nofpu Runtime1 stub}
  0x000001db8e596c00: 00e8 7aa7 

  0x000001db8e596c04: ;   {metadata(method data for {method} {0x000001db9f3dc728} 'checkExactType' '(Ljava/lang/invoke/MethodHandle;Ljava/lang/invoke/MethodType;)V' in 'java/lang/invoke/Invokers')}
  0x000001db8e596c04: 3107 9048 | ba60 d32d | e0db 0100 | 0048 8382 | 6801 0000 

  0x000001db8e596c18: ;   {oop(a 'java/lang/invoke/MethodType'{0x00000000e0541130} = (Ljava/lang/Object;Ljava/lang/Object;Ljava/lang/Object;)Ljava/lang/Object;)}
  0x000001db8e596c18: 0149 b830 | 1154 e000 | 0000 0048 

  0x000001db8e596c24: ;   {static_call}
  0x000001db8e596c24: 8bd0 90e8 

  0x000001db8e596c28: ; ImmutableOopMap {[168]=Oop [184]=Oop [200]=Oop [208]=Oop [216]=Oop }
                      ;*invokestatic newWrongMethodTypeException {reexecute=0 rethrow=0 return_oop=0}
                      ; - java.lang.invoke.Invokers::checkExactType@12
                      ; - java.lang.invoke.LambdaForm$MH/0x000001dba0002c00::invokeExact_MT@11
                      ; - jdk.internal.reflect.DirectMethodHandleAccessor::invokeImpl@72
                      ; - jdk.internal.reflect.DirectMethodHandleAccessor::invoke@23
  0x000001db8e596c28: 5489 2f07 

  0x000001db8e596c2c: ;   {other}
  0x000001db8e596c2c: 0f1f 8400 | 9c1c 000c 

  0x000001db8e596c34: ; implicit exception: dispatches to 0x000001db8e597552
                      ; ImmutableOopMap {rax=Oop [168]=Oop [184]=Oop [200]=Oop [208]=Oop [216]=Oop }
                      ;*athrow {reexecute=1 rethrow=0 return_oop=0}
                      ; - (reexecute) java.lang.invoke.Invokers::checkExactType@15
                      ; - java.lang.invoke.LambdaForm$MH/0x000001dba0002c00::invokeExact_MT@11
                      ; - jdk.internal.reflect.DirectMethodHandleAccessor::invokeImpl@72
                      ; - jdk.internal.reflect.DirectMethodHandleAccessor::invoke@23
                      ;   {section_word}
  0x000001db8e596c34: 483b 0048 | ba37 6c59 | 8edb 0100 

  0x000001db8e596c40: ;   {runtime_call handle_exception_nofpu Runtime1 stub}
  0x000001db8e596c40: 00e8 3aa7 

  0x000001db8e596c44: ;   {metadata(method data for {method} {0x000001db9f3dc728} 'checkExactType' '(Ljava/lang/invoke/MethodHandle;Ljava/lang/invoke/MethodType;)V' in 'java/lang/invoke/Invokers')}
  0x000001db8e596c44: 3107 9048 | ba60 d32d | e0db 0100 | 0048 8382 | 6801 0000 

  0x000001db8e596c58: ;   {oop(a 'java/lang/invoke/MethodType'{0x00000000e0002660} = (Ljava/lang/Object;[Ljava/lang/Object;)Ljava/lang/Object;)}
  0x000001db8e596c58: 0149 b860 | 2600 e000 | 0000 0048 

  0x000001db8e596c64: ;   {static_call}
  0x000001db8e596c64: 8bd7 90e8 

  0x000001db8e596c68: ; ImmutableOopMap {[168]=Oop [176]=Oop [184]=Oop [192]=Oop }
                      ;*invokestatic newWrongMethodTypeException {reexecute=0 rethrow=0 return_oop=0}
                      ; - java.lang.invoke.Invokers::checkExactType@12
                      ; - java.lang.invoke.Invokers$Holder::invokeExact_MT@10
                      ; - jdk.internal.reflect.DirectMethodHandleAccessor::invokeImpl@104
                      ; - jdk.internal.reflect.DirectMethodHandleAccessor::invoke@23
  0x000001db8e596c68: 1489 2f07 

  0x000001db8e596c6c: ;   {other}
  0x000001db8e596c6c: 0f1f 8400 | dc1c 000e 

  0x000001db8e596c74: ; implicit exception: dispatches to 0x000001db8e597557
                      ; ImmutableOopMap {rax=Oop [168]=Oop [176]=Oop [184]=Oop [192]=Oop }
                      ;*athrow {reexecute=1 rethrow=0 return_oop=0}
                      ; - (reexecute) java.lang.invoke.Invokers::checkExactType@15
                      ; - java.lang.invoke.Invokers$Holder::invokeExact_MT@10
                      ; - jdk.internal.reflect.DirectMethodHandleAccessor::invokeImpl@104
                      ; - jdk.internal.reflect.DirectMethodHandleAccessor::invoke@23
                      ;   {section_word}
  0x000001db8e596c74: 483b 0048 | ba77 6c59 | 8edb 0100 

  0x000001db8e596c80: ;   {runtime_call handle_exception_nofpu Runtime1 stub}
  0x000001db8e596c80: 00e8 faa6 | 3107 9049 | 8b87 0005 | 0000 4d33 | d24d 8997 | 0005 0000 | 4d33 d24d | 8997 0805 
  0x000001db8e596ca0: 0000 488b | 9424 a800 

  0x000001db8e596ca8: ;   {metadata(method data for {method} {0x000001db9f19cd00} 'invoke' '(Ljava/lang/Object;[Ljava/lang/Object;)Ljava/lang/Object;' in 'jdk/internal/reflect/DirectMethodHandleAccessor')}
  0x000001db8e596ca8: 0000 49b8 | 4871 38e0 | db01 0000 | 4983 8060 | 0200 0001 

  0x000001db8e596cbc: ;   {metadata(method data for {method} {0x000001db9f3c87e0} 'isIllegalArgument' '(Ljava/lang/RuntimeException;)Z' in 'jdk/internal/reflect/DirectMethodHandleAccessor')}
  0x000001db8e596cbc: 48ba 607d | 38e0 db01 | 0000 448b | 82cc 0000 | 0041 83c0 | 0244 8982 | cc00 0000 | 4181 e0fe 
  0x000001db8e596cdc: ff1f 0045 | 85c0 0f84 | 7408 0000 

  0x000001db8e596ce8: ;   {oop(a 'java/lang/Class'{0x00000000e016b3a0} = 'jdk/internal/reflect/DirectMethodHandleAccessor')}
  0x000001db8e596ce8: 48ba a0b3 | 16e0 0000 | 0000 4c8b | c048 8984 | 24e8 0000 

  0x000001db8e596cfc: ;   {static_call}
  0x000001db8e596cfc: 0066 90e8 

  0x000001db8e596d00: ; ImmutableOopMap {[232]=Oop }
                      ;*invokestatic isIllegalArgument {reexecute=0 rethrow=0 return_oop=0}
                      ; - jdk.internal.reflect.DirectMethodHandleAccessor::isIllegalArgument@3
                      ; - jdk.internal.reflect.DirectMethodHandleAccessor::invoke@58
  0x000001db8e596d00: 7c88 2f07 

  0x000001db8e596d04: ;   {other}
  0x000001db8e596d04: 0f1f 8400 | 741d 0010 | 83e0 0185 

  0x000001db8e596d10: ;   {metadata(method data for {method} {0x000001db9f19cd00} 'invoke' '(Ljava/lang/Object;[Ljava/lang/Object;)Ljava/lang/Object;' in 'jdk/internal/reflect/DirectMethodHandleAccessor')}
  0x000001db8e596d10: c048 b848 | 7138 e0db | 0100 0048 | c7c2 9802 | 0000 7407 | 48c7 c2a8 | 0200 004c | 8b04 104d 
  0x000001db8e596d30: 8d40 014c | 8904 100f | 84ac 0200 | 00e9 ff01 | 0000 498b | 8700 0500 | 004d 33d2 | 4d89 9700 
  0x000001db8e596d50: 0500 004d | 33d2 4d89 | 9708 0500 | 0048 8b94 | 24a8 0000 

  0x000001db8e596d64: ;   {metadata(method data for {method} {0x000001db9f19cd00} 'invoke' '(Ljava/lang/Object;[Ljava/lang/Object;)Ljava/lang/Object;' in 'jdk/internal/reflect/DirectMethodHandleAccessor')}
  0x000001db8e596d64: 0049 b848 | 7138 e0db | 0100 0049 | 8380 e801 

  0x000001db8e596d74: ;   {metadata(method data for {method} {0x000001db9f3c87e0} 'isIllegalArgument' '(Ljava/lang/RuntimeException;)Z' in 'jdk/internal/reflect/DirectMethodHandleAccessor')}
  0x000001db8e596d74: 0000 0148 | ba60 7d38 | e0db 0100 | 0044 8b82 | cc00 0000 | 4183 c002 | 4489 82cc | 0000 0041 
  0x000001db8e596d94: 81e0 feff | 1f00 4585 | c00f 84da 

  0x000001db8e596da0: ;   {oop(a 'java/lang/Class'{0x00000000e016b3a0} = 'jdk/internal/reflect/DirectMethodHandleAccessor')}
  0x000001db8e596da0: 0700 0048 | baa0 b316 | e000 0000 | 004c 8bc0 | 4889 8424 | f000 0000 | 0f1f 8000 

  0x000001db8e596dbc: ;   {static_call}
  0x000001db8e596dbc: 0000 00e8 

  0x000001db8e596dc0: ; ImmutableOopMap {[240]=Oop }
                      ;*invokestatic isIllegalArgument {reexecute=0 rethrow=0 return_oop=0}
                      ; - jdk.internal.reflect.DirectMethodHandleAccessor::isIllegalArgument@3
                      ; - jdk.internal.reflect.DirectMethodHandleAccessor::invoke@30
  0x000001db8e596dc0: bc87 2f07 

  0x000001db8e596dc4: ;   {other}
  0x000001db8e596dc4: 0f1f 8400 | 341e 0011 | 83e0 0185 

  0x000001db8e596dd0: ;   {metadata(method data for {method} {0x000001db9f19cd00} 'invoke' '(Ljava/lang/Object;[Ljava/lang/Object;)Ljava/lang/Object;' in 'jdk/internal/reflect/DirectMethodHandleAccessor')}
  0x000001db8e596dd0: c048 ba48 | 7138 e0db | 0100 0048 | c7c6 2002 | 0000 7407 | 48c7 c630 | 0200 0048 | 8b3c 3248 
  0x000001db8e596df0: 8d7f 0148 | 893c 320f | 84a4 0000 | 0066 6690 

  0x000001db8e596e00: ;   {no_reloc}
  0x000001db8e596e00: e9a8 0700 | 0000 0000 | 0000 498b | 87b8 0100 | 0048 8d78 | 2849 3bbf | c801 0000 | 0f87 9507 
  0x000001db8e596e20: 0000 4989 | bfb8 0100 | 0048 c700 | 0100 0000 | 488b ca49 | ba00 0000 | 9fdb 0100 | 0049 2bca 
  0x000001db8e596e40: 8948 0848 | 33c9 8948 | 0c48 33c9 | 4889 4810 | 4889 4818 | 4889 4820 

  0x000001db8e596e58: ;   {metadata(method data for {method} {0x000001db9f19cd00} 'invoke' '(Ljava/lang/Object;[Ljava/lang/Object;)Ljava/lang/Object;' in 'jdk/internal/reflect/DirectMethodHandleAccessor')}
  0x000001db8e596e58: 4c8b c048 | ba48 7138 | e0db 0100 | 0048 8382 | 4002 0000 

  0x000001db8e596e6c: ;   {oop("argument type mismatch"{0x00000000e00026d8})}
  0x000001db8e596e6c: 0149 b8d8 | 2600 e000 | 0000 0048 | 8bd0 4889 | 8424 f800 | 0000 0f1f 

  0x000001db8e596e84: ;   {optimized virtual_call}
  0x000001db8e596e84: 4400 00e8 

  0x000001db8e596e88: ; ImmutableOopMap {[248]=Oop }
                      ;*invokespecial <init> {reexecute=0 rethrow=0 return_oop=0}
                      ; - jdk.internal.reflect.DirectMethodHandleAccessor::invoke@42
  0x000001db8e596e88: f47c 2f07 

  0x000001db8e596e8c: ;   {other}
  0x000001db8e596e8c: 0f1f 8400 | fc1e 0012 | 488b 8424 | f800 0000 | e9b3 0700 | 004c 8b84 | 24f0 0000 

  0x000001db8e596ea8: ;   {metadata('java/lang/reflect/InvocationTargetException')}
  0x000001db8e596ea8: 0048 ba28 | 4c04 a0db | 0100 0049 | 8b87 b801 | 0000 488d | 7828 493b | bfc8 0100 | 000f 87f9 
  0x000001db8e596ec8: 0600 0049 | 89bf b801 | 0000 48c7 | 0001 0000 | 0048 8bca | 49ba 0000 | 009f db01 | 0000 492b 
  0x000001db8e596ee8: ca89 4808 | 4833 c989 | 480c 4833 | c948 8948 | 1048 8948 | 1848 8948 | 2048 8bd0 

  0x000001db8e596f04: ;   {metadata(method data for {method} {0x000001db9f19cd00} 'invoke' '(Ljava/lang/Object;[Ljava/lang/Object;)Ljava/lang/Object;' in 'jdk/internal/reflect/DirectMethodHandleAccessor')}
  0x000001db8e596f04: 48be 4871 | 38e0 db01 | 0000 4883 | 8650 0200 | 0001 488b | d048 8984 | 2400 0100 | 0066 0f1f 
  0x000001db8e596f24: ;   {optimized virtual_call}
  0x000001db8e596f24: 4400 00e8 

  0x000001db8e596f28: ; ImmutableOopMap {[256]=Oop }
                      ;*invokespecial <init> {reexecute=0 rethrow=0 return_oop=0}
                      ; - jdk.internal.reflect.DirectMethodHandleAccessor::invoke@51
  0x000001db8e596f28: 547c 2f07 

  0x000001db8e596f2c: ;   {other}
  0x000001db8e596f2c: 0f1f 8400 | 9c1f 0013 | 488b 8424 | 0001 0000 | e913 0700 | 000f 1f80 | 0000 0000 

  0x000001db8e596f48: ;   {no_reloc}
  0x000001db8e596f48: e993 0600 | 0000 0000 | 0000 498b | 87b8 0100 | 0048 8d78 | 2849 3bbf | c801 0000 | 0f87 8006 
  0x000001db8e596f68: 0000 4989 | bfb8 0100 | 0048 c700 | 0100 0000 | 488b ca49 | ba00 0000 | 9fdb 0100 | 0049 2bca 
  0x000001db8e596f88: 8948 0848 | 33c9 8948 | 0c48 33c9 | 4889 4810 | 4889 4818 | 4889 4820 

  0x000001db8e596fa0: ;   {metadata(method data for {method} {0x000001db9f19cd00} 'invoke' '(Ljava/lang/Object;[Ljava/lang/Object;)Ljava/lang/Object;' in 'jdk/internal/reflect/DirectMethodHandleAccessor')}
  0x000001db8e596fa0: 4c8b c048 | ba48 7138 | e0db 0100 | 0048 8382 | b802 0000 | 014c 8b84 | 24e8 0000 | 0048 8bd0 
  0x000001db8e596fc0: 4889 8424 | 0801 0000 | 0f1f 8000 

  0x000001db8e596fcc: ;   {optimized virtual_call}
  0x000001db8e596fcc: 0000 00e8 

  0x000001db8e596fd0: ; ImmutableOopMap {[264]=Oop }
                      ;*invokespecial <init> {reexecute=0 rethrow=0 return_oop=0}
                      ; - jdk.internal.reflect.DirectMethodHandleAccessor::invoke@69
  0x000001db8e596fd0: ac7b 2f07 

  0x000001db8e596fd4: ;   {other}
  0x000001db8e596fd4: 0f1f 8400 | 4420 0014 | 488b 8424 | 0801 0000 | e96b 0600 | 004c 8b84 | 24e8 0000 

  0x000001db8e596ff0: ;   {metadata('java/lang/reflect/InvocationTargetException')}
  0x000001db8e596ff0: 0048 ba28 | 4c04 a0db | 0100 0049 | 8b87 b801 | 0000 488d | 7828 493b | bfc8 0100 | 000f 87e4 
  0x000001db8e597010: 0500 0049 | 89bf b801 | 0000 48c7 | 0001 0000 | 0048 8bca | 49ba 0000 | 009f db01 | 0000 492b 
  0x000001db8e597030: ca89 4808 | 4833 c989 | 480c 4833 | c948 8948 | 1048 8948 | 1848 8948 | 2048 8bd0 

  0x000001db8e59704c: ;   {metadata(method data for {method} {0x000001db9f19cd00} 'invoke' '(Ljava/lang/Object;[Ljava/lang/Object;)Ljava/lang/Object;' in 'jdk/internal/reflect/DirectMethodHandleAccessor')}
  0x000001db8e59704c: 48be 4871 | 38e0 db01 | 0000 4883 | 86c8 0200 | 0001 488b | d048 8984 | 2410 0100 | 0066 0f1f 
  0x000001db8e59706c: ;   {optimized virtual_call}
  0x000001db8e59706c: 4400 00e8 

  0x000001db8e597070: ; ImmutableOopMap {[272]=Oop }
                      ;*invokespecial <init> {reexecute=0 rethrow=0 return_oop=0}
                      ; - jdk.internal.reflect.DirectMethodHandleAccessor::invoke@78
  0x000001db8e597070: 0c7b 2f07 

  0x000001db8e597074: ;   {other}
  0x000001db8e597074: 0f1f 8400 | e420 0015 | 488b 8424 | 1001 0000 | e9cb 0500 | 000f 1f80 | 0000 0000 

  0x000001db8e597090: ;   {no_reloc}
  0x000001db8e597090: e97e 0500 | 0000 0000 | 0000 498b | 87b8 0100 | 0048 8d78 | 2849 3bbf | c801 0000 | 0f87 6b05 
  0x000001db8e5970b0: 0000 4989 | bfb8 0100 | 0048 c700 | 0100 0000 | 488b ca49 | ba00 0000 | 9fdb 0100 | 0049 2bca 
  0x000001db8e5970d0: 8948 0848 | 33c9 8948 | 0c48 33c9 | 4889 4810 | 4889 4818 | 4889 4820 

  0x000001db8e5970e8: ;   {metadata(method data for {method} {0x000001db9f3c89f0} 'checkReceiver' '(Ljava/lang/Object;)V' in 'jdk/internal/reflect/DirectMethodHandleAccessor')}
  0x000001db8e5970e8: 488b d048 | be98 7838 | e0db 0100 | 0048 8386 | a001 0000 

  0x000001db8e5970fc: ;   {oop("object is not an instance of declaring class"{0x00000000e00026f0})}
  0x000001db8e5970fc: 0149 b8f0 | 2600 e000 | 0000 0048 | 8bd0 4889 | 8424 1801 | 0000 0f1f 

  0x000001db8e597114: ;   {optimized virtual_call}
  0x000001db8e597114: 4400 00e8 

  0x000001db8e597118: ; ImmutableOopMap {[168]=Oop [176]=Oop [184]=Oop [280]=Oop }
                      ;*invokespecial <init> {reexecute=0 rethrow=0 return_oop=0}
                      ; - jdk.internal.reflect.DirectMethodHandleAccessor::checkReceiver@20
                      ; - jdk.internal.reflect.DirectMethodHandleAccessor::invoke@9
  0x000001db8e597118: 647a 2f07 

  0x000001db8e59711c: ;   {other}
  0x000001db8e59711c: 0f1f 8400 | 8c21 0016 | 488b 8424 | 1801 0000 | e923 0500 | 0049 8b87 | 0005 0000 | 4d33 d24d 
  0x000001db8e59713c: 8997 0005 | 0000 4d33 | d24d 8997 | 0805 0000 

  0x000001db8e59714c: ;   {metadata('java/lang/reflect/InvocationTargetException')}
  0x000001db8e59714c: 4c8b c048 | ba28 4c04 | a0db 0100 | 0049 8b87 | b801 0000 | 488d 7828 | 493b bfc8 | 0100 000f 
  0x000001db8e59716c: 87b9 0400 | 0049 89bf | b801 0000 | 48c7 0001 | 0000 0048 | 8bca 49ba | 0000 009f | db01 0000 
  0x000001db8e59718c: 492b ca89 | 4808 4833 | c989 480c | 4833 c948 | 8948 1048 | 8948 1848 | 8948 2048 

  0x000001db8e5971a8: ;   {metadata(method data for {method} {0x000001db9f19cd00} 'invoke' '(Ljava/lang/Object;[Ljava/lang/Object;)Ljava/lang/Object;' in 'jdk/internal/reflect/DirectMethodHandleAccessor')}
  0x000001db8e5971a8: 8bd0 48be | 4871 38e0 | db01 0000 | 4883 86d8 | 0200 0001 | 488b d048 | 8984 2420 

  0x000001db8e5971c4: ;   {optimized virtual_call}
  0x000001db8e5971c4: 0100 00e8 

  0x000001db8e5971c8: ; ImmutableOopMap {[288]=Oop }
                      ;*invokespecial <init> {reexecute=0 rethrow=0 return_oop=0}
                      ; - jdk.internal.reflect.DirectMethodHandleAccessor::invoke@88
  0x000001db8e5971c8: b479 2f07 

  0x000001db8e5971cc: ;   {other}
  0x000001db8e5971cc: 0f1f 8400 | 3c22 0017 | 488b 8424 | 2001 0000 | e973 0400 

  0x000001db8e5971e0: ;   {metadata({method} {0x000001db9f19cd00} 'invoke' '(Ljava/lang/Object;[Ljava/lang/Object;)Ljava/lang/Object;' in 'jdk/internal/reflect/DirectMethodHandleAccessor')}
  0x000001db8e5971e0: 0049 baf8 | cc19 9fdb | 0100 004c | 8954 2408 | 48c7 0424 | ffff ffff 

  0x000001db8e5971f8: ;   {runtime_call counter_overflow Runtime1 stub}
  0x000001db8e5971f8: e883 123b 

  0x000001db8e5971fc: ; ImmutableOopMap {rdx=Oop r8=Oop r9=Oop [168]=Oop [176]=Oop [184]=Oop }
                      ;*synchronization entry
                      ; - jdk.internal.reflect.DirectMethodHandleAccessor::invoke@-1
  0x000001db8e5971fc: 07e9 7ce2 

  0x000001db8e597200: ;   {metadata({method} {0x000001db9f3c8aa0} 'isStatic' '()Z' in 'jdk/internal/reflect/DirectMethodHandleAccessor')}
  0x000001db8e597200: ffff 49ba | 988a 3c9f | db01 0000 | 4c89 5424 | 0848 c704 | 24ff ffff 

  0x000001db8e597218: ;   {runtime_call counter_overflow Runtime1 stub}
  0x000001db8e597218: ffe8 6212 

  0x000001db8e59721c: ; ImmutableOopMap {rdx=Oop r8=Oop r9=Oop [168]=Oop [176]=Oop [184]=Oop }
                      ;*synchronization entry
                      ; - jdk.internal.reflect.DirectMethodHandleAccessor::isStatic@-1
                      ; - jdk.internal.reflect.DirectMethodHandleAccessor::invoke@1
  0x000001db8e59721c: 3b07 e997 

  0x000001db8e597220: ;   {metadata({method} {0x000001db9f3c89f0} 'checkReceiver' '(Ljava/lang/Object;)V' in 'jdk/internal/reflect/DirectMethodHandleAccessor')}
  0x000001db8e597220: e2ff ff49 | bae8 893c | 9fdb 0100 | 004c 8954 | 2408 48c7 | 0424 ffff 

  0x000001db8e597238: ;   {runtime_call counter_overflow Runtime1 stub}
  0x000001db8e597238: ffff e841 

  0x000001db8e59723c: ; ImmutableOopMap {rdx=Oop r8=Oop [168]=Oop [176]=Oop [184]=Oop }
                      ;*synchronization entry
                      ; - jdk.internal.reflect.DirectMethodHandleAccessor::checkReceiver@-1
                      ; - jdk.internal.reflect.DirectMethodHandleAccessor::invoke@9
  0x000001db8e59723c: 123b 07e9 | 3de3 ffff 

  0x000001db8e597244: ;   {runtime_call throw_null_pointer_exception Runtime1 stub}
  0x000001db8e597244: e8d7 c131 

  0x000001db8e597248: ; ImmutableOopMap {rdx=Oop r8=Oop rsi=Oop [168]=Oop [176]=Oop [184]=Oop }
                      ;*invokevirtual getClass {reexecute=0 rethrow=0 return_oop=0}
                      ; - jdk.internal.reflect.DirectMethodHandleAccessor::checkReceiver@5
                      ; - jdk.internal.reflect.DirectMethodHandleAccessor::invoke@9
                      ;   {runtime_call throw_null_pointer_exception Runtime1 stub}
  0x000001db8e597248: 07e8 d2c1 

  0x000001db8e59724c: ; ImmutableOopMap {rdx=Oop r8=Oop rsi=Oop rdi=Oop [168]=Oop [176]=Oop [184]=Oop }
                      ;*invokevirtual isAssignableFrom {reexecute=0 rethrow=0 return_oop=0}
                      ; - jdk.internal.reflect.DirectMethodHandleAccessor::checkReceiver@8
                      ; - jdk.internal.reflect.DirectMethodHandleAccessor::invoke@9
                      ;   {metadata({method} {0x000001db9f3c8838} 'invokeImpl' '(Ljava/lang/Object;[Ljava/lang/Object;)Ljava/lang/Object;' in 'jdk/internal/reflect/DirectMethodHandleAccessor')}
  0x000001db8e59724c: 3107 49ba | 3088 3c9f | db01 0000 | 4c89 5424 | 0848 c704 | 24ff ffff 

  0x000001db8e597264: ;   {runtime_call counter_overflow Runtime1 stub}
  0x000001db8e597264: ffe8 1612 

  0x000001db8e597268: ; ImmutableOopMap {rdx=Oop [168]=Oop [176]=Oop [184]=Oop }
                      ;*synchronization entry
                      ; - jdk.internal.reflect.DirectMethodHandleAccessor::invokeImpl@-1
                      ; - jdk.internal.reflect.DirectMethodHandleAccessor::invoke@23
  0x000001db8e597268: 3b07 e921 

  0x000001db8e59726c: ;   {metadata({method} {0x000001db9f0ae518} 'invokeExact_MT' '(Ljava/lang/Object;Ljava/lang/Object;Ljava/lang/Object;Ljava/lang/Object;)Ljava/lang/Object;' in 'java/lang/invoke/Invokers$Holder')}
  0x000001db8e59726c: e4ff ff49 | ba10 e50a | 9fdb 0100 | 004c 8954 | 2408 48c7 | 0424 ffff 

  0x000001db8e597284: ;   {runtime_call counter_overflow Runtime1 stub}
  0x000001db8e597284: ffff e8f5 

  0x000001db8e597288: ; ImmutableOopMap {rdx=Oop r8=Oop rsi=Oop [168]=Oop [176]=Oop [184]=Oop [192]=Oop }
                      ;*synchronization entry
                      ; - java.lang.invoke.Invokers$Holder::invokeExact_MT@-1
                      ; - jdk.internal.reflect.DirectMethodHandleAccessor::invokeImpl@104
                      ; - jdk.internal.reflect.DirectMethodHandleAccessor::invoke@23
  0x000001db8e597288: 113b 07e9 | 0ce6 ffff 

  0x000001db8e597290: ;   {metadata({method} {0x000001db9f3dc728} 'checkExactType' '(Ljava/lang/invoke/MethodHandle;Ljava/lang/invoke/MethodType;)V' in 'java/lang/invoke/Invokers')}
  0x000001db8e597290: 49ba 20c7 | 3d9f db01 | 0000 4c89 | 5424 0848 | c704 24ff 

  0x000001db8e5972a4: ;   {runtime_call counter_overflow Runtime1 stub}
  0x000001db8e5972a4: ffff ffe8 

  0x000001db8e5972a8: ; ImmutableOopMap {rdx=Oop r8=Oop rsi=Oop rbx=Oop [168]=Oop [176]=Oop [184]=Oop [192]=Oop }
                      ;*synchronization entry
                      ; - java.lang.invoke.Invokers::checkExactType@-1
                      ; - java.lang.invoke.Invokers$Holder::invokeExact_MT@10
                      ; - jdk.internal.reflect.DirectMethodHandleAccessor::invokeImpl@104
                      ; - jdk.internal.reflect.DirectMethodHandleAccessor::invoke@23
  0x000001db8e5972a8: d411 3b07 | e9ac e6ff 

  0x000001db8e5972b0: ;   {runtime_call throw_null_pointer_exception Runtime1 stub}
  0x000001db8e5972b0: ffe8 6ac1 

  0x000001db8e5972b4: ; ImmutableOopMap {rdx=Oop r8=Oop rsi=Oop rbx=Oop [168]=Oop [176]=Oop [184]=Oop [192]=Oop }
                      ;*invokevirtual type {reexecute=0 rethrow=0 return_oop=0}
                      ; - java.lang.invoke.Invokers::checkExactType@1
                      ; - java.lang.invoke.Invokers$Holder::invokeExact_MT@10
                      ; - jdk.internal.reflect.DirectMethodHandleAccessor::invokeImpl@104
                      ; - jdk.internal.reflect.DirectMethodHandleAccessor::invoke@23
                      ;   {metadata({method} {0x000001db9f3dc620} 'checkCustomized' '(Ljava/lang/invoke/MethodHandle;)V' in 'java/lang/invoke/Invokers')}
  0x000001db8e5972b4: 3107 49ba | 18c6 3d9f | db01 0000 | 4c89 5424 | 0848 c704 | 24ff ffff 

  0x000001db8e5972cc: ;   {runtime_call counter_overflow Runtime1 stub}
  0x000001db8e5972cc: ffe8 ae11 

  0x000001db8e5972d0: ; ImmutableOopMap {rdx=Oop r8=Oop rsi=Oop [168]=Oop [176]=Oop [184]=Oop [192]=Oop }
                      ;*synchronization entry
                      ; - java.lang.invoke.Invokers::checkCustomized@-1
                      ; - java.lang.invoke.Invokers$Holder::invokeExact_MT@14
                      ; - jdk.internal.reflect.DirectMethodHandleAccessor::invokeImpl@104
                      ; - jdk.internal.reflect.DirectMethodHandleAccessor::invoke@23
  0x000001db8e5972d0: 3b07 e9e2 

  0x000001db8e5972d4: ;   {metadata({method} {0x000001db9f0944d8} 'isCompileConstant' '(Ljava/lang/Object;)Z' in 'java/lang/invoke/MethodHandleImpl')}
  0x000001db8e5972d4: e7ff ff49 | bad0 4409 | 9fdb 0100 | 004c 8954 | 2408 48c7 | 0424 ffff 

  0x000001db8e5972ec: ;   {runtime_call counter_overflow Runtime1 stub}
  0x000001db8e5972ec: ffff e88d 

  0x000001db8e5972f0: ; ImmutableOopMap {rdx=Oop r8=Oop rsi=Oop [168]=Oop [176]=Oop [184]=Oop [192]=Oop }
                      ;*synchronization entry
                      ; - java.lang.invoke.MethodHandleImpl::isCompileConstant@-1
                      ; - java.lang.invoke.Invokers::checkCustomized@1
                      ; - java.lang.invoke.Invokers$Holder::invokeExact_MT@14
                      ; - jdk.internal.reflect.DirectMethodHandleAccessor::invokeImpl@104
                      ; - jdk.internal.reflect.DirectMethodHandleAccessor::invoke@23
  0x000001db8e5972f0: 113b 07e9 | fae7 ffff 

  0x000001db8e5972f8: ;   {runtime_call throw_null_pointer_exception Runtime1 stub}
  0x000001db8e5972f8: e823 c131 

  0x000001db8e5972fc: ; ImmutableOopMap {rdx=Oop r8=Oop rsi=Oop [168]=Oop [176]=Oop [184]=Oop [192]=Oop }
                      ;*getfield customized {reexecute=1 rethrow=0 return_oop=0}
                      ; - (reexecute) java.lang.invoke.Invokers::checkCustomized@12
                      ; - java.lang.invoke.Invokers$Holder::invokeExact_MT@14
                      ; - jdk.internal.reflect.DirectMethodHandleAccessor::invokeImpl@104
                      ; - jdk.internal.reflect.DirectMethodHandleAccessor::invoke@23
                      ;   {internal_word}
  0x000001db8e5972fc: 0749 ba48 | 5d59 8edb | 0100 004d | 8997 6804 

  0x000001db8e59730c: ;   {runtime_call SafepointBlob}
  0x000001db8e59730c: 0000 e96d 

  0x000001db8e597310: ;   {runtime_call throw_null_pointer_exception Runtime1 stub}
  0x000001db8e597310: e82f 07e8 

  0x000001db8e597314: ; ImmutableOopMap {rdx=Oop r8=Oop r9=Oop rbx=Oop [168]=Oop [176]=Oop [184]=Oop }
                      ;*aaload {reexecute=0 rethrow=0 return_oop=0}
                      ; - jdk.internal.reflect.DirectMethodHandleAccessor::invokeImpl@85
                      ; - jdk.internal.reflect.DirectMethodHandleAccessor::invoke@23
  0x000001db8e597314: 08c1 3107 

  0x000001db8e597318: ;   {runtime_call throw_null_pointer_exception Runtime1 stub}
  0x000001db8e597318: e803 c131 

  0x000001db8e59731c: ; ImmutableOopMap {rdx=Oop r8=Oop r9=Oop rbx=Oop [168]=Oop [176]=Oop [184]=Oop }
                      ;*aaload {reexecute=0 rethrow=0 return_oop=0}
                      ; - jdk.internal.reflect.DirectMethodHandleAccessor::invokeImpl@85
                      ; - jdk.internal.reflect.DirectMethodHandleAccessor::invoke@23
  0x000001db8e59731c: 0748 c704 | 2400 0000 | 004c 894c 

  0x000001db8e597328: ;   {runtime_call throw_range_check_failed Runtime1 stub}
  0x000001db8e597328: 2408 e8f1 

  0x000001db8e59732c: ; ImmutableOopMap {rdx=Oop r8=Oop r9=Oop rbx=Oop [168]=Oop [176]=Oop [184]=Oop }
                      ;*aaload {reexecute=0 rethrow=0 return_oop=0}
                      ; - jdk.internal.reflect.DirectMethodHandleAccessor::invokeImpl@85
                      ; - jdk.internal.reflect.DirectMethodHandleAccessor::invoke@23
  0x000001db8e59732c: c931 0748 | c704 2401 | 0000 004c | 894c 2408 

  0x000001db8e59733c: ;   {runtime_call throw_range_check_failed Runtime1 stub}
  0x000001db8e59733c: e8df c931 

  0x000001db8e597340: ; ImmutableOopMap {rdx=Oop r8=Oop r9=Oop rbx=Oop rdi=Oop [168]=Oop [176]=Oop [184]=Oop }
                      ;*aaload {reexecute=0 rethrow=0 return_oop=0}
                      ; - jdk.internal.reflect.DirectMethodHandleAccessor::invokeImpl@88
                      ; - jdk.internal.reflect.DirectMethodHandleAccessor::invoke@23
  0x000001db8e597340: 0748 c704 | 2402 0000 | 004c 894c 

  0x000001db8e59734c: ;   {runtime_call throw_range_check_failed Runtime1 stub}
  0x000001db8e59734c: 2408 e8cd 

  0x000001db8e597350: ; ImmutableOopMap {rdx=Oop r8=Oop r9=Oop rbx=Oop rdi=Oop rsi=Oop [168]=Oop [176]=Oop [184]=Oop }
                      ;*aaload {reexecute=0 rethrow=0 return_oop=0}
                      ; - jdk.internal.reflect.DirectMethodHandleAccessor::invokeImpl@91
                      ; - jdk.internal.reflect.DirectMethodHandleAccessor::invoke@23
  0x000001db8e597350: c931 0748 | b808 0632 | f700 0000 | 00b8 000f 

  0x000001db8e597360: ;   {runtime_call load_appendix_patching Runtime1 stub}
  0x000001db8e597360: 050a e899 

  0x000001db8e597364: ; ImmutableOopMap {rdx=Oop r8=Oop rbx=Oop rdi=Oop rsi=Oop rcx=Oop [168]=Oop [184]=Oop }
                      ;*invokevirtual invokeExact {reexecute=1 rethrow=0 return_oop=0}
                      ; - (reexecute) jdk.internal.reflect.DirectMethodHandleAccessor::invokeImpl@92
                      ; - jdk.internal.reflect.DirectMethodHandleAccessor::invoke@23
  0x000001db8e597364: 073b 07e9 | 2cea ffff 

  0x000001db8e59736c: ;   {runtime_call throw_null_pointer_exception Runtime1 stub}
  0x000001db8e59736c: e8af c031 

  0x000001db8e597370: ; ImmutableOopMap {rdx=Oop r8=Oop rbx=Oop rdi=Oop rsi=Oop rcx=Oop rax=Oop [168]=Oop [184]=Oop }
                      ;*invokevirtual invokeExact {reexecute=0 rethrow=0 return_oop=0}
                      ; - jdk.internal.reflect.DirectMethodHandleAccessor::invokeImpl@92
                      ; - jdk.internal.reflect.DirectMethodHandleAccessor::invoke@23
                      ;   {internal_word}
  0x000001db8e597370: 0749 baac | 5f59 8edb | 0100 004d | 8997 6804 

  0x000001db8e597380: ;   {runtime_call SafepointBlob}
  0x000001db8e597380: 0000 e9f9 

  0x000001db8e597384: ;   {runtime_call throw_null_pointer_exception Runtime1 stub}
  0x000001db8e597384: e72f 07e8 

  0x000001db8e597388: ; ImmutableOopMap {rdx=Oop r9=Oop r8=Oop rsi=Oop [168]=Oop [176]=Oop [184]=Oop [208]=Oop }
                      ;*aaload {reexecute=0 rethrow=0 return_oop=0}
                      ; - jdk.internal.reflect.DirectMethodHandleAccessor::invokeImpl@68
                      ; - jdk.internal.reflect.DirectMethodHandleAccessor::invoke@23
  0x000001db8e597388: 94c0 3107 

  0x000001db8e59738c: ;   {runtime_call throw_null_pointer_exception Runtime1 stub}
  0x000001db8e59738c: e88f c031 

  0x000001db8e597390: ; ImmutableOopMap {rdx=Oop r9=Oop r8=Oop rsi=Oop [168]=Oop [176]=Oop [184]=Oop [208]=Oop }
                      ;*aaload {reexecute=0 rethrow=0 return_oop=0}
                      ; - jdk.internal.reflect.DirectMethodHandleAccessor::invokeImpl@68
                      ; - jdk.internal.reflect.DirectMethodHandleAccessor::invoke@23
  0x000001db8e597390: 0748 c704 | 2400 0000 | 004c 894c 

  0x000001db8e59739c: ;   {runtime_call throw_range_check_failed Runtime1 stub}
  0x000001db8e59739c: 2408 e87d 

  0x000001db8e5973a0: ; ImmutableOopMap {rdx=Oop r9=Oop r8=Oop rsi=Oop [168]=Oop [176]=Oop [184]=Oop [208]=Oop }
                      ;*aaload {reexecute=0 rethrow=0 return_oop=0}
                      ; - jdk.internal.reflect.DirectMethodHandleAccessor::invokeImpl@68
                      ; - jdk.internal.reflect.DirectMethodHandleAccessor::invoke@23
  0x000001db8e5973a0: c931 0748 | c704 2401 | 0000 004c | 894c 2408 

  0x000001db8e5973b0: ;   {runtime_call throw_range_check_failed Runtime1 stub}
  0x000001db8e5973b0: e86b c931 

  0x000001db8e5973b4: ; ImmutableOopMap {rdx=Oop r9=Oop r8=Oop rsi=Oop rdi=Oop [168]=Oop [176]=Oop [184]=Oop [200]=Oop [208]=Oop }
                      ;*aaload {reexecute=0 rethrow=0 return_oop=0}
                      ; - jdk.internal.reflect.DirectMethodHandleAccessor::invokeImpl@71
                      ; - jdk.internal.reflect.DirectMethodHandleAccessor::invoke@23
                      ;   {metadata({method} {0x000001dbe0405ab8} 'invokeExact_MT' '(Ljava/lang/Object;Ljava/lang/Object;Ljava/lang/Object;Ljava/lang/Object;Ljava/lang/Object;)Ljava/lang/Object;' in 'java/lang/invoke/LambdaForm$MH+0x000001dba0002c00')}
  0x000001db8e5973b4: 0749 bab0 | 5a40 e0db | 0100 004c | 8954 2408 | 48c7 0424 | ffff ffff 

  0x000001db8e5973cc: ;   {runtime_call counter_overflow Runtime1 stub}
  0x000001db8e5973cc: e8af 103b 

  0x000001db8e5973d0: ; ImmutableOopMap {rdx=Oop r8=Oop rsi=Oop rdi=Oop rbx=Oop [168]=Oop [184]=Oop [200]=Oop [208]=Oop [216]=Oop }
                      ;*synchronization entry
                      ; - java.lang.invoke.LambdaForm$MH/0x000001dba0002c00::invokeExact_MT@-1
                      ; - jdk.internal.reflect.DirectMethodHandleAccessor::invokeImpl@72
                      ; - jdk.internal.reflect.DirectMethodHandleAccessor::invoke@23
  0x000001db8e5973d0: 07e9 9aed 

  0x000001db8e5973d4: ;   {metadata({method} {0x000001db9f3dc728} 'checkExactType' '(Ljava/lang/invoke/MethodHandle;Ljava/lang/invoke/MethodType;)V' in 'java/lang/invoke/Invokers')}
  0x000001db8e5973d4: ffff 49ba | 20c7 3d9f | db01 0000 | 4c89 5424 | 0848 c704 | 24ff ffff 

  0x000001db8e5973ec: ;   {runtime_call counter_overflow Runtime1 stub}
  0x000001db8e5973ec: ffe8 8e10 

  0x000001db8e5973f0: ; ImmutableOopMap {rdx=Oop r8=Oop rsi=Oop rdi=Oop rbx=Oop rcx=Oop [168]=Oop [184]=Oop [200]=Oop [208]=Oop [216]=Oop }
                      ;*synchronization entry
                      ; - java.lang.invoke.Invokers::checkExactType@-1
                      ; - java.lang.invoke.LambdaForm$MH/0x000001dba0002c00::invokeExact_MT@11
                      ; - jdk.internal.reflect.DirectMethodHandleAccessor::invokeImpl@72
                      ; - jdk.internal.reflect.DirectMethodHandleAccessor::invoke@23
  0x000001db8e5973f0: 3b07 e940 

  0x000001db8e5973f4: ;   {runtime_call throw_null_pointer_exception Runtime1 stub}
  0x000001db8e5973f4: eeff ffe8 

  0x000001db8e5973f8: ; ImmutableOopMap {rdx=Oop r8=Oop rsi=Oop rdi=Oop rbx=Oop rcx=Oop [168]=Oop [184]=Oop [200]=Oop [208]=Oop [216]=Oop }
                      ;*invokevirtual type {reexecute=0 rethrow=0 return_oop=0}
                      ; - java.lang.invoke.Invokers::checkExactType@1
                      ; - java.lang.invoke.LambdaForm$MH/0x000001dba0002c00::invokeExact_MT@11
                      ; - jdk.internal.reflect.DirectMethodHandleAccessor::invokeImpl@72
                      ; - jdk.internal.reflect.DirectMethodHandleAccessor::invoke@23
  0x000001db8e5973f8: 24c0 3107 

  0x000001db8e5973fc: ;   {metadata({method} {0x000001db9f3dc620} 'checkCustomized' '(Ljava/lang/invoke/MethodHandle;)V' in 'java/lang/invoke/Invokers')}
  0x000001db8e5973fc: 49ba 18c6 | 3d9f db01 | 0000 4c89 | 5424 0848 | c704 24ff 

  0x000001db8e597410: ;   {runtime_call counter_overflow Runtime1 stub}
  0x000001db8e597410: ffff ffe8 

  0x000001db8e597414: ; ImmutableOopMap {rdx=Oop r8=Oop rsi=Oop rdi=Oop rbx=Oop [168]=Oop [184]=Oop [200]=Oop [208]=Oop [216]=Oop }
                      ;*synchronization entry
                      ; - java.lang.invoke.Invokers::checkCustomized@-1
                      ; - java.lang.invoke.LambdaForm$MH/0x000001dba0002c00::invokeExact_MT@15
                      ; - jdk.internal.reflect.DirectMethodHandleAccessor::invokeImpl@72
                      ; - jdk.internal.reflect.DirectMethodHandleAccessor::invoke@23
  0x000001db8e597414: 6810 3b07 | e976 efff 

  0x000001db8e59741c: ;   {metadata({method} {0x000001db9f0944d8} 'isCompileConstant' '(Ljava/lang/Object;)Z' in 'java/lang/invoke/MethodHandleImpl')}
  0x000001db8e59741c: ff49 bad0 | 4409 9fdb | 0100 004c | 8954 2408 | 48c7 0424 | ffff ffff 

  0x000001db8e597434: ;   {runtime_call counter_overflow Runtime1 stub}
  0x000001db8e597434: e847 103b 

  0x000001db8e597438: ; ImmutableOopMap {rdx=Oop r8=Oop rsi=Oop rdi=Oop rbx=Oop [168]=Oop [184]=Oop [200]=Oop [208]=Oop [216]=Oop }
                      ;*synchronization entry
                      ; - java.lang.invoke.MethodHandleImpl::isCompileConstant@-1
                      ; - java.lang.invoke.Invokers::checkCustomized@1
                      ; - java.lang.invoke.LambdaForm$MH/0x000001dba0002c00::invokeExact_MT@15
                      ; - jdk.internal.reflect.DirectMethodHandleAccessor::invokeImpl@72
                      ; - jdk.internal.reflect.DirectMethodHandleAccessor::invoke@23
  0x000001db8e597438: 07e9 8eef 

  0x000001db8e59743c: ;   {runtime_call throw_null_pointer_exception Runtime1 stub}
  0x000001db8e59743c: ffff e8dd 

  0x000001db8e597440: ; ImmutableOopMap {rdx=Oop r8=Oop rsi=Oop rdi=Oop rbx=Oop [168]=Oop [184]=Oop [200]=Oop [208]=Oop [216]=Oop }
                      ;*getfield customized {reexecute=1 rethrow=0 return_oop=0}
                      ; - (reexecute) java.lang.invoke.Invokers::checkCustomized@12
                      ; - java.lang.invoke.LambdaForm$MH/0x000001dba0002c00::invokeExact_MT@15
                      ; - jdk.internal.reflect.DirectMethodHandleAccessor::invokeImpl@72
                      ; - jdk.internal.reflect.DirectMethodHandleAccessor::invoke@23
                      ;   {internal_word}
  0x000001db8e597440: bf31 0749 | ba39 6659 | 8edb 0100 | 004d 8997 | 6804 0000 

  0x000001db8e597454: ;   {runtime_call SafepointBlob}
  0x000001db8e597454: e927 e72f 

  0x000001db8e597458: ;   {runtime_call throw_null_pointer_exception Runtime1 stub}
  0x000001db8e597458: 07e8 c2bf 

  0x000001db8e59745c: ; ImmutableOopMap {rdx=Oop r9=Oop r8=Oop rsi=Oop [168]=Oop [176]=Oop [184]=Oop }
                      ;*aaload {reexecute=0 rethrow=0 return_oop=0}
                      ; - jdk.internal.reflect.DirectMethodHandleAccessor::invokeImpl@54
                      ; - jdk.internal.reflect.DirectMethodHandleAccessor::invoke@23
                      ;   {runtime_call throw_null_pointer_exception Runtime1 stub}
  0x000001db8e59745c: 3107 e8bd 

  0x000001db8e597460: ; ImmutableOopMap {rdx=Oop r9=Oop r8=Oop rsi=Oop [168]=Oop [176]=Oop [184]=Oop }
                      ;*aaload {reexecute=0 rethrow=0 return_oop=0}
                      ; - jdk.internal.reflect.DirectMethodHandleAccessor::invokeImpl@54
                      ; - jdk.internal.reflect.DirectMethodHandleAccessor::invoke@23
  0x000001db8e597460: bf31 0748 | c704 2400 | 0000 004c | 894c 2408 

  0x000001db8e597470: ;   {runtime_call throw_range_check_failed Runtime1 stub}
  0x000001db8e597470: e8ab c831 

  0x000001db8e597474: ; ImmutableOopMap {rdx=Oop r9=Oop r8=Oop rsi=Oop [168]=Oop [176]=Oop [184]=Oop }
                      ;*aaload {reexecute=0 rethrow=0 return_oop=0}
                      ; - jdk.internal.reflect.DirectMethodHandleAccessor::invokeImpl@54
                      ; - jdk.internal.reflect.DirectMethodHandleAccessor::invoke@23
  0x000001db8e597474: 0748 bfb8 | ecec f600 | 0000 00b8 | 000f 050a 

  0x000001db8e597484: ;   {runtime_call load_appendix_patching Runtime1 stub}
  0x000001db8e597484: e877 063b 

  0x000001db8e597488: ; ImmutableOopMap {rdx=Oop r8=Oop rsi=Oop r9=Oop [168]=Oop [184]=Oop }
                      ;*invokevirtual invokeExact {reexecute=1 rethrow=0 return_oop=0}
                      ; - (reexecute) jdk.internal.reflect.DirectMethodHandleAccessor::invokeImpl@55
                      ; - jdk.internal.reflect.DirectMethodHandleAccessor::invoke@23
  0x000001db8e597488: 07e9 e2f1 

  0x000001db8e59748c: ;   {runtime_call throw_null_pointer_exception Runtime1 stub}
  0x000001db8e59748c: ffff e88d 

  0x000001db8e597490: ; ImmutableOopMap {rdx=Oop r8=Oop rsi=Oop r9=Oop rdi=Oop [168]=Oop [184]=Oop }
                      ;*invokevirtual invokeExact {reexecute=0 rethrow=0 return_oop=0}
                      ; - jdk.internal.reflect.DirectMethodHandleAccessor::invokeImpl@55
                      ; - jdk.internal.reflect.DirectMethodHandleAccessor::invoke@23
                      ;   {internal_word}
  0x000001db8e597490: bf31 0749 | ba6c 6859 | 8edb 0100 | 004d 8997 | 6804 0000 

  0x000001db8e5974a4: ;   {runtime_call SafepointBlob}
  0x000001db8e5974a4: e9d7 e62f 

  0x000001db8e5974a8: ;   {metadata({method} {0x000001db9f0ae5c8} 'invokeExact_MT' '(Ljava/lang/Object;Ljava/lang/Object;Ljava/lang/Object;)Ljava/lang/Object;' in 'java/lang/invoke/Invokers$Holder')}
  0x000001db8e5974a8: 0749 bac0 | e50a 9fdb | 0100 004c | 8954 2408 | 48c7 0424 | ffff ffff 

  0x000001db8e5974c0: ;   {runtime_call counter_overflow Runtime1 stub}
  0x000001db8e5974c0: e8bb 0f3b 

  0x000001db8e5974c4: ; ImmutableOopMap {rdx=Oop r8=Oop rsi=Oop [168]=Oop [184]=Oop [224]=Oop }
                      ;*synchronization entry
                      ; - java.lang.invoke.Invokers$Holder::invokeExact_MT@-1
                      ; - jdk.internal.reflect.DirectMethodHandleAccessor::invokeImpl@41
                      ; - jdk.internal.reflect.DirectMethodHandleAccessor::invoke@23
  0x000001db8e5974c4: 07e9 3ef4 

  0x000001db8e5974c8: ;   {metadata({method} {0x000001db9f3dc728} 'checkExactType' '(Ljava/lang/invoke/MethodHandle;Ljava/lang/invoke/MethodType;)V' in 'java/lang/invoke/Invokers')}
  0x000001db8e5974c8: ffff 49ba | 20c7 3d9f | db01 0000 | 4c89 5424 | 0848 c704 | 24ff ffff 

  0x000001db8e5974e0: ;   {runtime_call counter_overflow Runtime1 stub}
  0x000001db8e5974e0: ffe8 9a0f 

  0x000001db8e5974e4: ; ImmutableOopMap {rdx=Oop r8=Oop rsi=Oop rbx=Oop [168]=Oop [184]=Oop [224]=Oop }
                      ;*synchronization entry
                      ; - java.lang.invoke.Invokers::checkExactType@-1
                      ; - java.lang.invoke.Invokers$Holder::invokeExact_MT@10
                      ; - jdk.internal.reflect.DirectMethodHandleAccessor::invokeImpl@41
                      ; - jdk.internal.reflect.DirectMethodHandleAccessor::invoke@23
  0x000001db8e5974e4: 3b07 e992 

  0x000001db8e5974e8: ;   {runtime_call throw_null_pointer_exception Runtime1 stub}
  0x000001db8e5974e8: f4ff ffe8 

  0x000001db8e5974ec: ; ImmutableOopMap {rdx=Oop r8=Oop rsi=Oop rbx=Oop [168]=Oop [184]=Oop [224]=Oop }
                      ;*invokevirtual type {reexecute=0 rethrow=0 return_oop=0}
                      ; - java.lang.invoke.Invokers::checkExactType@1
                      ; - java.lang.invoke.Invokers$Holder::invokeExact_MT@10
                      ; - jdk.internal.reflect.DirectMethodHandleAccessor::invokeImpl@41
                      ; - jdk.internal.reflect.DirectMethodHandleAccessor::invoke@23
  0x000001db8e5974ec: 30bf 3107 

  0x000001db8e5974f0: ;   {metadata({method} {0x000001db9f3dc620} 'checkCustomized' '(Ljava/lang/invoke/MethodHandle;)V' in 'java/lang/invoke/Invokers')}
  0x000001db8e5974f0: 49ba 18c6 | 3d9f db01 | 0000 4c89 | 5424 0848 | c704 24ff 

  0x000001db8e597504: ;   {runtime_call counter_overflow Runtime1 stub}
  0x000001db8e597504: ffff ffe8 

  0x000001db8e597508: ; ImmutableOopMap {rdx=Oop r8=Oop rsi=Oop [168]=Oop [184]=Oop [224]=Oop }
                      ;*synchronization entry
                      ; - java.lang.invoke.Invokers::checkCustomized@-1
                      ; - java.lang.invoke.Invokers$Holder::invokeExact_MT@14
                      ; - jdk.internal.reflect.DirectMethodHandleAccessor::invokeImpl@41
                      ; - jdk.internal.reflect.DirectMethodHandleAccessor::invoke@23
  0x000001db8e597508: 740f 3b07 | e96d f5ff 

  0x000001db8e597510: ;   {metadata({method} {0x000001db9f0944d8} 'isCompileConstant' '(Ljava/lang/Object;)Z' in 'java/lang/invoke/MethodHandleImpl')}
  0x000001db8e597510: ff49 bad0 | 4409 9fdb | 0100 004c | 8954 2408 | 48c7 0424 | ffff ffff 

  0x000001db8e597528: ;   {runtime_call counter_overflow Runtime1 stub}
  0x000001db8e597528: e853 0f3b 

  0x000001db8e59752c: ; ImmutableOopMap {rdx=Oop r8=Oop rsi=Oop [168]=Oop [184]=Oop [224]=Oop }
                      ;*synchronization entry
                      ; - java.lang.invoke.MethodHandleImpl::isCompileConstant@-1
                      ; - java.lang.invoke.Invokers::checkCustomized@1
                      ; - java.lang.invoke.Invokers$Holder::invokeExact_MT@14
                      ; - jdk.internal.reflect.DirectMethodHandleAccessor::invokeImpl@41
                      ; - jdk.internal.reflect.DirectMethodHandleAccessor::invoke@23
  0x000001db8e59752c: 07e9 85f5 

  0x000001db8e597530: ;   {runtime_call throw_null_pointer_exception Runtime1 stub}
  0x000001db8e597530: ffff e8e9 

  0x000001db8e597534: ; ImmutableOopMap {rdx=Oop r8=Oop rsi=Oop [168]=Oop [184]=Oop [224]=Oop }
                      ;*getfield customized {reexecute=1 rethrow=0 return_oop=0}
                      ; - (reexecute) java.lang.invoke.Invokers::checkCustomized@12
                      ; - java.lang.invoke.Invokers$Holder::invokeExact_MT@14
                      ; - jdk.internal.reflect.DirectMethodHandleAccessor::invokeImpl@41
                      ; - jdk.internal.reflect.DirectMethodHandleAccessor::invoke@23
                      ;   {internal_word}
  0x000001db8e597534: be31 0749 | bab4 6b59 | 8edb 0100 | 004d 8997 | 6804 0000 

  0x000001db8e597548: ;   {runtime_call SafepointBlob}
  0x000001db8e597548: e933 e62f 

  0x000001db8e59754c: ;   {runtime_call throw_null_pointer_exception Runtime1 stub}
  0x000001db8e59754c: 07e8 cebe 

  0x000001db8e597550: ; ImmutableOopMap {rax=Oop [168]=Oop [184]=Oop [224]=Oop }
                      ;*athrow {reexecute=1 rethrow=0 return_oop=0}
                      ; - (reexecute) java.lang.invoke.Invokers::checkExactType@15
                      ; - java.lang.invoke.Invokers$Holder::invokeExact_MT@10
                      ; - jdk.internal.reflect.DirectMethodHandleAccessor::invokeImpl@41
                      ; - jdk.internal.reflect.DirectMethodHandleAccessor::invoke@23
                      ;   {runtime_call throw_null_pointer_exception Runtime1 stub}
  0x000001db8e597550: 3107 e8c9 

  0x000001db8e597554: ; ImmutableOopMap {rax=Oop [168]=Oop [184]=Oop [200]=Oop [208]=Oop [216]=Oop }
                      ;*athrow {reexecute=1 rethrow=0 return_oop=0}
                      ; - (reexecute) java.lang.invoke.Invokers::checkExactType@15
                      ; - java.lang.invoke.LambdaForm$MH/0x000001dba0002c00::invokeExact_MT@11
                      ; - jdk.internal.reflect.DirectMethodHandleAccessor::invokeImpl@72
                      ; - jdk.internal.reflect.DirectMethodHandleAccessor::invoke@23
                      ;   {runtime_call throw_null_pointer_exception Runtime1 stub}
  0x000001db8e597554: be31 07e8 

  0x000001db8e597558: ; ImmutableOopMap {rax=Oop [168]=Oop [176]=Oop [184]=Oop [192]=Oop }
                      ;*athrow {reexecute=1 rethrow=0 return_oop=0}
                      ; - (reexecute) java.lang.invoke.Invokers::checkExactType@15
                      ; - java.lang.invoke.Invokers$Holder::invokeExact_MT@10
                      ; - jdk.internal.reflect.DirectMethodHandleAccessor::invokeImpl@104
                      ; - jdk.internal.reflect.DirectMethodHandleAccessor::invoke@23
  0x000001db8e597558: c4be 3107 

  0x000001db8e59755c: ;   {metadata({method} {0x000001db9f3c87e0} 'isIllegalArgument' '(Ljava/lang/RuntimeException;)Z' in 'jdk/internal/reflect/DirectMethodHandleAccessor')}
  0x000001db8e59755c: 49ba d887 | 3c9f db01 | 0000 4c89 | 5424 0848 | c704 24ff 

  0x000001db8e597570: ;   {runtime_call counter_overflow Runtime1 stub}
  0x000001db8e597570: ffff ffe8 

  0x000001db8e597574: ; ImmutableOopMap {rax=Oop }
                      ;*synchronization entry
                      ; - jdk.internal.reflect.DirectMethodHandleAccessor::isIllegalArgument@-1
                      ; - jdk.internal.reflect.DirectMethodHandleAccessor::invoke@58
  0x000001db8e597574: 080f 3b07 | e96b f7ff 

  0x000001db8e59757c: ;   {metadata({method} {0x000001db9f3c87e0} 'isIllegalArgument' '(Ljava/lang/RuntimeException;)Z' in 'jdk/internal/reflect/DirectMethodHandleAccessor')}
  0x000001db8e59757c: ff49 bad8 | 873c 9fdb | 0100 004c | 8954 2408 | 48c7 0424 | ffff ffff 

  0x000001db8e597594: ;   {runtime_call counter_overflow Runtime1 stub}
  0x000001db8e597594: e8e7 0e3b 

  0x000001db8e597598: ; ImmutableOopMap {rax=Oop }
                      ;*synchronization entry
                      ; - jdk.internal.reflect.DirectMethodHandleAccessor::isIllegalArgument@-1
                      ; - jdk.internal.reflect.DirectMethodHandleAccessor::invoke@30
  0x000001db8e597598: 07e9 05f8 

  0x000001db8e59759c: ;   {metadata(nullptr)}
  0x000001db8e59759c: ffff 48ba | 0000 0000 | 0000 0000 | b800 0f05 

  0x000001db8e5975ac: ;   {runtime_call load_klass_patching Runtime1 stub}
  0x000001db8e5975ac: 0ae8 4ef8 

  0x000001db8e5975b0: ; ImmutableOopMap {}
                      ;*new {reexecute=1 rethrow=0 return_oop=0}
                      ; - (reexecute) jdk.internal.reflect.DirectMethodHandleAccessor::invoke@36
  0x000001db8e5975b0: 3a07 e949 | f8ff ff48 

  0x000001db8e5975b8: ;   {runtime_call fast_new_instance Runtime1 stub}
  0x000001db8e5975b8: 8bd2 e841 

  0x000001db8e5975bc: ; ImmutableOopMap {}
                      ;*new {reexecute=0 rethrow=0 return_oop=0}
                      ; - jdk.internal.reflect.DirectMethodHandleAccessor::invoke@36
  0x000001db8e5975bc: b231 07e9 | 94f8 ffff 

  0x000001db8e5975c4: ;   {runtime_call fast_new_instance Runtime1 stub}
  0x000001db8e5975c4: 488b d2e8 

  0x000001db8e5975c8: ; ImmutableOopMap {r8=Oop }
                      ;*new {reexecute=0 rethrow=0 return_oop=0}
                      ; - jdk.internal.reflect.DirectMethodHandleAccessor::invoke@46
  0x000001db8e5975c8: 34b2 3107 | e930 f9ff 

  0x000001db8e5975d0: ;   {metadata(nullptr)}
  0x000001db8e5975d0: ff48 ba00 | 0000 0000 | 0000 00b8 | 000f 050a 

  0x000001db8e5975e0: ;   {runtime_call load_klass_patching Runtime1 stub}
  0x000001db8e5975e0: e81b f83a 

  0x000001db8e5975e4: ; ImmutableOopMap {[232]=Oop }
                      ;*new {reexecute=1 rethrow=0 return_oop=0}
                      ; - (reexecute) jdk.internal.reflect.DirectMethodHandleAccessor::invoke@64
  0x000001db8e5975e4: 07e9 5ef9 | ffff 488b 

  0x000001db8e5975ec: ;   {runtime_call fast_new_instance Runtime1 stub}
  0x000001db8e5975ec: d2e8 0eb2 

  0x000001db8e5975f0: ; ImmutableOopMap {[232]=Oop }
                      ;*new {reexecute=0 rethrow=0 return_oop=0}
                      ; - jdk.internal.reflect.DirectMethodHandleAccessor::invoke@64
  0x000001db8e5975f0: 3107 e9a9 | f9ff ff48 

  0x000001db8e5975f8: ;   {runtime_call fast_new_instance Runtime1 stub}
  0x000001db8e5975f8: 8bd2 e801 

  0x000001db8e5975fc: ; ImmutableOopMap {r8=Oop }
                      ;*new {reexecute=0 rethrow=0 return_oop=0}
                      ; - jdk.internal.reflect.DirectMethodHandleAccessor::invoke@73
  0x000001db8e5975fc: b231 07e9 | 45fa ffff 

  0x000001db8e597604: ;   {metadata(nullptr)}
  0x000001db8e597604: 48ba 0000 | 0000 0000 | 0000 b800 

  0x000001db8e597610: ;   {runtime_call load_klass_patching Runtime1 stub}
  0x000001db8e597610: 0f05 0ae8 

  0x000001db8e597614: ; ImmutableOopMap {[168]=Oop [176]=Oop [184]=Oop }
                      ;*new {reexecute=1 rethrow=0 return_oop=0}
                      ; - (reexecute) jdk.internal.reflect.DirectMethodHandleAccessor::checkReceiver@14
                      ; - jdk.internal.reflect.DirectMethodHandleAccessor::invoke@9
  0x000001db8e597614: e8f7 3a07 | e973 faff | ff48 8bd2 

  0x000001db8e597620: ;   {runtime_call fast_new_instance Runtime1 stub}
  0x000001db8e597620: e8db b131 

  0x000001db8e597624: ; ImmutableOopMap {[168]=Oop [176]=Oop [184]=Oop }
                      ;*new {reexecute=0 rethrow=0 return_oop=0}
                      ; - jdk.internal.reflect.DirectMethodHandleAccessor::checkReceiver@14
                      ; - jdk.internal.reflect.DirectMethodHandleAccessor::invoke@9
  0x000001db8e597624: 07e9 befa | ffff 488b 

  0x000001db8e59762c: ;   {runtime_call fast_new_instance Runtime1 stub}
  0x000001db8e59762c: d2e8 ceb1 

  0x000001db8e597630: ; ImmutableOopMap {r8=Oop }
                      ;*new {reexecute=0 rethrow=0 return_oop=0}
                      ; - jdk.internal.reflect.DirectMethodHandleAccessor::invoke@83
  0x000001db8e597630: 3107 e970 | fbff ff49 | 8b87 0005 | 0000 49c7 | 8700 0500 | 0000 0000 | 0049 c787 | 0805 0000 
  0x000001db8e597650: 0000 0000 | 4881 c430 | 0100 005d 

  0x000001db8e59765c: ;   {runtime_call unwind_exception Runtime1 stub}
  0x000001db8e59765c: e99f cc31 | 07f4 f4f4 | f4f4 f4f4 
[Stub Code]
  0x000001db8e597668: ;   {no_reloc}
  0x000001db8e597668: 0f1f 4400 

  0x000001db8e59766c: ;   {static_stub}
  0x000001db8e59766c: 0048 bbb0 | 8a47 e0db 

  0x000001db8e597674: ;   {runtime_call I2C/C2I adapters}
  0x000001db8e597674: 0100 00e9 | fbcd 2f07 

  0x000001db8e59767c: ;   {static_stub}
  0x000001db8e59767c: 9048 bb10 | e50a 9fdb 

  0x000001db8e597684: ;   {runtime_call I2C/C2I adapters}
  0x000001db8e597684: 0100 00e9 | 63e8 2e07 

  0x000001db8e59768c: ;   {static_stub}
  0x000001db8e59768c: 9048 bb00 | 0000 0000 

  0x000001db8e597694: ;   {runtime_call nmethod}
  0x000001db8e597694: 0000 00e9 | fbff ffff 

  0x000001db8e59769c: ;   {static_stub}
  0x000001db8e59769c: 9048 bb00 | 0000 0000 

  0x000001db8e5976a4: ;   {runtime_call nmethod}
  0x000001db8e5976a4: 0000 00e9 | fbff ffff 

  0x000001db8e5976ac: ;   {static_stub}
  0x000001db8e5976ac: 48bb 0000 | 0000 0000 

  0x000001db8e5976b4: ;   {runtime_call nmethod}
  0x000001db8e5976b4: 0000 e9fb 

  0x000001db8e5976b8: ;   {static_stub}
  0x000001db8e5976b8: ffff ff48 | bb00 0000 | 0000 0000 

  0x000001db8e5976c4: ;   {runtime_call nmethod}
  0x000001db8e5976c4: 00e9 fbff 

  0x000001db8e5976c8: ;   {static_stub}
  0x000001db8e5976c8: ffff 48bb | 0000 0000 | 0000 0000 

  0x000001db8e5976d4: ;   {runtime_call nmethod}
  0x000001db8e5976d4: e9fb ffff 

  0x000001db8e5976d8: ;   {static_stub}
  0x000001db8e5976d8: ff48 bb00 | 0000 0000 

  0x000001db8e5976e0: ;   {runtime_call nmethod}
  0x000001db8e5976e0: 0000 00e9 | fbff ffff 

  0x000001db8e5976e8: ;   {static_stub}
  0x000001db8e5976e8: 48bb 0000 | 0000 0000 

  0x000001db8e5976f0: ;   {runtime_call nmethod}
  0x000001db8e5976f0: 0000 e9fb 

  0x000001db8e5976f4: ;   {static_stub}
  0x000001db8e5976f4: ffff ff48 | bb00 0000 | 0000 0000 

  0x000001db8e597700: ;   {runtime_call nmethod}
  0x000001db8e597700: 00e9 fbff 

  0x000001db8e597704: ;   {static_stub}
  0x000001db8e597704: ffff 48bb | 0000 0000 | 0000 0000 

  0x000001db8e597710: ;   {runtime_call nmethod}
  0x000001db8e597710: e9fb ffff 

  0x000001db8e597714: ;   {static_stub}
  0x000001db8e597714: ff48 bb00 | 0000 0000 

  0x000001db8e59771c: ;   {runtime_call nmethod}
  0x000001db8e59771c: 0000 00e9 | fbff ffff 

  0x000001db8e597724: ;   {static_stub}
  0x000001db8e597724: 48bb 0000 | 0000 0000 

  0x000001db8e59772c: ;   {runtime_call nmethod}
  0x000001db8e59772c: 0000 e9fb 

  0x000001db8e597730: ;   {static_stub}
  0x000001db8e597730: ffff ff48 | bb00 0000 | 0000 0000 

  0x000001db8e59773c: ;   {runtime_call nmethod}
  0x000001db8e59773c: 00e9 fbff 

  0x000001db8e597740: ;   {runtime_call handle_exception_from_callee Runtime1 stub}
  0x000001db8e597740: ffff e8b9 

  0x000001db8e597744: ;   {external_word}
  0x000001db8e597744: d03a 0748 | b940 53a4 | cafc 7f00 | 0048 83e4 

  0x000001db8e597754: ;   {runtime_call}
  0x000001db8e597754: f048 b8b0 | c366 cafc | 7f00 00ff 

  0x000001db8e597760: ;   {section_word}
  0x000001db8e597760: d0f4 49ba | 6277 598e | db01 0000 

  0x000001db8e59776c: ;   {runtime_call DeoptimizationBlob}
  0x000001db8e59776c: 4152 e9ad 

  0x000001db8e597770: ;   {section_word}
  0x000001db8e597770: f82f 0749 | ba73 7759 | 8edb 0100 

  0x000001db8e59777c: ;   {runtime_call DeoptimizationBlob}
  0x000001db8e59777c: 0041 52e9 | 9cf8 2f07 | f4f4 f4f4 
[/MachCode]


Compiled method (c1) 10007 1501       3       java.lang.reflect.Method::invoke (108 bytes)
 total in heap  [0x000001db8e590a90,0x000001db8e591508] = 2680
 relocation     [0x000001db8e590bf0,0x000001db8e590cb0] = 192
 main code      [0x000001db8e590cc0,0x000001db8e5912a0] = 1504
 stub code      [0x000001db8e5912a0,0x000001db8e591338] = 152
 metadata       [0x000001db8e591338,0x000001db8e591350] = 24
 scopes data    [0x000001db8e591350,0x000001db8e591410] = 192
 scopes pcs     [0x000001db8e591410,0x000001db8e5914e0] = 208
 dependencies   [0x000001db8e5914e0,0x000001db8e5914e8] = 8
 nul chk table  [0x000001db8e5914e8,0x000001db8e591508] = 32

[Constant Pool (empty)]

[MachCode]
[Entry Point]
  # {method} {0x000001db9f044978} 'invoke' '(Ljava/lang/Object;[Ljava/lang/Object;)Ljava/lang/Object;' in 'java/lang/reflect/Method'
  # this:     rdx:rdx   = 'java/lang/reflect/Method'
  # parm0:    r8:r8     = 'java/lang/Object'
  # parm1:    r9:r9     = '[Ljava/lang/Object;'
  #           [sp+0x90]  (sp of caller)
  0x000001db8e590cc0: 448b 5208 | 49bb 0000 | 009f db01 | 0000 4d03 | d34c 3bd0 

  0x000001db8e590cd4: ;   {runtime_call ic_miss_stub}
  0x000001db8e590cd4: 0f85 a6d9 | 2f07 660f | 1f44 0000 
[Verified Entry Point]
  0x000001db8e590ce0: 8984 2400 | 80ff ff55 | 4881 ec80 | 0000 0090 | 4181 7f20 | 0200 0000 

  0x000001db8e590cf8: ;   {runtime_call StubRoutines (final stubs)}
  0x000001db8e590cf8: 7405 e801 | cb2e 0748 | 8954 2448 | 4c89 4424 

  0x000001db8e590d08: ;   {metadata(method data for {method} {0x000001db9f044978} 'invoke' '(Ljava/lang/Object;[Ljava/lang/Object;)Ljava/lang/Object;' in 'java/lang/reflect/Method')}
  0x000001db8e590d08: 5048 be30 | 6938 e0db | 0100 008b | becc 0000 | 0083 c702 | 89be cc00 | 0000 81e7 | fe07 0000 
  0x000001db8e590d28: 85ff 0f84 | c204 0000 | 4c89 4c24 | 5848 8bf2 

  0x000001db8e590d38: ;   {metadata(method data for {method} {0x000001db9f044978} 'invoke' '(Ljava/lang/Object;[Ljava/lang/Object;)Ljava/lang/Object;' in 'java/lang/reflect/Method')}
  0x000001db8e590d38: 48bf 3069 | 38e0 db01 | 0000 4883 | 8710 0100 | 0001 488b | f248 8bd6 | 0f1f 8000 

  0x000001db8e590d54: ;   {optimized virtual_call}
  0x000001db8e590d54: 0000 00e8 

  0x000001db8e590d58: ; ImmutableOopMap {[72]=Oop [80]=Oop [88]=Oop }
                      ;*invokevirtual isCallerSensitive {reexecute=0 rethrow=0 return_oop=0}
                      ; - java.lang.reflect.Method::invoke@1
  0x000001db8e590d58: a4f0 ffff 

  0x000001db8e590d5c: ;   {other}
  0x000001db8e590d5c: 0f1f 8400 | cc02 0000 | 488b 5424 | 480f be72 

  0x000001db8e590d6c: ;   {metadata(method data for {method} {0x000001db9f044978} 'invoke' '(Ljava/lang/Object;[Ljava/lang/Object;)Ljava/lang/Object;' in 'java/lang/reflect/Method')}
  0x000001db8e590d6c: 0c85 f648 | be30 6938 | e0db 0100 | 0048 c7c7 | 4801 0000 | 7407 48c7 | c758 0100 | 0048 8b1c 
  0x000001db8e590d8c: 3e48 8d5b | 0148 891c | 3e0f 8441 | 0000 0085 

  0x000001db8e590d9c: ;   {metadata(method data for {method} {0x000001db9f044978} 'invoke' '(Ljava/lang/Object;[Ljava/lang/Object;)Ljava/lang/Object;' in 'java/lang/reflect/Method')}
  0x000001db8e590d9c: c048 be30 | 6938 e0db | 0100 0048 | c7c7 7801 | 0000 7507 | 48c7 c768 | 0100 0048 | 8b1c 3e48 
  0x000001db8e590dbc: 8d5b 0148 | 891c 3e0f | 8513 0000 

  0x000001db8e590dc8: ;   {oop(nullptr)}
  0x000001db8e590dc8: 0048 bb00 | 0000 0000 | 0000 0089 | 4424 60e9 | 3000 0000 | 8944 2460 

  0x000001db8e590de0: ;   {metadata(method data for {method} {0x000001db9f044978} 'invoke' '(Ljava/lang/Object;[Ljava/lang/Object;)Ljava/lang/Object;' in 'java/lang/reflect/Method')}
  0x000001db8e590de0: 48be 3069 | 38e0 db01 | 0000 4883 | 8688 0100 | 0001 0f1f 

  0x000001db8e590df4: ;   {static_call}
  0x000001db8e590df4: 4400 00e8 

  0x000001db8e590df8: ; ImmutableOopMap {[72]=Oop [80]=Oop [88]=Oop }
                      ;*invokestatic getCallerClass {reexecute=0 rethrow=0 return_oop=0}
                      ; - java.lang.reflect.Method::invoke@19
  0x000001db8e590df8: e44b 8707 

  0x000001db8e590dfc: ;   {other}
  0x000001db8e590dfc: 0f1f 8400 | 6c03 0001 | 488b d848 | 8b54 2448 | 440f be42 | 0c45 85c0 

  0x000001db8e590e14: ;   {metadata(method data for {method} {0x000001db9f044978} 'invoke' '(Ljava/lang/Object;[Ljava/lang/Object;)Ljava/lang/Object;' in 'java/lang/reflect/Method')}
  0x000001db8e590e14: 49b8 3069 | 38e0 db01 | 0000 49c7 | c1a8 0100 | 0074 0749 | c7c1 9801 | 0000 4b8b | 3c08 488d 
  0x000001db8e590e34: 7f01 4b89 | 3c08 0f84 | 0a00 0000 | 4889 5c24 | 68e9 5701 | 0000 448b | 4a24 8b72 

  0x000001db8e590e50: ;   {metadata(method data for {method} {0x000001db9f044978} 'invoke' '(Ljava/lang/Object;[Ljava/lang/Object;)Ljava/lang/Object;' in 'java/lang/reflect/Method')}
  0x000001db8e590e50: 2049 b830 | 6938 e0db | 0100 0049 | 8380 b801 

  0x000001db8e590e60: ;   {metadata(method data for {method} {0x000001db9f3df2e0} 'isStatic' '(I)Z' in 'java/lang/reflect/Modifier')}
  0x000001db8e590e60: 0000 0149 | b8d0 4009 | e0db 0100 | 0041 8bb8 | cc00 0000 | 83c7 0241 | 89b8 cc00 | 0000 81e7 
  0x000001db8e590e80: feff 1f00 | 85ff 0f84 | 8703 0000 | 4c8b c641 | 83e0 0845 

  0x000001db8e590e94: ;   {metadata(method data for {method} {0x000001db9f3df2e0} 'isStatic' '(I)Z' in 'java/lang/reflect/Modifier')}
  0x000001db8e590e94: 85c0 49b8 | d040 09e0 | db01 0000 | 48c7 c710 | 0100 0074 | 0748 c7c7 | 2001 0000 | 498b 0438 
  0x000001db8e590eb4: 488d 4001 | 4989 0438 | 0f84 1c00 

  0x000001db8e590ec0: ;   {metadata(method data for {method} {0x000001db9f3df2e0} 'isStatic' '(I)Z' in 'java/lang/reflect/Modifier')}
  0x000001db8e590ec0: 0000 49b8 | d040 09e0 | db01 0000 | 41ff 8030 | 0100 0041 | b801 0000 | 00e9 0600 | 0000 41b8 
  0x000001db8e590ee0: 0000 0000 | 4183 e001 

  0x000001db8e590ee8: ;   {metadata(method data for {method} {0x000001db9f044978} 'invoke' '(Ljava/lang/Object;[Ljava/lang/Object;)Ljava/lang/Object;' in 'java/lang/reflect/Method')}
  0x000001db8e590ee8: 4585 c049 | b830 6938 | e0db 0100 | 0048 c7c7 | c801 0000 | 7407 48c7 | c7d8 0100 | 0049 8b04 
  0x000001db8e590f08: 3848 8d40 | 0149 8904 | 380f 8420 

  0x000001db8e590f14: ;   {metadata(method data for {method} {0x000001db9f044978} 'invoke' '(Ljava/lang/Object;[Ljava/lang/Object;)Ljava/lang/Object;' in 'java/lang/reflect/Method')}
  0x000001db8e590f14: 0000 0049 | b830 6938 | e0db 0100 | 0041 ff80 | e801 0000 

  0x000001db8e590f28: ;   {oop(nullptr)}
  0x000001db8e590f28: 48bf 0000 | 0000 0000 | 0000 e935 | 0000 004c | 8b44 2450 

  0x000001db8e590f3c: ; implicit exception: dispatches to 0x000001db8e591234
  0x000001db8e590f3c: 493b 0049 

  0x000001db8e590f40: ;   {metadata(method data for {method} {0x000001db9f044978} 'invoke' '(Ljava/lang/Object;[Ljava/lang/Object;)Ljava/lang/Object;' in 'java/lang/reflect/Method')}
  0x000001db8e590f40: 8bf8 48b8 | 3069 38e0 | db01 0000 | 4883 8000 | 0200 0001 | 418b 7808 | 49ba 0000 | 009f db01 
  0x000001db8e590f60: 0000 4903 | fa48 8b7f | 7048 8b3f 

  0x000001db8e590f6c: ;   {metadata(method data for {method} {0x000001db9f044978} 'invoke' '(Ljava/lang/Object;[Ljava/lang/Object;)Ljava/lang/Object;' in 'java/lang/reflect/Method')}
  0x000001db8e590f6c: 488b c248 | b930 6938 | e0db 0100 | 0048 8381 | 3802 0000 | 014c 8bc3 | 488b ca48 | 8bd1 4889 
  0x000001db8e590f8c: ;   {optimized virtual_call}
  0x000001db8e590f8c: 5c24 68e8 

  0x000001db8e590f90: ; ImmutableOopMap {[72]=Oop [80]=Oop [88]=Oop [104]=Oop }
                      ;*invokevirtual checkAccess {reexecute=0 rethrow=0 return_oop=0}
                      ; - java.lang.reflect.Method::invoke@60
  0x000001db8e590f90: 0ccd ffff 

  0x000001db8e590f94: ;   {other}
  0x000001db8e590f94: 0f1f 8400 | 0405 0002 | 488b 5424 | 488b 724c 

  0x000001db8e590fa4: ;   {metadata(method data for {method} {0x000001db9f044978} 'invoke' '(Ljava/lang/Object;[Ljava/lang/Object;)Ljava/lang/Object;' in 'java/lang/reflect/Method')}
  0x000001db8e590fa4: 4885 f648 | bf30 6938 | e0db 0100 | 0048 c7c3 | 7002 0000 | 7507 48c7 | c380 0200 | 0048 8b04 
  0x000001db8e590fc4: 1f48 8d40 | 0148 8904 | 1f0f 852c | 0000 0048 

  0x000001db8e590fd4: ;   {metadata(method data for {method} {0x000001db9f044978} 'invoke' '(Ljava/lang/Object;[Ljava/lang/Object;)Ljava/lang/Object;' in 'java/lang/reflect/Method')}
  0x000001db8e590fd4: 8bf2 48bf | 3069 38e0 | db01 0000 | 4883 8790 | 0200 0001 | 0f1f 8000 

  0x000001db8e590fec: ;   {optimized virtual_call}
  0x000001db8e590fec: 0000 00e8 

  0x000001db8e590ff0: ; ImmutableOopMap {[80]=Oop [88]=Oop [104]=Oop }
                      ;*invokevirtual acquireMethodAccessor {reexecute=0 rethrow=0 return_oop=0}
                      ; - java.lang.reflect.Method::invoke@75
  0x000001db8e590ff0: fd02 0000 

  0x000001db8e590ff4: ;   {other}
  0x000001db8e590ff4: 0f1f 8400 | 6405 0003 | 488b f08b | 4424 6085 

  0x000001db8e591004: ;   {metadata(method data for {method} {0x000001db9f044978} 'invoke' '(Ljava/lang/Object;[Ljava/lang/Object;)Ljava/lang/Object;' in 'java/lang/reflect/Method')}
  0x000001db8e591004: c049 b830 | 6938 e0db | 0100 0049 | c7c1 c802 | 0000 7407 | 49c7 c1d8 | 0200 004b | 8b3c 0848 
  0x000001db8e591024: 8d7f 014b | 893c 080f | 84ea 0000 | 0048 8b5c | 2468 483b | 064c 8bc6 

  0x000001db8e59103c: ;   {metadata(method data for {method} {0x000001db9f044978} 'invoke' '(Ljava/lang/Object;[Ljava/lang/Object;)Ljava/lang/Object;' in 'java/lang/reflect/Method')}
  0x000001db8e59103c: 49b9 3069 | 38e0 db01 | 0000 458b | 4008 49ba | 0000 009f | db01 0000 | 4d03 c24d | 3b81 f802 
  0x000001db8e59105c: 0000 750d | 4983 8100 | 0300 0001 | e960 0000 | 004d 3b81 | 0803 0000 | 750d 4983 | 8110 0300 
  0x000001db8e59107c: 0001 e94a | 0000 0049 | 83b9 f802 | 0000 0075 | 174d 8981 | f802 0000 | 49c7 8100 | 0300 0001 
  0x000001db8e59109c: 0000 00e9 | 2900 0000 | 4983 b908 | 0300 0000 | 7517 4d89 | 8108 0300 | 0049 c781 | 1003 0000 
  0x000001db8e5910bc: 0100 0000 | e908 0000 | 0049 8381 | e802 0000 | 014c 8b44 | 2450 4c8b | 4c24 5848 | 8bfb 488b 
  0x000001db8e5910dc: d648 b830 | c2e3 e4db 

  0x000001db8e5910e4: ;   {virtual_call}
  0x000001db8e5910e4: 0100 00e8 

  0x000001db8e5910e8: ; ImmutableOopMap {}
                      ;*invokeinterface invoke {reexecute=0 rethrow=0 return_oop=0}
                      ; - java.lang.reflect.Method::invoke@90
  0x000001db8e5910e8: d14d 2f07 

  0x000001db8e5910ec: ;   {other}
  0x000001db8e5910ec: 0f1f 8400 | 5c06 0004 

  0x000001db8e5910f4: ;   {metadata(method data for {method} {0x000001db9f044978} 'invoke' '(Ljava/lang/Object;[Ljava/lang/Object;)Ljava/lang/Object;' in 'java/lang/reflect/Method')}
  0x000001db8e5910f4: 49b8 3069 | 38e0 db01 | 0000 41ff | 8020 0300 | 0048 81c4 | 8000 0000 

  0x000001db8e59110c: ;   {poll_return}
  0x000001db8e59110c: 5d49 3ba7 | 5004 0000 | 0f87 2401 | 0000 c34c | 8b4c 2458 | 4c8b 4424 | 5048 3b06 

  0x000001db8e591128: ;   {metadata(method data for {method} {0x000001db9f044978} 'invoke' '(Ljava/lang/Object;[Ljava/lang/Object;)Ljava/lang/Object;' in 'java/lang/reflect/Method')}
  0x000001db8e591128: 488b d648 | bf30 6938 | e0db 0100 | 008b 5208 | 49ba 0000 | 009f db01 | 0000 4903 | d248 3b97 
  0x000001db8e591148: 4803 0000 | 750d 4883 | 8750 0300 | 0001 e960 | 0000 0048 | 3b97 5803 | 0000 750d | 4883 8760 
  0x000001db8e591168: 0300 0001 | e94a 0000 | 0048 83bf | 4803 0000 | 0075 1748 | 8997 4803 | 0000 48c7 | 8750 0300 
  0x000001db8e591188: 0001 0000 | 00e9 2900 | 0000 4883 | bf58 0300 | 0000 7517 | 4889 9758 | 0300 0048 | c787 6003 
  0x000001db8e5911a8: 0000 0100 | 0000 e908 | 0000 0048 | 8387 3803 | 0000 0148 | 8bd6 0f1f | 8000 0000 | 0048 b8b8 
  0x000001db8e5911c8: ca19 9fdb 

  0x000001db8e5911cc: ;   {virtual_call}
  0x000001db8e5911cc: 0100 00e8 

  0x000001db8e5911d0: ; ImmutableOopMap {}
                      ;*invokeinterface invoke {reexecute=0 rethrow=0 return_oop=0}
                      ; - java.lang.reflect.Method::invoke@102
  0x000001db8e5911d0: 2c42 0000 

  0x000001db8e5911d4: ;   {other}
  0x000001db8e5911d4: 0f1f 8400 | 4407 0005 | 4881 c480 | 0000 005d 

  0x000001db8e5911e4: ;   {poll_return}
  0x000001db8e5911e4: 493b a750 | 0400 000f | 8768 0000 

  0x000001db8e5911f0: ;   {metadata({method} {0x000001db9f044978} 'invoke' '(Ljava/lang/Object;[Ljava/lang/Object;)Ljava/lang/Object;' in 'java/lang/reflect/Method')}
  0x000001db8e5911f0: 00c3 49ba | 7049 049f | db01 0000 | 4c89 5424 | 0848 c704 | 24ff ffff 

  0x000001db8e591208: ;   {runtime_call counter_overflow Runtime1 stub}
  0x000001db8e591208: ffe8 7272 

  0x000001db8e59120c: ; ImmutableOopMap {rdx=Oop r8=Oop r9=Oop [72]=Oop [80]=Oop }
                      ;*synchronization entry
                      ; - java.lang.reflect.Method::invoke@-1
  0x000001db8e59120c: 3b07 e91d 

  0x000001db8e591210: ;   {metadata({method} {0x000001db9f3df2e0} 'isStatic' '(I)Z' in 'java/lang/reflect/Modifier')}
  0x000001db8e591210: fbff ff49 | bad8 f23d | 9fdb 0100 | 004c 8954 | 2408 48c7 | 0424 ffff 

  0x000001db8e591228: ;   {runtime_call counter_overflow Runtime1 stub}
  0x000001db8e591228: ffff e851 

  0x000001db8e59122c: ; ImmutableOopMap {rbx=Oop rdx=Oop r9=Oop [72]=Oop [80]=Oop [88]=Oop }
                      ;*synchronization entry
                      ; - java.lang.reflect.Modifier::isStatic@-1
                      ; - java.lang.reflect.Method::invoke@42
  0x000001db8e59122c: 723b 07e9 | 58fc ffff 

  0x000001db8e591234: ;   {runtime_call throw_null_pointer_exception Runtime1 stub}
  0x000001db8e591234: e8e7 2132 

  0x000001db8e591238: ; ImmutableOopMap {rbx=Oop rdx=Oop r9=Oop r8=Oop [72]=Oop [80]=Oop [88]=Oop }
                      ;*invokevirtual getClass {reexecute=0 rethrow=0 return_oop=0}
                      ; - java.lang.reflect.Method::invoke@53
                      ;   {runtime_call throw_null_pointer_exception Runtime1 stub}
  0x000001db8e591238: 07e8 e221 

  0x000001db8e59123c: ; ImmutableOopMap {rsi=Oop rbx=Oop [80]=Oop [88]=Oop }
                      ;*invokeinterface invoke {reexecute=0 rethrow=0 return_oop=0}
                      ; - java.lang.reflect.Method::invoke@90
                      ;   {internal_word}
  0x000001db8e59123c: 3207 49ba | 0d11 598e | db01 0000 | 4d89 9768 

  0x000001db8e59124c: ;   {runtime_call SafepointBlob}
  0x000001db8e59124c: 0400 00e9 | 2c49 3007 

  0x000001db8e591254: ;   {runtime_call throw_null_pointer_exception Runtime1 stub}
  0x000001db8e591254: e8c7 2132 

  0x000001db8e591258: ; ImmutableOopMap {r9=Oop r8=Oop rsi=Oop [80]=Oop }
                      ;*invokeinterface invoke {reexecute=0 rethrow=0 return_oop=0}
                      ; - java.lang.reflect.Method::invoke@102
                      ;   {internal_word}
  0x000001db8e591258: 0749 bae4 | 1159 8edb | 0100 004d | 8997 6804 

  0x000001db8e591268: ;   {runtime_call SafepointBlob}
  0x000001db8e591268: 0000 e911 | 4930 0749 | 8b87 0005 | 0000 49c7 | 8700 0500 | 0000 0000 | 0049 c787 | 0805 0000 
  0x000001db8e591288: 0000 0000 | 4881 c480 | 0000 005d 

  0x000001db8e591294: ;   {runtime_call unwind_exception Runtime1 stub}
  0x000001db8e591294: e967 3032 | 07f4 f4f4 | f4f4 f4f4 
[Stub Code]
  0x000001db8e5912a0: ;   {no_reloc}
  0x000001db8e5912a0: 0f1f 4400 

  0x000001db8e5912a4: ;   {static_stub}
  0x000001db8e5912a4: 0048 bb00 | 0000 0000 

  0x000001db8e5912ac: ;   {runtime_call nmethod}
  0x000001db8e5912ac: 0000 00e9 | fbff ffff 

  0x000001db8e5912b4: ;   {static_stub}
  0x000001db8e5912b4: 9048 bb00 | 0000 0000 

  0x000001db8e5912bc: ;   {runtime_call nmethod}
  0x000001db8e5912bc: 0000 00e9 | fbff ffff 

  0x000001db8e5912c4: ;   {static_stub}
  0x000001db8e5912c4: 48bb 0000 | 0000 0000 

  0x000001db8e5912cc: ;   {runtime_call nmethod}
  0x000001db8e5912cc: 0000 e9fb 

  0x000001db8e5912d0: ;   {static_stub}
  0x000001db8e5912d0: ffff ff48 | bb00 0000 | 0000 0000 

  0x000001db8e5912dc: ;   {runtime_call nmethod}
  0x000001db8e5912dc: 00e9 fbff 

  0x000001db8e5912e0: ;   {static_stub}
  0x000001db8e5912e0: ffff 48bb | 0000 0000 | 0000 0000 

  0x000001db8e5912ec: ;   {runtime_call nmethod}
  0x000001db8e5912ec: e9fb ffff 

  0x000001db8e5912f0: ;   {static_stub}
  0x000001db8e5912f0: ff48 bbe8 | 4d04 9fdb 

  0x000001db8e5912f8: ;   {runtime_call I2C/C2I adapters}
  0x000001db8e5912f8: 0100 00e9 | e3c8 2f07 
[Exception Handler]
  0x000001db8e591300: ;   {runtime_call handle_exception_from_callee Runtime1 stub}
  0x000001db8e591300: e8fb 343b 

  0x000001db8e591304: ;   {external_word}
  0x000001db8e591304: 0748 b940 | 53a4 cafc | 7f00 0048 

  0x000001db8e591310: ;   {runtime_call}
  0x000001db8e591310: 83e4 f048 | b8b0 c366 | cafc 7f00 | 00ff d0f4 
[Deopt Handler Code]
  0x000001db8e591320: ;   {section_word}
  0x000001db8e591320: 49ba 2013 | 598e db01 | 0000 4152 

  0x000001db8e59132c: ;   {runtime_call DeoptimizationBlob}
  0x000001db8e59132c: e9ef 5c30 | 07f4 f4f4 | f4f4 f4f4 
[/MachCode]


---------------  P R O C E S S  ---------------

Threads class SMR info:
_java_thread_list=0x000001dbe662aa70, length=28, elements={
0x000001db8b10ccc0, 0x000001db8b1c8710, 0x000001db8b1cb9a0, 0x000001db8aeb2fd0,
0x000001db8aeb5910, 0x000001db8aeb6370, 0x000001db8aeb3640, 0x000001db8aeb4480,
0x000001db8af2f6c0, 0x000001dbe4129790, 0x000001dbe41c82e0, 0x000001dbe47c2040,
0x000001dbe4914360, 0x000001dbe4d917a0, 0x000001dbe48c4f70, 0x000001dbe4af29d0,
0x000001dbe4ee96b0, 0x000001dbe50cb900, 0x000001dbe4f3a920, 0x000001dbe4f3a290,
0x000001dbe4f374a0, 0x000001dbe4f381c0, 0x000001dbe4f38850, 0x000001dbe4f38ee0,
0x000001dbe4f37b30, 0x000001dbe4f39570, 0x000001dbe4f39c00, 0x000001dbe551ee20
}

Java Threads: ( => current thread )
  0x000001db8b10ccc0 JavaThread "main"                              [_thread_blocked, id=23272, stack(0x000000341de00000,0x000000341df00000) (1024K)]
  0x000001db8b1c8710 JavaThread "Reference Handler"          daemon [_thread_blocked, id=20220, stack(0x000000341e300000,0x000000341e400000) (1024K)]
  0x000001db8b1cb9a0 JavaThread "Finalizer"                  daemon [_thread_blocked, id=14892, stack(0x000000341e400000,0x000000341e500000) (1024K)]
  0x000001db8aeb2fd0 JavaThread "Signal Dispatcher"          daemon [_thread_blocked, id=15292, stack(0x000000341e500000,0x000000341e600000) (1024K)]
  0x000001db8aeb5910 JavaThread "Attach Listener"            daemon [_thread_blocked, id=15732, stack(0x000000341e600000,0x000000341e700000) (1024K)]
  0x000001db8aeb6370 JavaThread "Service Thread"             daemon [_thread_blocked, id=8336, stack(0x000000341e700000,0x000000341e800000) (1024K)]
  0x000001db8aeb3640 JavaThread "Monitor Deflation Thread"   daemon [_thread_blocked, id=8704, stack(0x000000341e800000,0x000000341e900000) (1024K)]
  0x000001db8aeb4480 JavaThread "C2 CompilerThread0"         daemon [_thread_blocked, id=4908, stack(0x000000341e900000,0x000000341ea00000) (1024K)]
  0x000001db8af2f6c0 JavaThread "C1 CompilerThread0"         daemon [_thread_blocked, id=4036, stack(0x000000341ea00000,0x000000341eb00000) (1024K)]
  0x000001dbe4129790 JavaThread "Common-Cleaner"             daemon [_thread_blocked, id=13476, stack(0x000000341eb00000,0x000000341ec00000) (1024K)]
  0x000001dbe41c82e0 JavaThread "Notification Thread"        daemon [_thread_blocked, id=1896, stack(0x000000341ec00000,0x000000341ed00000) (1024K)]
  0x000001dbe47c2040 JavaThread "Active Thread: Equinox Container: a8ddede7-368d-439e-924d-1445d86e48de"        [_thread_blocked, id=3796, stack(0x000000341f100000,0x000000341f200000) (1024K)]
  0x000001dbe4914360 JavaThread "Framework Event Dispatcher: Equinox Container: a8ddede7-368d-439e-924d-1445d86e48de" daemon [_thread_blocked, id=10708, stack(0x000000341f200000,0x000000341f300000) (1024K)]
  0x000001dbe4d917a0 JavaThread "Start Level: Equinox Container: a8ddede7-368d-439e-924d-1445d86e48de" daemon [_thread_blocked, id=18664, stack(0x000000341f300000,0x000000341f400000) (1024K)]
  0x000001dbe48c4f70 JavaThread "SCR Component Actor"        daemon [_thread_blocked, id=22472, stack(0x000000341f000000,0x000000341f100000) (1024K)]
  0x000001dbe4af29d0 JavaThread "Worker-JM"                         [_thread_blocked, id=17588, stack(0x000000341f500000,0x000000341f600000) (1024K)]
  0x000001dbe4ee96b0 JavaThread "JNA Cleaner"                daemon [_thread_blocked, id=9268, stack(0x000000341f400000,0x000000341f500000) (1024K)]
  0x000001dbe50cb900 JavaThread "Worker-0"                          [_thread_blocked, id=11056, stack(0x000000341f600000,0x000000341f700000) (1024K)]
  0x000001dbe4f3a920 JavaThread "Worker-1"                          [_thread_blocked, id=22740, stack(0x000000341f700000,0x000000341f800000) (1024K)]
  0x000001dbe4f3a290 JavaThread "Thread-1"                   daemon [_thread_in_native, id=18720, stack(0x000000341fb00000,0x000000341fc00000) (1024K)]
  0x000001dbe4f374a0 JavaThread "Thread-2"                   daemon [_thread_in_native, id=9560, stack(0x000000341fc00000,0x000000341fd00000) (1024K)]
  0x000001dbe4f381c0 JavaThread "Thread-3"                   daemon [_thread_in_native, id=11844, stack(0x000000341fd00000,0x000000341fe00000) (1024K)]
  0x000001dbe4f38850 JavaThread "Thread-4"                   daemon [_thread_in_native, id=15076, stack(0x000000341fe00000,0x000000341ff00000) (1024K)]
  0x000001dbe4f38ee0 JavaThread "Thread-5"                   daemon [_thread_in_native, id=3828, stack(0x000000341ff00000,0x0000003420000000) (1024K)]
  0x000001dbe4f37b30 JavaThread "pool-2-thread-1"                   [_thread_blocked, id=20420, stack(0x0000003420000000,0x0000003420100000) (1024K)]
  0x000001dbe4f39570 JavaThread "Worker-2"                          [_thread_blocked, id=23004, stack(0x0000003420100000,0x0000003420200000) (1024K)]
  0x000001dbe4f39c00 JavaThread "WorkspaceEventsHandler"            [_thread_blocked, id=13628, stack(0x0000003420200000,0x0000003420300000) (1024K)]
=>0x000001dbe551ee20 JavaThread "pool-1-thread-1"                   [_thread_in_vm, id=16396, stack(0x0000003420300000,0x0000003420400000) (1024K)]
Total: 28

Other Threads:
  0x000001db8aeaee20 VMThread "VM Thread"                           [id=4696, stack(0x000000341e200000,0x000000341e300000) (1024K)]
  0x000001db8b17af50 WatcherThread "VM Periodic Task Thread"        [id=20780, stack(0x000000341e100000,0x000000341e200000) (1024K)]
  0x000001db8b12b7b0 WorkerThread "GC Thread#0"                     [id=21312, stack(0x000000341e000000,0x000000341e100000) (1024K)]
  0x000001dbe499d6f0 WorkerThread "GC Thread#1"                     [id=13492, stack(0x000000341ed00000,0x000000341ee00000) (1024K)]
  0x000001dbe499daa0 WorkerThread "GC Thread#2"                     [id=20632, stack(0x000000341ee00000,0x000000341ef00000) (1024K)]
  0x000001dbe499d340 WorkerThread "GC Thread#3"                     [id=17192, stack(0x000000341ef00000,0x000000341f000000) (1024K)]
Total: 6

Threads with active compile tasks:
Total: 0

VM state: not at safepoint (normal execution)

VM Mutex/Monitor currently owned by a thread:  ([mutex/lock_event])
[0x00007ffccacfc4e0] Metaspace_lock - owner thread: 0x000001dbe551ee20

Heap address: 0x00000000e0000000, size: 512 MB, Compressed Oops mode: 32-bit

CDS archive(s) mapped at: [0x000001db9f000000-0x000001db9fba0000-0x000001db9fba0000), size 12189696, SharedBaseAddress: 0x000001db9f000000, ArchiveRelocationMode: 1.
Compressed class space mapped at: 0x000001dba0000000-0x000001dbe0000000, reserved size: 1073741824
Narrow klass base: 0x000001db9f000000, Narrow klass shift: 0, Narrow klass range: 0x100000000

GC Precious Log:
 CardTable entry size: 512
 CPUs: 4 total, 4 available
 Memory: 12022M
 Large Page Support: Disabled
 NUMA Support: Disabled
 Compressed Oops: Enabled (32-bit)
 Alignments: Space 512K, Generation 512K, Heap 2M
 Heap Min Capacity: 100M
 Heap Initial Capacity: 100M
 Heap Max Capacity: 512M
 Pre-touch: Disabled
 Parallel Workers: 4

Heap:
 PSYoungGen      total 27648K, used 13198K [0x00000000f5580000, 0x00000000f7580000, 0x0000000100000000)
  eden space 22528K, 36% used [0x00000000f5580000,0x00000000f5d9c170,0x00000000f6b80000)
  from space 5120K, 95% used [0x00000000f6c00000,0x00000000f70c7a50,0x00000000f7100000)
  to   space 4608K, 0% used [0x00000000f7100000,0x00000000f7100000,0x00000000f7580000)
 ParOldGen       total 68608K, used 10381K [0x00000000e0000000, 0x00000000e4300000, 0x00000000f5580000)
  object space 68608K, 15% used [0x00000000e0000000,0x00000000e0a234f0,0x00000000e4300000)
 Metaspace       used 30757K, committed 31552K, reserved 1114112K
  class space    used 3076K, committed 3392K, reserved 1048576K

Card table byte_map: [0x000001db8aab0000,0x000001db8abc0000] _byte_map_base: 0x000001db8a3b0000

Marking Bits: (ParMarkBitMap*) 0x00007ffccad03450
 Begin Bits: [0x000001db9d310000, 0x000001db9db10000)
 End Bits:   [0x000001db9db10000, 0x000001db9e310000)

Polling page: 0x000001db88e40000

Metaspace:

Usage:
  Non-class:     27.03 MB used.
      Class:      3.00 MB used.
       Both:     30.04 MB used.

Virtual space:
  Non-class space:       64.00 MB reserved,      27.50 MB ( 43%) committed,  1 nodes.
      Class space:        1.00 GB reserved,       3.31 MB ( <1%) committed,  1 nodes.
             Both:        1.06 GB reserved,      30.81 MB (  3%) committed. 

Chunk freelists:
   Non-Class:  3.61 MB
       Class:  12.70 MB
        Both:  16.31 MB

MaxMetaspaceSize: unlimited
CompressedClassSpaceSize: 1.00 GB
Initial GC threshold: 21.00 MB
Current GC threshold: 35.00 MB
CDS: on
 - commit_granule_bytes: 65536.
 - commit_granule_words: 8192.
 - virtual_space_node_default_size: 8388608.
 - enlarge_chunks_in_place: 1.
 - use_allocation_guard: 0.


Internal statistics:

num_allocs_failed_limit: 3.
num_arena_births: 574.
num_arena_deaths: 14.
num_vsnodes_births: 2.
num_vsnodes_deaths: 0.
num_space_committed: 493.
num_space_uncommitted: 0.
num_chunks_returned_to_freelist: 17.
num_chunks_taken_from_freelist: 1784.
num_chunk_merges: 9.
num_chunk_splits: 1137.
num_chunks_enlarged: 736.
num_inconsistent_stats: 0.

CodeHeap 'non-profiled nmethods': size=120000Kb used=1879Kb max_used=1879Kb free=118120Kb
 bounds [0x000001db95de0000, 0x000001db96050000, 0x000001db9d310000]
CodeHeap 'profiled nmethods': size=120000Kb used=7734Kb max_used=7734Kb free=112266Kb
 bounds [0x000001db8e310000, 0x000001db8eaa0000, 0x000001db95840000]
CodeHeap 'non-nmethods': size=5760Kb used=1357Kb max_used=1380Kb free=4402Kb
 bounds [0x000001db95840000, 0x000001db95ab0000, 0x000001db95de0000]
CodeCache: size=245760Kb, used=10970Kb, max_used=10993Kb, free=234788Kb
 total_blobs=4580, nmethods=3939, adapters=547, full_count=0
Compilation: enabled, stopped_count=0, restarted_count=0

Compilation events (20 events):
Event: 9.861 Thread 0x000001db8af2f6c0 nmethod 3928 0x000001db8ea98610 code [0x000001db8ea988e0, 0x000001db8ea999b8]
Event: 9.861 Thread 0x000001db8af2f6c0 3937       3       java.lang.StringCoding::countPositives (33 bytes)
Event: 9.861 Thread 0x000001db8af2f6c0 nmethod 3937 0x000001db8ea99f90 code [0x000001db8ea9a140, 0x000001db8ea9a360]
Event: 9.861 Thread 0x000001db8af2f6c0 3935       3       java.lang.StringUTF16::length (5 bytes)
Event: 9.861 Thread 0x000001db8af2f6c0 nmethod 3935 0x000001db8ea9a490 code [0x000001db8ea9a620, 0x000001db8ea9a718]
Event: 9.861 Thread 0x000001db8af2f6c0 3933       3       com.google.gson.stream.JsonReader::readEscapeCharacter (422 bytes)
Event: 9.862 Thread 0x000001db8af2f6c0 nmethod 3933 0x000001db8ea9a810 code [0x000001db8ea9ab20, 0x000001db8ea9b948]
Event: 9.862 Thread 0x000001db8af2f6c0 3938       3       java.lang.StringUTF16::putCharSB (12 bytes)
Event: 9.862 Thread 0x000001db8af2f6c0 nmethod 3938 0x000001db8ea9be10 code [0x000001db8ea9bfc0, 0x000001db8ea9c220]
Event: 9.862 Thread 0x000001db8af2f6c0 3929       3       com.google.gson.internal.Primitives::isPrimitive (23 bytes)
Event: 9.862 Thread 0x000001db8af2f6c0 nmethod 3929 0x000001db8ea9c390 code [0x000001db8ea9c540, 0x000001db8ea9c8c0]
Event: 9.862 Thread 0x000001db8af2f6c0 3930       3       com.google.gson.internal.bind.TypeAdapterRuntimeTypeWrapper::<init> (20 bytes)
Event: 9.863 Thread 0x000001db8af2f6c0 nmethod 3930 0x000001db8ea9c990 code [0x000001db8ea9cb40, 0x000001db8ea9cd48]
Event: 9.863 Thread 0x000001db8af2f6c0 3931       3       com.google.gson.internal.bind.ReflectiveTypeAdapterFactory$2::<init> (48 bytes)
Event: 9.863 Thread 0x000001db8af2f6c0 nmethod 3931 0x000001db8ea9ce10 code [0x000001db8ea9cfc0, 0x000001db8ea9d260]
Event: 9.863 Thread 0x000001db8af2f6c0 3932       3       com.google.gson.internal.bind.ReflectiveTypeAdapterFactory$BoundField::<init> (23 bytes)
Event: 9.863 Thread 0x000001db8af2f6c0 nmethod 3932 0x000001db8ea9d390 code [0x000001db8ea9d540, 0x000001db8ea9d710]
Event: 9.863 Thread 0x000001db8af2f6c0 3939       1       sun.nio.ch.Iocp$CompletionStatus::completionKey (5 bytes)
Event: 9.863 Thread 0x000001db8af2f6c0 nmethod 3939 0x000001db95fb5310 code [0x000001db95fb54a0, 0x000001db95fb5568]
Event: 9.866 Thread 0x000001db8aeb4480 nmethod 3936 0x000001db95fb5610 code [0x000001db95fb57e0, 0x000001db95fb5bd8]

GC Heap History (20 events):
Event: 2.523 GC heap before
{Heap before GC invocations=1 (full 0):
 PSYoungGen      total 29696K, used 25600K [0x00000000f5580000, 0x00000000f7680000, 0x0000000100000000)
  eden space 25600K, 100% used [0x00000000f5580000,0x00000000f6e80000,0x00000000f6e80000)
  from space 4096K, 0% used [0x00000000f7280000,0x00000000f7280000,0x00000000f7680000)
  to   space 4096K, 0% used [0x00000000f6e80000,0x00000000f6e80000,0x00000000f7280000)
 ParOldGen       total 68608K, used 0K [0x00000000e0000000, 0x00000000e4300000, 0x00000000f5580000)
  object space 68608K, 0% used [0x00000000e0000000,0x00000000e0000000,0x00000000e4300000)
 Metaspace       used 4356K, committed 4608K, reserved 1114112K
  class space    used 474K, committed 576K, reserved 1048576K
}
Event: 2.533 GC heap after
{Heap after GC invocations=1 (full 0):
 PSYoungGen      total 29696K, used 3280K [0x00000000f5580000, 0x00000000f7680000, 0x0000000100000000)
  eden space 25600K, 0% used [0x00000000f5580000,0x00000000f5580000,0x00000000f6e80000)
  from space 4096K, 80% used [0x00000000f6e80000,0x00000000f71b4148,0x00000000f7280000)
  to   space 4096K, 0% used [0x00000000f7280000,0x00000000f7280000,0x00000000f7680000)
 ParOldGen       total 68608K, used 0K [0x00000000e0000000, 0x00000000e4300000, 0x00000000f5580000)
  object space 68608K, 0% used [0x00000000e0000000,0x00000000e0000000,0x00000000e4300000)
 Metaspace       used 4356K, committed 4608K, reserved 1114112K
  class space    used 474K, committed 576K, reserved 1048576K
}
Event: 3.562 GC heap before
{Heap before GC invocations=2 (full 0):
 PSYoungGen      total 29696K, used 28880K [0x00000000f5580000, 0x00000000f7680000, 0x0000000100000000)
  eden space 25600K, 99% used [0x00000000f5580000,0x00000000f6e7fff8,0x00000000f6e80000)
  from space 4096K, 80% used [0x00000000f6e80000,0x00000000f71b4148,0x00000000f7280000)
  to   space 4096K, 0% used [0x00000000f7280000,0x00000000f7280000,0x00000000f7680000)
 ParOldGen       total 68608K, used 0K [0x00000000e0000000, 0x00000000e4300000, 0x00000000f5580000)
  object space 68608K, 0% used [0x00000000e0000000,0x00000000e0000000,0x00000000e4300000)
 Metaspace       used 8187K, committed 8512K, reserved 1114112K
  class space    used 870K, committed 1024K, reserved 1048576K
}
Event: 3.567 GC heap after
{Heap after GC invocations=2 (full 0):
 PSYoungGen      total 29696K, used 4075K [0x00000000f5580000, 0x00000000f7680000, 0x0000000100000000)
  eden space 25600K, 0% used [0x00000000f5580000,0x00000000f5580000,0x00000000f6e80000)
  from space 4096K, 99% used [0x00000000f7280000,0x00000000f767aff8,0x00000000f7680000)
  to   space 4096K, 0% used [0x00000000f6e80000,0x00000000f6e80000,0x00000000f7280000)
 ParOldGen       total 68608K, used 1151K [0x00000000e0000000, 0x00000000e4300000, 0x00000000f5580000)
  object space 68608K, 1% used [0x00000000e0000000,0x00000000e011feb8,0x00000000e4300000)
 Metaspace       used 8187K, committed 8512K, reserved 1114112K
  class space    used 870K, committed 1024K, reserved 1048576K
}
Event: 4.243 GC heap before
{Heap before GC invocations=3 (full 0):
 PSYoungGen      total 29696K, used 29675K [0x00000000f5580000, 0x00000000f7680000, 0x0000000100000000)
  eden space 25600K, 100% used [0x00000000f5580000,0x00000000f6e80000,0x00000000f6e80000)
  from space 4096K, 99% used [0x00000000f7280000,0x00000000f767aff8,0x00000000f7680000)
  to   space 4096K, 0% used [0x00000000f6e80000,0x00000000f6e80000,0x00000000f7280000)
 ParOldGen       total 68608K, used 1151K [0x00000000e0000000, 0x00000000e4300000, 0x00000000f5580000)
  object space 68608K, 1% used [0x00000000e0000000,0x00000000e011feb8,0x00000000e4300000)
 Metaspace       used 13070K, committed 13632K, reserved 1114112K
  class space    used 1383K, committed 1664K, reserved 1048576K
}
Event: 4.248 GC heap after
{Heap after GC invocations=3 (full 0):
 PSYoungGen      total 29696K, used 4092K [0x00000000f5580000, 0x00000000f7680000, 0x0000000100000000)
  eden space 25600K, 0% used [0x00000000f5580000,0x00000000f5580000,0x00000000f6e80000)
  from space 4096K, 99% used [0x00000000f6e80000,0x00000000f727f098,0x00000000f7280000)
  to   space 4096K, 0% used [0x00000000f7280000,0x00000000f7280000,0x00000000f7680000)
 ParOldGen       total 68608K, used 2825K [0x00000000e0000000, 0x00000000e4300000, 0x00000000f5580000)
  object space 68608K, 4% used [0x00000000e0000000,0x00000000e02c2708,0x00000000e4300000)
 Metaspace       used 13070K, committed 13632K, reserved 1114112K
  class space    used 1383K, committed 1664K, reserved 1048576K
}
Event: 5.423 GC heap before
{Heap before GC invocations=4 (full 0):
 PSYoungGen      total 29696K, used 29692K [0x00000000f5580000, 0x00000000f7680000, 0x0000000100000000)
  eden space 25600K, 100% used [0x00000000f5580000,0x00000000f6e80000,0x00000000f6e80000)
  from space 4096K, 99% used [0x00000000f6e80000,0x00000000f727f098,0x00000000f7280000)
  to   space 4096K, 0% used [0x00000000f7280000,0x00000000f7280000,0x00000000f7680000)
 ParOldGen       total 68608K, used 2825K [0x00000000e0000000, 0x00000000e4300000, 0x00000000f5580000)
  object space 68608K, 4% used [0x00000000e0000000,0x00000000e02c2708,0x00000000e4300000)
 Metaspace       used 16856K, committed 17536K, reserved 1114112K
  class space    used 1776K, committed 2048K, reserved 1048576K
}
Event: 5.428 GC heap after
{Heap after GC invocations=4 (full 0):
 PSYoungGen      total 29696K, used 4070K [0x00000000f5580000, 0x00000000f7680000, 0x0000000100000000)
  eden space 25600K, 0% used [0x00000000f5580000,0x00000000f5580000,0x00000000f6e80000)
  from space 4096K, 99% used [0x00000000f7280000,0x00000000f7679a38,0x00000000f7680000)
  to   space 4096K, 0% used [0x00000000f6e80000,0x00000000f6e80000,0x00000000f7280000)
 ParOldGen       total 68608K, used 5165K [0x00000000e0000000, 0x00000000e4300000, 0x00000000f5580000)
  object space 68608K, 7% used [0x00000000e0000000,0x00000000e050b6c8,0x00000000e4300000)
 Metaspace       used 16856K, committed 17536K, reserved 1114112K
  class space    used 1776K, committed 2048K, reserved 1048576K
}
Event: 5.668 GC heap before
{Heap before GC invocations=5 (full 0):
 PSYoungGen      total 29696K, used 29670K [0x00000000f5580000, 0x00000000f7680000, 0x0000000100000000)
  eden space 25600K, 100% used [0x00000000f5580000,0x00000000f6e80000,0x00000000f6e80000)
  from space 4096K, 99% used [0x00000000f7280000,0x00000000f7679a38,0x00000000f7680000)
  to   space 4096K, 0% used [0x00000000f6e80000,0x00000000f6e80000,0x00000000f7280000)
 ParOldGen       total 68608K, used 5165K [0x00000000e0000000, 0x00000000e4300000, 0x00000000f5580000)
  object space 68608K, 7% used [0x00000000e0000000,0x00000000e050b6c8,0x00000000e4300000)
 Metaspace       used 20152K, committed 20800K, reserved 1114112K
  class space    used 1996K, committed 2304K, reserved 1048576K
}
Event: 5.671 GC heap after
{Heap after GC invocations=5 (full 0):
 PSYoungGen      total 29184K, used 4094K [0x00000000f5580000, 0x00000000f7800000, 0x0000000100000000)
  eden space 25088K, 0% used [0x00000000f5580000,0x00000000f5580000,0x00000000f6e00000)
  from space 4096K, 99% used [0x00000000f6e80000,0x00000000f727fa28,0x00000000f7280000)
  to   space 5120K, 0% used [0x00000000f7300000,0x00000000f7300000,0x00000000f7800000)
 ParOldGen       total 68608K, used 5394K [0x00000000e0000000, 0x00000000e4300000, 0x00000000f5580000)
  object space 68608K, 7% used [0x00000000e0000000,0x00000000e0544978,0x00000000e4300000)
 Metaspace       used 20152K, committed 20800K, reserved 1114112K
  class space    used 1996K, committed 2304K, reserved 1048576K
}
Event: 5.878 GC heap before
{Heap before GC invocations=6 (full 0):
 PSYoungGen      total 29184K, used 11129K [0x00000000f5580000, 0x00000000f7800000, 0x0000000100000000)
  eden space 25088K, 28% used [0x00000000f5580000,0x00000000f5c5ea90,0x00000000f6e00000)
  from space 4096K, 99% used [0x00000000f6e80000,0x00000000f727fa28,0x00000000f7280000)
  to   space 5120K, 0% used [0x00000000f7300000,0x00000000f7300000,0x00000000f7800000)
 ParOldGen       total 68608K, used 5394K [0x00000000e0000000, 0x00000000e4300000, 0x00000000f5580000)
  object space 68608K, 7% used [0x00000000e0000000,0x00000000e0544978,0x00000000e4300000)
 Metaspace       used 20801K, committed 21504K, reserved 1114112K
  class space    used 2054K, committed 2368K, reserved 1048576K
}
Event: 5.881 GC heap after
{Heap after GC invocations=6 (full 0):
 PSYoungGen      total 29696K, used 4449K [0x00000000f5580000, 0x00000000f7780000, 0x0000000100000000)
  eden space 25088K, 0% used [0x00000000f5580000,0x00000000f5580000,0x00000000f6e00000)
  from space 4608K, 96% used [0x00000000f7300000,0x00000000f7758678,0x00000000f7780000)
  to   space 4608K, 0% used [0x00000000f6e80000,0x00000000f6e80000,0x00000000f7300000)
 ParOldGen       total 68608K, used 5394K [0x00000000e0000000, 0x00000000e4300000, 0x00000000f5580000)
  object space 68608K, 7% used [0x00000000e0000000,0x00000000e0544978,0x00000000e4300000)
 Metaspace       used 20801K, committed 21504K, reserved 1114112K
  class space    used 2054K, committed 2368K, reserved 1048576K
}
Event: 5.882 GC heap before
{Heap before GC invocations=7 (full 1):
 PSYoungGen      total 29696K, used 4449K [0x00000000f5580000, 0x00000000f7780000, 0x0000000100000000)
  eden space 25088K, 0% used [0x00000000f5580000,0x00000000f5580000,0x00000000f6e00000)
  from space 4608K, 96% used [0x00000000f7300000,0x00000000f7758678,0x00000000f7780000)
  to   space 4608K, 0% used [0x00000000f6e80000,0x00000000f6e80000,0x00000000f7300000)
 ParOldGen       total 68608K, used 5394K [0x00000000e0000000, 0x00000000e4300000, 0x00000000f5580000)
  object space 68608K, 7% used [0x00000000e0000000,0x00000000e0544978,0x00000000e4300000)
 Metaspace       used 20801K, committed 21504K, reserved 1114112K
  class space    used 2054K, committed 2368K, reserved 1048576K
}
Event: 5.910 GC heap after
{Heap after GC invocations=7 (full 1):
 PSYoungGen      total 29696K, used 0K [0x00000000f5580000, 0x00000000f7780000, 0x0000000100000000)
  eden space 25088K, 0% used [0x00000000f5580000,0x00000000f5580000,0x00000000f6e00000)
  from space 4608K, 0% used [0x00000000f7300000,0x00000000f7300000,0x00000000f7780000)
  to   space 4608K, 0% used [0x00000000f6e80000,0x00000000f6e80000,0x00000000f7300000)
 ParOldGen       total 68608K, used 9547K [0x00000000e0000000, 0x00000000e4300000, 0x00000000f5580000)
  object space 68608K, 13% used [0x00000000e0000000,0x00000000e0952d50,0x00000000e4300000)
 Metaspace       used 20788K, committed 21504K, reserved 1114112K
  class space    used 2051K, committed 2368K, reserved 1048576K
}
Event: 6.159 GC heap before
{Heap before GC invocations=8 (full 1):
 PSYoungGen      total 29696K, used 25088K [0x00000000f5580000, 0x00000000f7780000, 0x0000000100000000)
  eden space 25088K, 100% used [0x00000000f5580000,0x00000000f6e00000,0x00000000f6e00000)
  from space 4608K, 0% used [0x00000000f7300000,0x00000000f7300000,0x00000000f7780000)
  to   space 4608K, 0% used [0x00000000f6e80000,0x00000000f6e80000,0x00000000f7300000)
 ParOldGen       total 68608K, used 9547K [0x00000000e0000000, 0x00000000e4300000, 0x00000000f5580000)
  object space 68608K, 13% used [0x00000000e0000000,0x00000000e0952d50,0x00000000e4300000)
 Metaspace       used 22984K, committed 23744K, reserved 1114112K
  class space    used 2228K, committed 2560K, reserved 1048576K
}
Event: 6.162 GC heap after
{Heap after GC invocations=8 (full 1):
 PSYoungGen      total 27136K, used 2417K [0x00000000f5580000, 0x00000000f7480000, 0x0000000100000000)
  eden space 24576K, 0% used [0x00000000f5580000,0x00000000f5580000,0x00000000f6d80000)
  from space 2560K, 94% used [0x00000000f6e80000,0x00000000f70dc658,0x00000000f7100000)
  to   space 3584K, 0% used [0x00000000f7100000,0x00000000f7100000,0x00000000f7480000)
 ParOldGen       total 68608K, used 9555K [0x00000000e0000000, 0x00000000e4300000, 0x00000000f5580000)
  object space 68608K, 13% used [0x00000000e0000000,0x00000000e0954d50,0x00000000e4300000)
 Metaspace       used 22984K, committed 23744K, reserved 1114112K
  class space    used 2228K, committed 2560K, reserved 1048576K
}
Event: 6.793 GC heap before
{Heap before GC invocations=9 (full 1):
 PSYoungGen      total 27136K, used 26993K [0x00000000f5580000, 0x00000000f7480000, 0x0000000100000000)
  eden space 24576K, 100% used [0x00000000f5580000,0x00000000f6d80000,0x00000000f6d80000)
  from space 2560K, 94% used [0x00000000f6e80000,0x00000000f70dc658,0x00000000f7100000)
  to   space 3584K, 0% used [0x00000000f7100000,0x00000000f7100000,0x00000000f7480000)
 ParOldGen       total 68608K, used 9555K [0x00000000e0000000, 0x00000000e4300000, 0x00000000f5580000)
  object space 68608K, 13% used [0x00000000e0000000,0x00000000e0954d50,0x00000000e4300000)
 Metaspace       used 26739K, committed 27520K, reserved 1114112K
  class space    used 2642K, committed 3008K, reserved 1048576K
}
Event: 6.796 GC heap after
{Heap after GC invocations=9 (full 1):
 PSYoungGen      total 26624K, used 3560K [0x00000000f5580000, 0x00000000f7700000, 0x0000000100000000)
  eden space 23040K, 0% used [0x00000000f5580000,0x00000000f5580000,0x00000000f6c00000)
  from space 3584K, 99% used [0x00000000f7100000,0x00000000f747a348,0x00000000f7480000)
  to   space 5120K, 0% used [0x00000000f6c00000,0x00000000f6c00000,0x00000000f7100000)
 ParOldGen       total 68608K, used 10373K [0x00000000e0000000, 0x00000000e4300000, 0x00000000f5580000)
  object space 68608K, 15% used [0x00000000e0000000,0x00000000e0a214f0,0x00000000e4300000)
 Metaspace       used 26739K, committed 27520K, reserved 1114112K
  class space    used 2642K, committed 3008K, reserved 1048576K
}
Event: 7.519 GC heap before
{Heap before GC invocations=10 (full 1):
 PSYoungGen      total 26624K, used 26600K [0x00000000f5580000, 0x00000000f7700000, 0x0000000100000000)
  eden space 23040K, 100% used [0x00000000f5580000,0x00000000f6c00000,0x00000000f6c00000)
  from space 3584K, 99% used [0x00000000f7100000,0x00000000f747a348,0x00000000f7480000)
  to   space 5120K, 0% used [0x00000000f6c00000,0x00000000f6c00000,0x00000000f7100000)
 ParOldGen       total 68608K, used 10373K [0x00000000e0000000, 0x00000000e4300000, 0x00000000f5580000)
  object space 68608K, 15% used [0x00000000e0000000,0x00000000e0a214f0,0x00000000e4300000)
 Metaspace       used 29797K, committed 30656K, reserved 1114112K
  class space    used 2973K, committed 3328K, reserved 1048576K
}
Event: 7.522 GC heap after
{Heap after GC invocations=10 (full 1):
 PSYoungGen      total 27648K, used 4894K [0x00000000f5580000, 0x00000000f7580000, 0x0000000100000000)
  eden space 22528K, 0% used [0x00000000f5580000,0x00000000f5580000,0x00000000f6b80000)
  from space 5120K, 95% used [0x00000000f6c00000,0x00000000f70c7a50,0x00000000f7100000)
  to   space 4608K, 0% used [0x00000000f7100000,0x00000000f7100000,0x00000000f7580000)
 ParOldGen       total 68608K, used 10381K [0x00000000e0000000, 0x00000000e4300000, 0x00000000f5580000)
  object space 68608K, 15% used [0x00000000e0000000,0x00000000e0a234f0,0x00000000e4300000)
 Metaspace       used 29797K, committed 30656K, reserved 1114112K
  class space    used 2973K, committed 3328K, reserved 1048576K
}

Dll operation events (10 events):
Event: 0.043 Loaded shared library c:\Users\gdtt_\.antigravity-ide\extensions\redhat.java-1.54.0-win32-x64\jre\21.0.10-win32-x86_64\bin\java.dll
Event: 0.157 Loaded shared library c:\Users\gdtt_\.antigravity-ide\extensions\redhat.java-1.54.0-win32-x64\jre\21.0.10-win32-x86_64\bin\zip.dll
Event: 0.217 Loaded shared library C:\Users\gdtt_\.antigravity-ide\extensions\redhat.java-1.54.0-win32-x64\jre\21.0.10-win32-x86_64\bin\instrument.dll
Event: 0.222 Loaded shared library C:\Users\gdtt_\.antigravity-ide\extensions\redhat.java-1.54.0-win32-x64\jre\21.0.10-win32-x86_64\bin\net.dll
Event: 0.224 Loaded shared library C:\Users\gdtt_\.antigravity-ide\extensions\redhat.java-1.54.0-win32-x64\jre\21.0.10-win32-x86_64\bin\nio.dll
Event: 0.227 Loaded shared library C:\Users\gdtt_\.antigravity-ide\extensions\redhat.java-1.54.0-win32-x64\jre\21.0.10-win32-x86_64\bin\zip.dll
Event: 0.252 Loaded shared library C:\Users\gdtt_\.antigravity-ide\extensions\redhat.java-1.54.0-win32-x64\jre\21.0.10-win32-x86_64\bin\jimage.dll
Event: 0.582 Loaded shared library c:\Users\gdtt_\.antigravity-ide\extensions\redhat.java-1.54.0-win32-x64\jre\21.0.10-win32-x86_64\bin\verify.dll
Event: 3.448 Loaded shared library C:\Users\gdtt_\AppData\Roaming\Antigravity IDE\User\globalStorage\redhat.java\1.54.0\config_ss_win\org.eclipse.equinox.launcher\org.eclipse.equinox.launcher.win32.win32.x86_64_1.3.0.v20260203-2149\eclipse_11919.dll
Event: 5.286 Loaded shared library C:\Users\gdtt_\AppData\Local\Temp\jna-63116079\jna1932930859569104223.dll

Deoptimization events (20 events):
Event: 8.209 Thread 0x000001dbe551ee20 Uncommon trap: trap_request=0xffffffde fr.pc=0x000001db95fa000c relative=0x000000000000032c
Event: 8.209 Thread 0x000001dbe551ee20 Uncommon trap: reason=class_check action=maybe_recompile pc=0x000001db95fa000c method=java.util.HashMap.removeNode(ILjava/lang/Object;Ljava/lang/Object;ZZ)Ljava/util/HashMap$Node; @ 283 c2
Event: 8.209 Thread 0x000001dbe551ee20 DEOPT PACKING pc=0x000001db95fa000c sp=0x00000034203feda0
Event: 8.209 Thread 0x000001dbe551ee20 DEOPT UNPACKING pc=0x000001db95896da2 sp=0x00000034203fec98 mode 2
Event: 8.209 Thread 0x000001dbe551ee20 Uncommon trap: trap_request=0xffffffde fr.pc=0x000001db95f9f348 relative=0x0000000000000288
Event: 8.209 Thread 0x000001dbe551ee20 Uncommon trap: reason=class_check action=maybe_recompile pc=0x000001db95f9f348 method=java.util.HashMap.removeNode(ILjava/lang/Object;Ljava/lang/Object;ZZ)Ljava/util/HashMap$Node; @ 283 c2
Event: 8.209 Thread 0x000001dbe551ee20 DEOPT PACKING pc=0x000001db95f9f348 sp=0x00000034203fed00
Event: 8.209 Thread 0x000001dbe551ee20 DEOPT UNPACKING pc=0x000001db95896da2 sp=0x00000034203fec98 mode 2
Event: 9.859 Thread 0x000001dbe551ee20 Uncommon trap: trap_request=0xffffff45 fr.pc=0x000001db95df78a0 relative=0x0000000000000100
Event: 9.859 Thread 0x000001dbe551ee20 Uncommon trap: reason=unstable_if action=reinterpret pc=0x000001db95df78a0 method=java.lang.StringCoding.countPositives([BII)I @ 17 c2
Event: 9.860 Thread 0x000001dbe551ee20 DEOPT PACKING pc=0x000001db95df78a0 sp=0x00000034203fdf90
Event: 9.860 Thread 0x000001dbe551ee20 DEOPT UNPACKING pc=0x000001db95896da2 sp=0x00000034203fdf30 mode 2
Event: 9.860 Thread 0x000001dbe551ee20 Uncommon trap: trap_request=0xffffff45 fr.pc=0x000001db95df208c relative=0x000000000000016c
Event: 9.860 Thread 0x000001dbe551ee20 Uncommon trap: reason=unstable_if action=reinterpret pc=0x000001db95df208c method=java.lang.StringCoding.countPositives([BII)I @ 17 c2
Event: 9.860 Thread 0x000001dbe551ee20 DEOPT PACKING pc=0x000001db95df208c sp=0x00000034203fdf70
Event: 9.860 Thread 0x000001dbe551ee20 DEOPT UNPACKING pc=0x000001db95896da2 sp=0x00000034203fdf30 mode 2
Event: 9.862 Thread 0x000001dbe551ee20 Uncommon trap: trap_request=0xffffff45 fr.pc=0x000001db95e90300 relative=0x00000000000004c0
Event: 9.862 Thread 0x000001dbe551ee20 Uncommon trap: reason=unstable_if action=reinterpret pc=0x000001db95e90300 method=java.lang.AbstractStringBuilder.isLatin1()Z @ 10 c2
Event: 9.862 Thread 0x000001dbe551ee20 DEOPT PACKING pc=0x000001db95e90300 sp=0x00000034203fe590
Event: 9.862 Thread 0x000001dbe551ee20 DEOPT UNPACKING pc=0x000001db95896da2 sp=0x00000034203fe428 mode 2

Classes loaded (20 events):
Event: 7.025 Loading class java/time/format/DateTimeParseContext
Event: 7.025 Loading class java/time/format/DateTimeParseContext done
Event: 7.025 Loading class java/time/format/Parsed
Event: 7.026 Loading class java/time/format/Parsed done
Event: 7.364 Loading class sun/reflect/generics/repository/FieldRepository
Event: 7.364 Loading class sun/reflect/generics/repository/FieldRepository done
Event: 7.463 Loading class java/io/InvalidObjectException
Event: 7.463 Loading class java/io/ObjectStreamException
Event: 7.463 Loading class java/io/ObjectStreamException done
Event: 7.463 Loading class java/io/InvalidObjectException done
Event: 8.097 Loading class java/util/concurrent/CompletableFuture$AltResult
Event: 8.098 Loading class java/util/concurrent/CompletableFuture$AltResult done
Event: 8.099 Loading class java/util/concurrent/CompletableFuture$Completion
Event: 8.099 Loading class java/util/concurrent/CompletableFuture$AsynchronousCompletionTask
Event: 8.099 Loading class java/util/concurrent/CompletableFuture$AsynchronousCompletionTask done
Event: 8.099 Loading class java/util/concurrent/CompletableFuture$Completion done
Event: 8.113 Loading class sun/nio/ch/WindowsAsynchronousFileChannelImpl$WriteTask
Event: 8.114 Loading class sun/nio/ch/WindowsAsynchronousFileChannelImpl$WriteTask done
Event: 9.867 Loading class java/nio/file/InvalidPathException
Event: 9.867 Loading class java/nio/file/InvalidPathException done

Classes unloaded (7 events):
Event: 5.886 Thread 0x000001db8aeaee20 Unloading class 0x000001dba0191400 'java/lang/invoke/LambdaForm$MH+0x000001dba0191400'
Event: 5.886 Thread 0x000001db8aeaee20 Unloading class 0x000001dba0191000 'java/lang/invoke/LambdaForm$MH+0x000001dba0191000'
Event: 5.886 Thread 0x000001db8aeaee20 Unloading class 0x000001dba0190c00 'java/lang/invoke/LambdaForm$MH+0x000001dba0190c00'
Event: 5.886 Thread 0x000001db8aeaee20 Unloading class 0x000001dba0190800 'java/lang/invoke/LambdaForm$MH+0x000001dba0190800'
Event: 5.886 Thread 0x000001db8aeaee20 Unloading class 0x000001dba0190400 'java/lang/invoke/LambdaForm$BMH+0x000001dba0190400'
Event: 5.886 Thread 0x000001db8aeaee20 Unloading class 0x000001dba0190000 'java/lang/invoke/LambdaForm$DMH+0x000001dba0190000'
Event: 5.886 Thread 0x000001db8aeaee20 Unloading class 0x000001dba018ec00 'java/lang/invoke/LambdaForm$DMH+0x000001dba018ec00'

Classes redefined (0 events):
No events

Internal exceptions (20 events):
Event: 6.830 Thread 0x000001dbe50cb900 Exception <a 'sun/nio/fs/WindowsException'{0x00000000f58a9e48}> (0x00000000f58a9e48) 
thrown [s\src\hotspot\share\prims\jni.cpp, line 520]
Event: 6.830 Thread 0x000001dbe50cb900 Exception <a 'sun/nio/fs/WindowsException'{0x00000000f58aa498}> (0x00000000f58aa498) 
thrown [s\src\hotspot\share\prims\jni.cpp, line 520]
Event: 6.831 Thread 0x000001dbe50cb900 Exception <a 'sun/nio/fs/WindowsException'{0x00000000f58aaf08}> (0x00000000f58aaf08) 
thrown [s\src\hotspot\share\prims\jni.cpp, line 520]
Event: 6.831 Thread 0x000001dbe50cb900 Exception <a 'sun/nio/fs/WindowsException'{0x00000000f58ab558}> (0x00000000f58ab558) 
thrown [s\src\hotspot\share\prims\jni.cpp, line 520]
Event: 6.832 Thread 0x000001dbe50cb900 Exception <a 'sun/nio/fs/WindowsException'{0x00000000f58accf0}> (0x00000000f58accf0) 
thrown [s\src\hotspot\share\prims\jni.cpp, line 520]
Event: 6.833 Thread 0x000001dbe50cb900 Exception <a 'sun/nio/fs/WindowsException'{0x00000000f58ad340}> (0x00000000f58ad340) 
thrown [s\src\hotspot\share\prims\jni.cpp, line 520]
Event: 6.834 Thread 0x000001dbe50cb900 Exception <a 'java/lang/NoSuchMethodError'{0x00000000f59029a0}: 'void java.lang.invoke.DirectMethodHandle$Holder.invokeVirtual(java.lang.Object, java.lang.Object, java.lang.Object, java.lang.Object)'> (0x00000000f59029a0) 
thrown [s\src\hotspot\share\interpreter\linkResolver.cpp, line 773]
Event: 6.956 Thread 0x000001db8b10ccc0 Exception <a 'java/lang/NoSuchMethodError'{0x00000000f6090210}: 'void java.lang.invoke.DirectMethodHandle$Holder.invokeSpecial(java.lang.Object, java.lang.Object, java.lang.Object, java.lang.Object, java.lang.Object, java.lang.Object)'> (0x00000000f6090210) 
thrown [s\src\hotspot\share\interpreter\linkResolver.cpp, line 773]
Event: 6.958 Thread 0x000001db8b10ccc0 Exception <a 'java/lang/IncompatibleClassChangeError'{0x00000000f6098350}: Found class java.lang.Object, but interface was expected> (0x00000000f6098350) 
thrown [s\src\hotspot\share\interpreter\linkResolver.cpp, line 840]
Event: 6.959 Thread 0x000001db8b10ccc0 Exception <a 'java/lang/IncompatibleClassChangeError'{0x00000000f609a100}: Found class java.lang.Object, but interface was expected> (0x00000000f609a100) 
thrown [s\src\hotspot\share\interpreter\linkResolver.cpp, line 840]
Event: 7.112 Thread 0x000001dbe50cb900 Exception <a 'java/io/FileNotFoundException'{0x00000000f6398db8}> (0x00000000f6398db8) 
thrown [s\src\hotspot\share\prims\jni.cpp, line 520]
Event: 7.113 Thread 0x000001dbe50cb900 Exception <a 'java/io/FileNotFoundException'{0x00000000f639a3b0}> (0x00000000f639a3b0) 
thrown [s\src\hotspot\share\prims\jni.cpp, line 520]
Event: 7.115 Thread 0x000001dbe50cb900 Exception <a 'java/lang/NoSuchMethodError'{0x00000000f63a8390}: 'java.lang.Object java.lang.invoke.DirectMethodHandle$Holder.newInvokeSpecial(java.lang.Object, java.lang.Object, java.lang.Object, int)'> (0x00000000f63a8390) 
thrown [s\src\hotspot\share\interpreter\linkResolver.cpp, line 773]
Event: 7.116 Thread 0x000001dbe50cb900 Exception <a 'java/lang/NoSuchMethodError'{0x00000000f63abf68}: 'java.lang.Object java.lang.invoke.DirectMethodHandle$Holder.invokeSpecial(java.lang.Object, java.lang.Object, java.lang.Object, java.lang.Object, int)'> (0x00000000f63abf68) 
thrown [s\src\hotspot\share\interpreter\linkResolver.cpp, line 773]
Event: 7.116 Thread 0x000001dbe50cb900 Exception <a 'java/lang/NoSuchMethodError'{0x00000000f63af668}: 'java.lang.Object java.lang.invoke.Invokers$Holder.linkToTargetMethod(java.lang.Object, java.lang.Object, int, java.lang.Object)'> (0x00000000f63af668) 
thrown [s\src\hotspot\share\interpreter\linkResolver.cpp, line 773]
Event: 7.120 Thread 0x000001dbe50cb900 Exception <a 'java/lang/NoSuchMethodError'{0x00000000f63baed8}: 'void java.lang.invoke.DirectMethodHandle$Holder.invokeStaticInit(java.lang.Object, java.lang.Object, java.lang.Object)'> (0x00000000f63baed8) 
thrown [s\src\hotspot\share\interpreter\linkResolver.cpp, line 773]
Event: 7.478 Thread 0x000001dbe551ee20 Exception <a 'java/lang/NoSuchMethodError'{0x00000000f6835170}: 'java.lang.Object java.lang.invoke.DirectMethodHandle$Holder.invokeInterface(java.lang.Object, java.lang.Object, java.lang.Object)'> (0x00000000f6835170) 
thrown [s\src\hotspot\share\interpreter\linkResolver.cpp, line 773]
Event: 7.513 Thread 0x000001dbe551ee20 Exception <a 'java/io/FileNotFoundException'{0x00000000f68d9548}> (0x00000000f68d9548) 
thrown [s\src\hotspot\share\prims\jni.cpp, line 520]
Event: 8.055 Thread 0x000001dbe551ee20 Exception <a 'sun/nio/fs/WindowsException'{0x00000000f5831fd8}> (0x00000000f5831fd8) 
thrown [s\src\hotspot\share\prims\jni.cpp, line 520]
Event: 8.139 Thread 0x000001dbe551ee20 Exception <a 'java/lang/IncompatibleClassChangeError'{0x00000000f5b9ffb0}: Found class java.lang.Object, but interface was expected> (0x00000000f5b9ffb0) 
thrown [s\src\hotspot\share\interpreter\linkResolver.cpp, line 840]

ZGC Phase Switch (0 events):
No events

VM Operations (20 events):
Event: 5.878 Executing safepoint VM operation: CollectForMetadataAllocation (Metadata GC Threshold)
Event: 5.910 Executing safepoint VM operation: CollectForMetadataAllocation (Metadata GC Threshold) done
Event: 6.159 Executing safepoint VM operation: ParallelGCFailedAllocation (Allocation Failure)
Event: 6.162 Executing safepoint VM operation: ParallelGCFailedAllocation (Allocation Failure) done
Event: 6.212 Executing non-safepoint VM operation: HandshakeAllThreads (Deoptimize)
Event: 6.212 Executing non-safepoint VM operation: HandshakeAllThreads (Deoptimize) done
Event: 6.256 Executing non-safepoint VM operation: HandshakeAllThreads (Deoptimize)
Event: 6.256 Executing non-safepoint VM operation: HandshakeAllThreads (Deoptimize) done
Event: 6.346 Executing non-safepoint VM operation: HandshakeAllThreads (Deoptimize)
Event: 6.346 Executing non-safepoint VM operation: HandshakeAllThreads (Deoptimize) done
Event: 6.729 Executing safepoint VM operation: ParallelGCFailedAllocation (Allocation Failure)
Event: 6.796 Executing safepoint VM operation: ParallelGCFailedAllocation (Allocation Failure) done
Event: 7.503 Executing non-safepoint VM operation: HandshakeAllThreads (Deoptimize)
Event: 7.503 Executing non-safepoint VM operation: HandshakeAllThreads (Deoptimize) done
Event: 7.519 Executing safepoint VM operation: ParallelGCFailedAllocation (Allocation Failure)
Event: 7.522 Executing safepoint VM operation: ParallelGCFailedAllocation (Allocation Failure) done
Event: 8.099 Executing non-safepoint VM operation: HandshakeAllThreads (Deoptimize)
Event: 8.099 Executing non-safepoint VM operation: HandshakeAllThreads (Deoptimize) done
Event: 9.100 Executing safepoint VM operation: Cleanup
Event: 9.100 Executing safepoint VM operation: Cleanup done

Memory protections (0 events):
No events

Nmethod flushes (0 events):
No events

Events (20 events):
Event: 3.752 Thread 0x000001dbe4d917a0 Thread added: 0x000001dbe48c4f70
Event: 3.935 Thread 0x000001db8af2f6c0 Thread added: 0x000001dbe4dd5660
Event: 4.115 Thread 0x000001dbe4d917a0 Thread added: 0x000001dbe4af29d0
Event: 4.328 Thread 0x000001dbe4dd5660 Thread exited: 0x000001dbe4dd5660
Event: 5.306 Thread 0x000001dbe4d917a0 Thread added: 0x000001dbe4ee96b0
Event: 5.335 Thread 0x000001dbe4d917a0 Thread added: 0x000001dbe50cb900
Event: 5.355 Thread 0x000001dbe4d917a0 Thread added: 0x000001dbe4f3a920
Event: 5.413 Thread 0x000001db8af2f6c0 Thread added: 0x000001dbe4eef210
Event: 6.153 Thread 0x000001dbe4d917a0 Thread added: 0x000001dbe4f381c0
Event: 6.237 Thread 0x000001dbe4f381c0 Thread exited: 0x000001dbe4f381c0
Event: 6.515 Thread 0x000001db8b10ccc0 Thread added: 0x000001dbe4f3a290
Event: 6.516 Thread 0x000001db8b10ccc0 Thread added: 0x000001dbe4f374a0
Event: 6.516 Thread 0x000001db8b10ccc0 Thread added: 0x000001dbe4f381c0
Event: 6.516 Thread 0x000001db8b10ccc0 Thread added: 0x000001dbe4f38850
Event: 6.516 Thread 0x000001db8b10ccc0 Thread added: 0x000001dbe4f38ee0
Event: 6.558 Thread 0x000001db8b10ccc0 Thread added: 0x000001dbe4f37b30
Event: 6.689 Thread 0x000001dbe4f3a920 Thread added: 0x000001dbe4f39570
Event: 6.994 Thread 0x000001db8b10ccc0 Thread added: 0x000001dbe4f39c00
Event: 6.994 Thread 0x000001db8b10ccc0 Thread added: 0x000001dbe551ee20
Event: 7.261 Thread 0x000001dbe4eef210 Thread exited: 0x000001dbe4eef210


Dynamic libraries:
0x00007ff756520000 - 0x00007ff75652e000 	c:\Users\gdtt_\.antigravity-ide\extensions\redhat.java-1.54.0-win32-x64\jre\21.0.10-win32-x86_64\bin\java.exe
0x00007ffd79e40000 - 0x00007ffd7a0a6000 	C:\WINDOWS\SYSTEM32\ntdll.dll
0x00007ffd782d0000 - 0x00007ffd78399000 	C:\WINDOWS\System32\KERNEL32.DLL
0x00007ffd770d0000 - 0x00007ffd774ca000 	C:\WINDOWS\System32\KERNELBASE.dll
0x00007ffd774d0000 - 0x00007ffd7761c000 	C:\WINDOWS\System32\ucrtbase.dll
0x00007ffd5f160000 - 0x00007ffd5f178000 	c:\Users\gdtt_\.antigravity-ide\extensions\redhat.java-1.54.0-win32-x64\jre\21.0.10-win32-x86_64\bin\jli.dll
0x00007ffd790c0000 - 0x00007ffd79287000 	C:\WINDOWS\System32\USER32.dll
0x00007ffd77820000 - 0x00007ffd77847000 	C:\WINDOWS\System32\win32u.dll
0x00007ffd78f60000 - 0x00007ffd78f8b000 	C:\WINDOWS\System32\GDI32.dll
0x00007ffd77900000 - 0x00007ffd77a2b000 	C:\WINDOWS\System32\gdi32full.dll
0x00007ffd77850000 - 0x00007ffd778f3000 	C:\WINDOWS\System32\msvcp_win.dll
0x00007ffd4cae0000 - 0x00007ffd4cafe000 	c:\Users\gdtt_\.antigravity-ide\extensions\redhat.java-1.54.0-win32-x64\jre\21.0.10-win32-x86_64\bin\VCRUNTIME140.dll
0x00007ffd5e490000 - 0x00007ffd5e722000 	C:\WINDOWS\WinSxS\amd64_microsoft.windows.common-controls_6595b64144ccf1df_6.0.26100.8521_none_3e08b75ce33403b3\COMCTL32.dll
0x00007ffd79010000 - 0x00007ffd790b9000 	C:\WINDOWS\System32\msvcrt.dll
0x00007ffd788a0000 - 0x00007ffd788d2000 	C:\WINDOWS\System32\IMM32.DLL
0x00007ffd61260000 - 0x00007ffd6126c000 	c:\Users\gdtt_\.antigravity-ide\extensions\redhat.java-1.54.0-win32-x64\jre\21.0.10-win32-x86_64\bin\vcruntime140_1.dll
0x00007ffd33c80000 - 0x00007ffd33d0d000 	c:\Users\gdtt_\.antigravity-ide\extensions\redhat.java-1.54.0-win32-x64\jre\21.0.10-win32-x86_64\bin\msvcp140.dll
0x00007ffcca040000 - 0x00007ffccade1000 	c:\Users\gdtt_\.antigravity-ide\extensions\redhat.java-1.54.0-win32-x64\jre\21.0.10-win32-x86_64\bin\server\jvm.dll
0x00007ffd78b10000 - 0x00007ffd78bc6000 	C:\WINDOWS\System32\ADVAPI32.dll
0x00007ffd79d50000 - 0x00007ffd79dfa000 	C:\WINDOWS\System32\sechost.dll
0x00007ffd77bb0000 - 0x00007ffd77cc8000 	C:\WINDOWS\System32\RPCRT4.dll
0x00007ffd78bd0000 - 0x00007ffd78c50000 	C:\WINDOWS\System32\WS2_32.dll
0x00007ffd76f50000 - 0x00007ffd76fae000 	C:\WINDOWS\SYSTEM32\POWRPROF.dll
0x00007ffd6ee20000 - 0x00007ffd6ee56000 	C:\WINDOWS\SYSTEM32\WINMM.dll
0x00007ffd6ec80000 - 0x00007ffd6ec8b000 	C:\WINDOWS\SYSTEM32\VERSION.dll
0x00007ffd76f10000 - 0x00007ffd76f24000 	C:\WINDOWS\SYSTEM32\UMPDC.dll
0x00007ffd75e60000 - 0x00007ffd75e7b000 	C:\WINDOWS\SYSTEM32\kernel.appcore.dll
0x00007ffd611e0000 - 0x00007ffd611ea000 	c:\Users\gdtt_\.antigravity-ide\extensions\redhat.java-1.54.0-win32-x64\jre\21.0.10-win32-x86_64\bin\jimage.dll
0x00007ffd74700000 - 0x00007ffd74942000 	C:\WINDOWS\SYSTEM32\DBGHELP.DLL
0x00007ffd77ec0000 - 0x00007ffd78243000 	C:\WINDOWS\System32\combase.dll
0x00007ffd78c60000 - 0x00007ffd78d39000 	C:\WINDOWS\System32\OLEAUT32.dll
0x00007ffd50780000 - 0x00007ffd507bb000 	C:\WINDOWS\SYSTEM32\dbgcore.DLL
0x00007ffd776b0000 - 0x00007ffd77758000 	C:\WINDOWS\System32\bcryptPrimitives.dll
0x00007ffd5fe00000 - 0x00007ffd5fe0f000 	c:\Users\gdtt_\.antigravity-ide\extensions\redhat.java-1.54.0-win32-x64\jre\21.0.10-win32-x86_64\bin\instrument.dll
0x00007ffd4b1a0000 - 0x00007ffd4b1c0000 	c:\Users\gdtt_\.antigravity-ide\extensions\redhat.java-1.54.0-win32-x64\jre\21.0.10-win32-x86_64\bin\java.dll
0x00007ffd792a0000 - 0x00007ffd79a24000 	C:\WINDOWS\System32\SHELL32.dll
0x00007ffd74c80000 - 0x00007ffd75500000 	C:\WINDOWS\SYSTEM32\windows.storage.dll
0x00007ffd79c50000 - 0x00007ffd79d46000 	C:\WINDOWS\System32\SHCORE.dll
0x00007ffd78d40000 - 0x00007ffd78da7000 	C:\WINDOWS\System32\shlwapi.dll
0x00007ffd76ff0000 - 0x00007ffd77019000 	C:\WINDOWS\SYSTEM32\profapi.dll
0x00007ffd476c0000 - 0x00007ffd476d8000 	c:\Users\gdtt_\.antigravity-ide\extensions\redhat.java-1.54.0-win32-x64\jre\21.0.10-win32-x86_64\bin\zip.dll
0x00007ffd5fa20000 - 0x00007ffd5fa30000 	C:\Users\gdtt_\.antigravity-ide\extensions\redhat.java-1.54.0-win32-x64\jre\21.0.10-win32-x86_64\bin\net.dll
0x00007ffd67f50000 - 0x00007ffd68079000 	C:\WINDOWS\SYSTEM32\WINHTTP.dll
0x00007ffd763d0000 - 0x00007ffd7643c000 	C:\WINDOWS\system32\mswsock.dll
0x00007ffd37d30000 - 0x00007ffd37d46000 	C:\Users\gdtt_\.antigravity-ide\extensions\redhat.java-1.54.0-win32-x64\jre\21.0.10-win32-x86_64\bin\nio.dll
0x00007ffd50740000 - 0x00007ffd50750000 	c:\Users\gdtt_\.antigravity-ide\extensions\redhat.java-1.54.0-win32-x64\jre\21.0.10-win32-x86_64\bin\verify.dll
0x00007ffd2a9c0000 - 0x00007ffd2aa05000 	C:\Users\gdtt_\AppData\Roaming\Antigravity IDE\User\globalStorage\redhat.java\1.54.0\config_ss_win\org.eclipse.equinox.launcher\org.eclipse.equinox.launcher.win32.win32.x86_64_1.3.0.v20260203-2149\eclipse_11919.dll
0x00007ffd78970000 - 0x00007ffd78b08000 	C:\WINDOWS\System32\ole32.dll
0x00007ffd766b0000 - 0x00007ffd766cb000 	C:\WINDOWS\SYSTEM32\CRYPTSP.dll
0x00007ffd75dc0000 - 0x00007ffd75df9000 	C:\WINDOWS\system32\rsaenh.dll
0x00007ffd76480000 - 0x00007ffd764b3000 	C:\WINDOWS\SYSTEM32\USERENV.dll
0x00007ffd76fc0000 - 0x00007ffd76fea000 	C:\WINDOWS\SYSTEM32\bcrypt.dll
0x00007ffd766d0000 - 0x00007ffd766dc000 	C:\WINDOWS\SYSTEM32\CRYPTBASE.dll
0x00007ffd75850000 - 0x00007ffd75883000 	C:\WINDOWS\SYSTEM32\IPHLPAPI.DLL
0x00007ffd78830000 - 0x00007ffd7883a000 	C:\WINDOWS\System32\NSI.dll
0x00007ffd21220000 - 0x00007ffd21269000 	C:\Users\gdtt_\AppData\Local\Temp\jna-63116079\jna1932930859569104223.dll
0x00007ffd77cd0000 - 0x00007ffd77cd8000 	C:\WINDOWS\System32\PSAPI.DLL
0x00007ffd680b0000 - 0x00007ffd680cd000 	C:\WINDOWS\SYSTEM32\dhcpcsvc6.DLL
0x00007ffd68080000 - 0x00007ffd680a5000 	C:\WINDOWS\SYSTEM32\dhcpcsvc.DLL

JVMTI agents:
c:\Users\gdtt_\.antigravity-ide\extensions\redhat.java-1.54.0-win32-x64\lombok\lombok-1.18.39-4050.jar path:c:\Users\gdtt_\.antigravity-ide\extensions\redhat.java-1.54.0-win32-x64\jre\21.0.10-win32-x86_64\bin\instrument.dll, loaded, initialized, instrumentlib options:none

dbghelp: loaded successfully - version: 4.0.5 - missing functions: none
symbol engine: initialized successfully - sym options: 0x614 - pdb path: .;c:\Users\gdtt_\.antigravity-ide\extensions\redhat.java-1.54.0-win32-x64\jre\21.0.10-win32-x86_64\bin;C:\WINDOWS\SYSTEM32;C:\WINDOWS\WinSxS\amd64_microsoft.windows.common-controls_6595b64144ccf1df_6.0.26100.8521_none_3e08b75ce33403b3;c:\Users\gdtt_\.antigravity-ide\extensions\redhat.java-1.54.0-win32-x64\jre\21.0.10-win32-x86_64\bin\server;C:\Users\gdtt_\AppData\Roaming\Antigravity IDE\User\globalStorage\redhat.java\1.54.0\config_ss_win\org.eclipse.equinox.launcher\org.eclipse.equinox.launcher.win32.win32.x86_64_1.3.0.v20260203-2149;C:\Users\gdtt_\AppData\Local\Temp\jna-63116079

VM Arguments:
jvm_args: --add-modules=ALL-SYSTEM --add-opens=java.base/java.util=ALL-UNNAMED --add-opens=java.base/java.lang=ALL-UNNAMED --add-opens=java.base/sun.nio.fs=ALL-UNNAMED -Declipse.application=org.eclipse.jdt.ls.core.id1 -Dosgi.bundles.defaultStartLevel=4 -Declipse.product=org.eclipse.jdt.ls.core.product -Djava.import.generatesMetadataFilesAtProjectRoot=false -DDetectVMInstallationsJob.disabled=true -Dfile.encoding=utf8 -XX:+UseParallelGC -XX:GCTimeRatio=4 -XX:AdaptiveSizePolicyWeight=90 -Dsun.zip.disableMemoryMapping=true -Xmx2G -Xms100m -Xlog:disable -javaagent:c:\Users\gdtt_\.antigravity-ide\extensions\redhat.java-1.54.0-win32-x64\lombok\lombok-1.18.39-4050.jar -Xmx512M 
java_command: c:\Users\gdtt_\.antigravity-ide\extensions\redhat.java-1.54.0-win32-x64\server\plugins\org.eclipse.equinox.launcher_1.7.100.v20251111-0406.jar -configuration c:\Users\gdtt_\AppData\Roaming\Antigravity IDE\User\globalStorage\redhat.java\1.54.0\config_ss_win -data c:\Users\gdtt_\AppData\Roaming\Antigravity IDE\User\workspaceStorage\9b54a673ce9d48390a264c05abd1288d\redhat.java\ss_ws --pipe=\\.\pipe\lsp-f34964b8cb9b7e194f31ad2128e13d3c-sock
java_class_path (initial): c:\Users\gdtt_\.antigravity-ide\extensions\redhat.java-1.54.0-win32-x64\server\plugins\org.eclipse.equinox.launcher_1.7.100.v20251111-0406.jar
Launcher Type: SUN_STANDARD

[Global flags]
    uintx AdaptiveSizePolicyWeight                 = 90                                        {product} {command line}
     intx CICompilerCount                          = 3                                         {product} {ergonomic}
    uintx GCTimeRatio                              = 4                                         {product} {command line}
   size_t InitialHeapSize                          = 104857600                                 {product} {command line}
   size_t MaxHeapSize                              = 536870912                                 {product} {command line}
   size_t MaxNewSize                               = 178782208                                 {product} {ergonomic}
   size_t MinHeapDeltaBytes                        = 524288                                    {product} {ergonomic}
   size_t MinHeapSize                              = 104857600                                 {product} {command line}
   size_t NewSize                                  = 34603008                                  {product} {ergonomic}
    uintx NonNMethodCodeHeapSize                   = 5832780                                {pd product} {ergonomic}
    uintx NonProfiledCodeHeapSize                  = 122912730                              {pd product} {ergonomic}
   size_t OldSize                                  = 70254592                                  {product} {ergonomic}
    uintx ProfiledCodeHeapSize                     = 122912730                              {pd product} {ergonomic}
    uintx ReservedCodeCacheSize                    = 251658240                              {pd product} {ergonomic}
     bool SegmentedCodeCache                       = true                                      {product} {ergonomic}
   size_t SoftMaxHeapSize                          = 536870912                              {manageable} {ergonomic}
     bool UseCompressedOops                        = true                           {product lp64_product} {ergonomic}
     bool UseLargePagesIndividualAllocation        = false                                  {pd product} {ergonomic}
     bool UseParallelGC                            = true                                      {product} {command line}

Logging:
Log output configuration:
 #0: stdout all=off uptime,level,tags foldmultilines=false
 #1: stderr all=off uptime,level,tags foldmultilines=false

Release file:
JAVA_VERSION="21.0.10" 
MODULES="java.base java.compiler java.datatransfer java.xml java.prefs java.desktop java.instrument java.logging java.management java.security.sasl java.naming java.rmi java.management.rmi java.net.http java.scripting java.security.jgss java.transaction.xa java.sql java.sql.rowset java.xml.crypto java.se java.smartcardio jdk.accessibility jdk.internal.jvmstat jdk.attach jdk.charsets jdk.internal.opt jdk.zipfs jdk.compiler jdk.crypto.ec jdk.crypto.cryptoki jdk.crypto.mscapi jdk.dynalink jdk.internal.ed jdk.editpad jdk.hotspot.agent jdk.httpserver jdk.internal.le jdk.internal.vm.ci jdk.internal.vm.compiler jdk.internal.vm.compiler.management jdk.jartool jdk.javadoc jdk.jcmd jdk.management jdk.management.agent jdk.jconsole jdk.jdeps jdk.jdwp.agent jdk.jdi jdk.jfr jdk.jshell jdk.jsobject jdk.jstatd jdk.localedata jdk.management.jfr jdk.naming.dns jdk.naming.rmi jdk.net jdk.nio.mapmode jdk.random jdk.sctp jdk.security.auth jdk.security.jgss jdk.unsupported jdk.unsupported.desktop jdk.xml.dom" 

Environment Variables:
_JAVA_OPTIONS=-Xmx512M
PATH=C:\Program Files\Common Files\Oracle\Java\javapath;C:\WINDOWS\system32;C:\WINDOWS;C:\WINDOWS\System32\Wbem;C:\WINDOWS\System32\WindowsPowerShell\v1.0\;C:\WINDOWS\System32\OpenSSH\;C:\Program Files\dotnet\;C:\Program Files (x86)\Microsoft SQL Server\160\Tools\Binn\;C:\Program Files\Microsoft SQL Server\160\Tools\Binn\;C:\Program Files\Microsoft SQL Server\Client SDK\ODBC\170\Tools\Binn\;C:\Program Files\Microsoft SQL Server\160\DTS\Binn\;C:\Program Files (x86)\Microsoft SQL Server\160\DTS\Binn\;C:\Program Files\Git\cmd;C:\Users\gdtt_\AppData\Local\Microsoft\WindowsApps;C:\Users\gdtt_\AppData\Local\Programs\Ollama;C:\Program Files\Azure Data Studio\bin;C:\Users\gdtt_\AppData\Local\Programs\cursor\resources\app\bin;C:\Users\gdtt_\AppData\Local\Programs\Antigravity\bin;C:\Users\gdtt_\AppData\Local\Programs\Antigravity IDE\bin
USERNAME=Admin
OS=Windows_NT
PROCESSOR_IDENTIFIER=Intel64 Family 6 Model 140 Stepping 1, GenuineIntel
TMP=C:\Users\gdtt_\AppData\Local\Temp
TEMP=C:\Users\gdtt_\AppData\Local\Temp




Periodic native trim disabled

---------------  S Y S T E M  ---------------

OS:
 Windows 11 , 64 bit Build 26100 (10.0.26100.8521)
OS uptime: 1 days 0:38 hours
Hyper-V role detected

CPU: total 4 (initial active 4) (2 cores per cpu, 2 threads per core) family 6 model 140 stepping 1 microcode 0xbe, cx8, cmov, fxsr, ht, mmx, 3dnowpref, sse, sse2, sse3, ssse3, sse4.1, sse4.2, popcnt, lzcnt, tsc, tscinvbit, avx, avx2, aes, erms, clmul, bmi1, bmi2, adx, avx512f, avx512dq, avx512cd, avx512bw, avx512vl, sha, fma, vzeroupper, avx512_vpopcntdq, avx512_vpclmulqdq, avx512_vaes, avx512_vnni, clflush, clflushopt, clwb, avx512_vbmi2, avx512_vbmi, hv, rdtscp, rdpid, fsrm, gfni, avx512_bitalg, f16c, cet_ibt, cet_ss, avx512_ifma
Processor Information for processor 0
  Max Mhz: 2995, Current Mhz: 2995, Mhz Limit: 2995
Processor Information for processor 1
  Max Mhz: 2995, Current Mhz: 1198, Mhz Limit: 2995
Processor Information for processor 2
  Max Mhz: 2995, Current Mhz: 2995, Mhz Limit: 2995
Processor Information for processor 3
  Max Mhz: 2995, Current Mhz: 2995, Mhz Limit: 2995

Memory: 4k page, system-wide physical 12022M (1840M free)
TotalPageFile size 17818M (AvailPageFile size 256M)
current process WorkingSet (physical memory assigned to process): 160M, peak: 160M
current process commit charge ("private bytes"): 227M, peak: 228M

vm_info: OpenJDK 64-Bit Server VM (21.0.10+7-LTS) for windows-amd64 JRE (21.0.10+7-LTS), built on 2026-01-20T00:00:00Z by "admin" with MS VC++ 17.12 (VS2022)

END.
