version 2
JvmtiExport can_access_local_variables 0
JvmtiExport can_hotswap_or_post_breakpoint 1
JvmtiExport can_post_on_exceptions 0
# 624 ciObject found
instanceKlass java/util/Properties
ciInstanceKlass java/lang/Cloneable 1 0 7 100 1 100 1 1 1
instanceKlass org/apache/maven/artifact/handler/DefaultArtifactHandler$__sisu12$$FastClassByGuice$$211497366
instanceKlass org/apache/maven/model/merge/ModelMerger$NotifierKeyComputer
instanceKlass  @bci org/apache/maven/model/building/DefaultModelBuilder lambda$getInterpolatedProfiles$1 (Lorg/apache/maven/model/profile/DefaultProfileActivationContext;Lorg/apache/maven/model/building/DefaultModelProblemCollector;Lorg/apache/maven/model/ActivationFile;)V 57 <appendix> member <vmtarget> ; # org/apache/maven/model/building/DefaultModelBuilder$$Lambda+0x0000016faf78ef20
instanceKlass  @bci org/apache/maven/model/building/DefaultModelBuilder lambda$getInterpolatedProfiles$1 (Lorg/apache/maven/model/profile/DefaultProfileActivationContext;Lorg/apache/maven/model/building/DefaultModelProblemCollector;Lorg/apache/maven/model/ActivationFile;)V 34 <appendix> member <vmtarget> ; # org/apache/maven/model/building/DefaultModelBuilder$$Lambda+0x0000016faf78ece8
instanceKlass  @bci org/apache/maven/model/building/DefaultModelBuilder lambda$getInterpolatedProfiles$1 (Lorg/apache/maven/model/profile/DefaultProfileActivationContext;Lorg/apache/maven/model/building/DefaultModelProblemCollector;Lorg/apache/maven/model/ActivationFile;)V 8 <appendix> member <vmtarget> ; # org/apache/maven/model/building/DefaultModelBuilder$$Lambda+0x0000016faf78eac0
instanceKlass org/apache/maven/repository/internal/DefaultModelCache$Key
instanceKlass  @bci org/eclipse/aether/internal/impl/collect/bf/DependencyResolutionSkipper$DefaultDependencyResolutionSkipper cache (Lorg/eclipse/aether/graph/DependencyNode;Ljava/util/List;)V 7 <appendix> member <vmtarget> ; # org/eclipse/aether/internal/impl/collect/bf/DependencyResolutionSkipper$DefaultDependencyResolutionSkipper$$Lambda+0x0000016faf78e658
instanceKlass org/eclipse/aether/collection/DependencyManagement
instanceKlass org/eclipse/aether/internal/impl/collect/bf/DependencyResolutionSkipper$DefaultDependencyResolutionSkipper$Coordinate
instanceKlass  @bci org/eclipse/aether/internal/impl/collect/bf/DependencyResolutionSkipper$DefaultDependencyResolutionSkipper$CoordinateManager createCoordinate (Lorg/eclipse/aether/graph/DependencyNode;I)Lorg/eclipse/aether/internal/impl/collect/bf/DependencyResolutionSkipper$DefaultDependencyResolutionSkipper$Coordinate; 8 <appendix> argL0 ; # org/eclipse/aether/internal/impl/collect/bf/DependencyResolutionSkipper$DefaultDependencyResolutionSkipper$CoordinateManager$$Lambda+0x0000016faf78e000
instanceKlass org/eclipse/aether/internal/impl/collect/bf/DependencyResolutionSkipper$DependencyResolutionResult
instanceKlass org/eclipse/aether/internal/impl/collect/DataPool$GraphKey
instanceKlass org/eclipse/aether/internal/impl/collect/DefaultDependencyCycle
# instanceKlass org/eclipse/aether/internal/impl/collect/DataPool$HardInternPool$$Lambda+0x0000016faf78ab78
instanceKlass  @bci org/eclipse/aether/internal/impl/collect/bf/BfDependencyCollector lambda$resolveArtifactDescriptorAsync$4 (Lorg/eclipse/aether/internal/impl/collect/bf/BfDependencyCollector$Args;Lorg/eclipse/aether/internal/impl/collect/bf/DependencyProcessingContext;Lorg/eclipse/aether/graph/Dependency;Lorg/eclipse/aether/internal/impl/collect/DependencyCollectorDelegate$Results;)Lorg/eclipse/aether/internal/impl/collect/bf/BfDependencyCollector$DescriptorResolutionResult; 161 <appendix> member <vmtarget> ; # org/eclipse/aether/internal/impl/collect/bf/BfDependencyCollector$$Lambda+0x0000016faf78b658
instanceKlass  @bci org/eclipse/aether/internal/impl/collect/bf/BfDependencyCollector lambda$resolveArtifactDescriptorAsync$4 (Lorg/eclipse/aether/internal/impl/collect/bf/BfDependencyCollector$Args;Lorg/eclipse/aether/internal/impl/collect/bf/DependencyProcessingContext;Lorg/eclipse/aether/graph/Dependency;Lorg/eclipse/aether/internal/impl/collect/DependencyCollectorDelegate$Results;)Lorg/eclipse/aether/internal/impl/collect/bf/BfDependencyCollector$DescriptorResolutionResult; 145 <appendix> member <vmtarget> ; # org/eclipse/aether/internal/impl/collect/bf/BfDependencyCollector$$Lambda+0x0000016faf78b420
instanceKlass  @bci org/eclipse/aether/internal/impl/collect/bf/BfDependencyCollector lambda$resolveArtifactDescriptorAsync$1 (Lorg/eclipse/aether/internal/impl/collect/bf/BfDependencyCollector$Args;Lorg/eclipse/aether/internal/impl/collect/bf/DependencyProcessingContext;Lorg/eclipse/aether/internal/impl/collect/DependencyCollectorDelegate$Results;Lorg/eclipse/aether/graph/Dependency;Ljava/util/Map;Lorg/eclipse/aether/version/Version;)V 18 <appendix> member <vmtarget> ; # org/eclipse/aether/internal/impl/collect/bf/BfDependencyCollector$$Lambda+0x0000016faf78b1e8
instanceKlass org/eclipse/aether/internal/impl/collect/DataPool$Descriptor
instanceKlass  @bci org/eclipse/aether/internal/impl/collect/DataPool$HardInternPool intern (Ljava/lang/Object;Ljava/lang/Object;)Ljava/lang/Object; 6 <appendix> member <vmtarget> ; # org/eclipse/aether/internal/impl/collect/DataPool$HardInternPool$$Lambda+0x0000016faf78a930
instanceKlass org/apache/maven/repository/internal/DefaultModelResolver
instanceKlass org/apache/maven/repository/internal/DefaultModelCache
instanceKlass org/eclipse/aether/internal/impl/collect/DataPool$DescriptorKey
instanceKlass  @bci org/eclipse/aether/internal/impl/collect/bf/BfDependencyCollector lambda$resolveArtifactDescriptorAsync$4 (Lorg/eclipse/aether/internal/impl/collect/bf/BfDependencyCollector$Args;Lorg/eclipse/aether/internal/impl/collect/bf/DependencyProcessingContext;Lorg/eclipse/aether/graph/Dependency;Lorg/eclipse/aether/internal/impl/collect/DependencyCollectorDelegate$Results;)Lorg/eclipse/aether/internal/impl/collect/bf/BfDependencyCollector$DescriptorResolutionResult; 114 <appendix> member <vmtarget> ; # org/eclipse/aether/internal/impl/collect/bf/BfDependencyCollector$$Lambda+0x0000016faf78a028
instanceKlass  @cpi org/eclipse/aether/internal/impl/collect/bf/BfDependencyCollector 777 form vmentry <vmtarget> ; # java/lang/invoke/LambdaForm$DMH+0x0000016faf78c000
instanceKlass org/eclipse/aether/internal/impl/collect/DataPool$Constraint$VersionRepo
instanceKlass org/eclipse/aether/internal/impl/collect/DataPool$Constraint
instanceKlass org/eclipse/aether/internal/impl/collect/DataPool$ConstraintKey
instanceKlass  @bci org/eclipse/aether/internal/impl/collect/bf/BfDependencyCollector$ParallelDescriptorResolver resolveDescriptors (Lorg/eclipse/aether/artifact/Artifact;Ljava/util/concurrent/Callable;)V 10 <appendix> member <vmtarget> ; # org/eclipse/aether/internal/impl/collect/bf/BfDependencyCollector$ParallelDescriptorResolver$$Lambda+0x0000016faf7895b8
instanceKlass org/eclipse/aether/util/artifact/ArtifactIdUtils
instanceKlass  @bci org/eclipse/aether/internal/impl/collect/bf/BfDependencyCollector resolveArtifactDescriptorAsync (Lorg/eclipse/aether/internal/impl/collect/bf/BfDependencyCollector$Args;Lorg/eclipse/aether/internal/impl/collect/bf/DependencyProcessingContext;Lorg/eclipse/aether/internal/impl/collect/DependencyCollectorDelegate$Results;)V 21 <appendix> member <vmtarget> ; # org/eclipse/aether/internal/impl/collect/bf/BfDependencyCollector$$Lambda+0x0000016faf789188
instanceKlass org/eclipse/aether/internal/impl/collect/CollectStepDataImpl
instanceKlass org/eclipse/aether/collection/CollectStepData
instanceKlass org/eclipse/aether/graph/Dependency$Exclusions$1
instanceKlass  @bci org/eclipse/aether/util/graph/manager/ClassicDependencyManager deriveChildManager (Lorg/eclipse/aether/collection/DependencyCollectionContext;)Lorg/eclipse/aether/collection/DependencyManager; 420 <appendix> argL0 ; # org/eclipse/aether/util/graph/manager/ClassicDependencyManager$$Lambda+0x0000016faf7888a8
instanceKlass org/eclipse/aether/util/graph/manager/ClassicDependencyManager$Key
instanceKlass org/eclipse/aether/util/concurrency/WorkerThreadFactory
instanceKlass org/eclipse/aether/internal/impl/collect/bf/BfDependencyCollector$ParallelDescriptorResolver
instanceKlass org/eclipse/aether/internal/impl/collect/bf/DependencyResolutionSkipper$DefaultDependencyResolutionSkipper$CoordinateManager
instanceKlass org/eclipse/aether/internal/impl/collect/bf/DependencyResolutionSkipper$DefaultDependencyResolutionSkipper$CacheManager
instanceKlass  @bci org/eclipse/aether/util/concurrency/ExecutorUtils <clinit> ()V 0 <appendix> argL0 ; # org/eclipse/aether/util/concurrency/ExecutorUtils$$Lambda+0x0000016faf785a08
instanceKlass  @cpi org/eclipse/aether/util/concurrency/ExecutorUtils 106 form vmentry <vmtarget> ; # java/lang/invoke/LambdaForm$DMH+0x0000016faf785400
instanceKlass org/eclipse/aether/util/concurrency/ExecutorUtils
instanceKlass org/eclipse/aether/graph/DependencyCycle
instanceKlass org/eclipse/aether/internal/impl/collect/DataPool$HardInternPool
instanceKlass org/eclipse/aether/internal/impl/collect/DataPool$WeakInternPool
instanceKlass org/eclipse/aether/internal/impl/collect/DataPool$InternPool
instanceKlass org/apache/maven/project/DefaultProjectBuildingResult
instanceKlass org/eclipse/aether/util/graph/visitor/TreeDependencyVisitor
instanceKlass org/eclipse/aether/internal/impl/ArtifactRequestBuilder
instanceKlass org/eclipse/aether/util/graph/transformer/ConflictResolver$ScopeContext
instanceKlass org/eclipse/aether/util/graph/transformer/ConflictResolver$ConflictContext
instanceKlass org/eclipse/aether/util/graph/transformer/ConflictResolver$State
instanceKlass org/eclipse/aether/util/graph/transformer/ConflictIdSorter$ConflictId
instanceKlass org/eclipse/aether/util/graph/transformer/ConflictIdSorter$RootQueue
instanceKlass org/eclipse/aether/util/graph/transformer/ConflictMarker
instanceKlass org/eclipse/aether/util/graph/transformer/ConflictIdSorter
instanceKlass org/eclipse/aether/util/graph/transformer/TransformationContextKeys
instanceKlass org/eclipse/aether/internal/impl/collect/DefaultDependencyGraphTransformationContext
instanceKlass org/eclipse/aether/internal/impl/collect/CachingArtifactTypeRegistry
instanceKlass org/apache/maven/artifact/handler/DefaultArtifactHandler$__sisu16$$FastClassByGuice$$209878365
instanceKlass  @bci org/apache/maven/RepositoryUtils toDependency (Lorg/apache/maven/model/Dependency;Lorg/eclipse/aether/artifact/ArtifactTypeRegistry;)Lorg/eclipse/aether/graph/Dependency; 106 <appendix> argL0 ; # org/apache/maven/RepositoryUtils$$Lambda+0x0000016faf776850
instanceKlass org/apache/maven/project/DefaultDependencyResolutionRequest
# instanceKlass java/lang/invoke/LambdaForm$MH+0x0000016faf785000
# instanceKlass java/lang/invoke/LambdaForm$MH+0x0000016faf784c00
# instanceKlass java/lang/invoke/LambdaForm$MH+0x0000016faf784800
# instanceKlass java/lang/invoke/LambdaForm$MH+0x0000016faf784400
instanceKlass  @bci com/google/gson/internal/ConstructorConstructor newCollectionConstructor (Ljava/lang/Class;)Lcom/google/gson/internal/ObjectConstructor; 9 <appendix> argL0 ; # com/google/gson/internal/ConstructorConstructor$$Lambda+0x0000016faf56e370
instanceKlass  @bci com/google/common/io/Closer <clinit> ()V 0 <appendix> argL0 ; # com/google/common/io/Closer$$Lambda+0x0000016faf783bc8
instanceKlass  @cpi com/google/common/io/Closer 177 form vmentry <vmtarget> ; # java/lang/invoke/LambdaForm$DMH+0x0000016faf784000
instanceKlass com/google/common/io/Closer$Suppressor
instanceKlass com/google/common/io/Closer
instanceKlass com/google/common/io/CharSink
instanceKlass  @bci com/google/common/io/Files <clinit> ()V 0 <appendix> argL0 ; # com/google/common/io/Files$$Lambda+0x0000016faf7830d0
instanceKlass com/google/common/graph/SuccessorsFunction
instanceKlass com/google/common/io/LineProcessor
instanceKlass com/google/common/io/ByteSink
instanceKlass com/google/common/io/Files
instanceKlass  @bci com/google/common/base/Splitter onPatternInternal (Lcom/google/common/base/CommonPattern;)Lcom/google/common/base/Splitter; 28 <appendix> member <vmtarget> ; # com/google/common/base/Splitter$$Lambda+0x0000016faf781a28
instanceKlass com/google/common/base/Splitter$Strategy
instanceKlass com/google/common/base/CommonMatcher
instanceKlass com/google/common/base/Splitter
instanceKlass com/google/common/io/ByteSource
instanceKlass com/google/common/io/CharSource
instanceKlass com/google/common/io/Closeables
instanceKlass sun/net/www/http/KeepAliveEntry
instanceKlass sun/net/www/http/KeepAliveCache$1
instanceKlass  @bci org/eclipse/jdt/internal/core/SearchableEnvironment <init> (Lorg/eclipse/jdt/internal/core/JavaProject;[Lorg/eclipse/jdt/core/ICompilationUnit;ZI)V 149 <appendix> argL0 ; # org/eclipse/jdt/internal/core/SearchableEnvironment$$Lambda+0x0000016faf77c880
instanceKlass org/eclipse/jdt/internal/core/ModuleUpdater
instanceKlass  @bci org/eclipse/jdt/internal/core/SearchableEnvironment <init> (Lorg/eclipse/jdt/internal/core/JavaProject;[Lorg/eclipse/jdt/core/ICompilationUnit;ZI)V 82 <appendix> member <vmtarget> ; # org/eclipse/jdt/internal/core/SearchableEnvironment$$Lambda+0x0000016faf77c420
instanceKlass org/eclipse/jdt/core/JavaCore$JavaCallable
instanceKlass  @bci org/eclipse/jdt/internal/core/CompilationUnit getTypes ()[Lorg/eclipse/jdt/core/IType; 8 <appendix> argL0 ; # org/eclipse/jdt/internal/core/CompilationUnit$$Lambda+0x0000016faf77c000
instanceKlass org/eclipse/jdt/internal/core/JavaProjectElementInfo$ProjectCache
instanceKlass org/apache/maven/lifecycle/mapping/DefaultLifecycleMapping$$FastClassByGuice$$209230752
instanceKlass org/eclipse/jdt/internal/compiler/env/ClassSignature
instanceKlass org/apache/maven/model/Site
instanceKlass org/eclipse/jdt/internal/core/INameEnvironmentWithProgress
instanceKlass org/eclipse/jdt/internal/compiler/env/INameEnvironmentExtension
instanceKlass org/eclipse/jdt/internal/core/JavaElementDeltaBuilder$ListItem
instanceKlass org/eclipse/jdt/internal/core/JavaElementDeltaBuilder
instanceKlass  @bci org/apache/maven/model/building/DefaultModelBuilder lambda$getInterpolatedProfiles$4 (Lorg/apache/maven/model/Activation;Lorg/codehaus/plexus/interpolation/RegexBasedInterpolator;Lorg/apache/maven/model/building/DefaultModelProblemCollector;Ljava/lang/String;)V 32 <appendix> member <vmtarget> ; # org/apache/maven/model/building/DefaultModelBuilder$$Lambda+0x0000016faf775ec8
instanceKlass  @bci org/apache/maven/model/building/DefaultModelBuilder lambda$getInterpolatedProfiles$4 (Lorg/apache/maven/model/Activation;Lorg/codehaus/plexus/interpolation/RegexBasedInterpolator;Lorg/apache/maven/model/building/DefaultModelProblemCollector;Ljava/lang/String;)V 12 <appendix> member <vmtarget> ; # org/apache/maven/model/building/DefaultModelBuilder$$Lambda+0x0000016faf775ca0
instanceKlass org/apache/maven/lifecycle/Lifecycle$__sisu8$$FastClassByGuice$$208578419
instanceKlass org/apache/maven/lifecycle/Lifecycle$__sisu7$$FastClassByGuice$$206696023
instanceKlass org/apache/maven/lifecycle/mapping/LifecycleMojo
instanceKlass org/apache/maven/lifecycle/mapping/DefaultLifecycleMapping$__sisu1$$FastClassByGuice$$205964517
instanceKlass org/apache/maven/lifecycle/mapping/Lifecycle
instanceKlass org/apache/maven/model/building/DefaultModelBuildingEvent
instanceKlass org/apache/maven/model/building/ModelBuildingEventCatapult$1
instanceKlass org/apache/maven/project/DefaultProjectBuilder$InterimResult
instanceKlass org/apache/maven/artifact/handler/DefaultArtifactHandler$__sisu13$$FastClassByGuice$$205000489
instanceKlass org/apache/maven/artifact/versioning/Restriction
# instanceKlass java/lang/invoke/LambdaForm$MH+0x0000016faf771400
# instanceKlass java/lang/invoke/LambdaForm$MH+0x0000016faf771000
# instanceKlass java/lang/invoke/LambdaForm$DMH+0x0000016faf770c00
# instanceKlass java/lang/invoke/LambdaForm$MH+0x0000016faf770800
# instanceKlass java/lang/invoke/LambdaForm$MH+0x0000016faf770400
instanceKlass org/apache/maven/artifact/handler/DefaultArtifactHandler$__sisu9$$FastClassByGuice$$204149964
instanceKlass org/apache/maven/artifact/versioning/ComparableVersion$StringItem
instanceKlass org/apache/maven/artifact/ArtifactUtils
instanceKlass org/apache/maven/artifact/DefaultArtifact
instanceKlass org/apache/maven/artifact/handler/DefaultArtifactHandler$$FastClassByGuice$$202668274
instanceKlass org/apache/maven/repository/internal/ArtifactDescriptorUtils
instanceKlass  @bci org/apache/maven/model/building/DefaultModelBuilder interpolateModel (Lorg/apache/maven/model/Model;Lorg/apache/maven/model/building/ModelBuildingRequest;Lorg/apache/maven/model/building/ModelProblemCollector;)Lorg/apache/maven/model/Model; 219 <appendix> member <vmtarget> ; # org/apache/maven/model/building/DefaultModelBuilder$$Lambda+0x0000016faf76fb40
instanceKlass  @cpi org/apache/maven/model/building/DefaultModelBuilder 1548 form vmentry <vmtarget> ; # java/lang/invoke/LambdaForm$DMH+0x0000016faf770000
instanceKlass org/apache/maven/model/Extension
instanceKlass org/codehaus/plexus/interpolation/util/StringUtils
instanceKlass org/apache/maven/model/DistributionManagement
instanceKlass org/apache/maven/model/CiManagement
instanceKlass org/apache/maven/model/Prerequisites
instanceKlass org/apache/maven/model/MailingList
instanceKlass org/apache/maven/model/Organization
instanceKlass org/codehaus/plexus/interpolation/reflection/MethodMap
instanceKlass org/codehaus/plexus/interpolation/reflection/ClassMap$CacheMiss
instanceKlass org/codehaus/plexus/interpolation/reflection/ClassMap
instanceKlass org/codehaus/plexus/interpolation/reflection/ReflectionValueExtractor$Tokenizer
instanceKlass org/codehaus/plexus/interpolation/reflection/ReflectionValueExtractor
instanceKlass org/codehaus/plexus/interpolation/util/ValueSourceUtils
instanceKlass org/apache/maven/model/interpolation/StringVisitorModelInterpolator$ModelVisitor
instanceKlass org/apache/maven/model/interpolation/StringVisitorModelInterpolator$1
instanceKlass org/codehaus/plexus/interpolation/PrefixAwareRecursionInterceptor
instanceKlass org/codehaus/plexus/interpolation/StringSearchInterpolator
instanceKlass org/apache/maven/model/interpolation/UrlNormalizingPostProcessor
instanceKlass org/apache/maven/model/interpolation/PathTranslatingPostProcessor
instanceKlass org/apache/maven/model/interpolation/MavenBuildTimestamp
instanceKlass org/codehaus/plexus/interpolation/PrefixedValueSourceWrapper
instanceKlass org/codehaus/plexus/interpolation/FeedbackEnabledValueSource
instanceKlass org/codehaus/plexus/interpolation/AbstractDelegatingValueSource
instanceKlass org/codehaus/plexus/interpolation/QueryEnabledValueSource
instanceKlass org/apache/maven/model/merge/ModelMerger$ExtensionKeyComputer
instanceKlass org/apache/maven/model/merge/ModelMerger$ResourceKeyComputer
instanceKlass org/apache/maven/model/merge/ModelMerger$SourceDominant
instanceKlass org/apache/maven/model/merge/ModelMerger$DependencyKeyComputer
instanceKlass  @bci org/apache/maven/model/building/DefaultModelBuilder lambda$getInterpolatedProfiles$3 (Lorg/codehaus/plexus/interpolation/RegexBasedInterpolator;Lorg/apache/maven/model/building/DefaultModelProblemCollector;Lorg/apache/maven/model/ActivationProperty;)V 61 <appendix> member <vmtarget> ; # org/apache/maven/model/building/DefaultModelBuilder$$Lambda+0x0000016faf76a1a8
instanceKlass  @bci org/apache/maven/model/building/DefaultModelBuilder lambda$getInterpolatedProfiles$3 (Lorg/codehaus/plexus/interpolation/RegexBasedInterpolator;Lorg/apache/maven/model/building/DefaultModelProblemCollector;Lorg/apache/maven/model/ActivationProperty;)V 38 <appendix> member <vmtarget> ; # org/apache/maven/model/building/DefaultModelBuilder$$Lambda+0x0000016faf769f70
instanceKlass  @bci org/apache/maven/model/building/DefaultModelBuilder lambda$getInterpolatedProfiles$3 (Lorg/codehaus/plexus/interpolation/RegexBasedInterpolator;Lorg/apache/maven/model/building/DefaultModelProblemCollector;Lorg/apache/maven/model/ActivationProperty;)V 12 <appendix> member <vmtarget> ; # org/apache/maven/model/building/DefaultModelBuilder$$Lambda+0x0000016faf769d48
instanceKlass org/apache/maven/model/building/DefaultModelBuilder$InterpolateString
instanceKlass org/apache/maven/model/building/DefaultModelBuilder$1Interpolation
instanceKlass org/apache/maven/model/Exclusion
instanceKlass org/apache/maven/model/DependencyManagement
instanceKlass  @bci org/apache/maven/model/building/DefaultModelBuilder getInterpolatedProfiles (Lorg/apache/maven/model/Model;Lorg/apache/maven/model/profile/DefaultProfileActivationContext;Lorg/apache/maven/model/building/DefaultModelProblemCollector;)Ljava/util/List; 205 <appendix> member <vmtarget> ; # org/apache/maven/model/building/DefaultModelBuilder$$Lambda+0x0000016faf769218
instanceKlass  @bci org/apache/maven/model/building/DefaultModelBuilder getInterpolatedProfiles (Lorg/apache/maven/model/Model;Lorg/apache/maven/model/profile/DefaultProfileActivationContext;Lorg/apache/maven/model/building/DefaultModelProblemCollector;)Ljava/util/List; 191 <appendix> argL0 ; # org/apache/maven/model/building/DefaultModelBuilder$$Lambda+0x0000016faf768fd8
instanceKlass  @bci org/apache/maven/model/building/DefaultModelBuilder getInterpolatedProfiles (Lorg/apache/maven/model/Model;Lorg/apache/maven/model/profile/DefaultProfileActivationContext;Lorg/apache/maven/model/building/DefaultModelProblemCollector;)Ljava/util/List; 181 <appendix> member <vmtarget> ; # org/apache/maven/model/building/DefaultModelBuilder$$Lambda+0x0000016faf768da0
instanceKlass  @bci org/apache/maven/model/building/DefaultModelBuilder getInterpolatedProfiles (Lorg/apache/maven/model/Model;Lorg/apache/maven/model/profile/DefaultProfileActivationContext;Lorg/apache/maven/model/building/DefaultModelProblemCollector;)Ljava/util/List; 169 <appendix> argL0 ; # org/apache/maven/model/building/DefaultModelBuilder$$Lambda+0x0000016faf768b60
instanceKlass  @bci org/apache/maven/model/building/DefaultModelBuilder getInterpolatedProfiles (Lorg/apache/maven/model/Model;Lorg/apache/maven/model/profile/DefaultProfileActivationContext;Lorg/apache/maven/model/building/DefaultModelProblemCollector;)Ljava/util/List; 159 <appendix> member <vmtarget> ; # org/apache/maven/model/building/DefaultModelBuilder$$Lambda+0x0000016faf768928
instanceKlass  @bci org/apache/maven/model/building/DefaultModelBuilder getInterpolatedProfiles (Lorg/apache/maven/model/Model;Lorg/apache/maven/model/profile/DefaultProfileActivationContext;Lorg/apache/maven/model/building/DefaultModelProblemCollector;)Ljava/util/List; 147 <appendix> argL0 ; # org/apache/maven/model/building/DefaultModelBuilder$$Lambda+0x0000016faf7686e8
instanceKlass  @bci org/apache/maven/model/building/DefaultModelBuilder getInterpolatedProfiles (Lorg/apache/maven/model/Model;Lorg/apache/maven/model/profile/DefaultProfileActivationContext;Lorg/apache/maven/model/building/DefaultModelProblemCollector;)Ljava/util/List; 137 <appendix> member <vmtarget> ; # org/apache/maven/model/building/DefaultModelBuilder$$Lambda+0x0000016faf7684b0
instanceKlass  @bci org/apache/maven/model/building/DefaultModelBuilder getInterpolatedProfiles (Lorg/apache/maven/model/Model;Lorg/apache/maven/model/profile/DefaultProfileActivationContext;Lorg/apache/maven/model/building/DefaultModelProblemCollector;)Ljava/util/List; 126 <appendix> argL0 ; # org/apache/maven/model/building/DefaultModelBuilder$$Lambda+0x0000016faf768270
instanceKlass org/apache/maven/model/IssueManagement
instanceKlass org/apache/maven/model/io/xpp3/MavenXpp3ReaderEx$Xpp3DomBuilderInputLocationBuilder
instanceKlass  @bci org/eclipse/aether/named/support/NamedLockFactorySupport closeLock (Ljava/lang/String;)V 6 <appendix> member <vmtarget> ; # org/eclipse/aether/named/support/NamedLockFactorySupport$$Lambda+0x0000016faf760800
instanceKlass org/eclipse/aether/repository/LocalArtifactRequest
instanceKlass  @bci org/eclipse/m2e/core/internal/project/registry/BasicProjectRegistry getWorkspaceArtifacts (Ljava/lang/String;Ljava/lang/String;)Ljava/util/Map; 15 <appendix> member <vmtarget> ; # org/eclipse/m2e/core/internal/project/registry/BasicProjectRegistry$$Lambda+0x0000016faf754da0
instanceKlass org/apache/maven/repository/internal/DefaultVersionResolver$Key
instanceKlass org/eclipse/aether/internal/impl/DefaultRepositoryEventDispatcher$1
instanceKlass org/eclipse/aether/RepositoryEvent$Builder
instanceKlass org/eclipse/aether/internal/impl/filter/PrefixesRemoteRepositoryFilterSource$1
instanceKlass org/eclipse/aether/internal/impl/filter/RemoteRepositoryFilterSourceSupport$SimpleResult
instanceKlass  @bci org/eclipse/aether/internal/impl/filter/DefaultRemoteRepositoryFilterManager getRemoteRepositoryFilter (Lorg/eclipse/aether/RepositorySystemSession;)Lorg/eclipse/aether/spi/connector/filter/RemoteRepositoryFilter; 40 <appendix> member <vmtarget> ; # org/eclipse/aether/internal/impl/filter/DefaultRemoteRepositoryFilterManager$$Lambda+0x0000016faf763ab8
instanceKlass  @bci org/eclipse/aether/named/support/ReadWriteLockNamedLock <init> (Ljava/lang/String;Lorg/eclipse/aether/named/support/NamedLockFactorySupport;Ljava/util/concurrent/locks/ReadWriteLock;)V 7 <appendix> argL0 ; # org/eclipse/aether/named/support/ReadWriteLockNamedLock$$Lambda+0x0000016faf763458
instanceKlass org/eclipse/aether/named/support/Retry$DoNotRetry
instanceKlass  @bci org/eclipse/aether/named/support/NamedLockFactorySupport getLock (Ljava/lang/String;)Lorg/eclipse/aether/named/support/NamedLockSupport; 6 <appendix> member <vmtarget> ; # org/eclipse/aether/named/support/NamedLockFactorySupport$$Lambda+0x0000016faf762dc0
instanceKlass org/eclipse/aether/internal/impl/synccontext/named/NamedLockFactoryAdapter$AdaptedLockSyncContext
instanceKlass org/eclipse/aether/internal/impl/synccontext/named/GAVNameMapper
instanceKlass org/eclipse/aether/internal/impl/synccontext/named/NameMappers
instanceKlass org/eclipse/sisu/wire/NamedIterableAdapter$NamedEntry
instanceKlass org/eclipse/sisu/wire/NamedIterableAdapter$NamedIterator
instanceKlass  @bci org/eclipse/aether/DefaultSessionData computeIfAbsent (Ljava/lang/Object;Ljava/util/function/Supplier;)Ljava/lang/Object; 6 <appendix> member <vmtarget> ; # org/eclipse/aether/DefaultSessionData$$Lambda+0x0000016faf767a58
instanceKlass  @bci org/eclipse/aether/internal/impl/synccontext/DefaultSyncContextFactory newInstance (Lorg/eclipse/aether/RepositorySystemSession;Z)Lorg/eclipse/aether/SyncContext; 18 <appendix> member <vmtarget> ; # org/eclipse/aether/internal/impl/synccontext/DefaultSyncContextFactory$$Lambda+0x0000016faf767830
instanceKlass org/apache/maven/project/ReactorModelPool$CacheKey
instanceKlass org/eclipse/aether/util/version/GenericVersion$Item
instanceKlass org/eclipse/aether/util/version/GenericVersion$Tokenizer
instanceKlass org/eclipse/aether/util/version/GenericVersion
instanceKlass org/eclipse/aether/util/version/GenericVersionConstraint
instanceKlass org/eclipse/aether/artifact/AbstractArtifact
instanceKlass org/apache/maven/project/ReactorModelCache$CacheKey
instanceKlass org/apache/maven/model/building/ModelCacheTag$2
instanceKlass org/apache/maven/model/building/ModelCacheTag$1
instanceKlass  @bci org/apache/maven/model/profile/DefaultProfileActivationContext setProjectProperties (Ljava/util/Properties;)Lorg/apache/maven/model/profile/DefaultProfileActivationContext; 27 <appendix> argL0 ; # org/apache/maven/model/profile/DefaultProfileActivationContext$$Lambda+0x0000016faf765c98
instanceKlass  @bci org/apache/maven/model/profile/DefaultProfileActivationContext setProjectProperties (Ljava/util/Properties;)Lorg/apache/maven/model/profile/DefaultProfileActivationContext; 19 <appendix> argL0 ; # org/apache/maven/model/profile/DefaultProfileActivationContext$$Lambda+0x0000016faf765a58
instanceKlass  @bci org/apache/maven/model/profile/DefaultProfileActivationContext setProjectProperties (Ljava/util/Properties;)Lorg/apache/maven/model/profile/DefaultProfileActivationContext; 14 <appendix> argL0 ; # org/apache/maven/model/profile/DefaultProfileActivationContext$$Lambda+0x0000016faf765818
instanceKlass  @bci org/apache/maven/model/building/DefaultModelBuilder getProfileActivationContext (Lorg/apache/maven/model/building/ModelBuildingRequest;Lorg/apache/maven/model/Model;)Lorg/apache/maven/model/profile/DefaultProfileActivationContext; 55 <appendix> member <vmtarget> ; # org/apache/maven/model/building/DefaultModelBuilder$$Lambda+0x0000016faf7655d0
instanceKlass org/apache/maven/model/building/ModelProblemUtils
instanceKlass org/apache/maven/model/io/xpp3/MavenXpp3ReaderEx$1
instanceKlass org/codehaus/plexus/util/xml/Xpp3DomBuilder$InputLocationBuilder
instanceKlass org/apache/maven/model/io/xpp3/MavenXpp3ReaderEx$ContentTransformer
instanceKlass org/apache/maven/model/io/xpp3/MavenXpp3ReaderEx
instanceKlass org/apache/maven/model/building/DefaultModelBuildingResult
instanceKlass org/apache/maven/model/building/AbstractModelBuildingListener
instanceKlass org/apache/maven/project/ProjectModelResolver
instanceKlass org/apache/maven/model/building/DefaultModelBuildingRequest
instanceKlass org/apache/maven/artifact/repository/LegacyLocalRepositoryManager
instanceKlass org/apache/maven/project/ReactorModelCache
instanceKlass org/eclipse/m2e/core/internal/IMavenToolbox$1
instanceKlass  @bci org/eclipse/m2e/core/internal/project/registry/ProjectRegistryManager lambda$22 (Lorg/eclipse/m2e/core/internal/embedder/MavenExecutionContext;Lorg/eclipse/core/resources/IFile;Lorg/eclipse/m2e/core/embedder/IMavenExecutionContext;Lorg/eclipse/core/runtime/IProgressMonitor;)Ljava/util/Map; 22 <appendix> argL0 ; # org/eclipse/m2e/core/internal/project/registry/ProjectRegistryManager$$Lambda+0x0000016faf754890
instanceKlass org/apache/maven/project/DefaultProjectBuildingRequest
instanceKlass  @bci org/eclipse/m2e/core/internal/project/registry/ProjectRegistryManager readProjectsWithDependencies (Lorg/eclipse/core/resources/IFile;Lorg/eclipse/m2e/core/project/IProjectConfiguration;Lorg/eclipse/core/runtime/IProgressMonitor;)Ljava/util/Collection; 66 <appendix> member <vmtarget> ; # org/eclipse/m2e/core/internal/project/registry/ProjectRegistryManager$$Lambda+0x0000016faf754668
instanceKlass org/eclipse/aether/version/VersionConstraint
instanceKlass org/eclipse/aether/version/VersionRange
instanceKlass org/eclipse/aether/util/version/GenericVersionScheme
instanceKlass org/eclipse/m2e/core/internal/project/registry/ProjectRegistryManager$Context
instanceKlass org/eclipse/jdt/internal/compiler/codegen/ConstantPool
instanceKlass  @bci org/eclipse/jdt/ls/core/internal/commands/ProjectCommand getJavaProjectFromUri (Ljava/lang/String;)Lorg/eclipse/jdt/core/IJavaProject; 98 <appendix> argL0 ; # org/eclipse/jdt/ls/core/internal/commands/ProjectCommand$$Lambda+0x0000016faf75c4a0
instanceKlass  @bci org/eclipse/jdt/ls/core/internal/handlers/BaseDocumentLifeCycleHandler performValidation (Lorg/eclipse/core/runtime/IProgressMonitor;)Lorg/eclipse/core/runtime/IStatus; 209 <adapter> ; # java/lang/invoke/LambdaForm$MH+0x0000016faf760400
# instanceKlass java/lang/invoke/LambdaForm$DMH+0x0000016faf760000
instanceKlass  @bci org/eclipse/jdt/ls/core/internal/handlers/BaseDocumentLifeCycleHandler performValidation (Lorg/eclipse/core/runtime/IProgressMonitor;)Lorg/eclipse/core/runtime/IStatus; 209 <appendix> form vmentry <vmtarget> ; # java/lang/invoke/LambdaForm$MH+0x0000016faf75bc00
instanceKlass  @bci com/google/gson/internal/ConstructorConstructor newUnsafeAllocator (Ljava/lang/Class;)Lcom/google/gson/internal/ObjectConstructor; 8 <appendix> member <vmtarget> ; # com/google/gson/internal/ConstructorConstructor$$Lambda+0x0000016faf56e148
instanceKlass  @bci org/eclipse/jdt/ls/core/internal/handlers/BaseDocumentLifeCycleHandler performValidation (Lorg/eclipse/core/runtime/IProgressMonitor;)Lorg/eclipse/core/runtime/IStatus; 209 <appendix> form names 4 function resolvedHandle form vmentry <vmtarget> ; # java/lang/invoke/LambdaForm$DMH+0x0000016faf75b800
instanceKlass  @bci org/eclipse/jdt/ls/core/internal/handlers/BaseDocumentLifeCycleHandler performValidation (Lorg/eclipse/core/runtime/IProgressMonitor;)Lorg/eclipse/core/runtime/IStatus; 209 <appendix> argL3 form vmentry <vmtarget> ; # java/lang/invoke/LambdaForm$MH+0x0000016faf75b400
instanceKlass  @bci org/eclipse/jdt/ls/core/internal/JDTUtils resolveCompilationUnit (Ljava/net/URI;)Lorg/eclipse/jdt/core/ICompilationUnit; 39 <appendix> member <vmtarget> ; # org/eclipse/jdt/ls/core/internal/JDTUtils$$Lambda+0x0000016faf75c258
# instanceKlass java/lang/invoke/LambdaForm$MH+0x0000016faf75b000
# instanceKlass java/lang/invoke/LambdaForm$MH+0x0000016faf75ac00
# instanceKlass java/lang/invoke/LambdaForm$MH+0x0000016faf75a800
# instanceKlass java/lang/invoke/LambdaForm$MH+0x0000016faf75a400
instanceKlass  @bci org/eclipse/jdt/ls/core/internal/handlers/BaseDocumentLifeCycleHandler performValidation (Lorg/eclipse/core/runtime/IProgressMonitor;)Lorg/eclipse/core/runtime/IStatus; 209 <appendix> form names 8 function resolvedHandle form vmentry <vmtarget> ; # java/lang/invoke/LambdaForm$DMH+0x0000016faf75a000
instanceKlass com/microsoft/java/test/plugin/util/ProjectTestUtils$TestSourcePath
instanceKlass  @bci org/eclipse/jdt/ls/core/internal/ProjectUtils isInternalBuildSupport (Lorg/eclipse/jdt/ls/core/internal/managers/IBuildSupport;)Z 11 <appendix> member <vmtarget> ; # org/eclipse/jdt/ls/core/internal/ProjectUtils$$Lambda+0x0000016faf75c000
instanceKlass  @bci org/eclipse/jdt/ls/core/internal/handlers/BaseDocumentLifeCycleHandler performValidation (Lorg/eclipse/core/runtime/IProgressMonitor;)Lorg/eclipse/core/runtime/IStatus; 209 <appendix> argL1 form vmentry <vmtarget> ; # java/lang/invoke/LambdaForm$MH+0x0000016faf759c00
# instanceKlass java/lang/invoke/LambdaForm$MH+0x0000016faf759800
# instanceKlass java/lang/invoke/LambdaForm$MH+0x0000016faf759400
# instanceKlass java/lang/invoke/LambdaForm$MH+0x0000016faf759000
instanceKlass  @bci com/microsoft/java/test/plugin/util/ProjectTestUtils parseProjects (Ljava/lang/String;)Ljava/util/Set; 20 <appendix> member <vmtarget> ; # com/microsoft/java/test/plugin/util/ProjectTestUtils$$Lambda+0x0000016faf7588a0
instanceKlass com/microsoft/java/test/plugin/util/ProjectTestUtils
instanceKlass com/microsoft/java/test/plugin/handler/ClasspathUpdateHandler
instanceKlass com/microsoft/java/test/plugin/util/JUnitPlugin
instanceKlass  @bci org/eclipse/m2e/core/internal/project/registry/MavenProjectCache$CacheLine getProject (Lorg/eclipse/m2e/core/project/IMavenProjectFacade;Ljava/util/function/Function;)Lorg/apache/maven/project/MavenProject; 33 <appendix> member <vmtarget> ; # org/eclipse/m2e/core/internal/project/registry/MavenProjectCache$CacheLine$$Lambda+0x0000016faf754210
instanceKlass com/microsoft/java/test/plugin/handler/TestDelegateCommandHandler
instanceKlass org/eclipse/jdt/internal/core/JavaModelManager$InvalidArchiveInfo
instanceKlass org/eclipse/jdt/internal/core/util/HashSetOfArray
instanceKlass  @bci org/eclipse/m2e/core/internal/project/registry/ProjectRegistryManager lambda$24 (Lorg/eclipse/m2e/core/project/IMavenProjectFacade;)Lorg/apache/maven/project/MavenProject; 6 <appendix> member <vmtarget> ; # org/eclipse/m2e/core/internal/project/registry/ProjectRegistryManager$$Lambda+0x0000016faf58fbd0
instanceKlass  @bci org/eclipse/m2e/core/internal/project/registry/ProjectRegistryManager getMavenProject (Lorg/eclipse/m2e/core/project/IMavenProjectFacade;Lorg/eclipse/core/runtime/IProgressMonitor;)Lorg/apache/maven/project/MavenProject; 7 <appendix> member <vmtarget> ; # org/eclipse/m2e/core/internal/project/registry/ProjectRegistryManager$$Lambda+0x0000016faf58f988
instanceKlass  @bci org/eclipse/m2e/core/internal/project/registry/ProjectRegistryManager getPom (Lorg/eclipse/core/resources/IProject;)Lorg/eclipse/core/resources/IFile; 64 <appendix> member <vmtarget> ; # org/eclipse/m2e/core/internal/project/registry/ProjectRegistryManager$$Lambda+0x0000016faf58f740
instanceKlass org/eclipse/m2e/core/internal/project/registry/ProjectFacadeAdapterFactory
instanceKlass  @bci org/eclipse/core/internal/runtime/AdapterManager getAdapter (Ljava/lang/Object;Ljava/lang/Class;)Ljava/lang/Object; 68 <appendix> argL0 ; # org/eclipse/core/internal/runtime/AdapterManager$$Lambda+0x0000016faf26a6e0
instanceKlass  @bci org/eclipse/core/internal/runtime/AdapterManager getAdapter (Ljava/lang/Object;Ljava/lang/Class;)Ljava/lang/Object; 58 <appendix> member <vmtarget> ; # org/eclipse/core/internal/runtime/AdapterManager$$Lambda+0x0000016faf26a488
instanceKlass  @bci org/eclipse/core/internal/runtime/AdapterManager getAdapter (Ljava/lang/Object;Ljava/lang/Class;)Ljava/lang/Object; 46 <appendix> member <vmtarget> ; # org/eclipse/core/internal/runtime/AdapterManager$$Lambda+0x0000016faf26a240
instanceKlass  @bci org/eclipse/core/internal/runtime/AdapterManager addFactoriesFor (Ljava/lang/String;Ljava/util/Map;)V 86 <appendix> argL0 ; # org/eclipse/core/internal/runtime/AdapterManager$$Lambda+0x0000016faf26a000
instanceKlass  @bci org/eclipse/core/internal/adapter/AdapterFactoryProxy createProxy (Lorg/eclipse/core/runtime/IConfigurationElement;)Lorg/eclipse/core/internal/adapter/AdapterFactoryProxy; 187 <appendix> member <vmtarget> ; # org/eclipse/core/internal/adapter/AdapterFactoryProxy$$Lambda+0x0000016faf176038
instanceKlass  @bci org/eclipse/core/internal/adapter/AdapterFactoryProxy createProxy (Lorg/eclipse/core/runtime/IConfigurationElement;)Lorg/eclipse/core/internal/adapter/AdapterFactoryProxy; 108 <appendix> argL0 ; # org/eclipse/core/internal/adapter/AdapterFactoryProxy$$Lambda+0x0000016faf175e18
instanceKlass  @bci org/eclipse/core/internal/adapter/AdapterFactoryProxy createProxy (Lorg/eclipse/core/runtime/IConfigurationElement;)Lorg/eclipse/core/internal/adapter/AdapterFactoryProxy; 98 <appendix> argL0 ; # org/eclipse/core/internal/adapter/AdapterFactoryProxy$$Lambda+0x0000016faf175bc8
instanceKlass  @bci org/eclipse/core/internal/adapter/AdapterFactoryProxy createProxy (Lorg/eclipse/core/runtime/IConfigurationElement;)Lorg/eclipse/core/internal/adapter/AdapterFactoryProxy; 88 <appendix> argL0 ; # org/eclipse/core/internal/adapter/AdapterFactoryProxy$$Lambda+0x0000016faf175988
instanceKlass  @bci org/eclipse/core/internal/adapter/AdapterFactoryProxy createProxy (Lorg/eclipse/core/runtime/IConfigurationElement;)Lorg/eclipse/core/internal/adapter/AdapterFactoryProxy; 78 <appendix> argL0 ; # org/eclipse/core/internal/adapter/AdapterFactoryProxy$$Lambda+0x0000016faf175738
instanceKlass org/eclipse/core/internal/adapter/AdapterFactoryProxy
instanceKlass  @bci org/eclipse/core/internal/runtime/AdapterManager getClassOrder (Ljava/lang/Class;)[Ljava/lang/Class; 5 <appendix> argL0 ; # org/eclipse/core/internal/runtime/AdapterManager$$Lambda+0x0000016faf269dc0
instanceKlass  @bci org/eclipse/core/internal/runtime/AdapterManager getFactories (Ljava/lang/Class;)Ljava/util/Map; 10 <appendix> member <vmtarget> ; # org/eclipse/core/internal/runtime/AdapterManager$$Lambda+0x0000016faf269b78
instanceKlass org/eclipse/core/internal/runtime/AdapterManager$AdapterLookup
instanceKlass org/eclipse/core/runtime/Adapters
instanceKlass  @bci org/eclipse/m2e/jdt/internal/launch/MavenRuntimeClasspathProvider computeUnresolvedClasspath (Lorg/eclipse/debug/core/ILaunchConfiguration;)[Lorg/eclipse/jdt/launching/IRuntimeClasspathEntry; 119 <appendix> argL0 ; # org/eclipse/m2e/jdt/internal/launch/MavenRuntimeClasspathProvider$$Lambda+0x0000016faf4aaa80
instanceKlass org/eclipse/jdt/launching/IRuntimeContainerComparator
instanceKlass  @bci org/eclipse/jdt/internal/launching/DefaultProjectClasspathEntry expandProjectInternal (Lorg/eclipse/jdt/core/IClasspathEntry;Ljava/util/List;Ljava/util/Set;Ljava/util/List;ZZLorg/eclipse/jdt/core/IJavaProject;Z)V 423 <appendix> argL0 ; # org/eclipse/jdt/internal/launching/DefaultProjectClasspathEntry$$Lambda+0x0000016faf751838
instanceKlass org/eclipse/jdt/launching/IRuntimeClasspathEntry2
instanceKlass org/eclipse/m2e/jdt/IClasspathEntryDescriptor
instanceKlass org/eclipse/m2e/jdt/internal/ModuleSupport
instanceKlass org/eclipse/jdt/internal/core/search/IRestrictedAccessConstructorRequestor
instanceKlass org/eclipse/jdt/internal/core/SearchableEnvironment
instanceKlass org/eclipse/jdt/core/search/IJavaSearchConstants
instanceKlass org/eclipse/jdt/internal/compiler/env/IModuleAwareNameEnvironment
instanceKlass org/eclipse/jdt/internal/launching/RuntimeClasspathEntry
instanceKlass org/eclipse/jdt/internal/core/search/matching/JavaSearchDelegateDiscovery
instanceKlass org/eclipse/jdt/internal/launching/JRERuntimeClasspathEntryResolver
instanceKlass org/eclipse/jdt/internal/launching/RuntimeClasspathEntryResolver
instanceKlass org/eclipse/jdt/launching/IRuntimeClasspathEntryResolver2
instanceKlass org/eclipse/jdt/internal/compiler/util/SimpleSet
instanceKlass org/eclipse/jdt/internal/compiler/util/HashtableOfLong
instanceKlass org/eclipse/jdt/internal/core/search/matching/MatchingNodeSet
instanceKlass org/eclipse/jdt/internal/launching/RuntimeClasspathProvider
instanceKlass org/eclipse/jdt/launching/IJavaLaunchConfigurationConstants
instanceKlass org/eclipse/jdt/internal/core/search/matching/PossibleMatch
instanceKlass  @bci org/eclipse/jdt/ls/core/internal/commands/ProjectCommand getClasspathsFromJavaProject (Lorg/eclipse/jdt/core/IJavaProject;Lorg/eclipse/jdt/ls/core/internal/commands/ProjectCommand$ClasspathOptions;)Lorg/eclipse/jdt/ls/core/internal/commands/ProjectCommand$ClasspathResult; 141 <appendix> member <vmtarget> ; # org/eclipse/jdt/ls/core/internal/commands/ProjectCommand$$Lambda+0x0000016faf73b7e8
instanceKlass org/eclipse/jdt/internal/core/util/HashtableOfArrayToObject
instanceKlass org/eclipse/jdt/internal/core/search/matching/MatchLocator$1
instanceKlass org/eclipse/jdt/internal/core/search/matching/PossibleMatchSet
instanceKlass org/eclipse/jdt/internal/core/search/matching/SuperTypeNamesCollector
instanceKlass org/eclipse/jdt/internal/core/util/HandleFactory
instanceKlass org/eclipse/jdt/ls/core/internal/commands/ProjectCommand$ClasspathResult
instanceKlass org/eclipse/debug/core/model/IBreakpoint
instanceKlass org/eclipse/debug/core/sourcelookup/ISourceLookupDirector
instanceKlass org/eclipse/debug/core/sourcelookup/IPersistableSourceLocator2
instanceKlass org/eclipse/debug/core/model/IPersistableSourceLocator
instanceKlass org/eclipse/debug/core/model/LaunchConfigurationDelegate
instanceKlass org/eclipse/debug/core/model/ILaunchConfigurationDelegate2
instanceKlass org/eclipse/debug/core/model/ILaunchConfigurationDelegate
instanceKlass org/eclipse/jdt/internal/core/JavaModelManager$ZipCache
instanceKlass org/eclipse/debug/internal/core/IInternalDebugCoreConstants
instanceKlass org/eclipse/debug/internal/core/Preferences
instanceKlass org/eclipse/debug/core/commands/IDebugCommandRequest
instanceKlass org/eclipse/debug/core/IRequest
instanceKlass org/eclipse/debug/internal/core/StepFilterManager
instanceKlass org/eclipse/debug/core/ILaunchListener
instanceKlass org/eclipse/debug/internal/core/LaunchDelegate
instanceKlass org/eclipse/debug/core/ILaunchConfigurationType
instanceKlass org/eclipse/debug/internal/core/LaunchConfigurationInfo
instanceKlass org/eclipse/debug/core/ILaunchConfigurationWorkingCopy
instanceKlass org/eclipse/jdt/internal/core/search/matching/PatternLocator
instanceKlass  @bci org/eclipse/jdt/internal/core/search/PathCollector getPaths ()[Ljava/lang/String; 4 <appendix> argL0 ; # org/eclipse/jdt/internal/core/search/PathCollector$$Lambda+0x0000016faf726570
instanceKlass  @bci org/eclipse/jdt/ls/core/internal/managers/StandardProjectsManager getBuildSupport (Lorg/eclipse/core/resources/IProject;)Ljava/util/Optional; 5 <appendix> member <vmtarget> ; # org/eclipse/jdt/ls/core/internal/managers/StandardProjectsManager$$Lambda+0x0000016faf73a928
instanceKlass org/eclipse/jdt/internal/core/index/EntryResult
instanceKlass  @bci org/eclipse/jdt/internal/core/search/matching/OrPattern isParallelSearchSupported ()Z 7 <appendix> argL0 ; # org/eclipse/jdt/internal/core/search/matching/OrPattern$$Lambda+0x0000016faf725ef0
instanceKlass org/eclipse/jdt/ls/core/internal/commands/ProjectCommand$ClasspathOptions
instanceKlass org/eclipse/jdt/internal/compiler/classfmt/ClassFileConstants
instanceKlass org/eclipse/jdt/internal/compiler/env/AccessRuleSet
instanceKlass org/eclipse/lsp4j/DidChangeWatchedFilesRegistrationOptions
instanceKlass  @bci com/microsoft/jdtls/ext/core/PackageCommand getProject (Ljava/lang/String;)Lorg/eclipse/core/resources/IProject; 26 <appendix> argL0 ; # com/microsoft/jdtls/ext/core/PackageCommand$$Lambda+0x0000016faf73e690
instanceKlass org/eclipse/lsp4j/RelativePattern
instanceKlass org/eclipse/lsp4j/FileSystemWatcher
instanceKlass  @bci org/eclipse/jdt/ls/core/internal/managers/StandardProjectsManager registerWatchers ()Ljava/util/List; 817 <appendix> argL0 ; # org/eclipse/jdt/ls/core/internal/managers/StandardProjectsManager$$Lambda+0x0000016faf73a2c0
instanceKlass  @bci org/eclipse/jdt/ls/core/internal/managers/StandardProjectsManager registerWatchers ()Ljava/util/List; 583 <appendix> argL0 ; # org/eclipse/jdt/ls/core/internal/managers/StandardProjectsManager$$Lambda+0x0000016faf73a080
instanceKlass  @bci com/microsoft/jdtls/ext/core/PackageCommand <clinit> ()V 119 <appendix> argL0 ; # com/microsoft/jdtls/ext/core/PackageCommand$$Lambda+0x0000016faf73e460
instanceKlass  @bci com/microsoft/jdtls/ext/core/PackageCommand <clinit> ()V 102 <appendix> argL0 ; # com/microsoft/jdtls/ext/core/PackageCommand$$Lambda+0x0000016faf73e230
instanceKlass  @bci com/microsoft/jdtls/ext/core/PackageCommand <clinit> ()V 85 <appendix> argL0 ; # com/microsoft/jdtls/ext/core/PackageCommand$$Lambda+0x0000016faf73e000
instanceKlass  @bci org/eclipse/jdt/ls/core/internal/managers/StandardProjectsManager lambda$9 (Ljava/util/Set;Lorg/eclipse/jdt/ls/core/internal/managers/IBuildSupport;)V 7 <appendix> member <vmtarget> ; # org/eclipse/jdt/ls/core/internal/managers/StandardProjectsManager$$Lambda+0x0000016faf739e48
instanceKlass  @bci org/eclipse/jdt/ls/core/internal/managers/StandardProjectsManager registerWatchers ()Ljava/util/List; 35 <appendix> member <vmtarget> ; # org/eclipse/jdt/ls/core/internal/managers/StandardProjectsManager$$Lambda+0x0000016faf739c10
instanceKlass  @bci com/microsoft/jdtls/ext/core/PackageCommand <clinit> ()V 68 <appendix> argL0 ; # com/microsoft/jdtls/ext/core/PackageCommand$$Lambda+0x0000016faf73cd08
instanceKlass  @bci com/microsoft/jdtls/ext/core/PackageCommand <clinit> ()V 51 <appendix> argL0 ; # com/microsoft/jdtls/ext/core/PackageCommand$$Lambda+0x0000016faf73cad8
instanceKlass  @cpi com/microsoft/jdtls/ext/core/PackageCommand 860 form vmentry <vmtarget> ; # java/lang/invoke/LambdaForm$DMH+0x0000016faf73d000
instanceKlass com/microsoft/jdtls/ext/core/PackageParams
instanceKlass org/eclipse/jdt/ls/core/internal/JobHelpers$BuildJobMatcher
instanceKlass org/eclipse/jdt/ls/core/internal/handlers/IndexUtils
instanceKlass com/microsoft/jdtls/ext/core/parser/ResourceVisitor
instanceKlass org/eclipse/jdt/ls/core/internal/framework/android/AndroidSupport
instanceKlass com/microsoft/jdtls/ext/core/PackageCommand
instanceKlass org/eclipse/jdt/ls/core/internal/framework/protobuf/ProtobufSupport
instanceKlass  @bci com/microsoft/jdtls/ext/core/ProjectCommand listProjects (Ljava/util/List;Lorg/eclipse/core/runtime/IProgressMonitor;)Ljava/util/List; 73 <appendix> argL0 ; # com/microsoft/jdtls/ext/core/ProjectCommand$$Lambda+0x0000016faf73c240
instanceKlass  @bci com/microsoft/jdtls/ext/core/ProjectCommand listProjects (Ljava/util/List;Lorg/eclipse/core/runtime/IProgressMonitor;)Ljava/util/List; 63 <appendix> argL0 ; # com/microsoft/jdtls/ext/core/ProjectCommand$$Lambda+0x0000016faf73c000
instanceKlass  @bci org/eclipse/jdt/ls/core/internal/commands/ProjectCommand getAllJavaProjects ()Ljava/util/List; 16 <appendix> argL0 ; # org/eclipse/jdt/ls/core/internal/commands/ProjectCommand$$Lambda+0x0000016faf739170
# instanceKlass org/eclipse/jdt/ls/core/internal/commands/ProjectCommand$$Lambda+0x0000016faf738f50
# instanceKlass org/eclipse/jdt/ls/core/internal/commands/ProjectCommand$$Lambda+0x0000016faf738d30
instanceKlass  @bci org/eclipse/jdt/ls/core/internal/commands/ProjectCommand getAllJavaProjects ()Ljava/util/List; 6 <appendix> argL0 ; # org/eclipse/jdt/ls/core/internal/commands/ProjectCommand$$Lambda+0x0000016faf738670
# instanceKlass org/eclipse/jdt/ls/core/internal/commands/ProjectCommand$$Lambda+0x0000016faf738af0
# instanceKlass org/eclipse/jdt/ls/core/internal/commands/ProjectCommand$$Lambda+0x0000016faf7388b0
instanceKlass org/eclipse/jdt/ls/core/internal/commands/ProjectCommand
instanceKlass com/google/gson/JsonParser
instanceKlass org/eclipse/jdt/ls/core/internal/JDTDelegateCommandHandler
instanceKlass  @bci org/eclipse/jdt/launching/VMStandin init (Lorg/eclipse/jdt/launching/IVMInstall;)V 107 <appendix> member <vmtarget> ; # org/eclipse/jdt/launching/VMStandin$$Lambda+0x0000016faf486ed8
instanceKlass org/eclipse/jdt/ls/core/internal/preferences/PreferenceManager$1
# instanceKlass java/lang/invoke/LambdaForm$MH+0x0000016faf733c00
# instanceKlass java/lang/invoke/LambdaForm$MH+0x0000016faf733800
instanceKlass org/eclipse/jdt/internal/core/JavaElementDelta$Key
instanceKlass org/eclipse/jdt/internal/core/SimpleDelta
# instanceKlass java/lang/invoke/LambdaForm$MH+0x0000016faf733400
# instanceKlass java/lang/invoke/LambdaForm$MH+0x0000016faf733000
# instanceKlass java/lang/invoke/LambdaForm$MH+0x0000016faf732c00
# instanceKlass java/lang/invoke/LambdaForm$MH+0x0000016faf732800
# instanceKlass java/lang/invoke/LambdaForm$MH+0x0000016faf732400
# instanceKlass java/lang/invoke/LambdaForm$MH+0x0000016faf732000
instanceKlass org/eclipse/jface/text/Line
instanceKlass org/eclipse/jface/text/DocumentEvent
instanceKlass org/eclipse/core/filebuffers/IDocumentSetupParticipant
instanceKlass org/eclipse/jface/text/Position
instanceKlass org/eclipse/jface/text/DefaultPositionUpdater
instanceKlass org/eclipse/jface/text/AbstractLineTracker$DelimiterInfo
instanceKlass org/eclipse/jface/text/AbstractLineTracker$SessionData
instanceKlass org/eclipse/jface/text/ListLineTracker
instanceKlass org/eclipse/jface/text/AbstractLineTracker
instanceKlass org/eclipse/jface/text/ILineTrackerExtension
instanceKlass org/eclipse/jface/text/CopyOnWriteTextStore$StringTextStore
instanceKlass org/eclipse/jface/text/GapTextStore
instanceKlass org/eclipse/jface/text/CopyOnWriteTextStore
instanceKlass org/eclipse/jface/text/ILineTracker
instanceKlass org/eclipse/jface/text/ITextStore
instanceKlass org/eclipse/jface/text/IPositionUpdater
instanceKlass org/eclipse/jface/text/ITypedRegion
instanceKlass org/eclipse/jface/text/AbstractDocument
instanceKlass org/eclipse/jface/text/IRepairableDocumentExtension
instanceKlass org/eclipse/jface/text/IRepairableDocument
instanceKlass org/eclipse/jface/text/IDocumentExtension4
instanceKlass org/eclipse/jface/text/IDocumentExtension3
instanceKlass org/eclipse/jface/text/IDocumentExtension2
instanceKlass org/eclipse/jface/text/IDocumentExtension
instanceKlass org/eclipse/jface/text/ISynchronizable
instanceKlass org/eclipse/core/internal/filebuffers/ExtensionsRegistry$ContentTypeAdapter
instanceKlass org/eclipse/core/internal/filebuffers/ResourceFileBuffer$SafeFileChange
instanceKlass org/eclipse/core/internal/filebuffers/ResourceFileBuffer$FileSynchronizer
instanceKlass org/eclipse/core/internal/filebuffers/ResourceTextFileBuffer$DocumentListener
instanceKlass org/eclipse/core/filebuffers/LocationKind
instanceKlass org/eclipse/core/internal/filebuffers/ExtensionsRegistry
instanceKlass org/eclipse/core/filebuffers/ITextFileBuffer
instanceKlass org/eclipse/core/internal/filebuffers/AbstractFileBuffer
instanceKlass org/eclipse/core/filebuffers/IStateValidationSupport
instanceKlass org/eclipse/core/filebuffers/IFileBuffer
instanceKlass org/eclipse/core/internal/filebuffers/TextFileBufferManager
instanceKlass org/eclipse/core/internal/filebuffers/FileBuffersPlugin
instanceKlass org/eclipse/core/filebuffers/ITextFileBufferManager
instanceKlass org/eclipse/core/filebuffers/IFileBufferManager
instanceKlass org/eclipse/core/filebuffers/FileBuffers
instanceKlass org/eclipse/jdt/ls/core/internal/DocumentAdapter$NullBuffer
instanceKlass org/eclipse/jdt/ls/core/internal/DocumentAdapter
instanceKlass org/eclipse/jface/text/IDocumentListener
instanceKlass org/eclipse/jdt/internal/core/JavaModelManager$PerWorkingCopyInfo
instanceKlass lombok/eclipse/Eclipse
instanceKlass lombok/core/AST
instanceKlass lombok/eclipse/handlers/EclipseHandlerUtil
instanceKlass lombok/core/FieldAugment
instanceKlass lombok/eclipse/EcjAugments$EclipseAugments
instanceKlass lombok/eclipse/agent/PatchDelegate$EclipseOnlyMethods
instanceKlass lombok/eclipse/agent/PatchDelegatePortal$Reflection
instanceKlass org/eclipse/jdt/internal/core/Buffer$1
instanceKlass org/eclipse/jdt/core/Flags
instanceKlass  @bci org/eclipse/jdt/ls/core/internal/contentassist/CompletionProposalUtils addStaticImportsAsFavoriteImports (Lorg/eclipse/jdt/core/ICompilationUnit;)V 19 <appendix> argL0 ; # org/eclipse/jdt/ls/core/internal/contentassist/CompletionProposalUtils$$Lambda+0x0000016faf63d570
instanceKlass  @bci org/eclipse/jdt/ls/core/internal/contentassist/CompletionProposalUtils addStaticImportsAsFavoriteImports (Lorg/eclipse/jdt/core/ICompilationUnit;)V 9 <appendix> argL0 ; # org/eclipse/jdt/ls/core/internal/contentassist/CompletionProposalUtils$$Lambda+0x0000016faf61fd18
instanceKlass org/eclipse/jdt/internal/compiler/ClassFile
instanceKlass  @bci org/eclipse/jdt/internal/core/CompilationUnitStructureRequestor getChildren (Ljava/lang/Object;)[Lorg/eclipse/jdt/core/IJavaElement; 17 <appendix> argL0 ; # org/eclipse/jdt/internal/core/CompilationUnitStructureRequestor$$Lambda+0x0000016faf723670
instanceKlass org/eclipse/jdt/internal/core/MemberValuePair
instanceKlass org/eclipse/jdt/internal/compiler/ISourceElementRequestor$ParameterInfo
instanceKlass org/eclipse/jdt/internal/compiler/ISourceElementRequestor$MethodInfo
instanceKlass lombok/permit/Permit$Fake
instanceKlass lombok/permit/Permit
instanceKlass lombok/launch/PatchFixesHider$FieldInitializer
instanceKlass org/eclipse/jdt/internal/compiler/ISourceElementRequestor$FieldInfo
instanceKlass org/eclipse/jdt/internal/compiler/ExtraFlags
instanceKlass org/eclipse/jdt/internal/compiler/ISourceElementRequestor$TypeInfo
instanceKlass  @bci org/eclipse/jdt/internal/compiler/ast/TypeDeclaration protoFieldDeclarations ()[Lorg/eclipse/jdt/internal/compiler/ast/AbstractVariableDeclaration; 30 <appendix> argL0 ; # org/eclipse/jdt/internal/compiler/ast/TypeDeclaration$$Lambda+0x0000016faf718dc8
instanceKlass org/eclipse/jdt/internal/compiler/env/ISourceImport
instanceKlass lombok/var
instanceKlass lombok/val
# instanceKlass java/lang/invoke/LambdaForm$MH+0x0000016faf71c000
instanceKlass lombok/core/AST$FieldAccess
instanceKlass org/eclipse/jdt/internal/compiler/DefaultErrorHandlingPolicies$5
instanceKlass  @bci org/eclipse/jdt/internal/compiler/parser/Scanner$Goal <clinit> ()V 468 <appendix> argL0 ; # org/eclipse/jdt/internal/compiler/parser/Scanner$Goal$$Lambda+0x0000016faf705bf0
instanceKlass java/util/stream/Nodes$IntArrayNode
instanceKlass java/util/stream/Node$Builder$OfInt
instanceKlass  @bci java/util/stream/IntPipeline toArray ()[I 1 <appendix> argL0 ; # java/util/stream/IntPipeline$$Lambda+0x0000016faf466ea0
instanceKlass  @bci org/eclipse/jdt/internal/compiler/parser/Scanner$Goal <clinit> ()V 444 <appendix> argL0 ; # org/eclipse/jdt/internal/compiler/parser/Scanner$Goal$$Lambda+0x0000016faf7059d0
instanceKlass org/eclipse/jdt/internal/compiler/parser/Scanner$Goal
instanceKlass lombok/eclipse/agent/PatchVal
instanceKlass org/eclipse/jdt/core/dom/InfixExpression$Operator
instanceKlass org/eclipse/jdt/core/dom/PrimitiveType$Code
instanceKlass org/eclipse/jdt/core/dom/ModuleModifier$ModuleModifierKeyword
instanceKlass org/eclipse/jdt/core/dom/ASTConverter$ISetJavaDoc
instanceKlass org/eclipse/jdt/core/dom/ASTConverter$IGetJavaDoc
instanceKlass org/eclipse/jdt/core/dom/ASTConverter
instanceKlass org/eclipse/jdt/internal/compiler/ReadManager
instanceKlass lombok/eclipse/agent/PatchValEclipse$Reflection
# instanceKlass java/lang/invoke/LambdaForm$MH+0x0000016faf6f8c00
# instanceKlass java/lang/invoke/LambdaForm$MH+0x0000016faf6f8800
instanceKlass org/eclipse/jdt/core/dom/Modifier$ModifierKeyword
instanceKlass org/eclipse/jdt/core/dom/IExtendedModifier
instanceKlass org/eclipse/jdt/core/dom/AST
instanceKlass lombok/eclipse/agent/PatchValEclipse
instanceKlass lombok/eclipse/agent/PatchValEclipsePortal$Reflection
# instanceKlass java/lang/invoke/LambdaForm$MH+0x0000016faf6f8400
# instanceKlass java/lang/invoke/LambdaForm$MH+0x0000016faf6f8000
instanceKlass lombok/eclipse/agent/PatchValEclipsePortal
instanceKlass lombok/launch/PatchFixesHider$ValPortal
instanceKlass lombok/core/TypeResolver
instanceKlass lombok/core/LombokImmutableList$1
instanceKlass org/eclipse/jdt/internal/compiler/codegen/AnnotationContext
instanceKlass lombok/eclipse/EclipseAstProblemView
instanceKlass lombok/eclipse/EclipseAST$EcjReflectionCheck
instanceKlass  @bci java/util/regex/Pattern ALL ()Ljava/util/regex/Pattern$CharPredicate; 0 <appendix> argL0 ; # java/util/regex/Pattern$$Lambda+0x0000016faf642070
instanceKlass org/eclipse/jdt/internal/compiler/codegen/CodeStream
instanceKlass lombok/eclipse/handlers/EclipseHandlerUtil
instanceKlass lombok/eclipse/EclipseImportList
instanceKlass lombok/core/debug/DebugSnapshotStore
instanceKlass lombok/core/configuration/FileSystemSourceCache$Content
instanceKlass lombok/core/configuration/ConfigurationFile
instanceKlass lombok/core/configuration/BubblingConfigurationResolver
instanceKlass lombok/core/LombokConfiguration$3
instanceKlass lombok/core/configuration/FileSystemSourceCache$1
instanceKlass lombok/core/configuration/ConfigurationProblemReporter$1
instanceKlass lombok/core/configuration/ConfigurationProblemReporter
instanceKlass lombok/core/configuration/ConfigurationParser
instanceKlass lombok/core/configuration/ConfigurationFileToSource
instanceKlass lombok/core/configuration/FileSystemSourceCache
instanceKlass lombok/core/LombokConfiguration$1
instanceKlass lombok/core/configuration/ConfigurationResolverFactory
instanceKlass lombok/core/configuration/ConfigurationResolver
instanceKlass lombok/core/LombokConfiguration
instanceKlass lombok/eclipse/EclipseAST$EclipseWorkspaceBasedFileResolver
instanceKlass lombok/core/ImportList
instanceKlass lombok/core/FieldAugment
instanceKlass lombok/eclipse/EcjAugments
instanceKlass lombok/patcher/Symbols
# instanceKlass java/lang/invoke/LambdaForm$MH+0x0000016faf6ec800
# instanceKlass java/lang/invoke/LambdaForm$MH+0x0000016faf6ec400
# instanceKlass java/lang/invoke/LambdaForm$MH+0x0000016faf6ec000
instanceKlass lombok/core/AST
instanceKlass org/eclipse/jdt/internal/compiler/util/HashSetOfInt
instanceKlass org/eclipse/jdt/internal/compiler/parser/NLSTag
instanceKlass lombok/eclipse/HandlerLibrary$VisitorContainer
instanceKlass lombok/experimental/WithBy
instanceKlass lombok/With
instanceKlass lombok/Value
instanceKlass lombok/eclipse/EclipseASTAdapter
instanceKlass lombok/experimental/UtilityClass
instanceKlass lombok/ToString
instanceKlass lombok/Synchronized
instanceKlass lombok/experimental/SuperBuilder
instanceKlass lombok/eclipse/handlers/EclipseSingularsRecipes$StatementMaker
instanceKlass lombok/eclipse/handlers/EclipseSingularsRecipes$TypeReferenceMaker
instanceKlass lombok/eclipse/handlers/HandleBuilder$BuilderJob
instanceKlass lombok/experimental/StandardException
instanceKlass lombok/SneakyThrows
instanceKlass lombok/Setter
instanceKlass lombok/core/PrintAST
instanceKlass lombok/NonNull
instanceKlass lombok/extern/slf4j/XSlf4j
instanceKlass lombok/extern/slf4j/Slf4j
instanceKlass lombok/extern/log4j/Log4j
instanceKlass lombok/extern/log4j/Log4j2
instanceKlass lombok/extern/java/Log
instanceKlass lombok/extern/jbosslog/JBossLog
instanceKlass lombok/extern/flogger/Flogger
instanceKlass lombok/CustomLog
instanceKlass lombok/extern/apachecommons/CommonsLog
instanceKlass lombok/Locked$Write
instanceKlass lombok/Locked$Read
instanceKlass lombok/Locked
instanceKlass lombok/extern/jackson/Jacksonized
instanceKlass lombok/experimental/Helper
instanceKlass lombok/Getter
instanceKlass lombok/experimental/FieldNameConstants
instanceKlass lombok/core/LombokImmutableList
instanceKlass lombok/core/JavaIdentifiers
instanceKlass lombok/experimental/ExtensionMethod
instanceKlass lombok/EqualsAndHashCode
instanceKlass lombok/experimental/Delegate
instanceKlass lombok/Data
# instanceKlass java/lang/invoke/LambdaForm$MH+0x0000016faf6e0000
instanceKlass org/eclipse/jdt/internal/compiler/impl/Constant
instanceKlass org/eclipse/jdt/internal/compiler/codegen/Label
instanceKlass lombok/eclipse/Eclipse
instanceKlass lombok/RequiredArgsConstructor
instanceKlass lombok/NoArgsConstructor
instanceKlass lombok/AllArgsConstructor
instanceKlass lombok/Cleanup
instanceKlass lombok/Builder$Default
instanceKlass lombok/Builder
instanceKlass lombok/eclipse/handlers/HandleConstructor
instanceKlass lombok/core/LombokInternalAliasing
instanceKlass lombok/core/HandlerPriority
instanceKlass lombok/eclipse/DeferUntilPostDiet
instanceKlass lombok/eclipse/HandlerLibrary$AnnotationHandlerContainer
instanceKlass lombok/experimental/Accessors
instanceKlass lombok/eclipse/EclipseAnnotationHandler
instanceKlass lombok/core/SpiLoadUtil$1$1
instanceKlass lombok/core/SpiLoadUtil$1
instanceKlass lombok/core/SpiLoadUtil
instanceKlass lombok/core/configuration/ConfigurationKeysLoader
instanceKlass lombok/core/configuration/CheckerFrameworkVersion
instanceKlass lombok/core/configuration/TypeName
instanceKlass lombok/core/configuration/LogDeclaration
instanceKlass lombok/core/configuration/IdentifierName
instanceKlass lombok/core/configuration/ConfigurationDataType$6
instanceKlass lombok/core/configuration/ConfigurationDataType$7
instanceKlass lombok/core/configuration/NullAnnotationLibrary
instanceKlass lombok/core/configuration/ConfigurationValueType
instanceKlass lombok/core/configuration/ConfigurationDataType$5
instanceKlass lombok/core/configuration/ConfigurationDataType$4
instanceKlass lombok/core/configuration/ConfigurationDataType$3
instanceKlass lombok/core/configuration/ConfigurationDataType$2
instanceKlass lombok/core/configuration/ConfigurationDataType$1
instanceKlass lombok/core/configuration/ConfigurationValueParser
instanceKlass lombok/core/configuration/ConfigurationDataType
instanceKlass lombok/core/configuration/ConfigurationKey
instanceKlass lombok/ConfigurationKeys
instanceKlass lombok/core/configuration/ConfigurationKeysLoader$LoaderLoader
instanceKlass lombok/core/TypeLibrary
instanceKlass lombok/eclipse/HandlerLibrary
instanceKlass lombok/eclipse/EclipseASTVisitor
instanceKlass lombok/eclipse/TransformEclipseAST
instanceKlass lombok/core/LombokNode
instanceKlass lombok/core/DiagnosticsReceiver
instanceKlass lombok/launch/PackageShader
instanceKlass lombok/launch/Main
instanceKlass lombok/launch/PatchFixesHider$Transform
instanceKlass org/eclipse/jdt/internal/compiler/flow/FlowContext
instanceKlass org/eclipse/jdt/internal/compiler/flow/FlowInfo
instanceKlass org/eclipse/jdt/internal/compiler/util/Messages
instanceKlass org/eclipse/jdt/internal/compiler/ast/CompilationUnitDeclaration$1
instanceKlass org/eclipse/jdt/internal/compiler/lookup/Scope$Substitutor
instanceKlass org/eclipse/jdt/internal/compiler/CompilationResult$1
instanceKlass org/eclipse/jdt/internal/compiler/SourceElementNotifier
instanceKlass org/eclipse/jdt/internal/compiler/util/HashtableOfObjectToInt
instanceKlass org/eclipse/jdt/internal/compiler/ast/IJavadocTypeReference
instanceKlass org/eclipse/jdt/internal/compiler/DefaultErrorHandlingPolicies$1
instanceKlass org/eclipse/jdt/internal/compiler/IErrorHandlingPolicy
instanceKlass org/eclipse/jdt/internal/compiler/DefaultErrorHandlingPolicies
# instanceKlass java/lang/invoke/LambdaForm$MH+0x0000016faf6b5000
# instanceKlass java/lang/invoke/LambdaForm$MH+0x0000016faf6b4c00
# instanceKlass java/lang/invoke/LambdaForm$DMH+0x0000016faf6b4800
instanceKlass lombok/permit/Permit$Fake
instanceKlass lombok/permit/Permit
instanceKlass lombok/launch/PatchFixesHider$Util
instanceKlass lombok/launch/PatchFixesHider$ModuleClassLoading
instanceKlass org/eclipse/jdt/internal/compiler/parser/AbstractCommentParser
instanceKlass org/eclipse/jdt/internal/compiler/parser/JavadocTagConstants
instanceKlass org/eclipse/jdt/internal/compiler/parser/RecoveredElement
instanceKlass org/eclipse/jdt/internal/compiler/ast/IGenerateTypeCheck
instanceKlass org/eclipse/jdt/internal/compiler/util/HashtableOfInt
instanceKlass org/eclipse/jdt/core/compiler/CategorizedProblem
instanceKlass org/eclipse/jdt/internal/compiler/problem/DefaultProblemFactory
instanceKlass org/eclipse/jdt/internal/compiler/env/ISourceModule
instanceKlass org/eclipse/jdt/internal/compiler/env/ISourceMethod
instanceKlass org/eclipse/jdt/core/IMemberValuePair
instanceKlass org/eclipse/jdt/core/IInitializer
instanceKlass org/eclipse/jdt/internal/compiler/env/ISourceField
instanceKlass lombok/patcher/scripts/WrapMethodCallScript$1
instanceKlass org/eclipse/jdt/internal/core/util/LRUCache$LRUCacheEntry
instanceKlass org/eclipse/jdt/internal/core/util/ILRUCacheable
instanceKlass  @bci org/eclipse/core/internal/content/ContentTypeMatcher findContentTypeFor (Ljava/lang/String;)Lorg/eclipse/core/runtime/content/IContentType; 12 <appendix> member <vmtarget> ; # org/eclipse/core/internal/content/ContentTypeMatcher$$Lambda+0x0000016faf54d050
instanceKlass  @bci org/eclipse/core/internal/content/ContentTypeCatalog selectMatchingByName (Lorg/eclipse/core/runtime/preferences/IScopeContext;Ljava/util/Collection;Ljava/util/Collection;Ljava/lang/String;I)Ljava/util/Set; 61 <adapter> ; # java/lang/invoke/LambdaForm$MH+0x0000016faf691000
# instanceKlass java/lang/invoke/LambdaForm$DMH+0x0000016faf690c00
instanceKlass  @bci org/eclipse/core/internal/content/ContentTypeCatalog selectMatchingByName (Lorg/eclipse/core/runtime/preferences/IScopeContext;Ljava/util/Collection;Ljava/util/Collection;Ljava/lang/String;I)Ljava/util/Set; 61 <appendix> form vmentry <vmtarget> ; # java/lang/invoke/LambdaForm$DMH+0x0000016faf690800
instanceKlass  @bci org/eclipse/core/internal/content/ContentTypeCatalog selectMatchingByName (Lorg/eclipse/core/runtime/preferences/IScopeContext;Ljava/util/Collection;Ljava/util/Collection;Ljava/lang/String;I)Ljava/util/Set; 61 <appendix> member <vmtarget> ; # org/eclipse/core/internal/content/ContentTypeCatalog$$Lambda+0x0000016faf54ca38
instanceKlass  @cpi org/eclipse/core/internal/content/ContentTypeCatalog 783 form vmentry <vmtarget> ; # java/lang/invoke/LambdaForm$DMH+0x0000016faf690400
instanceKlass org/eclipse/core/internal/content/ContentTypeVisitor
instanceKlass org/eclipse/jdt/internal/core/Buffer
instanceKlass org/eclipse/jdt/internal/core/BufferManager$1
instanceKlass org/eclipse/jdt/internal/core/JavaProject$ModuleLookup
instanceKlass org/eclipse/jdt/internal/compiler/env/IBinaryElementValuePair
# instanceKlass java/lang/invoke/LambdaForm$MH+0x0000016faf690000
instanceKlass org/eclipse/jdt/internal/compiler/classfmt/ModuleInfo$ServiceInfo
instanceKlass org/eclipse/jdt/internal/compiler/classfmt/ModuleInfo$PackageExportInfo
instanceKlass org/eclipse/jdt/internal/compiler/classfmt/ModuleInfo$ModuleReferenceInfo
instanceKlass org/eclipse/jdt/internal/compiler/env/IModule$IService
instanceKlass org/eclipse/jdt/internal/compiler/env/IModule$IModuleReference
instanceKlass org/eclipse/jdt/internal/compiler/env/IModule$IPackageExport
instanceKlass org/eclipse/jdt/internal/compiler/codegen/AttributeNamesConstants
instanceKlass org/eclipse/jdt/internal/compiler/env/IBinaryNestedType
instanceKlass org/eclipse/jdt/internal/compiler/env/IBinaryTypeAnnotation
instanceKlass org/eclipse/jdt/internal/compiler/env/IBinaryModule
instanceKlass org/eclipse/jdt/internal/compiler/env/IBinaryAnnotation
instanceKlass org/eclipse/jdt/internal/compiler/env/IRecordComponent
instanceKlass org/eclipse/jdt/internal/compiler/env/IBinaryMethod
instanceKlass org/eclipse/jdt/internal/compiler/env/IGenericMethod
instanceKlass org/eclipse/jdt/internal/compiler/env/IBinaryField
instanceKlass org/eclipse/jdt/internal/compiler/env/IGenericField
instanceKlass org/eclipse/jdt/internal/compiler/classfmt/ClassFileStruct
instanceKlass jdk/internal/jrtfs/JrtFileSystem$1
instanceKlass  @bci org/eclipse/jdt/internal/compiler/util/SoftClassCache$JdkClasses get (Ljava/nio/file/Path;)[B 5 <appendix> argL0 ; # org/eclipse/jdt/internal/compiler/util/SoftClassCache$JdkClasses$$Lambda+0x0000016faf53bc00
instanceKlass org/eclipse/jdt/internal/compiler/util/SoftClassCache$ClassBytes
instanceKlass  @bci org/eclipse/jdt/internal/compiler/util/SoftClassCache getClassBytes (Lorg/eclipse/jdt/internal/compiler/util/Jdk;Ljava/nio/file/Path;)[B 8 <appendix> argL0 ; # org/eclipse/jdt/internal/compiler/util/SoftClassCache$$Lambda+0x0000016faf53b7b0
instanceKlass org/eclipse/jdt/internal/compiler/util/SoftClassCache$JdkClasses
instanceKlass org/eclipse/jdt/internal/core/nd/java/model/BinaryModuleDescriptor
instanceKlass org/eclipse/jdt/internal/core/util/MementoTokenizer
instanceKlass org/eclipse/jdt/internal/core/nd/java/model/BinaryTypeFactory
instanceKlass org/eclipse/jdt/internal/core/nd/java/model/BinaryModuleFactory
instanceKlass  @bci org/eclipse/jdt/internal/core/JarPackageFragment computeNonJavaResources (Ljava/util/List;)[Ljava/lang/Object; 465 <appendix> argL0 ; # org/eclipse/jdt/internal/core/JarPackageFragment$$Lambda+0x0000016faf683c88
instanceKlass org/eclipse/jdt/core/IJarEntryResource
instanceKlass org/eclipse/jdt/core/IField
instanceKlass org/eclipse/jdt/core/ILocalVariable
instanceKlass org/eclipse/jdt/core/IMethod
instanceKlass  @bci org/eclipse/jdt/internal/core/JarPackageFragmentRoot createChildren (Ljava/util/Collection;)[Lorg/eclipse/jdt/core/IJavaElement; 30 <appendix> argL0 ; # org/eclipse/jdt/internal/core/JarPackageFragmentRoot$$Lambda+0x0000016faf629c20
instanceKlass  @bci org/eclipse/jdt/internal/core/JarPackageFragmentRoot lambda$0 (Ljava/util/List;)[Ljava/lang/String; 1 <appendix> argL0 ; # org/eclipse/jdt/internal/core/JarPackageFragmentRoot$$Lambda+0x0000016faf629a00
instanceKlass  @bci org/eclipse/jdt/internal/core/JarPackageFragmentRoot createChildren (Ljava/util/Collection;)[Lorg/eclipse/jdt/core/IJavaElement; 10 <appendix> argL0 ; # org/eclipse/jdt/internal/core/JarPackageFragmentRoot$$Lambda+0x0000016faf6297c0
instanceKlass org/eclipse/jdt/internal/core/JrtPackageFragmentRoot$1
instanceKlass  @bci org/eclipse/jdt/internal/core/JrtPackageFragmentRoot computeChildren (Lorg/eclipse/jdt/internal/core/OpenableElementInfo;Lorg/eclipse/core/resources/IResource;)Z 29 <appendix> argL0 ; # org/eclipse/jdt/internal/core/JrtPackageFragmentRoot$$Lambda+0x0000016faf629108
instanceKlass org/eclipse/jdt/internal/compiler/util/ObjectVector$1
instanceKlass  @bci org/eclipse/jdt/internal/core/JavaProject defaultRootModules (Ljava/lang/Iterable;Ljava/lang/String;)Ljava/util/List; 6 <appendix> argL0 ; # org/eclipse/jdt/internal/core/JavaProject$$Lambda+0x0000016faf628cb8
instanceKlass  @bci org/eclipse/jdt/internal/core/JavaProject defaultRootModules (Ljava/lang/Iterable;Ljava/lang/String;)Ljava/util/List; 1 <appendix> argL0 ; # org/eclipse/jdt/internal/core/JavaProject$$Lambda+0x0000016faf628a78
instanceKlass  @bci org/eclipse/jdt/ls/core/internal/preferences/ClientPreferences isSupportedCodeActionKind (Ljava/lang/String;)Z 102 <appendix> member <vmtarget> ; # org/eclipse/jdt/ls/core/internal/preferences/ClientPreferences$$Lambda+0x0000016faf61fac0
instanceKlass org/eclipse/jdt/ls/core/internal/handlers/ResponseStore
instanceKlass org/eclipse/jdt/core/manipulation/ChangeCorrectionProposalCore
instanceKlass org/eclipse/ltk/core/refactoring/Change
instanceKlass org/eclipse/jdt/ui/text/java/IInvocationContext
instanceKlass org/eclipse/ltk/internal/core/refactoring/history/RefactoringHistorySerializer
instanceKlass  @bci org/eclipse/ltk/internal/core/refactoring/history/RefactoringHistoryService connect ()V 42 <appendix> member <vmtarget> ; # org/eclipse/ltk/internal/core/refactoring/history/RefactoringHistoryService$$Lambda+0x0000016faf63ae10
instanceKlass org/eclipse/core/commands/operations/IUndoableOperation
instanceKlass org/eclipse/core/commands/operations/DefaultOperationHistory
instanceKlass org/eclipse/core/commands/operations/IOperationHistory
instanceKlass org/eclipse/core/commands/operations/OperationHistoryFactory
instanceKlass  @bci org/eclipse/ltk/internal/core/refactoring/history/RefactoringHistoryService connect ()V 20 <appendix> member <vmtarget> ; # org/eclipse/ltk/internal/core/refactoring/history/RefactoringHistoryService$$Lambda+0x0000016faf63abe8
instanceKlass org/eclipse/core/commands/operations/OperationHistoryEvent
instanceKlass org/eclipse/core/commands/operations/IOperationHistoryListener
instanceKlass org/eclipse/ltk/internal/core/refactoring/history/RefactoringHistoryService
instanceKlass org/eclipse/ltk/core/refactoring/history/IRefactoringHistoryService
instanceKlass org/eclipse/ltk/core/refactoring/RefactoringDescriptor
instanceKlass org/eclipse/ltk/internal/core/refactoring/history/RefactoringContributionManager
instanceKlass org/eclipse/core/commands/operations/IUndoContext
instanceKlass org/eclipse/ltk/core/refactoring/IUndoManager
instanceKlass org/eclipse/ltk/core/refactoring/history/IRefactoringHistoryListener
instanceKlass jdk/internal/jrtfs/JrtFileAttributes
instanceKlass  @bci jdk/internal/jimage/ImageReader$SharedImageReader handleModulesSubTree (Ljava/lang/String;Ljdk/internal/jimage/ImageLocation;)Ljdk/internal/jimage/ImageReader$Node; 37 <appendix> member <vmtarget> ; # jdk/internal/jimage/ImageReader$SharedImageReader$$Lambda+0x0000016faf634000
instanceKlass jdk/internal/jimage/ImageBufferCache$2
instanceKlass jdk/internal/jimage/ImageBufferCache
instanceKlass  @bci jdk/internal/jimage/ImageReader$SharedImageReader handlePackages (Ljava/lang/String;Ljdk/internal/jimage/ImageLocation;)Ljdk/internal/jimage/ImageReader$Node; 20 <appendix> member <vmtarget> ; # jdk/internal/jimage/ImageReader$SharedImageReader$$Lambda+0x0000016faf6334a8
instanceKlass jdk/internal/jimage/ImageReader$SharedImageReader$LocationVisitor
instanceKlass jdk/internal/jimage/ImageLocation
instanceKlass jdk/internal/jrtfs/JrtDirectoryStream$1
instanceKlass  @bci jdk/internal/jrtfs/JrtFileSystem iteratorOf (Ljdk/internal/jrtfs/JrtPath;Ljava/nio/file/DirectoryStream$Filter;)Ljava/util/Iterator; 82 <appendix> member <vmtarget> ; # jdk/internal/jrtfs/JrtFileSystem$$Lambda+0x0000016faf632b48
instanceKlass  @bci jdk/internal/jrtfs/JrtFileSystem iteratorOf (Ljdk/internal/jrtfs/JrtPath;Ljava/nio/file/DirectoryStream$Filter;)Ljava/util/Iterator; 71 <appendix> member <vmtarget> ; # jdk/internal/jrtfs/JrtFileSystem$$Lambda+0x0000016faf632900
instanceKlass jdk/internal/jimage/ImageReader$Node
instanceKlass jdk/internal/jrtfs/JrtPath
instanceKlass jdk/internal/jrtfs/JrtDirectoryStream
instanceKlass jdk/internal/jimage/decompressor/Decompressor
instanceKlass jdk/internal/jimage/ImageStringsReader
instanceKlass jdk/internal/jimage/ImageHeader
# instanceKlass java/lang/invoke/LambdaForm$MH+0x0000016faf631400
# instanceKlass java/lang/invoke/LambdaForm$MH+0x0000016faf631000
# instanceKlass java/lang/invoke/LambdaForm$MH+0x0000016faf630c00
# instanceKlass java/lang/invoke/LambdaForm$MH+0x0000016faf630800
# instanceKlass java/lang/invoke/LambdaForm$MH+0x0000016faf630400
# instanceKlass java/lang/invoke/LambdaForm$MH+0x0000016faf630000
# instanceKlass java/lang/invoke/LambdaForm$MH+0x0000016faf62fc00
# instanceKlass java/lang/invoke/LambdaForm$BMH+0x0000016faf62f800
# instanceKlass java/lang/invoke/LambdaForm$DMH+0x0000016faf62f400
# instanceKlass java/lang/invoke/LambdaForm$DMH+0x0000016faf62f000
instanceKlass sun/nio/ch/Util$4
instanceKlass sun/nio/ch/FileChannelImpl$Unmapper
instanceKlass jdk/internal/access/foreign/UnmapperProxy
instanceKlass  @bci jdk/internal/misc/ExtendedMapMode <clinit> ()V 0 <appendix> argL0 ; # jdk/internal/misc/ExtendedMapMode$$Lambda+0x0000016faf5fec68
instanceKlass jdk/internal/misc/ExtendedMapMode
instanceKlass java/nio/channels/spi/AbstractInterruptibleChannel$1
instanceKlass sun/nio/ch/Interruptible
instanceKlass java/nio/channels/FileChannel$MapMode
instanceKlass jdk/internal/jimage/BasicImageReader$2
instanceKlass jdk/internal/jimage/BasicImageReader$1
instanceKlass jdk/internal/jimage/ImageReader$Node
instanceKlass jdk/internal/jimage/ImageStrings
instanceKlass jdk/internal/jimage/BasicImageReader
instanceKlass jdk/internal/jimage/ImageReader
instanceKlass jdk/internal/jrtfs/SystemImage$2
instanceKlass  @bci jdk/internal/jrtfs/SystemImage <clinit> ()V 0 <appendix> argL0 ; # jdk/internal/jrtfs/SystemImage$$Lambda+0x0000016faf62d478
instanceKlass jdk/internal/jrtfs/SystemImage
instanceKlass jdk/internal/jrtfs/JrtPath
instanceKlass org/eclipse/jdt/ls/core/internal/handlers/CompletionHandler$2
instanceKlass org/eclipse/jdt/ls/core/internal/handlers/CompletionHandler$1
instanceKlass org/eclipse/jdt/ls/core/internal/handlers/CompletionHandler
instanceKlass jdk/internal/jrtfs/JrtFileSystemProvider$1
instanceKlass java/nio/file/spi/FileSystemProvider$1
instanceKlass  @bci org/eclipse/jdt/internal/compiler/util/JRTUtil getJrtFileSystem (Ljava/nio/file/Path;)Ljava/nio/file/FileSystem; 14 <appendix> argL0 ; # org/eclipse/jdt/internal/compiler/util/JRTUtil$$Lambda+0x0000016faf53ac28
instanceKlass  @bci org/eclipse/jdt/internal/compiler/util/JRTUtil getJrtSystem (Ljava/io/File;Ljava/lang/String;)Lorg/eclipse/jdt/internal/compiler/util/JrtFileSystem; 46 <appendix> member <vmtarget> ; # org/eclipse/jdt/internal/compiler/util/JRTUtil$$Lambda+0x0000016faf53a768
instanceKlass org/eclipse/jdt/internal/compiler/util/JrtFileSystem
instanceKlass  @bci org/eclipse/jdt/internal/compiler/util/Jdk <init> (Ljava/io/File;)V 20 <appendix> argL0 ; # org/eclipse/jdt/internal/compiler/util/Jdk$$Lambda+0x0000016faf53a2b8
instanceKlass org/eclipse/jdt/internal/compiler/util/Jdk
instanceKlass org/eclipse/jdt/internal/compiler/util/SoftClassCache
instanceKlass org/eclipse/jdt/internal/compiler/util/JRTUtil
instanceKlass org/eclipse/jdt/internal/core/JavaProject$1
instanceKlass org/eclipse/jdt/internal/compiler/util/ObjectVector
instanceKlass org/eclipse/jdt/ls/core/internal/contentassist/CompletionProposalUtils
instanceKlass org/eclipse/jdt/core/ICompletionRequestor
instanceKlass org/eclipse/jdt/core/IImportDeclaration
instanceKlass org/eclipse/jdt/core/IImportContainer
instanceKlass org/eclipse/jdt/core/IPackageDeclaration
instanceKlass org/eclipse/jdt/core/IModularClassFile
instanceKlass  @bci org/eclipse/jdt/internal/compiler/util/CharDeduplication <clinit> ()V 44 <appendix> argL0 ; # org/eclipse/jdt/internal/compiler/util/CharDeduplication$$Lambda+0x0000016faf539810
instanceKlass org/eclipse/jdt/internal/compiler/util/CharDeduplication
instanceKlass org/eclipse/jdt/internal/compiler/parser/Scanner
instanceKlass org/eclipse/jdt/core/JavaConventions
instanceKlass  @bci org/eclipse/core/internal/resources/AliasManager findResources (Lorg/eclipse/core/filesystem/IFileStore;)[Lorg/eclipse/core/resources/IResource; 14 <appendix> member <vmtarget> ; # org/eclipse/core/internal/resources/AliasManager$$Lambda+0x0000016faf6241f8
instanceKlass  @bci org/eclipse/jdt/ls/core/internal/JDTUtils findFile (Ljava/lang/String;)Lorg/eclipse/core/resources/IFile; 17 <appendix> member <vmtarget> ; # org/eclipse/jdt/ls/core/internal/JDTUtils$$Lambda+0x0000016faf61e190
instanceKlass org/eclipse/core/runtime/URIUtil
instanceKlass org/eclipse/jdt/core/dom/IDocElement
instanceKlass org/eclipse/jdt/ls/core/internal/JDTUtils
instanceKlass org/eclipse/lsp4j/TextDocumentItem
instanceKlass org/eclipse/jdt/internal/core/JavaProject$3
instanceKlass org/eclipse/jdt/internal/core/JavaProject$2
instanceKlass com/microsoft/jdtls/ext/core/model/PackageNode
instanceKlass org/eclipse/core/resources/IResourceVisitor
instanceKlass com/microsoft/jdtls/ext/core/ProjectCommand
instanceKlass  @bci org/eclipse/jdt/ls/core/internal/handlers/WorkspaceExecuteCommandHandler$1 run ()V 38 <appendix> argL0 ; # org/eclipse/jdt/ls/core/internal/handlers/WorkspaceExecuteCommandHandler$1$$Lambda+0x0000016faf61cf98
instanceKlass com/microsoft/jdtls/ext/core/JdtlsExtActivator
instanceKlass com/microsoft/jdtls/ext/core/CommandHandler
instanceKlass org/eclipse/jdt/ls/core/internal/IDelegateCommandHandler
instanceKlass org/eclipse/jdt/ls/core/internal/handlers/WorkspaceExecuteCommandHandler$1
instanceKlass  @bci org/eclipse/jdt/ls/core/internal/handlers/WorkspaceExecuteCommandHandler executeCommand (Lorg/eclipse/lsp4j/ExecuteCommandParams;Lorg/eclipse/core/runtime/IProgressMonitor;)Ljava/lang/Object; 50 <appendix> member <vmtarget> ; # org/eclipse/jdt/ls/core/internal/handlers/WorkspaceExecuteCommandHandler$$Lambda+0x0000016faf61c900
instanceKlass org/eclipse/lsp4j/jsonrpc/CompletableFutures$FutureCancelChecker
instanceKlass org/eclipse/lsp4j/jsonrpc/CompletableFutures
instanceKlass  @bci org/eclipse/jdt/ls/core/internal/BaseJDTLanguageServer computeAsync (Ljava/util/function/Function;)Ljava/util/concurrent/CompletableFuture; 2 <appendix> member <vmtarget> ; # org/eclipse/jdt/ls/core/internal/BaseJDTLanguageServer$$Lambda+0x0000016faf61c6b8
instanceKlass  @bci org/eclipse/jdt/ls/core/internal/handlers/JDTLanguageServer executeCommand (Lorg/eclipse/lsp4j/ExecuteCommandParams;)Ljava/util/concurrent/CompletableFuture; 100 <appendix> member <vmtarget> ; # org/eclipse/jdt/ls/core/internal/handlers/JDTLanguageServer$$Lambda+0x0000016faf61c470
instanceKlass org/eclipse/lsp4j/Registration
instanceKlass  @bci org/eclipse/jdt/ls/core/internal/ProjectUtils getJavaProjects ()[Lorg/eclipse/jdt/core/IJavaProject; 36 <appendix> argL0 ; # org/eclipse/jdt/ls/core/internal/ProjectUtils$$Lambda+0x0000016faf61c250
instanceKlass  @bci org/eclipse/jdt/ls/core/internal/ProjectUtils getJavaProjects ()[Lorg/eclipse/jdt/core/IJavaProject; 26 <appendix> argL0 ; # org/eclipse/jdt/ls/core/internal/ProjectUtils$$Lambda+0x0000016faf61c000
instanceKlass  @bci org/eclipse/jdt/ls/core/internal/ProjectUtils getJavaProjects ()[Lorg/eclipse/jdt/core/IJavaProject; 16 <appendix> argL0 ; # org/eclipse/jdt/ls/core/internal/ProjectUtils$$Lambda+0x0000016faf60fbe8
instanceKlass  @bci org/eclipse/jdt/ls/core/internal/ProjectUtils getJavaProjects ()[Lorg/eclipse/jdt/core/IJavaProject; 6 <appendix> argL0 ; # org/eclipse/jdt/ls/core/internal/ProjectUtils$$Lambda+0x0000016faf60f998
instanceKlass org/eclipse/jdt/ls/core/internal/handlers/CodeLensPreferenceChangeListener
instanceKlass org/eclipse/jdt/ls/core/internal/handlers/InlayHintsPreferenceChangeListener
instanceKlass  @bci org/eclipse/jdt/ls/core/internal/managers/StandardProjectsManager registerListeners ()V 46 <appendix> member <vmtarget> ; # org/eclipse/jdt/ls/core/internal/managers/StandardProjectsManager$$Lambda+0x0000016faf60f310
instanceKlass org/eclipse/jdt/ls/core/internal/managers/StandardProjectsManager$3
instanceKlass  @bci org/eclipse/jdt/ls/core/internal/managers/ProjectsManager configureFilters (Lorg/eclipse/core/runtime/IProgressMonitor;)V 106 <appendix> argL0 ; # org/eclipse/jdt/ls/core/internal/managers/ProjectsManager$$Lambda+0x0000016faf60ee90
instanceKlass org/eclipse/core/internal/resources/OS
instanceKlass org/eclipse/lsp4j/WorkDoneProgressEnd
instanceKlass  @bci org/eclipse/jdt/ls/core/internal/ProjectUtils getMaxProjectProblemSeverity ()I 84 <appendix> member <vmtarget> ; # org/eclipse/jdt/ls/core/internal/ProjectUtils$$Lambda+0x0000016faf60ec38
instanceKlass  @bci org/eclipse/jdt/ls/core/internal/ResourceUtils findMarkers (Lorg/eclipse/core/resources/IResource;[Ljava/lang/Integer;)Ljava/util/List; 43 <appendix> member <vmtarget> ; # org/eclipse/jdt/ls/core/internal/ResourceUtils$$Lambda+0x0000016faf60e9e0
instanceKlass  @bci org/eclipse/core/internal/resources/MarkerManager visitorFindMarkers (Lorg/eclipse/core/runtime/IPath;Ljava/util/ArrayList;Ljava/lang/String;Z)V 5 <appendix> member <vmtarget> ; # org/eclipse/core/internal/resources/MarkerManager$$Lambda+0x0000016faf297080
instanceKlass  @cpi org/eclipse/core/internal/resources/MarkerManager 672 form vmentry <vmtarget> ; # java/lang/invoke/LambdaForm$DMH+0x0000016faf61b400
instanceKlass  @bci org/eclipse/lsp4j/jsonrpc/json/adapters/CollectionTypeAdapter$Factory getConstructor (Ljava/lang/Class;)Ljava/util/function/Supplier; 10 <appendix> member <vmtarget> ; # org/eclipse/lsp4j/jsonrpc/json/adapters/CollectionTypeAdapter$Factory$$Lambda+0x0000016faf4fb880
instanceKlass  @bci org/eclipse/jdt/ls/core/internal/managers/EclipseProjectImporter applies (Lorg/eclipse/core/runtime/IProgressMonitor;)Z 131 <appendix> argL0 ; # org/eclipse/jdt/ls/core/internal/managers/EclipseProjectImporter$$Lambda+0x0000016faf60e350
instanceKlass  @bci org/eclipse/jdt/ls/core/internal/ProjectUtils getAllProjects (Z)[Lorg/eclipse/core/resources/IProject; 24 <appendix> argL0 ; # org/eclipse/jdt/ls/core/internal/ProjectUtils$$Lambda+0x0000016faf60e100
instanceKlass org/eclipse/core/resources/filtermatchers/AbstractFileInfoMatcher
instanceKlass org/eclipse/core/internal/resources/Filter
instanceKlass org/apache/maven/model/Scm
instanceKlass org/apache/maven/model/License
instanceKlass org/apache/maven/model/Parent
instanceKlass org/apache/maven/model/io/xpp3/MavenXpp3Reader$1
instanceKlass org/apache/maven/model/io/xpp3/MavenXpp3Reader$ContentTransformer
instanceKlass org/apache/maven/model/io/xpp3/MavenXpp3Reader
instanceKlass org/apache/maven/building/FileSource
instanceKlass org/apache/maven/model/building/ModelSource2
instanceKlass org/eclipse/m2e/core/internal/IMavenToolbox$2
instanceKlass  @bci org/eclipse/m2e/core/internal/IMavenToolbox <clinit> ()V 8 <appendix> argL0 ; # org/eclipse/m2e/core/internal/IMavenToolbox$$Lambda+0x0000016faf58f020
instanceKlass  @bci org/eclipse/m2e/core/internal/IMavenToolbox <clinit> ()V 0 <appendix> argL0 ; # org/eclipse/m2e/core/internal/IMavenToolbox$$Lambda+0x0000016faf58ee00
instanceKlass org/eclipse/m2e/core/internal/IMavenToolbox
instanceKlass org/eclipse/m2e/core/internal/embedder/PlexusContainerManager$PlexusComponentLookup
# instanceKlass java/lang/invoke/LambdaForm$MH+0x0000016faf61b000
instanceKlass org/eclipse/m2e/core/project/AbstractProjectScanner
instanceKlass  @bci org/eclipse/jdt/ls/core/internal/managers/MavenProjectImporter getMavenProjects (Ljava/io/File;Lorg/eclipse/m2e/core/embedder/MavenModelManager;Lorg/eclipse/core/runtime/IProgressMonitor;)Ljava/util/Set; 46 <appendix> argL0 ; # org/eclipse/jdt/ls/core/internal/managers/MavenProjectImporter$$Lambda+0x0000016faf60d928
instanceKlass  @bci org/eclipse/jdt/ls/core/internal/managers/MavenProjectImporter getMavenProjects (Ljava/io/File;Lorg/eclipse/m2e/core/embedder/MavenModelManager;Lorg/eclipse/core/runtime/IProgressMonitor;)Ljava/util/Set; 36 <appendix> argL0 ; # org/eclipse/jdt/ls/core/internal/managers/MavenProjectImporter$$Lambda+0x0000016faf60d6e8
instanceKlass  @bci org/eclipse/core/internal/preferences/PreferencesService internalApply (Lorg/eclipse/core/runtime/preferences/IEclipsePreferences;[Lorg/eclipse/core/runtime/preferences/IPreferenceFilter;)V 87 <appendix> member <vmtarget> ; # org/eclipse/core/internal/preferences/PreferencesService$$Lambda+0x0000016faf249090
instanceKlass org/eclipse/jdt/internal/launching/JREPreferenceModifyListener$Visitor
instanceKlass org/eclipse/debug/internal/core/PreferredDelegateModifyListener$Visitor
instanceKlass  @bci org/eclipse/core/internal/preferences/PreferencesService firePreApplyEvent (Lorg/eclipse/core/runtime/preferences/IEclipsePreferences;)Lorg/eclipse/core/runtime/preferences/IEclipsePreferences; 53 <appendix> member <vmtarget> ; # org/eclipse/core/internal/preferences/PreferencesService$$Lambda+0x0000016faf248e30
instanceKlass org/eclipse/core/runtime/ISafeRunnableWithResult
instanceKlass org/eclipse/core/runtime/preferences/PreferenceModifyListener
instanceKlass com/google/common/io/CharStreams
instanceKlass com/google/common/base/Charsets
instanceKlass sun/net/www/http/KeepAliveStreamCleaner$2
instanceKlass sun/net/www/http/KeepAliveStreamCleaner$1
instanceKlass sun/net/www/http/Hurryable
instanceKlass java/util/OptionalInt
instanceKlass sun/net/www/HeaderParser
instanceKlass sun/security/ssl/TransportContext$NotifyHandshake$1
instanceKlass sun/net/www/protocol/http/AuthCacheValue
instanceKlass sun/security/ssl/TransportContext$NotifyHandshake
instanceKlass com/sun/crypto/provider/GaloisCounterMode$DecryptOp
instanceKlass com/sun/crypto/provider/GaloisCounterMode$EncryptOp
instanceKlass com/sun/crypto/provider/GaloisCounterMode$GCMOperation
instanceKlass com/sun/crypto/provider/GHASH
instanceKlass com/sun/crypto/provider/GCM
instanceKlass com/sun/crypto/provider/GaloisCounterMode$GCMEngine
instanceKlass javax/crypto/spec/GCMParameterSpec
instanceKlass sun/security/ssl/ChangeCipherSpec$T13ChangeCipherSpecConsumer
instanceKlass sun/security/ssl/ChangeCipherSpec$T10ChangeCipherSpecProducer
instanceKlass sun/security/ssl/ChangeCipherSpec$T10ChangeCipherSpecConsumer
instanceKlass sun/security/ssl/ChangeCipherSpec
instanceKlass sun/security/internal/spec/TlsPrfParameterSpec
instanceKlass sun/security/ssl/Finished$1
instanceKlass sun/security/ssl/Finished$T13VerifyDataGenerator
instanceKlass sun/security/ssl/Finished$T12VerifyDataGenerator
instanceKlass sun/security/ssl/Finished$T10VerifyDataGenerator
instanceKlass sun/security/ssl/Finished$S30VerifyDataGenerator
instanceKlass sun/security/ssl/Finished$VerifyDataGenerator
instanceKlass sun/security/internal/spec/TlsKeyMaterialSpec
instanceKlass javax/crypto/spec/IvParameterSpec
instanceKlass sun/security/internal/spec/TlsKeyMaterialParameterSpec
instanceKlass sun/security/ssl/SSLTrafficKeyDerivation$LegacyTrafficKeyDerivation
instanceKlass sun/security/ssl/SSLTrafficKeyDerivation$1
instanceKlass sun/security/ssl/SSLTrafficKeyDerivation$T13TrafficKeyDerivationGenerator
instanceKlass sun/security/ssl/SSLTrafficKeyDerivation$T12TrafficKeyDerivationGenerator
instanceKlass sun/security/ssl/SSLTrafficKeyDerivation$T10TrafficKeyDerivationGenerator
instanceKlass sun/security/ssl/SSLTrafficKeyDerivation$S30TrafficKeyDerivationGenerator
instanceKlass com/sun/crypto/provider/TlsMasterSecretGenerator$TlsMasterSecretKey
instanceKlass sun/security/internal/interfaces/TlsMasterSecret
instanceKlass sun/security/internal/spec/TlsMasterSecretParameterSpec
instanceKlass sun/security/ssl/SSLMasterKeyDerivation$LegacyMasterKeyDerivation
instanceKlass sun/security/ssl/SSLMasterKeyDerivation$1
instanceKlass sun/security/ssl/SSLKeyDerivationGenerator
instanceKlass  @bci javax/crypto/spec/SecretKeySpec <clinit> ()V 0 <appendix> argL0 ; # javax/crypto/spec/SecretKeySpec$$Lambda+0x0000016faf5f0658
instanceKlass jdk/internal/access/JavaxCryptoSpecAccess
instanceKlass javax/crypto/spec/SecretKeySpec
instanceKlass  @bci sun/security/ec/XDHKeyAgreement engineDoPhase (Ljava/security/Key;Z)Ljava/security/Key; 70 <appendix> argL0 ; # sun/security/ec/XDHKeyAgreement$$Lambda+0x0000016faf6146a0
instanceKlass  @bci sun/security/ec/XDHKeyAgreement initImpl (Ljava/security/Key;)V 66 <appendix> argL0 ; # sun/security/ec/XDHKeyAgreement$$Lambda+0x0000016faf614480
instanceKlass  @bci sun/security/ec/XDHKeyAgreement initImpl (Ljava/security/Key;)V 38 <appendix> argL0 ; # sun/security/ec/XDHKeyAgreement$$Lambda+0x0000016faf614240
instanceKlass  @bci sun/security/ec/XDHKeyAgreement initImpl (Ljava/security/Key;)V 22 <appendix> argL0 ; # sun/security/ec/XDHKeyAgreement$$Lambda+0x0000016faf614000
instanceKlass javax/crypto/KeyAgreementSpi
instanceKlass sun/security/ssl/KAKeyDerivation
instanceKlass sun/security/ssl/ECDHKeyExchange$1
instanceKlass sun/security/ssl/ECDHClientKeyExchange$ECDHEClientKeyExchangeProducer
instanceKlass sun/security/ssl/ECDHClientKeyExchange$ECDHEClientKeyExchangeConsumer
instanceKlass sun/security/ssl/ECDHClientKeyExchange$ECDHClientKeyExchangeProducer
instanceKlass sun/security/ssl/ECDHClientKeyExchange$ECDHClientKeyExchangeConsumer
instanceKlass sun/security/ssl/ECDHClientKeyExchange
instanceKlass  @bci sun/security/ec/XDHKeyFactory generatePublicImpl (Ljava/security/spec/KeySpec;)Ljava/security/PublicKey; 65 <appendix> argL0 ; # sun/security/ec/XDHKeyFactory$$Lambda+0x0000016faf607b18
instanceKlass  @bci sun/security/ec/XDHKeyFactory generatePublicImpl (Ljava/security/spec/KeySpec;)Ljava/security/PublicKey; 51 <appendix> argL0 ; # sun/security/ec/XDHKeyFactory$$Lambda+0x0000016faf6078d8
instanceKlass java/security/spec/XECPublicKeySpec
instanceKlass sun/security/ssl/XDHKeyExchange$XDHECredentials
instanceKlass sun/security/ssl/NamedGroupCredentials
instanceKlass sun/security/ssl/ECDHServerKeyExchange$ECDHServerKeyExchangeProducer
instanceKlass sun/security/ssl/ECDHServerKeyExchange$ECDHServerKeyExchangeConsumer
instanceKlass sun/security/ssl/ECDHServerKeyExchange
instanceKlass  @bci sun/security/util/HostnameChecker hasIllegalWildcard (Ljava/lang/String;Z)Z 170 <appendix> argL0 ; # sun/security/util/HostnameChecker$$Lambda+0x0000016faf5ed8e0
instanceKlass  @bci sun/security/util/HostnameChecker hasIllegalWildcard (Ljava/lang/String;Z)Z 162 <appendix> argL0 ; # sun/security/util/HostnameChecker$$Lambda+0x0000016faf5ed690
instanceKlass sun/security/util/DomainName$RegisteredDomainImpl
instanceKlass sun/security/util/DomainName$CommonMatch
instanceKlass sun/security/util/DomainName$Match
instanceKlass java/util/LinkedList$DescendingIterator
instanceKlass sun/security/util/DomainName$Rule
instanceKlass sun/security/util/DomainName$Rules$RuleSet
instanceKlass sun/security/util/DomainName$Rules$1
instanceKlass  @bci sun/security/util/DomainName$Rules getRules (Ljava/lang/String;)Lsun/security/util/DomainName$Rules; 19 <appendix> member <vmtarget> ; # sun/security/util/DomainName$Rules$$Lambda+0x0000016faf5eb9a8
instanceKlass sun/security/util/DomainName$Rules
instanceKlass sun/security/util/DomainName
instanceKlass sun/security/util/RegisteredDomain
instanceKlass sun/security/util/HostnameChecker
instanceKlass sun/security/util/AnchorCertificates$1
instanceKlass sun/security/util/AnchorCertificates
instanceKlass sun/security/validator/CamerfirmaTLSPolicy
instanceKlass sun/security/validator/EntrustTLSPolicy
instanceKlass sun/security/validator/SymantecTLSPolicy
instanceKlass sun/security/validator/CADistrustPolicy$4
instanceKlass java/security/cert/PKIXCertPathValidatorResult
instanceKlass java/security/cert/CertPathValidatorResult
instanceKlass sun/security/util/math/IntegerModuloP$MultiplicativeInverser$Secp256R1Field
instanceKlass java/nio/file/Files$3
instanceKlass java/nio/file/FileTreeWalker$Event
instanceKlass java/nio/file/FileTreeWalker$DirectoryNode
instanceKlass java/nio/file/FileTreeWalker$1
instanceKlass java/util/RegularEnumSet$EnumSetIterator
instanceKlass java/nio/file/FileTreeWalker
instanceKlass java/nio/file/SimpleFileVisitor
instanceKlass  @bci org/eclipse/jdt/ls/core/internal/managers/BasicFileDetector scanDir (Ljava/nio/file/Path;Lorg/eclipse/core/runtime/IProgressMonitor;)V 9 <appendix> argL0 ; # org/eclipse/jdt/ls/core/internal/managers/BasicFileDetector$$Lambda+0x0000016faf60d228
instanceKlass org/eclipse/jdt/ls/core/internal/managers/BasicFileDetector
instanceKlass  @bci org/eclipse/jdt/ls/core/internal/ProjectUtils getGradleProjects ()Ljava/util/List; 6 <appendix> argL0 ; # org/eclipse/jdt/ls/core/internal/ProjectUtils$$Lambda+0x0000016faf60cda0
instanceKlass  @bci org/eclipse/jdt/ls/core/internal/managers/ProjectsManager importers ()Ljava/util/Collection; 176 <appendix> argL0 ; # org/eclipse/jdt/ls/core/internal/managers/ProjectsManager$$Lambda+0x0000016faf60cb60
instanceKlass org/eclipse/jdt/ls/core/internal/managers/GradleUtils
instanceKlass  @bci java/util/regex/CharPredicates ctype (I)Ljava/util/regex/Pattern$CharPredicate; 1 <appendix> member <vmtarget> ; # java/util/regex/CharPredicates$$Lambda+0x0000016faf5e6430
instanceKlass org/eclipse/buildship/core/internal/util/gradle/GradleVersion
instanceKlass org/eclipse/jdt/ls/core/internal/AbstractProjectImporter
instanceKlass org/eclipse/jdt/ls/core/internal/IProjectImporter
instanceKlass  @bci org/eclipse/jdt/ls/core/internal/managers/ProgressiveProjectReporter start ()V 18 <appendix> member <vmtarget> ; # org/eclipse/jdt/ls/core/internal/managers/ProgressiveProjectReporter$$Lambda+0x0000016faf5bbb18
instanceKlass java/util/concurrent/Executors$DelegatedExecutorService
instanceKlass  @bci org/eclipse/jdt/ls/core/internal/managers/ProgressiveProjectReporter start ()V 1 <appendix> argL0 ; # org/eclipse/jdt/ls/core/internal/managers/ProgressiveProjectReporter$$Lambda+0x0000016faf5bb8f8
instanceKlass org/eclipse/jdt/ls/core/internal/managers/ProgressiveProjectReporter
instanceKlass  @bci sun/security/ec/ECDSASignature engineVerify ([B)Z 37 <appendix> member <vmtarget> ; # sun/security/ec/ECDSASignature$$Lambda+0x0000016faf607480
instanceKlass  @bci sun/security/ec/ECDSAOperations forParameters (Ljava/security/spec/ECParameterSpec;)Ljava/util/Optional; 7 <appendix> member <vmtarget> ; # sun/security/ec/ECDSAOperations$$Lambda+0x0000016faf607238
instanceKlass sun/security/ec/ECDSAOperations
instanceKlass  @bci org/eclipse/jdt/ls/core/internal/managers/GradleBuildSupport deleteInvalidProjects (Ljava/util/Collection;Ljava/util/ArrayList;Lorg/eclipse/core/runtime/IProgressMonitor;)V 108 <appendix> member <vmtarget> ; # org/eclipse/jdt/ls/core/internal/managers/GradleBuildSupport$$Lambda+0x0000016faf5bb4a0
instanceKlass  @bci org/eclipse/jdt/ls/core/internal/managers/GradleBuildSupport findUnrelatedGradleProjects (Ljava/util/List;Ljava/util/List;)Ljava/util/List; 1 <appendix> argL0 ; # org/eclipse/jdt/ls/core/internal/managers/GradleBuildSupport$$Lambda+0x0000016faf5bb208
instanceKlass  @bci org/eclipse/jdt/ls/core/internal/managers/StandardProjectsManager deleteInvalidProjects (Ljava/util/Collection;Lorg/eclipse/core/runtime/IProgressMonitor;)V 263 <appendix> member <vmtarget> ; # org/eclipse/jdt/ls/core/internal/managers/StandardProjectsManager$$Lambda+0x0000016faf5bafd0
instanceKlass  @bci org/eclipse/jdt/ls/core/internal/managers/StandardProjectsManager deleteInvalidProjects (Ljava/util/Collection;Lorg/eclipse/core/runtime/IProgressMonitor;)V 249 <appendix> argL0 ; # org/eclipse/jdt/ls/core/internal/managers/StandardProjectsManager$$Lambda+0x0000016faf5bad80
instanceKlass  @cpi org/eclipse/jdt/internal/core/SearchableEnvironment 1254 form vmentry <vmtarget> ; # java/lang/invoke/LambdaForm$DMH+0x0000016faf606000
instanceKlass com/microsoft/gradle/bs/importer/Utils
instanceKlass java/security/interfaces/DSAPublicKey
instanceKlass java/security/interfaces/DSAKey
instanceKlass sun/security/provider/certpath/CertPathConstraintsParameters
instanceKlass sun/security/provider/certpath/PKIXMasterCertPathValidator
instanceKlass  @bci java/util/stream/Collectors toUnmodifiableList ()Ljava/util/stream/Collector; 19 <appendix> argL0 ; # java/util/stream/Collectors$$Lambda+0x0000016faf5e4ff8
instanceKlass  @bci java/util/stream/Collectors toUnmodifiableList ()Ljava/util/stream/Collector; 14 <appendix> argL0 ; # java/util/stream/Collectors$$Lambda+0x0000016faf5e4db0
instanceKlass  @bci java/util/stream/Collectors toUnmodifiableList ()Ljava/util/stream/Collector; 9 <appendix> argL0 ; # java/util/stream/Collectors$$Lambda+0x0000016faf5e4b80
instanceKlass  @bci java/util/stream/Collectors toUnmodifiableList ()Ljava/util/stream/Collector; 4 <appendix> argL0 ; # java/util/stream/Collectors$$Lambda+0x0000016faf5e46f8
instanceKlass java/util/TreeMap$TreeMapSpliterator
instanceKlass sun/security/provider/certpath/PolicyNodeImpl
instanceKlass java/security/cert/PolicyNode
instanceKlass sun/security/util/DisabledAlgorithmConstraints$CertPathHolder
instanceKlass  @bci sun/security/x509/X509CertImpl getFingerprint (Ljava/lang/String;Lsun/security/util/Debug;)Ljava/lang/String; 7 <appendix> member <vmtarget> ; # sun/security/x509/X509CertImpl$$Lambda+0x0000016faf5e3508
instanceKlass com/microsoft/java/builder/BuildStateManager
instanceKlass ch/epfl/scala/bsp4j/BuildServer
instanceKlass sun/security/util/UntrustedCertificates$1
instanceKlass com/microsoft/gradle/bs/importer/GradleBuildServerBuildSupport
instanceKlass sun/security/util/UntrustedCertificates
instanceKlass java/security/cert/X509CertSelector
instanceKlass java/security/cert/CertSelector
instanceKlass sun/security/provider/certpath/PKIX$ValidatorParams
instanceKlass sun/security/provider/certpath/PKIX
instanceKlass java/security/cert/CertPathValidatorSpi
instanceKlass java/security/cert/CertPathValidator
instanceKlass java/security/cert/PKIXCertPathChecker
instanceKlass java/security/cert/CertPathChecker
instanceKlass sun/security/ssl/SSLAlgorithmConstraints$SupportedSignatureAlgorithmConstraints
instanceKlass org/eclipse/jdt/ls/core/internal/managers/InvisibleProjectPreferenceChangeListener
instanceKlass org/eclipse/jdt/ls/core/internal/managers/EclipseBuildSupport
# instanceKlass java/lang/invoke/LambdaForm$MH+0x0000016faf604800
instanceKlass org/eclipse/jdt/ls/core/internal/managers/MavenBuildSupport
instanceKlass org/eclipse/jdt/ls/core/internal/managers/GradlePreferenceChangeListener
instanceKlass jdk/internal/icu/impl/NormalizerImpl$ReorderingBuffer
instanceKlass org/eclipse/jdt/ls/core/internal/managers/GradleBuildSupport
instanceKlass jdk/internal/icu/impl/NormalizerImpl$UTF16Plus
instanceKlass  @bci org/eclipse/core/internal/jobs/JobManager wakeUp (Lorg/eclipse/core/internal/jobs/InternalJob;J)V 23 <appendix> member <vmtarget> ; # org/eclipse/core/internal/jobs/JobManager$$Lambda+0x0000016faf205f80
instanceKlass org/eclipse/jdt/ls/core/internal/JobHelpers$InitializeJobMatcher
instanceKlass org/eclipse/jdt/ls/core/internal/ExtensionsExtractor
instanceKlass  @bci org/eclipse/jdt/ls/core/internal/managers/BuildSupportManager find (Lorg/eclipse/core/resources/IProject;)Ljava/util/Optional; 4 <appendix> member <vmtarget> ; # org/eclipse/jdt/ls/core/internal/managers/BuildSupportManager$$Lambda+0x0000016faf5b91b0
instanceKlass org/eclipse/jdt/ls/core/internal/managers/IBuildSupport
instanceKlass org/eclipse/jdt/ls/core/internal/managers/BuildSupportManager
instanceKlass  @bci org/eclipse/jdt/ls/core/internal/managers/StandardProjectsManager deleteInvalidProjects (Ljava/util/Collection;Lorg/eclipse/core/runtime/IProgressMonitor;)V 6 <appendix> argL0 ; # org/eclipse/jdt/ls/core/internal/managers/StandardProjectsManager$$Lambda+0x0000016faf5b8b60
instanceKlass  @bci org/eclipse/jdt/ls/core/internal/managers/ProjectsManager interruptAutoBuild ()Ljava/lang/Runnable; 23 <appendix> argL0 ; # org/eclipse/jdt/ls/core/internal/managers/ProjectsManager$$Lambda+0x0000016faf5b8940
instanceKlass  @bci org/eclipse/lsp4j/jsonrpc/RemoteEndpoint handleRequest (Lorg/eclipse/lsp4j/jsonrpc/messages/RequestMessage;)V 142 <appendix> member <vmtarget> ; # org/eclipse/lsp4j/jsonrpc/RemoteEndpoint$$Lambda+0x0000016faf4fb3f0
instanceKlass  @bci org/eclipse/lsp4j/jsonrpc/RemoteEndpoint handleRequest (Lorg/eclipse/lsp4j/jsonrpc/messages/RequestMessage;)V 132 <appendix> member <vmtarget> ; # org/eclipse/lsp4j/jsonrpc/RemoteEndpoint$$Lambda+0x0000016faf4fb1a8
instanceKlass org/eclipse/jdt/ls/core/internal/JobHelpers$RepositoryRegistryUpdateJobMatcher
instanceKlass java/security/cert/PKIXParameters
instanceKlass java/security/cert/CertPathParameters
instanceKlass sun/security/provider/certpath/CertPathHelper
instanceKlass java/security/cert/TrustAnchor
instanceKlass sun/security/validator/EndEntityChecker
instanceKlass sun/security/validator/Validator
instanceKlass  @bci org/eclipse/jdt/ls/core/internal/handlers/InitHandler$1 runInWorkspace (Lorg/eclipse/core/runtime/IProgressMonitor;)Lorg/eclipse/core/runtime/IStatus; 55 <appendix> argL0 ; # org/eclipse/jdt/ls/core/internal/handlers/InitHandler$1$$Lambda+0x0000016faf5b84f8
instanceKlass javax/net/ssl/SSLEngine
instanceKlass org/eclipse/jdt/ls/internal/gradle/checksums/WrapperValidator
# instanceKlass java/lang/invoke/LambdaForm$MH+0x0000016faf604400
instanceKlass org/eclipse/lsp4j/WorkDoneProgressReport
instanceKlass org/eclipse/lsp4j/adapters/WorkDoneProgressNotificationAdapter$1
instanceKlass org/eclipse/lsp4j/FileOperationPatternOptions
instanceKlass org/eclipse/lsp4j/FileOperationPattern
instanceKlass org/eclipse/lsp4j/FileOperationFilter
instanceKlass org/eclipse/lsp4j/FileOperationOptions
instanceKlass  @bci org/eclipse/lsp4j/adapters/ProgressNotificationAdapter create (Lcom/google/gson/Gson;Lcom/google/gson/reflect/TypeToken;)Lcom/google/gson/TypeAdapter; 63 <appendix> argL0 ; # org/eclipse/lsp4j/adapters/ProgressNotificationAdapter$$Lambda+0x0000016faf600bf0
instanceKlass  @bci java/util/function/Predicate or (Ljava/util/function/Predicate;)Ljava/util/function/Predicate; 7 <appendix> member <vmtarget> ; # java/util/function/Predicate$$Lambda+0x0000016faf5de3f8
instanceKlass org/eclipse/lsp4j/FileOperationsServerCapabilities
instanceKlass  @cpi java/util/function/Predicate 78 form vmentry <vmtarget> ; # java/lang/invoke/LambdaForm$DMH+0x0000016faf604000
instanceKlass org/eclipse/lsp4j/jsonrpc/json/adapters/EitherTypeAdapter$PropertyChecker
instanceKlass com/google/gson/JsonDeserializer
instanceKlass com/google/gson/JsonSerializer
instanceKlass org/eclipse/lsp4j/adapters/ProgressNotificationAdapter
instanceKlass org/eclipse/lsp4j/WorkDoneProgressBegin
instanceKlass org/eclipse/lsp4j/jsonrpc/RemoteEndpoint$PendingRequestInfo
instanceKlass sun/security/ssl/X509Authentication$X509Credentials
instanceKlass sun/security/ssl/SSLAuthentication
instanceKlass sun/security/ssl/SSLKeyExchange$SSLKeyExECDHEECDSA
instanceKlass sun/security/ssl/SSLKeyExchange$1
instanceKlass sun/security/ssl/SessionTicketExtension$SessionTicketSpec
instanceKlass sun/security/ssl/ServerNameExtension$SHServerNamesSpec
instanceKlass sun/security/ssl/RenegoInfoExtension$RenegotiationInfoSpec
instanceKlass sun/security/ssl/HandshakeHash$CloneableHash
instanceKlass sun/security/ssl/HandshakeHash$T12HandshakeHash
instanceKlass org/eclipse/lsp4j/CompletionItemOptions
instanceKlass sun/security/util/ByteArrays
instanceKlass sun/security/ssl/TransportContext$1
instanceKlass sun/security/ssl/Plaintext
instanceKlass jdk/internal/math/DoubleToDecimal
instanceKlass jdk/internal/math/FormattedFPDecimal
instanceKlass org/eclipse/lsp4j/NotebookSelectorCell
instanceKlass org/eclipse/lsp4j/NotebookDocumentFilter
instanceKlass org/eclipse/lsp4j/NotebookSelector
instanceKlass org/eclipse/lsp4j/DocumentOnTypeFormattingOptions
instanceKlass com/google/gson/annotations/Expose
instanceKlass org/eclipse/lsp4j/AbstractWorkDoneProgressOptions
instanceKlass org/eclipse/lsp4j/NotebookDocumentSyncRegistrationOptions
instanceKlass  @bci org/eclipse/lsp4j/jsonrpc/RemoteEndpoint handleRequest (Lorg/eclipse/lsp4j/jsonrpc/messages/RequestMessage;)V 121 <appendix> member <vmtarget> ; # org/eclipse/lsp4j/jsonrpc/RemoteEndpoint$$Lambda+0x0000016faf4faaf8
instanceKlass org/eclipse/jdt/ls/core/internal/handlers/ProgressReporterManager$MulticastProgressReporter
instanceKlass java/util/concurrent/CompletableFuture$AsynchronousCompletionTask
instanceKlass java/util/concurrent/CompletableFuture$AltResult
instanceKlass  @bci org/eclipse/jdt/ls/core/internal/handlers/SemanticTokensHandler legend ()Lorg/eclipse/lsp4j/SemanticTokensLegend; 37 <appendix> argL0 ; # org/eclipse/jdt/ls/core/internal/handlers/SemanticTokensHandler$$Lambda+0x0000016faf5b5800
instanceKlass  @bci org/eclipse/jdt/ls/core/internal/handlers/SemanticTokensHandler legend ()Lorg/eclipse/lsp4j/SemanticTokensLegend; 10 <appendix> argL0 ; # org/eclipse/jdt/ls/core/internal/handlers/SemanticTokensHandler$$Lambda+0x0000016faf5738a0
instanceKlass org/eclipse/jdt/core/dom/IBinding
instanceKlass org/eclipse/lsp4j/SemanticTokensLegend
instanceKlass org/eclipse/jdt/ls/core/internal/handlers/SemanticTokensHandler
instanceKlass org/eclipse/lsp4j/DocumentFilter
instanceKlass org/eclipse/lsp4j/SemanticTokensServerFull
instanceKlass org/eclipse/lsp4j/TextDocumentRegistrationOptions
instanceKlass org/eclipse/lsp4j/WorkDoneProgressOptions
instanceKlass org/eclipse/lsp4j/WorkspaceFoldersOptions
instanceKlass org/eclipse/lsp4j/WorkspaceServerCapabilities
instanceKlass org/eclipse/lsp4j/SaveOptions
instanceKlass org/eclipse/lsp4j/TextDocumentSyncOptions
instanceKlass  @bci org/eclipse/jdt/ls/core/internal/handlers/WorkspaceExecuteCommandHandler$DelegateCommandHandlerDescriptor <init> (Lorg/eclipse/core/runtime/IConfigurationElement;)V 59 <appendix> member <vmtarget> ; # org/eclipse/jdt/ls/core/internal/handlers/WorkspaceExecuteCommandHandler$DelegateCommandHandlerDescriptor$$Lambda+0x0000016faf5726c0
instanceKlass  @bci org/eclipse/jdt/ls/core/internal/handlers/WorkspaceExecuteCommandHandler getDelegateCommandHandlerDescriptors (Z)Ljava/util/Collection; 37 <appendix> argL0 ; # org/eclipse/jdt/ls/core/internal/handlers/WorkspaceExecuteCommandHandler$$Lambda+0x0000016faf572478
instanceKlass  @bci org/eclipse/jdt/ls/core/internal/handlers/WorkspaceExecuteCommandHandler getDelegateCommandHandlerDescriptors (Z)Ljava/util/Collection; 32 <appendix> argL0 ; # org/eclipse/jdt/ls/core/internal/handlers/WorkspaceExecuteCommandHandler$$Lambda+0x0000016faf572238
instanceKlass  @bci org/eclipse/jdt/ls/core/internal/handlers/WorkspaceExecuteCommandHandler getDelegateCommandHandlerDescriptors (Z)Ljava/util/Collection; 27 <appendix> argL0 ; # org/eclipse/jdt/ls/core/internal/handlers/WorkspaceExecuteCommandHandler$$Lambda+0x0000016faf571ff8
instanceKlass org/eclipse/jdt/ls/core/internal/handlers/WorkspaceExecuteCommandHandler$DelegateCommandHandlerDescriptor
instanceKlass org/apache/commons/lang3/BooleanUtils
instanceKlass org/eclipse/lsp4j/ServerCapabilities
instanceKlass org/eclipse/jdt/ls/core/internal/managers/TelemetryEvent
instanceKlass sun/nio/ch/WindowsAsynchronousFileChannelImpl$WriteTask
instanceKlass com/google/gson/internal/Streams
instanceKlass org/eclipse/core/internal/runtime/PrintStackUtil
instanceKlass java/lang/Throwable$PrintStreamOrWriter
instanceKlass  @bci org/eclipse/m2e/core/internal/embedder/MavenImpl getMirror (Lorg/apache/maven/artifact/repository/ArtifactRepository;)Lorg/apache/maven/settings/Mirror; 6 <appendix> member <vmtarget> ; # org/eclipse/m2e/core/internal/embedder/MavenImpl$$Lambda+0x0000016faf58e318
instanceKlass  @bci org/eclipse/m2e/core/internal/embedder/MavenImpl addDefaultRepository (Ljava/util/List;)V 6 <appendix> argL0 ; # org/eclipse/m2e/core/internal/embedder/MavenImpl$$Lambda+0x0000016faf58e0c8
instanceKlass org/apache/commons/codec/CharEncoding
instanceKlass org/apache/commons/codec/binary/Hex
instanceKlass org/apache/commons/codec/BinaryDecoder
instanceKlass org/apache/commons/codec/Decoder
instanceKlass org/apache/commons/codec/BinaryEncoder
instanceKlass org/apache/commons/codec/Encoder
instanceKlass sun/security/provider/ByteArrayAccess$LE
instanceKlass org/apache/commons/codec/binary/StringUtils
instanceKlass org/apache/commons/codec/digest/DigestUtils
instanceKlass org/eclipse/m2e/internal/maven/compat/ReadonlyMavenExecutionRequest
instanceKlass org/eclipse/m2e/core/internal/embedder/AbstractTransferListenerAdapter
instanceKlass org/apache/maven/session/scope/internal/SessionScope$CachingProvider
instanceKlass  @bci org/apache/maven/session/scope/internal/SessionScope seed (Ljava/lang/Class;Ljava/lang/Object;)V 3 <appendix> member <vmtarget> ; # org/apache/maven/session/scope/internal/SessionScope$$Lambda+0x0000016faf5b0000
instanceKlass org/apache/maven/settings/RuntimeInfo
instanceKlass org/apache/maven/execution/DefaultMavenExecutionResult
instanceKlass org/eclipse/aether/AbstractForwardingRepositorySystemSession
instanceKlass org/eclipse/aether/internal/impl/Utils
instanceKlass org/eclipse/aether/internal/impl/LocalPathPrefixComposerFactorySupport$LocalPathPrefixComposerSupport
instanceKlass org/eclipse/aether/internal/impl/SimpleLocalRepositoryManager
instanceKlass org/eclipse/aether/internal/impl/PrioritizedComponent
instanceKlass org/eclipse/sisu/wire/EntrySetAdapter$ValueIterator
instanceKlass org/eclipse/aether/internal/impl/PrioritizedComponents
instanceKlass  @bci org/apache/maven/RepositoryUtils toRepos (Ljava/util/List;)Ljava/util/List; 18 <appendix> argL0 ; # org/apache/maven/RepositoryUtils$$Lambda+0x0000016faf5add98
instanceKlass org/eclipse/aether/repository/RemoteRepository$Builder
instanceKlass org/eclipse/aether/util/ConfigUtils
instanceKlass org/eclipse/aether/util/repository/DefaultAuthenticationSelector
instanceKlass org/eclipse/aether/util/repository/DefaultProxySelector
instanceKlass org/eclipse/aether/util/repository/DefaultMirrorSelector
instanceKlass org/apache/maven/settings/crypto/DefaultSettingsDecryptionResult
instanceKlass org/apache/maven/settings/crypto/DefaultSettingsDecryptionRequest
instanceKlass org/apache/maven/RepositoryUtils$MavenArtifactTypeRegistry
instanceKlass org/apache/maven/RepositoryUtils
instanceKlass org/eclipse/aether/util/repository/SimpleResolutionErrorPolicy
instanceKlass  @bci java/util/stream/Collectors mapMerger (Ljava/util/function/BinaryOperator;)Ljava/util/function/BinaryOperator; 1 <appendix> member <vmtarget> ; # java/util/stream/Collectors$$Lambda+0x0000016faf5da2f8
instanceKlass  @bci java/util/stream/Collectors toMap (Ljava/util/function/Function;Ljava/util/function/Function;Ljava/util/function/BinaryOperator;Ljava/util/function/Supplier;)Ljava/util/stream/Collector; 3 <appendix> member <vmtarget> ; # java/util/stream/Collectors$$Lambda+0x0000016faf5da0c0
instanceKlass  @bci java/util/stream/Collectors toMap (Ljava/util/function/Function;Ljava/util/function/Function;Ljava/util/function/BinaryOperator;)Ljava/util/stream/Collector; 3 <appendix> argL0 ; # java/util/stream/Collectors$$Lambda+0x0000016faf5d9ea0
instanceKlass  @bci org/apache/maven/internal/aether/DefaultRepositorySystemSessionFactory getPropertiesFromRequestedProfiles (Lorg/apache/maven/execution/MavenExecutionRequest;)Ljava/util/Map; 59 <appendix> argL0 ; # org/apache/maven/internal/aether/DefaultRepositorySystemSessionFactory$$Lambda+0x0000016faf5abee0
instanceKlass  @bci org/apache/maven/internal/aether/DefaultRepositorySystemSessionFactory getPropertiesFromRequestedProfiles (Lorg/apache/maven/execution/MavenExecutionRequest;)Ljava/util/Map; 54 <appendix> argL0 ; # org/apache/maven/internal/aether/DefaultRepositorySystemSessionFactory$$Lambda+0x0000016faf5abca0
instanceKlass  @bci org/apache/maven/internal/aether/DefaultRepositorySystemSessionFactory getPropertiesFromRequestedProfiles (Lorg/apache/maven/execution/MavenExecutionRequest;)Ljava/util/Map; 49 <appendix> argL0 ; # org/apache/maven/internal/aether/DefaultRepositorySystemSessionFactory$$Lambda+0x0000016faf5aba60
instanceKlass  @bci org/apache/maven/internal/aether/DefaultRepositorySystemSessionFactory getPropertiesFromRequestedProfiles (Lorg/apache/maven/execution/MavenExecutionRequest;)Ljava/util/Map; 39 <appendix> argL0 ; # org/apache/maven/internal/aether/DefaultRepositorySystemSessionFactory$$Lambda+0x0000016faf5ab820
instanceKlass  @bci org/apache/maven/internal/aether/DefaultRepositorySystemSessionFactory getPropertiesFromRequestedProfiles (Lorg/apache/maven/execution/MavenExecutionRequest;)Ljava/util/Map; 29 <appendix> argL0 ; # org/apache/maven/internal/aether/DefaultRepositorySystemSessionFactory$$Lambda+0x0000016faf5ab5e0
instanceKlass  @bci org/apache/maven/internal/aether/DefaultRepositorySystemSessionFactory getPropertiesFromRequestedProfiles (Lorg/apache/maven/execution/MavenExecutionRequest;)Ljava/util/Map; 19 <appendix> member <vmtarget> ; # org/apache/maven/internal/aether/DefaultRepositorySystemSessionFactory$$Lambda+0x0000016faf5ab388
instanceKlass org/eclipse/aether/util/repository/SimpleArtifactDescriptorPolicy
instanceKlass org/eclipse/aether/artifact/DefaultArtifactType
instanceKlass org/eclipse/aether/util/artifact/SimpleArtifactTypeRegistry
instanceKlass org/eclipse/aether/util/graph/transformer/JavaDependencyContextRefiner
instanceKlass org/eclipse/aether/util/graph/transformer/ChainedDependencyGraphTransformer
instanceKlass org/eclipse/aether/util/graph/transformer/ConflictResolver
instanceKlass org/eclipse/aether/graph/Exclusion
instanceKlass org/eclipse/aether/util/graph/selector/ExclusionDependencySelector
instanceKlass org/eclipse/aether/util/graph/selector/OptionalDependencySelector
instanceKlass org/eclipse/aether/util/graph/selector/ScopeDependencySelector
instanceKlass org/eclipse/aether/util/graph/selector/AndDependencySelector
instanceKlass org/eclipse/aether/util/graph/manager/ClassicDependencyManager
instanceKlass org/eclipse/aether/util/graph/traverser/FatArtifactTraverser
instanceKlass org/eclipse/aether/DefaultSessionData
instanceKlass org/eclipse/aether/DefaultRepositorySystemSession$NullFileTransformerManager
instanceKlass org/eclipse/aether/transform/FileTransformerManager
instanceKlass org/eclipse/aether/DefaultRepositorySystemSession$NullArtifactTypeRegistry
instanceKlass org/eclipse/aether/DefaultRepositorySystemSession$NullAuthenticationSelector
instanceKlass sun/security/ssl/OutputRecord$T13PaddingHolder
instanceKlass org/eclipse/aether/DefaultRepositorySystemSession$NullProxySelector
instanceKlass org/eclipse/aether/DefaultRepositorySystemSession$NullMirrorSelector
instanceKlass org/eclipse/aether/SessionData
instanceKlass sun/security/ssl/KeyShareExtension$CHKeyShareSpec
instanceKlass org/eclipse/aether/artifact/ArtifactTypeRegistry
instanceKlass org/apache/maven/repository/internal/MavenRepositorySystemUtils
instanceKlass org/apache/maven/graph/DefaultGraphBuilder$$FastClassByGuice$$202103891
instanceKlass jdk/internal/math/MathUtils
instanceKlass jdk/internal/math/FloatToDecimal
instanceKlass org/apache/maven/plugin/prefix/internal/DefaultPluginPrefixResolver$$FastClassByGuice$$200426800
instanceKlass org/apache/maven/plugin/CompoundMojoExecutionListener
instanceKlass org/apache/maven/plugin/DefaultBuildPluginManager$$FastClassByGuice$$200009339
instanceKlass org/apache/maven/lifecycle/internal/DefaultLifecycleTaskSegmentCalculator$$FastClassByGuice$$198815325
instanceKlass org/apache/maven/lifecycle/internal/DefaultExecutionEventCatapult$$FastClassByGuice$$198166054
instanceKlass org/apache/maven/project/DefaultProjectDependenciesResolver$$FastClassByGuice$$196446961
instanceKlass org/apache/maven/project/RepositorySessionDecorator
instanceKlass com/google/inject/internal/DelegatingInvocationHandler
instanceKlass org/apache/maven/artifact/repository/metadata/io/DefaultMetadataReader$$FastClassByGuice$$195492711
instanceKlass org/apache/maven/plugin/version/internal/DefaultPluginVersionResolver$$FastClassByGuice$$194472297
instanceKlass org/apache/maven/rtinfo/internal/DefaultRuntimeInformation$$FastClassByGuice$$193967386
instanceKlass org/apache/maven/plugin/DefaultPluginDescriptorCache$$FastClassByGuice$$192485174
instanceKlass org/apache/maven/plugin/internal/DefaultMavenPluginManager$$FastClassByGuice$$191370037
instanceKlass org/codehaus/plexus/classworlds/realm/Entry
instanceKlass org/apache/maven/classrealm/DefaultClassRealmRequest
instanceKlass org/eclipse/sisu/wire/EntryListAdapter$ValueIterator
instanceKlass org/apache/maven/project/DefaultProjectBuildingHelper$$FastClassByGuice$$189888450
instanceKlass org/apache/maven/project/DefaultProjectBuilder$$FastClassByGuice$$189019051
instanceKlass org/apache/maven/DefaultMaven$$FastClassByGuice$$188185799
instanceKlass org/apache/maven/properties/internal/SystemProperties
instanceKlass org/codehaus/plexus/util/Os
instanceKlass org/apache/maven/properties/internal/EnvironmentUtils
instanceKlass org/apache/maven/artifact/repository/layout/ArtifactRepositoryLayout2
instanceKlass org/apache/maven/artifact/repository/layout/DefaultRepositoryLayout$$FastClassByGuice$$186812435
instanceKlass org/apache/maven/repository/DefaultMirrorSelector$$FastClassByGuice$$186585851
instanceKlass org/apache/maven/repository/legacy/repository/DefaultArtifactRepositoryFactory$$FastClassByGuice$$185253772
instanceKlass org/eclipse/aether/artifact/ArtifactType
instanceKlass org/apache/maven/lifecycle/internal/DefaultLifecyclePluginAnalyzer$$FastClassByGuice$$184113567
instanceKlass org/apache/maven/model/plugin/DefaultLifecycleBindingsInjector$$FastClassByGuice$$182525803
instanceKlass org/apache/maven/model/Contributor
instanceKlass org/apache/maven/model/PatternSet
instanceKlass org/apache/maven/model/merge/ModelMerger$KeyComputer
instanceKlass org/apache/maven/model/merge/ModelMerger$Remapping
instanceKlass sun/security/util/math/IntegerModuloP$MultiplicativeInverser$Secp256R1
instanceKlass sun/security/ec/ECOperations$PointMultiplier$Default
instanceKlass sun/security/ec/ECOperations$PointMultiplier$Secp256R1GeneratorMultiplier$P256
instanceKlass sun/security/ec/ECOperations$PointMultiplier$Secp256R1GeneratorMultiplier
instanceKlass  @bci org/eclipse/aether/internal/impl/synccontext/named/NamedLockFactoryAdapterFactoryImpl <init> (Ljava/util/Map;Ljava/lang/String;Ljava/util/Map;Ljava/lang/String;Lorg/eclipse/aether/impl/RepositorySystemLifecycle;)V 63 <appendix> member <vmtarget> ; # org/eclipse/aether/internal/impl/synccontext/named/NamedLockFactoryAdapterFactoryImpl$$Lambda+0x0000016faf5a1350
instanceKlass sun/security/ec/ECOperations$PointMultiplier
instanceKlass org/eclipse/sisu/wire/NamedIterableAdapter
instanceKlass  @bci sun/security/ec/ECPrivateKeyImpl calculatePublicKey ()Ljava/security/PublicKey; 9 <appendix> argL0 ; # sun/security/ec/ECPrivateKeyImpl$$Lambda+0x0000016faf4f2330
instanceKlass org/eclipse/aether/internal/impl/DefaultUpdateCheckManager$1
instanceKlass sun/security/util/ArrayUtil
instanceKlass java/security/interfaces/ECPrivateKey
instanceKlass org/apache/maven/repository/legacy/DefaultUpdateCheckManager$$FastClassByGuice$$181749291
instanceKlass org/apache/maven/repository/legacy/DefaultWagonManager$$FastClassByGuice$$181292466
instanceKlass sun/security/ec/ECOperations
instanceKlass sun/security/ssl/ECDHKeyExchange$ECDHEPossession
instanceKlass sun/security/ssl/KeyShareExtension$KeyShareEntry
instanceKlass sun/security/ssl/XDHKeyExchange$1
instanceKlass java/security/interfaces/XECPrivateKey
instanceKlass java/security/interfaces/XECPublicKey
instanceKlass org/apache/maven/artifact/repository/metadata/DefaultRepositoryMetadataManager$$FastClassByGuice$$179426335
instanceKlass java/security/KeyPair
instanceKlass sun/security/util/math/IntegerModuloP$MultiplicativeInverser$Default
instanceKlass sun/security/util/math/IntegerModuloP$MultiplicativeInverser
instanceKlass org/apache/maven/project/artifact/DefaultMetadataSource$$FastClassByGuice$$178625884
instanceKlass org/apache/maven/artifact/resolver/DefaultResolutionErrorHandler$$FastClassByGuice$$178140416
instanceKlass sun/security/util/math/MutableIntegerModuloP
instanceKlass org/apache/maven/plugin/internal/DefaultLegacySupport$$FastClassByGuice$$176489101
instanceKlass sun/security/jca/JCAUtil$CachedSecureRandomHolder
instanceKlass sun/security/ec/XECOperations
instanceKlass org/apache/maven/repository/legacy/resolver/conflict/NearestConflictResolver$$FastClassByGuice$$175500003
instanceKlass sun/security/ec/XECParameters
instanceKlass org/apache/maven/artifact/resolver/DefaultArtifactCollector$$FastClassByGuice$$174701511
instanceKlass  @bci sun/security/ec/XDHKeyPairGenerator initialize (Ljava/security/spec/AlgorithmParameterSpec;Ljava/security/SecureRandom;)V 0 <appendix> argL0 ; # sun/security/ec/XDHKeyPairGenerator$$Lambda+0x0000016faf4f10c0
instanceKlass sun/security/ssl/XDHKeyExchange$XDHEPossession
instanceKlass sun/security/ssl/ECDHKeyExchange$ECDHEXDHKAGenerator
instanceKlass sun/security/ssl/ECDHKeyExchange$ECDHEKAGenerator
instanceKlass sun/security/ssl/ECDHKeyExchange$ECDHKAGenerator
instanceKlass sun/security/ssl/ECDHKeyExchange$ECDHEPossessionGenerator
instanceKlass sun/security/ssl/ECDHKeyExchange
instanceKlass sun/security/ssl/DHKeyExchange$DHEKAGenerator
instanceKlass sun/security/ssl/DHKeyExchange$DHEPossessionGenerator
instanceKlass sun/security/ssl/DHKeyExchange
instanceKlass org/apache/maven/artifact/resolver/DefaultArtifactResolver$DaemonThreadCreator
instanceKlass sun/security/ssl/RSAKeyExchange$RSAKAGenerator
instanceKlass sun/security/ssl/RSAKeyExchange$EphemeralRSAPossessionGenerator
instanceKlass sun/security/ssl/RSAKeyExchange
instanceKlass sun/security/ssl/SSLKeyExchange$T13KeyAgreement
instanceKlass sun/security/ssl/SSLKeyAgreement
instanceKlass sun/security/ssl/SSLPossessionGenerator
instanceKlass sun/security/ssl/SSLKeyExchange
instanceKlass sun/security/ssl/SSLHandshakeBinding
instanceKlass sun/security/ssl/SSLKeyAgreementGenerator
instanceKlass org/apache/maven/artifact/resolver/DefaultArtifactResolver$$FastClassByGuice$$173847374
instanceKlass sun/security/ssl/PskKeyExchangeModesExtension$PskKeyExchangeModesSpec
instanceKlass sun/security/ssl/SupportedVersionsExtension$CHSupportedVersionsSpec
instanceKlass sun/security/ssl/SignatureAlgorithmsExtension$SignatureSchemesSpec
instanceKlass org/apache/maven/artifact/factory/DefaultArtifactFactory$$FastClassByGuice$$172068205
instanceKlass  @bci java/util/stream/SortedOps$RefSortingSink end ()V 48 <appendix> member <vmtarget> ; # java/util/stream/SortedOps$RefSortingSink$$Lambda+0x0000016faf5d20b0
instanceKlass  @bci sun/security/util/DisabledAlgorithmConstraints permits (Ljava/lang/String;Ljava/util/Set;)Z 20 <appendix> member <vmtarget> ; # sun/security/util/DisabledAlgorithmConstraints$$Lambda+0x0000016faf5d1e58
instanceKlass sun/security/ssl/ExtendedMasterSecretExtension$ExtendedMasterSecretSpec
instanceKlass sun/security/ssl/CertStatusExtension$CertStatusRequestV2Spec
instanceKlass sun/security/ssl/ECPointFormatsExtension$ECPointFormatsSpec
instanceKlass sun/security/ssl/SupportedGroupsExtension$SupportedGroupsSpec
instanceKlass  @bci org/eclipse/jdt/ls/core/internal/handlers/BundleUtils getBundles (Ljava/lang/String;Lorg/osgi/framework/wiring/FrameworkWiring;)[Lorg/osgi/framework/Bundle; 152 <appendix> argL0 ; # org/eclipse/jdt/ls/core/internal/handlers/BundleUtils$$Lambda+0x0000016faf571988
instanceKlass  @bci org/eclipse/jdt/ls/core/internal/handlers/BundleUtils getBundles (Ljava/lang/String;Lorg/osgi/framework/wiring/FrameworkWiring;)[Lorg/osgi/framework/Bundle; 142 <appendix> argL0 ; # org/eclipse/jdt/ls/core/internal/handlers/BundleUtils$$Lambda+0x0000016faf5716f0
instanceKlass  @bci org/eclipse/jdt/ls/core/internal/handlers/BundleUtils getBundles (Ljava/lang/String;Lorg/osgi/framework/wiring/FrameworkWiring;)[Lorg/osgi/framework/Bundle; 132 <appendix> argL0 ; # org/eclipse/jdt/ls/core/internal/handlers/BundleUtils$$Lambda+0x0000016faf5714a0
instanceKlass  @bci org/eclipse/jdt/ls/core/internal/handlers/BundleUtils getBundles (Ljava/lang/String;Lorg/osgi/framework/wiring/FrameworkWiring;)[Lorg/osgi/framework/Bundle; 122 <appendix> argL0 ; # org/eclipse/jdt/ls/core/internal/handlers/BundleUtils$$Lambda+0x0000016faf571260
instanceKlass org/eclipse/jdt/ls/core/internal/handlers/BundleUtils$BundleInfo
instanceKlass org/apache/maven/repository/legacy/LegacyRepositorySystem$$FastClassByGuice$$171041864
instanceKlass sun/security/ssl/CertStatusExtension$CertStatusRequest
instanceKlass sun/security/ssl/CertStatusExtension$CertStatusRequestSpec
instanceKlass sun/security/ssl/ServerNameExtension$CHServerNamesSpec
instanceKlass sun/security/ssl/SSLExtension$SSLExtensionSpec
instanceKlass sun/security/ssl/SSLExtension$ClientExtensions
instanceKlass org/apache/maven/artifact/handler/manager/DefaultArtifactHandlerManager$$FastClassByGuice$$169976494
instanceKlass sun/security/ssl/PreSharedKeyExtension$SHPreSharedKeyStringizer
instanceKlass sun/security/ssl/PreSharedKeyExtension$SHPreSharedKeyAbsence
instanceKlass sun/security/ssl/PreSharedKeyExtension$SHPreSharedKeyConsumer
instanceKlass sun/security/ssl/PreSharedKeyExtension$SHPreSharedKeyProducer
instanceKlass sun/security/ssl/PreSharedKeyExtension$CHPreSharedKeyStringizer
instanceKlass sun/security/ssl/PreSharedKeyExtension$CHPreSharedKeyOnTradeAbsence
instanceKlass sun/security/ssl/PreSharedKeyExtension$CHPreSharedKeyUpdate
instanceKlass sun/security/ssl/PreSharedKeyExtension$CHPreSharedKeyOnLoadAbsence
instanceKlass sun/security/ssl/PreSharedKeyExtension$CHPreSharedKeyConsumer
instanceKlass sun/security/ssl/PreSharedKeyExtension$CHPreSharedKeyProducer
instanceKlass sun/security/ssl/PreSharedKeyExtension
instanceKlass sun/security/ssl/RenegoInfoExtension$RenegotiationInfoStringizer
instanceKlass sun/security/ssl/RenegoInfoExtension$SHRenegotiationInfoAbsence
instanceKlass sun/security/ssl/RenegoInfoExtension$SHRenegotiationInfoConsumer
instanceKlass sun/security/ssl/RenegoInfoExtension$SHRenegotiationInfoProducer
instanceKlass sun/security/ssl/RenegoInfoExtension$CHRenegotiationInfoAbsence
instanceKlass sun/security/ssl/RenegoInfoExtension$CHRenegotiationInfoConsumer
instanceKlass sun/security/ssl/RenegoInfoExtension$CHRenegotiationInfoProducer
instanceKlass sun/security/ssl/RenegoInfoExtension
instanceKlass sun/security/ssl/KeyShareExtension$HRRKeyShareStringizer
instanceKlass org/eclipse/sisu/inject/Guice4$2
instanceKlass sun/security/ssl/KeyShareExtension$HRRKeyShareReproducer
instanceKlass sun/security/ssl/KeyShareExtension$HRRKeyShareConsumer
instanceKlass sun/security/ssl/KeyShareExtension$HRRKeyShareProducer
instanceKlass org/eclipse/aether/DefaultRepositoryCache
instanceKlass sun/security/ssl/KeyShareExtension$SHKeyShareStringizer
instanceKlass sun/security/ssl/KeyShareExtension$SHKeyShareAbsence
instanceKlass sun/security/ssl/KeyShareExtension$SHKeyShareConsumer
instanceKlass sun/security/ssl/KeyShareExtension$SHKeyShareProducer
instanceKlass sun/security/ssl/KeyShareExtension$CHKeyShareStringizer
instanceKlass org/apache/maven/execution/DefaultMavenExecutionRequest
instanceKlass sun/security/ssl/KeyShareExtension$CHKeyShareOnTradeAbsence
instanceKlass sun/security/ssl/KeyShareExtension$CHKeyShareConsumer
instanceKlass sun/security/ssl/KeyShareExtension$CHKeyShareProducer
instanceKlass sun/security/ssl/KeyShareExtension
instanceKlass sun/security/ssl/CertSignAlgsExtension$CertSignatureSchemesStringizer
instanceKlass sun/security/ssl/CertSignAlgsExtension$CRCertSignatureSchemesUpdate
instanceKlass  @bci org/eclipse/m2e/core/internal/embedder/MavenExecutionContext newExecutionRequest ()Lorg/apache/maven/execution/MavenExecutionRequest; 125 <appendix> member <vmtarget> ; # org/eclipse/m2e/core/internal/embedder/MavenExecutionContext$$Lambda+0x0000016faf58d3e0
instanceKlass  @bci org/eclipse/jdt/ls/core/internal/preferences/StandardPreferenceManager update (Lorg/eclipse/jdt/ls/core/internal/preferences/Preferences;)V 364 <appendix> argL0 ; # org/eclipse/jdt/ls/core/internal/preferences/StandardPreferenceManager$$Lambda+0x0000016faf570e00
instanceKlass sun/security/ssl/CertSignAlgsExtension$CRCertSignatureSchemesConsumer
instanceKlass  @bci org/eclipse/m2e/core/internal/embedder/MavenExecutionContext newExecutionRequest ()Lorg/apache/maven/execution/MavenExecutionRequest; 111 <appendix> member <vmtarget> ; # org/eclipse/m2e/core/internal/embedder/MavenExecutionContext$$Lambda+0x0000016faf58d198
instanceKlass sun/security/ssl/CertSignAlgsExtension$CRCertSignatureSchemesProducer
instanceKlass sun/security/ssl/CertSignAlgsExtension$CHCertSignatureSchemesUpdate
instanceKlass sun/security/ssl/CertSignAlgsExtension$CHCertSignatureSchemesConsumer
instanceKlass sun/security/ssl/CertSignAlgsExtension$CHCertSignatureSchemesProducer
instanceKlass sun/security/ssl/CertSignAlgsExtension
instanceKlass  @bci org/eclipse/m2e/core/internal/embedder/MavenImpl getMirrors ()Ljava/util/List; 4 <appendix> argL0 ; # org/eclipse/m2e/core/internal/embedder/MavenImpl$$Lambda+0x0000016faf58cf78
instanceKlass sun/security/ssl/CertificateAuthoritiesExtension$CertificateAuthoritiesStringizer
instanceKlass sun/security/ssl/CertificateAuthoritiesExtension$CRCertificateAuthoritiesConsumer
instanceKlass  @bci org/eclipse/m2e/core/internal/embedder/MavenImpl getExecutionContext ()Lorg/eclipse/m2e/core/embedder/IMavenExecutionContext; 4 <appendix> member <vmtarget> ; # org/eclipse/m2e/core/internal/embedder/MavenImpl$$Lambda+0x0000016faf58cd50
instanceKlass sun/security/ssl/CertificateAuthoritiesExtension$CRCertificateAuthoritiesProducer
instanceKlass sun/security/ssl/CertificateAuthoritiesExtension$CHCertificateAuthoritiesConsumer
instanceKlass sun/security/ssl/CertificateAuthoritiesExtension$CHCertificateAuthoritiesProducer
instanceKlass sun/security/ssl/CertificateAuthoritiesExtension
instanceKlass sun/security/ssl/PskKeyExchangeModesExtension$PskKeyExchangeModesStringizer
instanceKlass sun/security/ssl/PskKeyExchangeModesExtension$PskKeyExchangeModesOnTradeAbsence
instanceKlass sun/security/ssl/PskKeyExchangeModesExtension$PskKeyExchangeModesOnLoadAbsence
instanceKlass sun/security/ssl/PskKeyExchangeModesExtension$PskKeyExchangeModesConsumer
instanceKlass sun/security/ssl/PskKeyExchangeModesExtension$PskKeyExchangeModesProducer
instanceKlass org/apache/maven/settings/building/DefaultSettingsBuildingResult
instanceKlass sun/security/ssl/PskKeyExchangeModesExtension
instanceKlass sun/security/ssl/CookieExtension$CookieStringizer
instanceKlass sun/security/ssl/CookieExtension$HRRCookieReproducer
instanceKlass sun/security/ssl/CookieExtension$HRRCookieConsumer
instanceKlass sun/security/ssl/CookieExtension$HRRCookieProducer
instanceKlass sun/security/ssl/CookieExtension$CHCookieUpdate
instanceKlass sun/security/ssl/CookieExtension$CHCookieConsumer
instanceKlass sun/security/ssl/CookieExtension$CHCookieProducer
instanceKlass sun/security/ssl/CookieExtension
instanceKlass sun/security/ssl/SupportedVersionsExtension$HRRSupportedVersionsReproducer
instanceKlass sun/security/ssl/SupportedVersionsExtension$HRRSupportedVersionsConsumer
instanceKlass sun/security/ssl/SupportedVersionsExtension$HRRSupportedVersionsProducer
instanceKlass sun/security/ssl/SupportedVersionsExtension$SHSupportedVersionsStringizer
instanceKlass sun/security/ssl/SupportedVersionsExtension$SHSupportedVersionsConsumer
instanceKlass sun/security/ssl/SupportedVersionsExtension$SHSupportedVersionsProducer
instanceKlass sun/security/ssl/SupportedVersionsExtension$CHSupportedVersionsStringizer
instanceKlass sun/security/ssl/SupportedVersionsExtension$CHSupportedVersionsConsumer
instanceKlass sun/security/ssl/SupportedVersionsExtension$CHSupportedVersionsProducer
instanceKlass sun/security/ssl/SupportedVersionsExtension
instanceKlass org/codehaus/plexus/util/xml/pull/EntityReplacementMap
instanceKlass sun/security/ssl/SignatureAlgorithmsExtension$SignatureSchemesStringizer
instanceKlass sun/security/ssl/SignatureAlgorithmsExtension$CRSignatureSchemesUpdate
instanceKlass sun/security/ssl/SignatureAlgorithmsExtension$CRSignatureSchemesAbsence
instanceKlass sun/security/ssl/SignatureAlgorithmsExtension$CRSignatureSchemesConsumer
instanceKlass sun/security/ssl/SignatureAlgorithmsExtension$CRSignatureSchemesProducer
instanceKlass sun/security/ssl/SignatureAlgorithmsExtension$CHSignatureSchemesOnTradeAbsence
instanceKlass sun/security/ssl/SignatureAlgorithmsExtension$CHSignatureSchemesUpdate
instanceKlass sun/security/ssl/SignatureAlgorithmsExtension$CHSignatureSchemesOnLoadAbsence
instanceKlass sun/security/ssl/SignatureAlgorithmsExtension$CHSignatureSchemesConsumer
instanceKlass sun/security/ssl/SignatureAlgorithmsExtension$CHSignatureSchemesProducer
instanceKlass sun/security/ssl/SignatureAlgorithmsExtension
instanceKlass org/apache/maven/settings/io/xpp3/SettingsXpp3Reader$1
instanceKlass sun/security/ssl/SessionTicketExtension$SessionTicketStringizer
instanceKlass sun/security/ssl/SessionTicketExtension$T12SHSessionTicketConsumer
instanceKlass sun/security/ssl/SessionTicketExtension$T12SHSessionTicketProducer
instanceKlass sun/security/ssl/SessionTicketExtension$T12CHSessionTicketConsumer
instanceKlass sun/security/ssl/SessionTicketExtension$T12CHSessionTicketProducer
instanceKlass sun/security/ssl/SessionTicketExtension
instanceKlass org/apache/maven/settings/io/xpp3/SettingsXpp3Reader$ContentTransformer
instanceKlass sun/security/ssl/ExtendedMasterSecretExtension$ExtendedMasterSecretStringizer
instanceKlass sun/security/ssl/ExtendedMasterSecretExtension$SHExtendedMasterSecretAbsence
instanceKlass sun/security/ssl/ExtendedMasterSecretExtension$SHExtendedMasterSecretConsumer
instanceKlass org/apache/maven/settings/io/xpp3/SettingsXpp3Reader
instanceKlass sun/security/ssl/ExtendedMasterSecretExtension$SHExtendedMasterSecretProducer
instanceKlass sun/security/ssl/ExtendedMasterSecretExtension$CHExtendedMasterSecretAbsence
instanceKlass sun/security/ssl/ExtendedMasterSecretExtension$CHExtendedMasterSecretConsumer
instanceKlass sun/security/ssl/ExtendedMasterSecretExtension$CHExtendedMasterSecretProducer
instanceKlass sun/security/ssl/ExtendedMasterSecretExtension
instanceKlass  @bci sun/security/ssl/AlpnExtension <clinit> ()V 100 <appendix> argL0 ; # sun/security/ssl/AlpnExtension$$Lambda+0x0000016faf5c3068
instanceKlass sun/security/ssl/AlpnExtension$AlpnStringizer
instanceKlass org/codehaus/plexus/interpolation/SimpleRecursionInterceptor
instanceKlass sun/security/ssl/AlpnExtension$SHAlpnAbsence
instanceKlass sun/security/ssl/AlpnExtension$SHAlpnConsumer
instanceKlass sun/security/ssl/AlpnExtension$SHAlpnProducer
instanceKlass org/apache/maven/settings/building/DefaultSettingsBuilder$1
instanceKlass sun/security/ssl/AlpnExtension$CHAlpnAbsence
instanceKlass org/codehaus/plexus/interpolation/os/OperatingSystemUtils$DefaultEnvVarSource
instanceKlass sun/security/ssl/AlpnExtension$CHAlpnConsumer
instanceKlass sun/security/ssl/AlpnExtension$CHAlpnProducer
instanceKlass sun/security/ssl/AlpnExtension
instanceKlass sun/security/ssl/ECPointFormatsExtension$ECPointFormatsStringizer
instanceKlass sun/security/ssl/ECPointFormatsExtension$SHECPointFormatsConsumer
instanceKlass sun/security/ssl/ECPointFormatsExtension$CHECPointFormatsConsumer
instanceKlass sun/security/ssl/ECPointFormatsExtension$CHECPointFormatsProducer
instanceKlass sun/security/ssl/ECPointFormatsExtension
instanceKlass org/codehaus/plexus/interpolation/os/OperatingSystemUtils$EnvVarSource
instanceKlass sun/security/ssl/SupportedGroupsExtension$EESupportedGroupsConsumer
instanceKlass org/codehaus/plexus/interpolation/os/OperatingSystemUtils
instanceKlass sun/security/ssl/SupportedGroupsExtension$EESupportedGroupsProducer
instanceKlass sun/security/ssl/SupportedGroupsExtension$SupportedGroupsStringizer
instanceKlass sun/security/ssl/SupportedGroupsExtension$CHSupportedGroupsOnTradeAbsence
instanceKlass sun/security/ssl/SupportedGroupsExtension$CHSupportedGroupsConsumer
instanceKlass sun/security/ssl/SupportedGroupsExtension$CHSupportedGroupsProducer
instanceKlass org/codehaus/plexus/interpolation/AbstractValueSource
instanceKlass sun/security/ssl/SupportedGroupsExtension
instanceKlass sun/security/ssl/CertStatusExtension$CertStatusRespStringizer
instanceKlass sun/security/ssl/CertStatusExtension$CertStatusRequestsStringizer
instanceKlass sun/security/ssl/CertStatusExtension$SHCertStatusReqV2Consumer
instanceKlass sun/security/ssl/CertStatusExtension$SHCertStatusReqV2Producer
instanceKlass sun/security/ssl/CertStatusExtension$CHCertStatusReqV2Consumer
instanceKlass sun/security/ssl/CertStatusExtension$CHCertStatusReqV2Producer
instanceKlass sun/security/ssl/CertStatusExtension$CertStatusRequestStringizer
instanceKlass sun/security/ssl/CertStatusExtension$CTCertStatusResponseConsumer
instanceKlass sun/security/ssl/CertStatusExtension$CTCertStatusResponseProducer
instanceKlass sun/security/ssl/CertStatusExtension$SHCertStatusReqConsumer
instanceKlass sun/security/ssl/CertStatusExtension$SHCertStatusReqProducer
instanceKlass sun/security/ssl/CertStatusExtension$CHCertStatusReqConsumer
instanceKlass sun/security/ssl/CertStatusExtension$CHCertStatusReqProducer
instanceKlass sun/security/ssl/CertStatusExtension
instanceKlass sun/security/ssl/MaxFragExtension$MaxFragLenStringizer
instanceKlass sun/security/ssl/MaxFragExtension$EEMaxFragmentLengthUpdate
instanceKlass org/codehaus/plexus/util/xml/pull/MXSerializer
instanceKlass sun/security/ssl/MaxFragExtension$EEMaxFragmentLengthConsumer
instanceKlass sun/security/ssl/MaxFragExtension$EEMaxFragmentLengthProducer
instanceKlass sun/security/ssl/MaxFragExtension$SHMaxFragmentLengthUpdate
instanceKlass sun/security/ssl/MaxFragExtension$SHMaxFragmentLengthConsumer
instanceKlass sun/security/ssl/MaxFragExtension$SHMaxFragmentLengthProducer
instanceKlass sun/security/ssl/MaxFragExtension$CHMaxFragmentLengthConsumer
instanceKlass sun/security/ssl/MaxFragExtension$CHMaxFragmentLengthProducer
instanceKlass sun/security/ssl/MaxFragExtension
instanceKlass org/apache/maven/settings/io/xpp3/SettingsXpp3Writer
instanceKlass sun/security/ssl/ServerNameExtension$EEServerNameConsumer
instanceKlass sun/security/ssl/ServerNameExtension$EEServerNameProducer
instanceKlass sun/security/ssl/ServerNameExtension$SHServerNamesStringizer
instanceKlass sun/security/ssl/ServerNameExtension$SHServerNameConsumer
instanceKlass sun/security/ssl/ServerNameExtension$SHServerNameProducer
instanceKlass sun/security/ssl/ServerNameExtension$CHServerNamesStringizer
instanceKlass sun/security/ssl/ServerNameExtension$CHServerNameConsumer
instanceKlass sun/security/ssl/SSLExtension$ExtensionConsumer
instanceKlass sun/security/ssl/ServerNameExtension$CHServerNameProducer
instanceKlass sun/security/ssl/ServerNameExtension
instanceKlass sun/security/ssl/SSLStringizer
instanceKlass org/codehaus/plexus/util/StringUtils
instanceKlass sun/security/ssl/SSLExtensions
instanceKlass sun/security/ssl/SSLHandshake$HandshakeMessage
instanceKlass sun/security/ssl/RandomCookie
instanceKlass org/eclipse/sisu/inject/LazyBeanEntry$JsrNamed
instanceKlass org/eclipse/sisu/inject/LazyBeanEntry
instanceKlass sun/security/ssl/SSLKeyDerivation
instanceKlass sun/security/ssl/SSLCredentials
instanceKlass sun/security/ssl/NamedGroupPossession
instanceKlass sun/security/ssl/SSLPossession
instanceKlass sun/security/ssl/HandshakeContext
instanceKlass sun/security/ssl/SSLConfiguration$1
instanceKlass javax/net/ssl/SSLParameters
instanceKlass javax/annotation/Priority
instanceKlass sun/nio/ch/ExtendedSocketOption$1
instanceKlass sun/nio/ch/ExtendedSocketOption
instanceKlass sun/nio/ch/OptionKey
instanceKlass sun/nio/ch/SocketOptionRegistry$LazyInitialization
instanceKlass sun/nio/ch/SocketOptionRegistry$RegistryKey
instanceKlass sun/nio/ch/SocketOptionRegistry
instanceKlass java/net/StandardSocketOptions$StdSocketOption
instanceKlass java/net/StandardSocketOptions
instanceKlass org/eclipse/sisu/inject/Implementations
instanceKlass org/eclipse/sisu/plexus/LazyPlexusBean
instanceKlass org/eclipse/sisu/inject/RankedSequence$Itr
instanceKlass org/eclipse/sisu/inject/RankedBindings$Itr
instanceKlass jdk/internal/icu/impl/Trie2$UTrie2Header
instanceKlass jdk/internal/icu/impl/Trie2$1
instanceKlass jdk/internal/icu/impl/Trie2$ValueMapper
instanceKlass jdk/internal/icu/impl/Trie2
instanceKlass org/eclipse/sisu/inject/LocatedBeans$Itr
instanceKlass jdk/internal/icu/impl/UCharacterProperty$IsAcceptable
instanceKlass org/eclipse/sisu/plexus/RealmFilteredBeans$FilteredItr
instanceKlass org/eclipse/sisu/plexus/DefaultPlexusBeans$Itr
instanceKlass org/eclipse/sisu/plexus/DefaultPlexusBeans
instanceKlass jdk/internal/icu/impl/UCharacterProperty$IntProperty
instanceKlass jdk/internal/icu/impl/UCharacterProperty
instanceKlass jdk/internal/icu/lang/UCharacter
instanceKlass org/eclipse/sisu/plexus/RealmFilteredBeans
instanceKlass jdk/internal/icu/impl/Trie
instanceKlass jdk/internal/icu/text/StringPrep$StringPrepTrieImpl
instanceKlass jdk/internal/icu/impl/Trie$DataManipulate
instanceKlass jdk/internal/icu/impl/StringPrepDataReader
instanceKlass jdk/internal/icu/text/StringPrep
instanceKlass java/net/IDN
instanceKlass javax/net/ssl/SNIServerName
instanceKlass org/eclipse/sisu/inject/BeanCache
instanceKlass org/eclipse/sisu/inject/LocatedBeans
instanceKlass org/eclipse/sisu/inject/MildElements$Indexable
instanceKlass org/eclipse/m2e/core/internal/embedder/PlexusContainerManager$2
instanceKlass org/eclipse/m2e/core/internal/embedder/LifecycleManagerDisposer
instanceKlass com/google/inject/internal/ProviderInternalFactory$1
instanceKlass com/google/inject/internal/ConstructorInjector$1
instanceKlass org/eclipse/sisu/inject/WatchedBeans
instanceKlass org/eclipse/sisu/inject/MildValues$ValueItr
instanceKlass org/eclipse/sisu/inject/InjectorBindings
instanceKlass com/google/inject/spi/ProvisionListener$ProvisionInvocation
instanceKlass com/google/inject/internal/MembersInjectorImpl$1
instanceKlass com/google/inject/internal/InternalContext
instanceKlass com/google/inject/internal/Initializer$1
instanceKlass com/google/common/collect/AbstractMapBasedMultimap$AsMap$AsMapIterator
instanceKlass org/codehaus/plexus/DefaultPlexusContainer$$FastClassByGuice$$169582569
instanceKlass org/eclipse/sisu/wire/TypeConverterCache$$FastClassByGuice$$168805021
instanceKlass com/google/inject/internal/SingleMethodInjector$1
instanceKlass org/eclipse/sisu/inject/DefaultBeanLocator$$FastClassByGuice$$166850155
instanceKlass com/google/inject/internal/InjectorImpl$MethodInvoker
instanceKlass com/google/inject/internal/SingleMethodInjector
instanceKlass org/eclipse/sisu/plexus/PlexusXmlBeanConverter$$FastClassByGuice$$166127276
instanceKlass org/eclipse/m2e/core/internal/embedder/EclipseRepositoryListener$$FastClassByGuice$$165537652
instanceKlass org/eclipse/m2e/core/internal/embedder/EclipseClassRealmManagerDelegate$$FastClassByGuice$$163616317
instanceKlass org/eclipse/m2e/core/internal/embedder/EclipseBuildContext$$FastClassByGuice$$163287541
instanceKlass org/eclipse/m2e/core/internal/project/registry/EclipsePluginDependenciesResolver$$FastClassByGuice$$162446251
instanceKlass org/eclipse/m2e/core/internal/project/EclipsePluginArtifactsCache$$FastClassByGuice$$161334383
instanceKlass org/eclipse/m2e/core/internal/project/EclipsePluginRealmCache$$FastClassByGuice$$159643820
instanceKlass org/eclipse/m2e/core/internal/project/EclipseProjectRealmCache$$FastClassByGuice$$159195051
instanceKlass org/eclipse/m2e/core/internal/project/EclipseExtensionRealmCache$$FastClassByGuice$$158170783
instanceKlass org/eclipse/m2e/core/internal/project/EclipseMavenMetadataCache$$FastClassByGuice$$156291025
instanceKlass org/sonatype/plexus/components/sec/dispatcher/DefaultSecDispatcher$$FastClassByGuice$$155638279
instanceKlass org/sonatype/plexus/components/cipher/DefaultPlexusCipher$$FastClassByGuice$$154445892
instanceKlass org/codehaus/plexus/build/DefaultBuildContext$$FastClassByGuice$$153822214
instanceKlass org/codehaus/plexus/component/configurator/MapOrientedComponentConfigurator$$FastClassByGuice$$152211065
instanceKlass org/codehaus/plexus/component/configurator/BasicComponentConfigurator$$FastClassByGuice$$152040113
instanceKlass org/apache/maven/settings/validation/DefaultSettingsValidator$$FastClassByGuice$$150555063
instanceKlass org/apache/maven/settings/io/DefaultSettingsWriter$$FastClassByGuice$$149054580
instanceKlass org/apache/maven/settings/io/DefaultSettingsReader$$FastClassByGuice$$148634327
instanceKlass org/apache/maven/settings/crypto/DefaultSettingsDecrypter$$FastClassByGuice$$147490914
instanceKlass org/apache/maven/settings/building/DefaultSettingsBuilder$$FastClassByGuice$$146072802
instanceKlass org/eclipse/aether/transport/wagon/WagonTransporterFactory$$FastClassByGuice$$145499232
instanceKlass org/eclipse/aether/internal/transport/wagon/PlexusWagonProvider$$FastClassByGuice$$144525866
instanceKlass org/eclipse/aether/internal/transport/wagon/PlexusWagonConfigurator$$FastClassByGuice$$142860185
instanceKlass org/eclipse/aether/transport/http/XChecksumChecksumExtractor$$FastClassByGuice$$141782325
instanceKlass org/eclipse/aether/transport/http/Nexus2ChecksumExtractor$$FastClassByGuice$$141419183
instanceKlass org/eclipse/aether/transport/http/HttpTransporterFactory$$FastClassByGuice$$140264778
instanceKlass org/eclipse/aether/transport/file/FileTransporterFactory$$FastClassByGuice$$139235638
instanceKlass org/apache/maven/repository/internal/VersionsMetadataGeneratorFactory$$FastClassByGuice$$137592025
instanceKlass org/apache/maven/repository/internal/SnapshotMetadataGeneratorFactory$$FastClassByGuice$$137202009
instanceKlass org/apache/maven/repository/internal/PluginsMetadataGeneratorFactory$$FastClassByGuice$$135461140
instanceKlass org/apache/maven/repository/internal/DefaultVersionResolver$$FastClassByGuice$$134528177
instanceKlass org/apache/maven/repository/internal/DefaultVersionRangeResolver$$FastClassByGuice$$133237975
instanceKlass org/apache/maven/repository/internal/DefaultModelCacheFactory$$FastClassByGuice$$132861120
instanceKlass org/apache/maven/repository/internal/DefaultArtifactDescriptorReader$$FastClassByGuice$$131856489
instanceKlass org/eclipse/aether/named/providers/NoopNamedLockFactory$$FastClassByGuice$$130847983
instanceKlass org/eclipse/aether/named/providers/LocalSemaphoreNamedLockFactory$$FastClassByGuice$$129342345
instanceKlass org/eclipse/aether/named/providers/LocalReadWriteLockNamedLockFactory$$FastClassByGuice$$128832622
instanceKlass org/eclipse/aether/named/providers/FileLockNamedLockFactory$$FastClassByGuice$$127245204
instanceKlass org/eclipse/aether/internal/impl/synccontext/named/providers/StaticNameMapperProvider$$FastClassByGuice$$126314528
instanceKlass org/eclipse/aether/internal/impl/synccontext/named/providers/GAVNameMapperProvider$$FastClassByGuice$$125221439
instanceKlass org/eclipse/aether/internal/impl/synccontext/named/providers/GAECVNameMapperProvider$$FastClassByGuice$$124626689
instanceKlass org/eclipse/aether/internal/impl/synccontext/named/providers/FileStaticNameMapperProvider$$FastClassByGuice$$123434048
instanceKlass org/eclipse/aether/internal/impl/synccontext/named/providers/FileHashingGAVNameMapperProvider$$FastClassByGuice$$121825865
instanceKlass org/eclipse/aether/internal/impl/synccontext/named/providers/FileHashingGAECVNameMapperProvider$$FastClassByGuice$$120742631
instanceKlass org/eclipse/aether/internal/impl/synccontext/named/providers/FileGAVNameMapperProvider$$FastClassByGuice$$120414958
instanceKlass org/eclipse/aether/internal/impl/synccontext/named/providers/FileGAECVNameMapperProvider$$FastClassByGuice$$119476183
instanceKlass org/eclipse/aether/internal/impl/synccontext/named/providers/DiscriminatingNameMapperProvider$$FastClassByGuice$$117655252
instanceKlass org/eclipse/aether/internal/impl/synccontext/named/NamedLockFactoryAdapterFactoryImpl$$FastClassByGuice$$117422102
instanceKlass  @bci org/eclipse/m2e/core/embedder/MavenSettingsLocations equals (Ljava/lang/Object;)Z 2 <adapter> ; # java/lang/invoke/LambdaForm$MH+0x0000016faf586800
instanceKlass org/eclipse/aether/internal/impl/synccontext/legacy/DefaultSyncContextFactory$$FastClassByGuice$$115605197
# instanceKlass java/lang/invoke/LambdaForm$MH+0x0000016faf586400
instanceKlass org/eclipse/aether/internal/impl/synccontext/DefaultSyncContextFactory$$FastClassByGuice$$115193398
instanceKlass org/eclipse/aether/internal/impl/slf4j/Slf4jLoggerFactory$$FastClassByGuice$$114060538
instanceKlass  @bci org/eclipse/m2e/core/embedder/MavenSettingsLocations equals (Ljava/lang/Object;)Z 2 <appendix> form vmentry <vmtarget> ; # java/lang/invoke/LambdaForm$MH+0x0000016faf586000
instanceKlass org/eclipse/aether/internal/impl/resolution/TrustedChecksumsArtifactResolverPostProcessor$$FastClassByGuice$$113153353
instanceKlass  @bci org/eclipse/m2e/core/embedder/MavenSettingsLocations equals (Ljava/lang/Object;)Z 2 <appendix> argL1 form vmentry <vmtarget> ; # java/lang/invoke/LambdaForm$MH+0x0000016faf585c00
instanceKlass org/eclipse/aether/internal/impl/filter/PrefixesRemoteRepositoryFilterSource$$FastClassByGuice$$112195042
instanceKlass  @bci org/eclipse/m2e/core/embedder/MavenSettingsLocations equals (Ljava/lang/Object;)Z 2 <appendix> form names 9 function resolvedHandle form vmentry <vmtarget> ; # java/lang/invoke/LambdaForm$MH+0x0000016faf585800
# instanceKlass java/lang/invoke/LambdaForm$DMH+0x0000016faf585400
instanceKlass org/eclipse/aether/internal/impl/filter/GroupIdRemoteRepositoryFilterSource$$FastClassByGuice$$110163149
# instanceKlass java/lang/invoke/LambdaForm$MH+0x0000016faf585000
instanceKlass org/eclipse/aether/internal/impl/filter/DefaultRemoteRepositoryFilterManager$$FastClassByGuice$$109576622
# instanceKlass java/lang/invoke/LambdaForm$MH+0x0000016faf584c00
# instanceKlass java/lang/invoke/LambdaForm$MH+0x0000016faf584800
instanceKlass org/eclipse/aether/internal/impl/collect/df/DfDependencyCollector$$FastClassByGuice$$108660292
# instanceKlass java/lang/invoke/LambdaForm$MH+0x0000016faf584400
# instanceKlass java/lang/invoke/LambdaForm$MH+0x0000016faf584000
instanceKlass org/eclipse/aether/internal/impl/collect/bf/BfDependencyCollector$$FastClassByGuice$$107269429
instanceKlass org/eclipse/aether/internal/impl/collect/DefaultDependencyCollector$$FastClassByGuice$$106566024
instanceKlass org/eclipse/aether/internal/impl/checksum/TrustedToProvidedChecksumsSourceAdapter$$FastClassByGuice$$105091975
instanceKlass org/eclipse/aether/internal/impl/checksum/SummaryFileTrustedChecksumsSource$$FastClassByGuice$$104143380
instanceKlass org/eclipse/aether/internal/impl/checksum/SparseDirectoryTrustedChecksumsSource$$FastClassByGuice$$103590601
instanceKlass org/eclipse/aether/internal/impl/checksum/Sha512ChecksumAlgorithmFactory$$FastClassByGuice$$102512788
instanceKlass org/eclipse/aether/internal/impl/checksum/Sha256ChecksumAlgorithmFactory$$FastClassByGuice$$101522417
instanceKlass org/eclipse/aether/internal/impl/checksum/Sha1ChecksumAlgorithmFactory$$FastClassByGuice$$100240590
instanceKlass  @bci com/google/inject/internal/aop/ImmutableStringTrie buildTrie (Ljava/util/Collection;)Ljava/util/function/ToIntFunction; 38 <appendix> argL0 ; # com/google/inject/internal/aop/ImmutableStringTrie$$Lambda+0x0000016faf5778e0
instanceKlass org/eclipse/aether/internal/impl/checksum/Md5ChecksumAlgorithmFactory$$FastClassByGuice$$99479274
instanceKlass org/eclipse/aether/internal/impl/checksum/DefaultChecksumAlgorithmFactorySelector$$FastClassByGuice$$98171676
instanceKlass org/eclipse/aether/internal/impl/SimpleLocalRepositoryManagerFactory$$FastClassByGuice$$97252473
instanceKlass org/eclipse/aether/internal/impl/Maven2RepositoryLayoutFactory$$FastClassByGuice$$95688447
instanceKlass org/eclipse/aether/internal/impl/LoggerFactoryProvider$$FastClassByGuice$$94802339
instanceKlass org/eclipse/aether/internal/impl/EnhancedLocalRepositoryManagerFactory$$FastClassByGuice$$93361219
instanceKlass  @bci org/eclipse/jdt/ls/core/internal/preferences/Preferences updateFrom (Lorg/eclipse/jdt/ls/core/internal/preferences/Preferences;Ljava/util/Map;)Lorg/eclipse/jdt/ls/core/internal/preferences/Preferences; 3432 <appendix> member <vmtarget> ; # org/eclipse/jdt/ls/core/internal/preferences/Preferences$$Lambda+0x0000016faf570bc8
instanceKlass org/eclipse/aether/internal/impl/DefaultUpdatePolicyAnalyzer$$FastClassByGuice$$93262114
instanceKlass org/eclipse/aether/internal/impl/DefaultUpdateCheckManager$$FastClassByGuice$$91434104
instanceKlass com/google/common/base/CommonPattern
instanceKlass com/google/common/base/Platform$JdkPatternCompiler
instanceKlass org/eclipse/aether/internal/impl/DefaultTransporterProvider$$FastClassByGuice$$91181374
instanceKlass com/google/common/base/PatternCompiler
instanceKlass com/google/common/base/Platform
instanceKlass org/eclipse/aether/internal/impl/DefaultTrackingFileManager$$FastClassByGuice$$89889398
instanceKlass com/google/common/base/Strings
instanceKlass org/eclipse/aether/internal/impl/DefaultRepositorySystemLifecycle$$FastClassByGuice$$88252294
instanceKlass  @bci org/eclipse/jdt/ls/core/internal/preferences/Preferences updateFrom (Lorg/eclipse/jdt/ls/core/internal/preferences/Preferences;Ljava/util/Map;)Lorg/eclipse/jdt/ls/core/internal/preferences/Preferences; 2362 <appendix> member <vmtarget> ; # org/eclipse/jdt/ls/core/internal/preferences/Preferences$$Lambda+0x0000016faf570990
instanceKlass org/eclipse/jdt/ls/core/internal/RuntimeEnvironment
instanceKlass org/eclipse/aether/internal/impl/DefaultRepositorySystem$$FastClassByGuice$$87055378
instanceKlass org/eclipse/jdt/internal/corext/util/TypeFilter
instanceKlass org/eclipse/aether/internal/impl/DefaultRepositoryLayoutProvider$$FastClassByGuice$$86615728
instanceKlass org/eclipse/aether/internal/impl/DefaultRepositoryEventDispatcher$$FastClassByGuice$$85519578
instanceKlass  @bci org/eclipse/jdt/ls/core/internal/preferences/Preferences setResourceFilters (Ljava/util/List;)Lorg/eclipse/jdt/ls/core/internal/preferences/Preferences; 11 <appendix> argL0 ; # org/eclipse/jdt/ls/core/internal/preferences/Preferences$$Lambda+0x0000016faf5704c0
instanceKlass org/eclipse/aether/internal/impl/DefaultRepositoryConnectorProvider$$FastClassByGuice$$84059406
instanceKlass org/eclipse/aether/internal/impl/DefaultRemoteRepositoryManager$$FastClassByGuice$$83723055
instanceKlass org/eclipse/aether/internal/impl/DefaultOfflineController$$FastClassByGuice$$82233298
instanceKlass com/google/common/base/Ascii
instanceKlass org/eclipse/aether/internal/impl/DefaultMetadataResolver$$FastClassByGuice$$80978630
instanceKlass org/eclipse/aether/internal/impl/DefaultLocalRepositoryProvider$$FastClassByGuice$$80661304
instanceKlass org/eclipse/aether/internal/impl/DefaultLocalPathPrefixComposerFactory$$FastClassByGuice$$79443701
instanceKlass org/eclipse/aether/internal/impl/DefaultLocalPathComposer$$FastClassByGuice$$78117723
instanceKlass org/eclipse/aether/internal/impl/DefaultInstaller$$FastClassByGuice$$76712159
instanceKlass org/eclipse/aether/internal/impl/DefaultFileProcessor$$FastClassByGuice$$76104354
instanceKlass org/eclipse/aether/internal/impl/DefaultDeployer$$FastClassByGuice$$75216034
instanceKlass com/google/common/base/CharMatcher
instanceKlass org/eclipse/aether/internal/impl/DefaultChecksumPolicyProvider$$FastClassByGuice$$74341825
instanceKlass org/eclipse/aether/internal/impl/DefaultArtifactResolver$$FastClassByGuice$$73179070
instanceKlass org/eclipse/aether/connector/basic/BasicRepositoryConnectorFactory$$FastClassByGuice$$71599407
instanceKlass org/apache/maven/model/validation/DefaultModelValidator$$FastClassByGuice$$70883139
instanceKlass org/apache/maven/model/superpom/DefaultSuperPomProvider$$FastClassByGuice$$69960554
instanceKlass org/apache/maven/model/profile/activation/PropertyProfileActivator$$FastClassByGuice$$69033135
instanceKlass org/eclipse/jdt/ls/core/internal/handlers/MapFlattener
instanceKlass org/apache/maven/model/profile/activation/OperatingSystemProfileActivator$$FastClassByGuice$$67262878
instanceKlass org/apache/maven/model/profile/activation/JdkVersionProfileActivator$$FastClassByGuice$$66929022
instanceKlass org/apache/maven/model/profile/activation/FileProfileActivator$$FastClassByGuice$$65070444
instanceKlass org/apache/maven/model/profile/DefaultProfileSelector$$FastClassByGuice$$64959188
instanceKlass org/apache/maven/model/profile/DefaultProfileInjector$$FastClassByGuice$$63171190
instanceKlass org/eclipse/jdt/ls/core/internal/preferences/ClientPreferences
instanceKlass org/apache/maven/model/plugin/DefaultReportingConverter$$FastClassByGuice$$62046866
instanceKlass org/apache/maven/model/plugin/DefaultReportConfigurationExpander$$FastClassByGuice$$60984033
instanceKlass org/apache/maven/model/plugin/DefaultPluginConfigurationExpander$$FastClassByGuice$$59954777
instanceKlass com/google/gson/internal/bind/ObjectTypeAdapter$2
instanceKlass com/google/gson/internal/LinkedTreeMap$LinkedTreeMapIterator
instanceKlass org/apache/maven/model/path/ProfileActivationFilePathInterpolator$$FastClassByGuice$$59068931
instanceKlass  @bci com/google/gson/internal/ConstructorConstructor newMapConstructor (Ljava/lang/reflect/Type;Ljava/lang/Class;)Lcom/google/gson/internal/ObjectConstructor; 16 <appendix> argL0 ; # com/google/gson/internal/ConstructorConstructor$$Lambda+0x0000016faf56c2b0
instanceKlass org/apache/maven/model/path/DefaultUrlNormalizer$$FastClassByGuice$$57758107
instanceKlass org/apache/maven/model/path/DefaultPathTranslator$$FastClassByGuice$$57581586
instanceKlass org/apache/maven/model/path/DefaultModelUrlNormalizer$$FastClassByGuice$$56053051
instanceKlass org/apache/maven/model/path/DefaultModelPathTranslator$$FastClassByGuice$$55372777
instanceKlass org/eclipse/jdt/ls/core/internal/JSONUtility
instanceKlass org/apache/maven/model/normalization/DefaultModelNormalizer$$FastClassByGuice$$54022046
instanceKlass org/apache/maven/model/management/DefaultPluginManagementInjector$$FastClassByGuice$$53081186
instanceKlass org/apache/maven/model/management/DefaultDependencyManagementInjector$$FastClassByGuice$$52147680
instanceKlass org/apache/maven/model/locator/DefaultModelLocator$$FastClassByGuice$$50432083
instanceKlass org/apache/maven/model/io/DefaultModelWriter$$FastClassByGuice$$49832406
instanceKlass org/apache/maven/model/io/DefaultModelReader$$FastClassByGuice$$49107632
instanceKlass org/apache/maven/model/interpolation/StringVisitorModelInterpolator$$FastClassByGuice$$47796747
instanceKlass org/apache/maven/model/interpolation/DefaultModelVersionProcessor$$FastClassByGuice$$46163249
instanceKlass org/apache/maven/model/inheritance/DefaultInheritanceAssembler$$FastClassByGuice$$45870854
instanceKlass org/apache/maven/model/composition/DefaultDependencyManagementImporter$$FastClassByGuice$$44653038
instanceKlass org/apache/maven/model/building/DefaultModelProcessor$$FastClassByGuice$$43559371
instanceKlass org/apache/maven/model/building/DefaultModelBuilder$$FastClassByGuice$$42127432
instanceKlass org/apache/maven/cli/internal/BootstrapCoreExtensionManager$$FastClassByGuice$$41737300
instanceKlass org/apache/maven/cli/configuration/SettingsXmlConfigurationProcessor$$FastClassByGuice$$40618299
instanceKlass org/apache/maven/toolchain/io/DefaultToolchainsWriter$$FastClassByGuice$$39828458
instanceKlass org/apache/maven/toolchain/io/DefaultToolchainsReader$$FastClassByGuice$$38133477
instanceKlass org/apache/maven/toolchain/building/DefaultToolchainsBuilder$$FastClassByGuice$$37238794
instanceKlass org/apache/maven/plugin/internal/ReadOnlyPluginParametersValidator$$FastClassByGuice$$35940927
instanceKlass org/apache/maven/plugin/internal/PlexusContainerDefaultDependenciesValidator$$FastClassByGuice$$34697448
instanceKlass org/apache/maven/plugin/internal/MavenScopeDependenciesValidator$$FastClassByGuice$$33991684
instanceKlass org/apache/maven/plugin/internal/MavenPluginMavenPrerequisiteChecker$$FastClassByGuice$$33045053
instanceKlass org/apache/maven/plugin/internal/MavenPluginJavaPrerequisiteChecker$$FastClassByGuice$$32360994
instanceKlass org/apache/maven/plugin/internal/MavenMixedDependenciesValidator$$FastClassByGuice$$30768105
instanceKlass org/apache/maven/plugin/internal/Maven3CompatDependenciesValidator$$FastClassByGuice$$30180753
instanceKlass org/apache/maven/plugin/internal/Maven2DependenciesValidator$$FastClassByGuice$$28476919
instanceKlass org/apache/maven/plugin/internal/DeprecatedPluginValidator$$FastClassByGuice$$27893512
instanceKlass org/apache/maven/plugin/internal/DeprecatedCoreExpressionValidator$$FastClassByGuice$$26304406
instanceKlass org/apache/maven/plugin/internal/DefaultPluginValidationManager$$FastClassByGuice$$25754235
instanceKlass org/apache/maven/plugin/DefaultMojosExecutionStrategy$$FastClassByGuice$$24932777
instanceKlass org/apache/maven/lifecycle/internal/LifecycleDependencyResolver$$FastClassByGuice$$23967698
instanceKlass org/apache/maven/lifecycle/internal/DefaultProjectArtifactFactory$$FastClassByGuice$$22102633
instanceKlass org/apache/maven/internal/aether/ResolverLifecycle$$FastClassByGuice$$21731715
instanceKlass com/google/inject/internal/InjectorImpl$SyntheticProviderBindingImpl$1
instanceKlass com/google/inject/internal/InjectorImpl$1
instanceKlass  @bci org/eclipse/jdt/internal/core/search/PatternSearchJob performParallelSearch ([Lorg/eclipse/jdt/internal/core/index/Index;Lorg/eclipse/core/runtime/SubMonitor;)Z 161 <appendix> member <vmtarget> ; # org/eclipse/jdt/internal/core/search/PatternSearchJob$$Lambda+0x0000016faf54bb70
instanceKlass org/eclipse/jdt/internal/core/search/PatternSearchJob$IndexMatch
instanceKlass org/apache/maven/internal/aether/DefaultRepositorySystemSessionFactory$$FastClassByGuice$$20097134
instanceKlass com/google/inject/internal/SingleFieldInjector
instanceKlass org/apache/maven/extension/internal/CoreExportsProvider$$FastClassByGuice$$19434402
instanceKlass org/apache/maven/execution/DefaultMavenExecutionRequestPopulator$$FastClassByGuice$$18826182
instanceKlass org/apache/maven/classrealm/DefaultClassRealmManager$$FastClassByGuice$$17249969
instanceKlass org/apache/maven/ReactorReader$$FastClassByGuice$$15778865
instanceKlass java/util/concurrent/ForkJoinPool$DefaultForkJoinWorkerThreadFactory$1
instanceKlass org/apache/maven/DefaultArtifactFilterManager$$FastClassByGuice$$14936401
instanceKlass java/util/concurrent/ForkJoinTask$Aux
instanceKlass java/util/concurrent/ForkJoinTask
instanceKlass com/google/inject/internal/SingleParameterInjector
instanceKlass org/eclipse/m2e/internal/maven/listener/M2EMavenBuildDataBridge$$FastClassByGuice$$14451638
instanceKlass  @bci org/eclipse/jdt/internal/core/search/PatternSearchJob performParallelSearch ([Lorg/eclipse/jdt/internal/core/index/Index;Lorg/eclipse/core/runtime/SubMonitor;)Z 81 <appendix> member <vmtarget> ; # org/eclipse/jdt/internal/core/search/PatternSearchJob$$Lambda+0x0000016faf54b738
instanceKlass org/eclipse/jdt/internal/core/search/PatternSearchJob$IndexResult
instanceKlass org/apache/maven/lifecycle/internal/LifecyclePluginResolver$$FastClassByGuice$$13158293
instanceKlass org/apache/maven/lifecycle/internal/LifecycleDebugLogger$$FastClassByGuice$$12066915
instanceKlass org/apache/maven/lifecycle/internal/BuildListCalculator$$FastClassByGuice$$10758186
instanceKlass org/apache/maven/lifecycle/internal/LifecycleStarter$$FastClassByGuice$$9858730
instanceKlass org/apache/maven/lifecycle/internal/LifecycleModuleBuilder$$FastClassByGuice$$9083658
instanceKlass org/apache/maven/lifecycle/Lifecycle$$FastClassByGuice$$7564287
instanceKlass org/eclipse/sisu/plexus/PlexusConfigurations$ConfigurationProvider
instanceKlass org/apache/maven/lifecycle/internal/MojoExecutor$$FastClassByGuice$$6579035
instanceKlass org/apache/maven/lifecycle/internal/MojoDescriptorCreator$$FastClassByGuice$$5304375
instanceKlass org/apache/maven/lifecycle/internal/builder/BuilderCommon$$FastClassByGuice$$4445038
instanceKlass org/apache/maven/eventspy/internal/EventSpyDispatcher$$FastClassByGuice$$3481194
instanceKlass org/eclipse/sisu/bean/BeanPropertySetter
instanceKlass org/eclipse/sisu/PreDestroy
instanceKlass org/eclipse/sisu/PostConstruct
instanceKlass org/apache/maven/bridge/MavenRepositorySystem$$FastClassByGuice$$2197154
instanceKlass org/apache/maven/lifecycle/DefaultLifecycles$$FastClassByGuice$$1276762
instanceKlass com/google/inject/internal/ProxyFactory
instanceKlass com/google/common/collect/TransformedIterator
instanceKlass  @bci com/google/inject/internal/ConstructorInjectorStore createConstructor (Lcom/google/inject/spi/InjectionPoint;Lcom/google/inject/internal/Errors;)Lcom/google/inject/internal/ConstructorInjector; 62 <appendix> argL0 ; # com/google/inject/internal/ConstructorInjectorStore$$Lambda+0x0000016faf560a90
instanceKlass com/google/inject/spi/InterceptorBinding
instanceKlass com/google/inject/internal/MethodAspect
instanceKlass com/google/inject/internal/MembersInjectorImpl
instanceKlass org/eclipse/sisu/bean/BeanInjector
instanceKlass org/eclipse/sisu/plexus/PlexusLifecycleManager$2
instanceKlass org/eclipse/sisu/bean/PropertyBinder$1
instanceKlass org/eclipse/sisu/plexus/ProvidedPropertyBinding
instanceKlass org/eclipse/sisu/plexus/PlexusRequirements$AbstractRequirementProvider
instanceKlass org/eclipse/sisu/bean/BeanPropertyField
instanceKlass org/eclipse/sisu/bean/DeclaredMembers$MemberIterator
instanceKlass org/eclipse/sisu/bean/BeanPropertyIterator
instanceKlass org/eclipse/sisu/bean/DeclaredMembers
instanceKlass org/eclipse/sisu/bean/IgnoreSetters
instanceKlass org/eclipse/sisu/bean/BeanProperties
instanceKlass org/eclipse/sisu/plexus/PlexusRequirements
instanceKlass org/eclipse/sisu/plexus/PlexusConfigurations
instanceKlass org/eclipse/sisu/plexus/PlexusPropertyBinder
instanceKlass org/eclipse/sisu/bean/BeanLifecycle
instanceKlass com/google/inject/internal/EncounterImpl
instanceKlass  @bci com/google/inject/internal/AbstractBindingProcessor$Processor scheduleInitialization (Lcom/google/inject/internal/BindingImpl;)V 9 <appendix> member <vmtarget> ; # com/google/inject/internal/AbstractBindingProcessor$Processor$$Lambda+0x0000016faf55bed8
instanceKlass  @bci org/apache/maven/session/scope/internal/SessionScope scope (Lcom/google/inject/Key;Lcom/google/inject/Provider;)Lcom/google/inject/Provider; 3 <appendix> member <vmtarget> ; # org/apache/maven/session/scope/internal/SessionScope$$Lambda+0x0000016faf55bc98
instanceKlass org/apache/maven/execution/scope/internal/MojoExecutionScope$2
instanceKlass com/google/inject/internal/ProviderInternalFactory
instanceKlass com/google/inject/internal/InternalProviderInstanceBindingImpl$Factory
instanceKlass com/google/inject/internal/FactoryProxy
instanceKlass com/google/inject/internal/InternalFactoryToProviderAdapter
instanceKlass com/google/inject/internal/ConstructionContext
instanceKlass com/google/inject/internal/SingletonScope$1
instanceKlass com/google/inject/internal/ProviderToInternalFactoryAdapter
instanceKlass com/google/inject/internal/CycleDetectingLock$CycleDetectingLockFactory$ReentrantCycleDetectingLock
instanceKlass com/google/inject/internal/Initializer$InjectableReference
instanceKlass com/google/inject/internal/ProvisionListenerStackCallback
instanceKlass com/google/inject/internal/ProvisionListenerCallbackStore$KeyBinding
instanceKlass com/google/inject/internal/util/Classes
instanceKlass com/google/inject/spi/ExposedBinding
instanceKlass com/google/inject/internal/CreationListener
instanceKlass com/google/inject/internal/InjectorShell$LoggerFactory
instanceKlass com/google/inject/internal/InjectorShell$InjectorFactory
instanceKlass com/google/inject/internal/Initializables$1
instanceKlass com/google/inject/internal/Initializables
instanceKlass com/google/inject/internal/ConstantFactory
instanceKlass com/google/inject/internal/InjectorShell
instanceKlass com/google/inject/internal/ProvisionListenerCallbackStore
instanceKlass com/google/inject/spi/TypeEncounter
instanceKlass com/google/inject/internal/SingleMemberInjector
instanceKlass com/google/inject/internal/MembersInjectorStore
instanceKlass com/google/inject/internal/TypeConverterBindingProcessor$4
instanceKlass com/google/inject/internal/TypeConverterBindingProcessor$2
instanceKlass com/google/inject/internal/TypeConverterBindingProcessor$1
instanceKlass com/google/inject/internal/TypeConverterBindingProcessor$5
instanceKlass com/google/inject/internal/FailableCache
instanceKlass com/google/inject/internal/ConstructorInjectorStore
instanceKlass com/google/inject/internal/DeferredLookups
instanceKlass com/google/inject/spi/ConvertedConstantBinding
instanceKlass com/google/inject/spi/ProviderBinding
instanceKlass com/google/inject/internal/InjectorImpl
instanceKlass com/google/inject/internal/Lookups
instanceKlass com/google/inject/internal/InjectorImpl$InjectorOptions
instanceKlass  @bci com/google/inject/internal/AbstractProcessor process (Lcom/google/inject/internal/InjectorImpl;Ljava/util/List;)V 13 <appendix> member <vmtarget> ; # com/google/inject/internal/AbstractProcessor$$Lambda+0x0000016faf555928
instanceKlass  @bci com/google/inject/spi/BindingSourceRestriction check (Lcom/google/inject/internal/GuiceInternal;Ljava/util/List;)Lcom/google/common/collect/ImmutableList; 11 <appendix> argL0 ; # com/google/inject/spi/BindingSourceRestriction$$Lambda+0x0000016faf555040
instanceKlass org/eclipse/jdt/internal/compiler/util/HashtableOfObject
instanceKlass org/eclipse/jdt/internal/compiler/util/HashtableOfIntValues
instanceKlass org/eclipse/sisu/wire/BeanProviders$3
instanceKlass org/sonatype/inject/BeanEntry
instanceKlass org/eclipse/sisu/BeanEntry
instanceKlass org/eclipse/jdt/internal/compiler/util/SimpleSetOfCharArray
instanceKlass com/google/inject/internal/ProvisionListenerStackCallback$ProvisionCallback
instanceKlass com/google/inject/internal/ConstructorInjector
instanceKlass com/google/inject/internal/DefaultConstructionProxyFactory$FastClassProxy
instanceKlass  @bci com/google/inject/internal/aop/AbstractGlueGenerator lambda$bindSignaturesToInvokers$0 (Ljava/lang/invoke/MethodHandle;Ljava/util/function/ToIntFunction;Ljava/lang/String;)Ljava/util/function/BiFunction; 8 <adapter> ; # java/lang/invoke/LambdaForm$MH+0x0000016faf550000
instanceKlass org/eclipse/jdt/internal/core/index/DiskIndex
instanceKlass org/eclipse/jdt/internal/core/util/SimpleWordSet
instanceKlass  @bci com/google/inject/internal/aop/AbstractGlueGenerator bindSignaturesToInvokers (Ljava/util/function/ToIntFunction;Ljava/lang/invoke/MethodHandle;)Ljava/util/function/Function; 13 <appendix> member <vmtarget> ; # com/google/inject/internal/aop/AbstractGlueGenerator$$Lambda+0x0000016faf547bb0
instanceKlass org/eclipse/jdt/internal/core/index/MemoryIndex
instanceKlass org/eclipse/jdt/internal/core/search/indexing/ReadWriteMonitor
instanceKlass com/google/inject/internal/aop/ImmutableStringTrie
instanceKlass org/apache/maven/plugin/internal/DefaultPluginDependenciesResolver$$FastClassByGuice$$53273
instanceKlass com/google/inject/internal/aop/GeneratedClassDefiner
# instanceKlass java/lang/ClassLoader$$DefineAccessByGuice$$+0x0000016faf54ac00
instanceKlass jdk/internal/org/objectweb/asm/ClassReader
# instanceKlass java/lang/invoke/LambdaForm$MH+0x0000016faf54a800
# instanceKlass java/lang/invoke/LambdaForm$MH+0x0000016faf54a400
# instanceKlass java/lang/invoke/LambdaForm$MH+0x0000016faf54a000
# instanceKlass java/lang/invoke/LambdaForm$MH+0x0000016faf549c00
# instanceKlass java/lang/invoke/LambdaForm$MH+0x0000016faf549800
# instanceKlass java/lang/invoke/LambdaForm$MH+0x0000016faf549400
# instanceKlass java/lang/invoke/LambdaForm$MH+0x0000016faf549000
instanceKlass  @bci org/eclipse/core/runtime/ServiceCaller callOnce (Ljava/lang/Class;Ljava/lang/Class;Ljava/lang/String;Ljava/util/function/Consumer;)Z 14 <appendix> member <vmtarget> ; # org/eclipse/core/runtime/ServiceCaller$$Lambda+0x0000016faf268b18
instanceKlass  @bci org/eclipse/core/internal/content/ContentTypeManager$DebuggingHolder <clinit> ()V 9 <appendix> member <vmtarget> ; # org/eclipse/core/internal/content/ContentTypeManager$DebuggingHolder$$Lambda+0x0000016faf54c000
instanceKlass  @bci com/google/inject/internal/aop/UnsafeClassDefiner$ClassLoaderDefineClassHolder <clinit> ()V 0 <appendix> argL0 ; # com/google/inject/internal/aop/UnsafeClassDefiner$ClassLoaderDefineClassHolder$$Lambda+0x0000016faf547310
instanceKlass org/eclipse/core/internal/content/ContentTypeManager$DebuggingHolder
instanceKlass com/google/inject/internal/aop/UnsafeClassDefiner$ClassLoaderDefineClassHolder
instanceKlass  @bci org/eclipse/core/internal/content/ContentTypeBuilder applyPreferences (Lorg/eclipse/core/internal/content/ContentTypeCatalog;Lorg/eclipse/core/runtime/preferences/IEclipsePreferences;Z)V 4 <adapter> ; # java/lang/invoke/LambdaForm$MH+0x0000016faf548c00
instanceKlass com/google/inject/internal/aop/BytecodeTasks
# instanceKlass java/lang/invoke/LambdaForm$DMH+0x0000016faf548800
instanceKlass  @bci org/eclipse/core/internal/content/ContentTypeBuilder applyPreferences (Lorg/eclipse/core/internal/content/ContentTypeCatalog;Lorg/eclipse/core/runtime/preferences/IEclipsePreferences;Z)V 4 <appendix> form vmentry <vmtarget> ; # java/lang/invoke/LambdaForm$DMH+0x0000016faf548400
instanceKlass  @bci org/eclipse/core/internal/content/ContentTypeBuilder applyPreferences (Lorg/eclipse/core/internal/content/ContentTypeCatalog;Lorg/eclipse/core/runtime/preferences/IEclipsePreferences;Z)V 4 <appendix> member <vmtarget> ; # org/eclipse/core/internal/content/ContentTypeBuilder$$Lambda+0x0000016faf545a08
instanceKlass  @cpi org/eclipse/core/internal/content/ContentTypeBuilder 424 form vmentry <vmtarget> ; # java/lang/invoke/LambdaForm$DMH+0x0000016faf548000
instanceKlass  @bci com/google/inject/internal/aop/AbstractGlueGenerator generateTrampoline (Lorg/objectweb/asm/ClassWriter;Ljava/util/Collection;)V 30 <appendix> argL0 ; # com/google/inject/internal/aop/AbstractGlueGenerator$$Lambda+0x0000016faf546ce0
instanceKlass org/eclipse/core/runtime/preferences/IPreferenceNodeVisitor
instanceKlass org/objectweb/asm/Handle
instanceKlass org/objectweb/asm/Label
instanceKlass org/eclipse/core/internal/content/FileSpec
instanceKlass org/eclipse/core/internal/content/ContentType
instanceKlass com/google/inject/internal/aop/AbstractGlueGenerator
instanceKlass  @bci com/google/inject/internal/aop/ClassBuilding buildFastClass (Ljava/lang/Class;)Ljava/util/function/Function; 20 <appendix> member <vmtarget> ; # com/google/inject/internal/aop/ClassBuilding$$Lambda+0x0000016faf53fc90
instanceKlass org/eclipse/core/internal/content/Util
instanceKlass  @bci com/google/inject/internal/aop/ClassBuilding buildFastClass (Ljava/lang/Class;)Ljava/util/function/Function; 10 <appendix> member <vmtarget> ; # com/google/inject/internal/aop/ClassBuilding$$Lambda+0x0000016faf53fa58
instanceKlass org/objectweb/asm/Type
# instanceKlass java/lang/invoke/LambdaForm$MH+0x0000016faf544c00
# instanceKlass java/lang/invoke/LambdaForm$MH+0x0000016faf544800
# instanceKlass java/lang/invoke/LambdaForm$MH+0x0000016faf544400
instanceKlass  @bci com/google/inject/internal/aop/UnsafeClassDefiner <clinit> ()V 29 <appendix> argL0 ; # com/google/inject/internal/aop/UnsafeClassDefiner$$Lambda+0x0000016faf53f628
instanceKlass com/google/inject/internal/aop/HiddenClassDefiner
instanceKlass  @bci org/eclipse/core/internal/content/ContentTypeCatalog <init> (Lorg/eclipse/core/internal/content/ContentTypeManager;I)V 118 <appendix> argL0 ; # org/eclipse/core/internal/content/ContentTypeCatalog$$Lambda+0x0000016faf169ad8
instanceKlass  @bci org/eclipse/core/internal/content/ContentTypeCatalog <init> (Lorg/eclipse/core/internal/content/ContentTypeManager;I)V 109 <appendix> argL0 ; # org/eclipse/core/internal/content/ContentTypeCatalog$$Lambda+0x0000016faf169840
instanceKlass  @bci org/eclipse/core/internal/content/ContentTypeCatalog <init> (Lorg/eclipse/core/internal/content/ContentTypeManager;I)V 100 <appendix> argL0 ; # org/eclipse/core/internal/content/ContentTypeCatalog$$Lambda+0x0000016faf1695a8
instanceKlass  @bci org/eclipse/core/internal/content/ContentTypeCatalog <init> (Lorg/eclipse/core/internal/content/ContentTypeManager;I)V 91 <appendix> argL0 ; # org/eclipse/core/internal/content/ContentTypeCatalog$$Lambda+0x0000016faf169310
instanceKlass  @bci org/eclipse/core/internal/content/ContentTypeCatalog <init> (Lorg/eclipse/core/internal/content/ContentTypeManager;I)V 82 <appendix> argL0 ; # org/eclipse/core/internal/content/ContentTypeCatalog$$Lambda+0x0000016faf169078
instanceKlass org/eclipse/jdt/internal/core/index/Index
instanceKlass sun/misc/Unsafe
instanceKlass  @bci com/google/inject/internal/aop/UnsafeClassDefiner <clinit> ()V 11 <appendix> argL0 ; # com/google/inject/internal/aop/UnsafeClassDefiner$$Lambda+0x0000016faf53f1e8
instanceKlass com/google/inject/internal/aop/AnonymousClassDefiner
instanceKlass com/google/inject/internal/aop/UnsafeClassDefiner
instanceKlass com/google/inject/internal/aop/ClassDefining$ClassDefinerHolder
instanceKlass com/google/inject/internal/aop/ClassDefiner
instanceKlass com/google/inject/internal/aop/ClassDefining
instanceKlass  @bci com/google/inject/internal/aop/ClassBuilding getOverridableObjectMethods ()[Ljava/lang/reflect/Method; 15 <appendix> member <vmtarget> ; # com/google/inject/internal/aop/ClassBuilding$$Lambda+0x0000016faf53e560
instanceKlass  @cpi org/eclipse/core/internal/content/ContentTypeManager$DebuggingHolder 59 form vmentry <vmtarget> ; # java/lang/invoke/LambdaForm$DMH+0x0000016faf544000
instanceKlass  @bci com/google/inject/internal/BytecodeGen <clinit> ()V 25 <appendix> argL0 ; # com/google/inject/internal/BytecodeGen$$Lambda+0x0000016faf53e300
instanceKlass com/google/inject/internal/BytecodeGen$EnhancerBuilder
instanceKlass com/google/inject/internal/aop/ClassBuilding
instanceKlass com/google/common/collect/MapMakerInternalMap$StrongValueEntry
instanceKlass com/google/common/collect/MapMakerInternalMap$WeakKeyStrongValueEntry$Helper
instanceKlass com/google/common/collect/MapMakerInternalMap$InternalEntry
instanceKlass com/google/common/collect/MapMakerInternalMap$1
instanceKlass com/google/common/collect/MapMakerInternalMap$InternalEntryHelper
instanceKlass com/google/common/collect/MapMakerInternalMap$WeakValueReference
instanceKlass com/google/common/collect/MapMaker
instanceKlass com/google/inject/internal/BytecodeGen
instanceKlass com/google/inject/internal/ConstructionProxy
instanceKlass com/google/inject/internal/DefaultConstructionProxyFactory
instanceKlass com/google/inject/internal/ConstructionProxyFactory
instanceKlass com/google/inject/internal/ConstructorBindingImpl$Factory
instanceKlass org/eclipse/sisu/inject/TypeArguments$Implicit
instanceKlass org/eclipse/sisu/wire/PlaceholderBeanProvider
instanceKlass org/eclipse/sisu/wire/BeanProviders$6
instanceKlass org/eclipse/sisu/wire/BeanProviders$4
instanceKlass org/eclipse/sisu/wire/BeanProviders$7
instanceKlass org/eclipse/sisu/wire/BeanProviders$1
instanceKlass com/google/inject/spi/ProviderLookup$1
instanceKlass com/google/inject/spi/ProviderWithDependencies
instanceKlass com/google/inject/spi/ProviderLookup
instanceKlass org/eclipse/sisu/wire/BeanProviders
instanceKlass org/eclipse/sisu/inject/HiddenSource
instanceKlass org/eclipse/sisu/wire/LocatorWiring
instanceKlass sun/nio/cs/ThreadLocalCoders$Cache
instanceKlass sun/nio/cs/ThreadLocalCoders
instanceKlass com/google/inject/ProvidedBy
instanceKlass com/google/inject/ImplementedBy
instanceKlass org/sonatype/plexus/components/cipher/PBECipher
instanceKlass org/eclipse/jdt/core/search/SearchMatch
instanceKlass org/codehaus/classworlds/ClassRealm
instanceKlass org/apache/maven/settings/crypto/SettingsDecryptionResult
instanceKlass org/eclipse/jdt/internal/compiler/env/IBinaryType
instanceKlass org/apache/maven/settings/building/DefaultSettingsProblemCollector
instanceKlass org/apache/maven/settings/merge/MavenSettingsMerger
instanceKlass org/eclipse/jdt/internal/compiler/lookup/IQualifiedTypeResolutionListener
instanceKlass org/eclipse/jdt/internal/core/search/matching/MatchLocator
instanceKlass org/apache/maven/settings/building/SettingsBuildingResult
instanceKlass org/apache/maven/settings/building/SettingsProblemCollector
instanceKlass org/eclipse/aether/impl/MetadataGenerator
instanceKlass org/eclipse/jdt/internal/core/search/IndexSelector
instanceKlass org/apache/maven/model/Relocation
instanceKlass org/eclipse/jdt/core/search/SearchDocument
instanceKlass org/apache/maven/repository/internal/ArtifactDescriptorReaderDelegate
instanceKlass org/eclipse/jdt/internal/core/search/PatternSearchJob
instanceKlass org/eclipse/jdt/internal/core/search/matching/TypeDeclarationPattern$PackageNameSet
instanceKlass org/eclipse/aether/named/support/AdaptedSemaphoreNamedLock$AdaptedSemaphore
instanceKlass org/eclipse/aether/named/support/NamedLockFactorySupport$NamedLockHolder
instanceKlass org/eclipse/aether/named/support/NamedLockSupport
instanceKlass org/eclipse/jdt/internal/core/search/TypeNameRequestorWrapper
instanceKlass org/eclipse/aether/named/NamedLock
instanceKlass org/eclipse/jdt/internal/core/search/AbstractSearchScope
instanceKlass org/eclipse/jdt/internal/core/search/IRestrictedAccessMethodRequestor
instanceKlass org/eclipse/jdt/core/search/ISearchPattern
instanceKlass org/eclipse/jdt/core/search/SearchEngine
instanceKlass org/eclipse/aether/internal/impl/synccontext/named/NamedLockFactoryAdapter
instanceKlass org/eclipse/aether/spi/log/Logger
instanceKlass org/eclipse/aether/internal/impl/filter/PrefixesRemoteRepositoryFilterSource$Node
instanceKlass org/eclipse/aether/spi/connector/filter/RemoteRepositoryFilter$Result
instanceKlass org/eclipse/aether/spi/connector/filter/RemoteRepositoryFilter
instanceKlass org/eclipse/aether/collection/DependencyTraverser
instanceKlass org/eclipse/aether/collection/DependencyManager
instanceKlass org/eclipse/aether/internal/impl/collect/df/DfDependencyCollector$Args
instanceKlass org/eclipse/aether/internal/impl/collect/bf/BfDependencyCollector$DescriptorResolutionResult
instanceKlass org/eclipse/aether/internal/impl/collect/bf/BfDependencyCollector$Args
instanceKlass org/eclipse/aether/internal/impl/collect/bf/DependencyProcessingContext
instanceKlass org/eclipse/aether/internal/impl/collect/bf/DependencyResolutionSkipper
instanceKlass org/eclipse/aether/internal/impl/collect/DependencyCollectorDelegate$Results
instanceKlass org/eclipse/aether/internal/impl/collect/DefaultDependencyCollectionContext
instanceKlass org/eclipse/aether/collection/DependencyCollectionContext
instanceKlass org/eclipse/aether/internal/impl/collect/DataPool
instanceKlass org/eclipse/aether/graph/DefaultDependencyNode
instanceKlass org/eclipse/aether/version/Version
instanceKlass org/eclipse/aether/internal/impl/collect/PremanagedDependency
instanceKlass org/eclipse/aether/internal/impl/collect/DefaultVersionFilterContext
instanceKlass org/eclipse/aether/collection/VersionFilter
instanceKlass org/eclipse/aether/collection/VersionFilter$VersionFilterContext
instanceKlass org/eclipse/aether/collection/DependencyGraphTransformationContext
instanceKlass org/eclipse/aether/spi/connector/Transfer
instanceKlass org/eclipse/aether/internal/impl/checksum/SummaryFileTrustedChecksumsSource$SummaryFileWriter
instanceKlass org/eclipse/aether/internal/impl/checksum/SparseDirectoryTrustedChecksumsSource$SparseDirectoryWriter
instanceKlass org/eclipse/aether/spi/checksums/TrustedChecksumsSource$Writer
instanceKlass org/eclipse/aether/spi/connector/checksum/ChecksumAlgorithm
instanceKlass org/eclipse/aether/impl/UpdateCheck
instanceKlass org/eclipse/aether/spi/connector/transport/Transporter
instanceKlass org/eclipse/aether/resolution/VersionRangeResult
instanceKlass org/eclipse/aether/resolution/VersionRangeRequest
instanceKlass org/eclipse/aether/resolution/DependencyResult
instanceKlass org/eclipse/aether/resolution/DependencyRequest
instanceKlass org/eclipse/aether/resolution/ArtifactDescriptorRequest
instanceKlass org/eclipse/aether/collection/CollectResult
instanceKlass org/eclipse/aether/collection/CollectRequest
instanceKlass org/eclipse/aether/resolution/VersionRequest
instanceKlass org/eclipse/aether/spi/connector/layout/RepositoryLayout
instanceKlass org/eclipse/aether/repository/LocalRepository
instanceKlass org/eclipse/aether/internal/impl/LocalPathPrefixComposer
instanceKlass org/eclipse/aether/installation/InstallResult
instanceKlass org/eclipse/aether/installation/InstallRequest
instanceKlass org/eclipse/aether/transform/FileTransformer
instanceKlass org/eclipse/aether/spi/io/FileProcessor$ProgressListener
instanceKlass org/eclipse/aether/internal/impl/DefaultDeployer$EventCatapult
instanceKlass org/eclipse/aether/deployment/DeployResult
instanceKlass org/eclipse/aether/deployment/DeployRequest
instanceKlass org/eclipse/aether/repository/RepositoryPolicy
instanceKlass org/eclipse/aether/transfer/TransferResource
instanceKlass org/eclipse/aether/spi/connector/checksum/ChecksumPolicy
instanceKlass org/eclipse/aether/resolution/ArtifactRequest
instanceKlass org/eclipse/aether/resolution/VersionResult
instanceKlass org/eclipse/aether/repository/LocalArtifactResult
instanceKlass org/eclipse/aether/internal/impl/DefaultArtifactResolver$ResolutionGroup
instanceKlass org/eclipse/aether/SyncContext
instanceKlass org/eclipse/aether/spi/locator/ServiceLocator
instanceKlass org/eclipse/aether/repository/RemoteRepository
instanceKlass org/eclipse/aether/spi/connector/RepositoryConnector
instanceKlass org/apache/maven/model/validation/DefaultModelValidator$1ActivationFrame
instanceKlass org/apache/maven/model/profile/activation/JdkVersionProfileActivator$RangeValue
instanceKlass org/apache/maven/model/InputLocation
instanceKlass org/apache/maven/model/InputSource
instanceKlass org/apache/maven/model/interpolation/StringVisitorModelInterpolator$InnerInterpolator
instanceKlass org/apache/maven/model/ActivationFile
instanceKlass org/apache/maven/model/ActivationOS
instanceKlass org/apache/maven/model/Activation
instanceKlass org/apache/maven/model/ActivationProperty
instanceKlass org/codehaus/plexus/interpolation/RegexBasedInterpolator
instanceKlass org/apache/maven/model/profile/DefaultProfileActivationContext
instanceKlass org/apache/maven/model/building/ModelBuildingEventCatapult
instanceKlass org/apache/maven/model/building/ModelData
instanceKlass org/apache/maven/model/building/DefaultModelProblemCollector
instanceKlass org/apache/maven/model/building/ModelCacheTag
instanceKlass org/apache/maven/model/building/ModelBuildingEvent
instanceKlass org/apache/maven/model/building/ModelProblemCollectorExt
instanceKlass org/apache/maven/model/profile/ProfileActivationContext
instanceKlass org/apache/maven/cli/internal/extension/model/CoreExtension
instanceKlass org/apache/maven/cli/CliRequest
instanceKlass org/apache/maven/building/ProblemCollector
instanceKlass org/apache/maven/toolchain/merge/MavenToolchainMerger
instanceKlass org/codehaus/plexus/interpolation/InterpolationPostProcessor
instanceKlass org/apache/maven/toolchain/building/ToolchainsBuildingResult
instanceKlass org/eclipse/aether/graph/Dependency
instanceKlass org/eclipse/aether/resolution/ArtifactDescriptorResult
instanceKlass org/apache/maven/plugin/internal/DefaultPluginValidationManager$PluginValidationIssues
instanceKlass com/google/inject/util/Types
instanceKlass org/eclipse/core/runtime/jobs/IJobStatus
instanceKlass  @bci org/eclipse/core/internal/jobs/JobManager reportBlocked (Lorg/eclipse/core/runtime/IProgressMonitor;Ljava/util/Collection;)V 6 <appendix> argL0 ; # org/eclipse/core/internal/jobs/JobManager$$Lambda+0x0000016faf205848
instanceKlass org/eclipse/lsp4j/WorkDoneProgressNotification
instanceKlass org/eclipse/lsp4j/ServerInfo
instanceKlass org/eclipse/jdt/ls/core/internal/handlers/BaseInitHandler
instanceKlass org/eclipse/sisu/Nullable
instanceKlass org/eclipse/aether/repository/LocalRepositoryManager
instanceKlass org/eclipse/aether/repository/AuthenticationSelector
instanceKlass org/eclipse/aether/repository/ProxySelector
instanceKlass org/eclipse/aether/repository/MirrorSelector
instanceKlass org/eclipse/aether/resolution/ResolutionErrorPolicy
instanceKlass org/apache/maven/classrealm/ClassRealmConstituent
instanceKlass org/eclipse/aether/repository/WorkspaceRepository
instanceKlass org/apache/maven/ArtifactFilterManagerDelegate
instanceKlass org/eclipse/m2e/internal/maven/listener/M2EMavenBuildDataBridge$MavenBuildConnection
instanceKlass org/eclipse/m2e/internal/maven/listener/M2EMavenBuildDataBridge$MavenProjectBuildData
instanceKlass org/apache/maven/lifecycle/DefaultLifecycleExecutor
instanceKlass org/apache/maven/project/artifact/ProjectArtifactsCache$CacheRecord
instanceKlass org/apache/maven/project/artifact/ProjectArtifactsCache$Key
instanceKlass org/apache/maven/project/artifact/DefaultProjectArtifactsCache
instanceKlass org/apache/maven/repository/legacy/resolver/transform/DefaultArtifactTransformationManager
instanceKlass org/eclipse/equinox/internal/app/EclipseAppHandle$1
instanceKlass  @bci org/eclipse/equinox/internal/app/EclipseAppHandle getStartupMonitors ()[Lorg/osgi/framework/ServiceReference; 34 <appendix> argL0 ; # org/eclipse/equinox/internal/app/EclipseAppHandle$$Lambda+0x0000016faf1839c8
instanceKlass org/eclipse/aether/util/graph/visitor/AbstractDepthFirstNodeListGenerator
instanceKlass com/google/gson/internal/LinkedTreeMap$Node
instanceKlass com/google/gson/internal/LinkedTreeMap$1
instanceKlass org/apache/maven/plugin/descriptor/PluginDescriptorBuilder
instanceKlass org/codehaus/plexus/component/configurator/ConfigurationListener
instanceKlass com/google/gson/internal/bind/JsonElementTypeAdapter$1
instanceKlass org/eclipse/lsp4j/jsonrpc/util/Preconditions
instanceKlass org/apache/maven/plugin/logging/Log
instanceKlass org/apache/maven/plugin/internal/DefaultMavenPluginManager
instanceKlass org/apache/maven/artifact/handler/manager/DefaultArtifactHandlerManager
instanceKlass org/apache/maven/project/DefaultProjectBuildingHelper
instanceKlass org/eclipse/lsp4j/jsonrpc/json/adapters/JsonElementTypeAdapter$Factory
instanceKlass org/eclipse/lsp4j/StaleRequestCapabilities
instanceKlass org/apache/maven/plugin/PluginDescriptorCache$PluginDescriptorSupplier
instanceKlass org/apache/maven/plugin/PluginDescriptorCache$Key
instanceKlass org/apache/maven/plugin/DefaultPluginDescriptorCache
instanceKlass org/eclipse/lsp4j/MarkdownCapabilities
instanceKlass org/eclipse/lsp4j/RegularExpressionsCapabilities
instanceKlass org/eclipse/lsp4j/WindowShowMessageRequestActionItemCapabilities
instanceKlass org/eclipse/lsp4j/ShowDocumentCapabilities
instanceKlass org/eclipse/lsp4j/WindowShowMessageRequestCapabilities
instanceKlass org/apache/maven/lifecycle/internal/DefaultLifecycleExecutionPlanCalculator
instanceKlass org/apache/maven/plugin/version/internal/DefaultPluginVersionResolver$Versions
instanceKlass org/apache/maven/plugin/version/internal/DefaultPluginVersionResult
instanceKlass org/apache/maven/plugin/version/internal/DefaultPluginVersionResolver$Key
instanceKlass org/eclipse/lsp4j/InlayHintResolveSupportCapabilities
instanceKlass org/apache/maven/plugin/version/PluginVersionResult
instanceKlass org/apache/maven/plugin/version/internal/DefaultPluginVersionResolver
instanceKlass org/eclipse/lsp4j/SemanticTokensClientCapabilitiesRequestsFull
instanceKlass org/eclipse/lsp4j/SemanticTokensClientCapabilitiesRequests
instanceKlass org/apache/maven/lifecycle/internal/DefaultLifecycleMappingDelegate
instanceKlass org/apache/maven/artifact/factory/DefaultArtifactFactory
instanceKlass org/eclipse/lsp4j/FoldingRangeSupportCapabilities
instanceKlass org/eclipse/lsp4j/FoldingRangeKindSupportCapabilities
instanceKlass org/apache/maven/artifact/resolver/DefaultResolutionErrorHandler
instanceKlass org/apache/maven/model/merge/ModelMerger
instanceKlass org/eclipse/lsp4j/jsonrpc/json/adapters/EitherTypeAdapter$EitherTypeArgument
instanceKlass org/eclipse/lsp4j/DiagnosticsTagSupport
instanceKlass org/eclipse/lsp4j/CodeActionKindCapabilities
instanceKlass org/eclipse/lsp4j/CodeActionResolveSupportCapabilities
instanceKlass org/eclipse/lsp4j/CodeActionLiteralSupportCapabilities
instanceKlass org/apache/maven/model/plugin/DefaultLifecycleBindingsInjector
instanceKlass org/apache/maven/execution/ExecutionEvent
instanceKlass org/eclipse/lsp4j/ParameterInformationCapabilities
instanceKlass org/eclipse/lsp4j/SignatureInformationCapabilities
instanceKlass org/apache/maven/lifecycle/internal/DefaultExecutionEventCatapult
instanceKlass org/apache/maven/execution/ProjectExecutionListener
instanceKlass org/apache/maven/toolchain/DefaultToolchain
instanceKlass org/apache/maven/toolchain/java/JavaToolchain
instanceKlass org/eclipse/lsp4j/CompletionItemInsertTextModeSupportCapabilities
instanceKlass org/eclipse/lsp4j/CompletionItemResolveSupportCapabilities
instanceKlass org/eclipse/lsp4j/CompletionItemTagSupportCapabilities
instanceKlass org/eclipse/lsp4j/CompletionListCapabilities
instanceKlass org/eclipse/lsp4j/CompletionItemCapabilities
instanceKlass org/apache/maven/toolchain/java/JavaToolchainFactory
instanceKlass org/apache/maven/plugin/descriptor/Parameter
instanceKlass org/eclipse/lsp4j/CompletionItemKindCapabilities
instanceKlass org/apache/maven/lifecycle/internal/DefaultMojoExecutionConfigurator
instanceKlass org/apache/maven/execution/DefaultRuntimeInformation
instanceKlass org/eclipse/lsp4j/PublishDiagnosticsCapabilities
instanceKlass org/apache/maven/repository/legacy/repository/DefaultArtifactRepositoryFactory
instanceKlass org/sonatype/plexus/components/sec/dispatcher/PasswordDecryptor
instanceKlass sun/reflect/generics/tree/VoidDescriptor
instanceKlass org/sonatype/plexus/components/sec/dispatcher/model/SettingsSecurity
instanceKlass org/apache/maven/profiles/ProfilesRoot
# instanceKlass java/lang/invoke/LambdaForm$MH+0x0000016faf500000
instanceKlass org/eclipse/lsp4j/WorkspaceSymbolResolveSupportCapabilities
instanceKlass org/eclipse/lsp4j/SymbolTagSupportCapabilities
instanceKlass org/eclipse/lsp4j/SymbolKindCapabilities
instanceKlass org/apache/maven/artifact/repository/layout/DefaultRepositoryLayout
instanceKlass  @bci org/eclipse/lsp4j/jsonrpc/json/adapters/CollectionTypeAdapter$Factory getConstructor (Ljava/lang/Class;)Ljava/util/function/Supplier; 62 <appendix> argL0 ; # org/eclipse/lsp4j/jsonrpc/json/adapters/CollectionTypeAdapter$Factory$$Lambda+0x0000016faf4fa270
instanceKlass org/eclipse/lsp4j/jsonrpc/json/adapters/TypeUtils$ParameterizedTypeImpl
instanceKlass org/apache/maven/plugin/DefaultBuildPluginManager
instanceKlass org/apache/maven/plugin/internal/DefaultLegacySupport
instanceKlass org/eclipse/lsp4j/WorkspaceEditChangeAnnotationSupportCapabilities
instanceKlass org/eclipse/lsp4j/DiagnosticWorkspaceCapabilities
instanceKlass org/eclipse/lsp4j/InlineValueWorkspaceCapabilities
instanceKlass org/eclipse/lsp4j/InlayHintWorkspaceCapabilities
instanceKlass org/eclipse/lsp4j/CodeLensWorkspaceCapabilities
instanceKlass org/eclipse/lsp4j/SemanticTokensWorkspaceCapabilities
instanceKlass org/apache/maven/lifecycle/internal/PhaseRecorder
instanceKlass org/apache/maven/lifecycle/internal/DependencyContext
instanceKlass org/apache/maven/lifecycle/internal/ProjectIndex
instanceKlass sun/net/NetHooks
instanceKlass java/net/SocksSocketImpl$3
instanceKlass  @bci sun/nio/ch/NioSocketImpl closerFor (Ljava/io/FileDescriptor;Z)Ljava/lang/Runnable; 5 <appendix> member <vmtarget> ; # sun/nio/ch/NioSocketImpl$$Lambda+0x0000016faf472460
instanceKlass org/eclipse/lsp4j/DynamicRegistrationCapabilities
instanceKlass org/eclipse/lsp4j/WorkspaceEditCapabilities
instanceKlass org/eclipse/lsp4j/GeneralClientCapabilities
instanceKlass org/eclipse/lsp4j/NotebookDocumentClientCapabilities
instanceKlass org/eclipse/lsp4j/WindowClientCapabilities
instanceKlass jdk/net/ExtendedSocketOptions$2
instanceKlass jdk/net/ExtendedSocketOptions$PlatformSocketOptions
instanceKlass jdk/net/ExtendedSocketOptions$ExtSocketOption
instanceKlass java/net/SocketOption
instanceKlass jdk/net/ExtendedSocketOptions
instanceKlass sun/net/ext/ExtendedSocketOptions
instanceKlass sun/nio/ch/Net$1
instanceKlass sun/nio/ch/Net
instanceKlass org/eclipse/lsp4j/TextDocumentClientCapabilities
instanceKlass java/net/InetSocketAddress$InetSocketAddressHolder
instanceKlass java/net/InetAddress$CachedLookup
instanceKlass sun/net/InetAddressCachePolicy$1
instanceKlass sun/net/InetAddressCachePolicy
instanceKlass  @bci java/net/InetAddress getAddressesFromNameService (Ljava/lang/String;)[Ljava/net/InetAddress; 94 <appendix> argL0 ; # java/net/InetAddress$$Lambda+0x0000016faf46f6b8
instanceKlass org/eclipse/lsp4j/WorkspaceClientCapabilities
instanceKlass org/eclipse/lsp4j/ClientCapabilities
instanceKlass com/google/gson/internal/bind/ReflectiveTypeAdapterFactory$FieldsData
instanceKlass org/apache/maven/plugin/MojoExecutionRunner
instanceKlass org/eclipse/lsp4j/jsonrpc/validation/NonNull
instanceKlass com/google/gson/annotations/SerializedName
instanceKlass org/eclipse/lsp4j/ClientInfo
instanceKlass com/google/gson/internal/Primitives
instanceKlass org/apache/maven/configuration/BeanConfigurationRequest
instanceKlass  @bci com/google/gson/internal/ConstructorConstructor newDefaultConstructor (Ljava/lang/Class;Lcom/google/gson/ReflectionAccessFilter$FilterResult;)Lcom/google/gson/internal/ObjectConstructor; 130 <appendix> member <vmtarget> ; # com/google/gson/internal/ConstructorConstructor$$Lambda+0x0000016faf4d6d08
instanceKlass com/google/gson/internal/ObjectConstructor
instanceKlass  @bci java/net/InetAddress loadResolver ()Ljava/net/spi/InetAddressResolver; 8 <appendix> argL0 ; # java/net/InetAddress$$Lambda+0x0000016faf46f478
instanceKlass com/google/gson/internal/ReflectionAccessFilterHelper
instanceKlass org/apache/maven/configuration/internal/DefaultBeanConfigurator
instanceKlass java/net/spi/InetAddressResolverProvider
instanceKlass java/net/InetAddress$NameServiceAddresses
instanceKlass java/net/InetAddress$Addresses
instanceKlass java/util/concurrent/ConcurrentSkipListMap$Iter
instanceKlass sun/security/ssl/DTLSRecord
instanceKlass sun/security/ssl/SessionId
instanceKlass org/apache/maven/DefaultProjectDependenciesResolver
instanceKlass org/eclipse/lsp4j/adapters/InitializeParamsTypeAdapter$Factory
instanceKlass com/google/gson/annotations/JsonAdapter
instanceKlass org/apache/maven/execution/BuildSummary
instanceKlass org/apache/maven/toolchain/ToolchainPrivate
instanceKlass org/eclipse/lsp4j/jsonrpc/messages/Tuple$Two
instanceKlass org/eclipse/lsp4j/jsonrpc/messages/Tuple
instanceKlass org/eclipse/lsp4j/jsonrpc/json/adapters/TypeUtils
instanceKlass org/apache/maven/toolchain/Toolchain
instanceKlass org/apache/maven/toolchain/DefaultToolchainManager
instanceKlass org/apache/maven/exception/ExceptionSummary
instanceKlass com/google/gson/internal/reflect/ReflectionHelper$RecordHelper
instanceKlass com/google/gson/internal/reflect/ReflectionHelper
instanceKlass org/apache/maven/exception/DefaultExceptionHandler
instanceKlass org/apache/maven/project/ReactorModelPool
instanceKlass org/apache/maven/model/building/ModelBuildingResult
instanceKlass org/apache/maven/project/DefaultProjectBuilder$InternalConfig
instanceKlass java/security/spec/MGF1ParameterSpec
instanceKlass sun/security/ec/ParametersMap$1
instanceKlass org/apache/maven/model/resolution/ModelResolver
instanceKlass org/apache/maven/model/building/ModelBuildingListener
instanceKlass  @bci sun/security/ec/ed/EdDSAParameters <clinit> ()V 268 <appendix> argL0 ; # sun/security/ec/ed/EdDSAParameters$$Lambda+0x0000016faf4f04f0
instanceKlass sun/security/ec/ed/EdDSAParameters$SHAKE256DigesterFactory
instanceKlass sun/security/ec/point/ProjectivePoint
instanceKlass org/apache/maven/model/building/ModelCache
instanceKlass org/apache/maven/project/DefaultProjectBuilder
instanceKlass org/apache/maven/artifact/repository/layout/FlatRepositoryLayout
instanceKlass org/apache/maven/artifact/repository/metadata/Versioning
instanceKlass  @bci java/util/regex/Pattern CIRange (II)Ljava/util/regex/Pattern$CharPredicate; 2 <appendix> member <vmtarget> ; # java/util/regex/Pattern$$Lambda+0x0000016faf46b968
instanceKlass  @bci sun/security/ec/ed/EdDSAParameters <clinit> ()V 117 <appendix> argL0 ; # sun/security/ec/ed/EdDSAParameters$$Lambda+0x0000016faf4e7a50
instanceKlass  @bci java/util/regex/Pattern SingleI (II)Ljava/util/regex/Pattern$BmpCharPredicate; 2 <appendix> member <vmtarget> ; # java/util/regex/Pattern$$Lambda+0x0000016faf46b6d8
instanceKlass java/time/format/Parsed
instanceKlass sun/security/ec/ed/EdDSAParameters$Digester
instanceKlass sun/security/ec/ed/EdDSAParameters$SHA512DigesterFactory
instanceKlass java/time/format/DateTimeParseContext
instanceKlass sun/security/ec/point/ExtendedHomogeneousPoint
instanceKlass org/eclipse/jdt/ls/core/internal/LogReader$LogEntry
instanceKlass java/io/PrintWriter$1
instanceKlass jdk/internal/access/JavaIOPrintWriterAccess
instanceKlass org/eclipse/jdt/ls/core/internal/LogReader$LogSession
instanceKlass org/eclipse/aether/DefaultRepositorySystemSession
instanceKlass sun/security/ec/point/AffinePoint
instanceKlass sun/security/util/math/intpoly/IntegerPolynomial$Limb
instanceKlass sun/security/util/math/SmallValue
instanceKlass sun/security/ec/point/MutablePoint
instanceKlass sun/security/ec/point/ImmutablePoint
instanceKlass org/apache/maven/DefaultMaven
instanceKlass sun/security/ec/point/Point
instanceKlass sun/util/locale/provider/CalendarNameProviderImpl$LengthBasedComparator
instanceKlass sun/util/resources/provider/NonBaseLocaleDataMetaInfo
instanceKlass  @bci sun/util/locale/provider/JRELocaleProviderAdapter createSupportedLocaleString (Ljava/lang/String;)Ljava/lang/String; 6 <appendix> member <vmtarget> ; # sun/util/locale/provider/JRELocaleProviderAdapter$$Lambda+0x0000016faf46a570
instanceKlass sun/util/locale/provider/BaseLocaleDataMetaInfo
instanceKlass org/apache/maven/repository/ArtifactTransferListener
instanceKlass sun/security/util/math/intpoly/IntegerPolynomial$Element
instanceKlass sun/security/util/math/ImmutableIntegerModuloP
instanceKlass sun/security/util/math/IntegerModuloP
instanceKlass  @bci sun/util/locale/provider/JRELocaleProviderAdapter getCalendarNameProvider ()Ljava/util/spi/CalendarNameProvider; 8 <appendix> member <vmtarget> ; # sun/util/locale/provider/JRELocaleProviderAdapter$$Lambda+0x0000016faf4695d8
instanceKlass  @bci sun/util/cldr/CLDRLocaleProviderAdapter getCalendarNameProvider ()Ljava/util/spi/CalendarNameProvider; 8 <appendix> member <vmtarget> ; # sun/util/cldr/CLDRLocaleProviderAdapter$$Lambda+0x0000016faf468ee0
instanceKlass sun/util/locale/provider/CalendarDataUtility$CalendarFieldValueNamesMapGetter
instanceKlass java/text/CalendarBuilder
instanceKlass java/text/ParsePosition
instanceKlass org/apache/maven/repository/legacy/LegacyRepositorySystem
instanceKlass com/google/gson/internal/JsonReaderInternalAccess
instanceKlass sun/security/util/math/intpoly/IntegerPolynomial
instanceKlass sun/security/ec/ParametersMap
instanceKlass sun/security/ec/ed/EdECOperations
instanceKlass sun/security/ec/ed/EdDSAParameters$DigesterFactory
instanceKlass sun/security/util/math/IntegerFieldModuloP
instanceKlass sun/security/ec/ed/EdDSAParameters
instanceKlass sun/nio/ch/WindowsAsynchronousFileChannelImpl$ReadTask
instanceKlass sun/nio/ch/Iocp$ResultHandler
instanceKlass sun/nio/ch/PendingFuture
instanceKlass  @bci sun/security/ec/ed/EdDSASignature <init> (Ljava/security/spec/NamedParameterSpec;)V 27 <appendix> argL0 ; # sun/security/ec/ed/EdDSASignature$$Lambda+0x0000016faf4e5608
instanceKlass org/eclipse/aether/RequestTrace
instanceKlass org/eclipse/aether/repository/ArtifactRepository
instanceKlass java/security/spec/EdDSAParameterSpec
instanceKlass org/apache/maven/plugin/prefix/PluginPrefixResult
instanceKlass sun/security/ec/ed/EdDSASignature$MessageAccumulator
instanceKlass org/apache/maven/plugin/prefix/internal/DefaultPluginPrefixResolver
instanceKlass org/eclipse/jdt/ls/core/internal/LogReader
instanceKlass org/eclipse/lsp4j/jsonrpc/json/ConcurrentMessageProcessor$1
instanceKlass org/eclipse/lsp4j/jsonrpc/json/StreamMessageProducer$Headers
instanceKlass  @bci org/eclipse/jdt/ls/core/internal/handlers/WorkspaceEventsHandler <init> (Lorg/eclipse/jdt/ls/core/internal/managers/ProjectsManager;Lorg/eclipse/jdt/ls/core/internal/JavaClientConnection;Lorg/eclipse/jdt/ls/core/internal/handlers/BaseDocumentLifeCycleHandler;)V 35 <appendix> member <vmtarget> ; # org/eclipse/jdt/ls/core/internal/handlers/WorkspaceEventsHandler$$Lambda+0x0000016faf4c2048
instanceKlass org/eclipse/jdt/ls/core/internal/handlers/WorkspaceEventsHandler
instanceKlass org/eclipse/jdt/core/manipulation/CoreASTProvider$WAIT_FLAG
instanceKlass org/eclipse/jdt/core/manipulation/CoreASTProvider
instanceKlass org/apache/maven/repository/metadata/DefaultGraphConflictResolutionPolicy
instanceKlass org/apache/maven/artifact/repository/metadata/io/DefaultMetadataReader
instanceKlass javax/net/ssl/ExtendedSSLSession
instanceKlass javax/net/ssl/SSLSession
instanceKlass org/apache/maven/repository/metadata/MetadataGraphEdge
instanceKlass org/apache/maven/repository/metadata/MetadataGraphVertex
instanceKlass org/eclipse/jdt/ls/core/internal/MovingAverage
instanceKlass org/eclipse/jdt/ls/core/internal/handlers/BaseDiagnosticsHandler
instanceKlass org/apache/maven/repository/metadata/DefaultGraphConflictResolver
instanceKlass javax/crypto/spec/DHParameterSpec
instanceKlass sun/security/ssl/PredefinedDHParameterSpecs$1
instanceKlass sun/security/ssl/PredefinedDHParameterSpecs
instanceKlass org/eclipse/jdt/core/IProblemRequestor
instanceKlass org/apache/maven/repository/DefaultMirrorSelector
instanceKlass com/sun/security/sasl/Provider$1
instanceKlass  @bci sun/security/provider/certpath/ldap/JdkLDAP <init> ()V 15 <appendix> member <vmtarget> ; # sun/security/provider/certpath/ldap/JdkLDAP$$Lambda+0x0000016faf4641b8
instanceKlass org/eclipse/lsp4j/jsonrpc/StandardLauncher
instanceKlass org/eclipse/lsp4j/jsonrpc/json/ConcurrentMessageProcessor
instanceKlass org/eclipse/lsp4j/jsonrpc/json/StreamMessageProducer
instanceKlass org/apache/maven/artifact/repository/DefaultArtifactRepositoryFactory
instanceKlass com/sun/security/sasl/gsskerb/JdkSASL$1
instanceKlass org/apache/http/config/Registry
instanceKlass org/apache/http/impl/conn/PoolingHttpClientConnectionManager
instanceKlass org/apache/http/pool/ConnPoolControl
instanceKlass org/apache/http/client/methods/CloseableHttpResponse
instanceKlass org/apache/http/HttpResponse
instanceKlass org/apache/maven/wagon/shared/http/BasicAuthScope
instanceKlass org/apache/maven/wagon/shared/http/HttpConfiguration
instanceKlass org/apache/http/impl/client/CloseableHttpClient
instanceKlass org/apache/http/client/HttpClient
instanceKlass org/apache/http/auth/Credentials
instanceKlass org/apache/http/client/AuthCache
instanceKlass org/apache/http/client/CredentialsProvider
instanceKlass org/apache/http/Header
instanceKlass org/apache/http/NameValuePair
instanceKlass sun/security/mscapi/SunMSCAPI$2
instanceKlass org/apache/http/conn/ssl/TrustStrategy
instanceKlass org/apache/http/ssl/TrustStrategy
instanceKlass org/apache/http/client/HttpRequestRetryHandler
instanceKlass org/apache/http/client/RedirectStrategy
instanceKlass org/apache/http/config/Lookup
instanceKlass org/apache/http/client/ServiceUnavailableRetryStrategy
instanceKlass org/apache/http/protocol/HttpContext
instanceKlass org/apache/http/client/methods/HttpUriRequest
instanceKlass org/apache/http/HttpRequest
instanceKlass org/apache/http/HttpMessage
instanceKlass org/apache/http/auth/AuthScheme
instanceKlass org/apache/http/HttpEntity
instanceKlass org/apache/http/conn/HttpClientConnectionManager
instanceKlass org/apache/maven/wagon/OutputData
instanceKlass org/apache/maven/wagon/InputData
instanceKlass  @bci java/lang/reflect/Proxy getProxyConstructor (Ljava/lang/Class;Ljava/lang/ClassLoader;[Ljava/lang/Class;)Ljava/lang/reflect/Constructor; 80 <appendix> argL0 ; # java/lang/reflect/Proxy$$Lambda+0x0000016faf463ac8
instanceKlass  @bci org/eclipse/lsp4j/jsonrpc/services/EndpointProxy <init> (Lorg/eclipse/lsp4j/jsonrpc/Endpoint;Ljava/util/Collection;)V 197 <appendix> member <vmtarget> ; # org/eclipse/lsp4j/jsonrpc/services/EndpointProxy$$Lambda+0x0000016faf4da470
instanceKlass sun/security/mscapi/SunMSCAPI$1
instanceKlass org/jcp/xml/dsig/internal/dom/XMLDSigRI$2
instanceKlass org/apache/maven/wagon/events/SessionListener
instanceKlass org/apache/maven/wagon/resource/Resource
instanceKlass org/jcp/xml/dsig/internal/dom/XMLDSigRI$1
instanceKlass org/apache/maven/wagon/repository/RepositoryPermissions
instanceKlass org/apache/maven/wagon/events/TransferEventSupport
instanceKlass  @bci org/eclipse/lsp4j/jsonrpc/services/EndpointProxy <init> (Lorg/eclipse/lsp4j/jsonrpc/Endpoint;Ljava/util/Collection;)V 178 <appendix> member <vmtarget> ; # org/eclipse/lsp4j/jsonrpc/services/EndpointProxy$$Lambda+0x0000016faf4da238
instanceKlass org/eclipse/lsp4j/jsonrpc/services/EndpointProxy
instanceKlass  @bci org/eclipse/lsp4j/jsonrpc/RemoteEndpoint <clinit> ()V 11 <appendix> argL0 ; # org/eclipse/lsp4j/jsonrpc/RemoteEndpoint$$Lambda+0x0000016faf4b7c78
instanceKlass org/eclipse/lsp4j/jsonrpc/messages/ResponseError
instanceKlass org/apache/maven/wagon/events/SessionEventSupport
instanceKlass  @bci sun/security/pkcs11/SunPKCS11 register (Lsun/security/pkcs11/SunPKCS11$Descriptor;)V 27 <appendix> argL0 ; # sun/security/pkcs11/SunPKCS11$$Lambda+0x0000016faf4be278
instanceKlass sun/security/pkcs11/SunPKCS11$Descriptor
instanceKlass javax/security/auth/Subject
instanceKlass javax/security/auth/callback/CallbackHandler
instanceKlass org/eclipse/lsp4j/jsonrpc/RemoteEndpoint
instanceKlass org/apache/maven/wagon/proxy/ProxyInfoProvider
instanceKlass org/apache/maven/wagon/AbstractWagon
instanceKlass org/apache/maven/wagon/StreamingWagon
instanceKlass  @bci java/lang/reflect/Executable sharedToString (IZ[Ljava/lang/Class;[Ljava/lang/Class;)Ljava/lang/String; 29 <appendix> argL0 ; # java/lang/reflect/Executable$$Lambda+0x0000016faf462ae0
instanceKlass sun/security/smartcardio/SunPCSC$1
instanceKlass  @bci org/eclipse/lsp4j/jsonrpc/services/GenericEndpoint recursiveFindRpcMethods (Ljava/lang/Object;Ljava/util/Set;Ljava/util/Set;)V 24 <appendix> member <vmtarget> ; # org/eclipse/lsp4j/jsonrpc/services/GenericEndpoint$$Lambda+0x0000016faf4b63e0
instanceKlass  @bci sun/security/jgss/SunProvider <init> ()V 15 <appendix> member <vmtarget> ; # sun/security/jgss/SunProvider$$Lambda+0x0000016faf4bcfd8
instanceKlass sun/security/ssl/NamedGroup$SupportedGroups
instanceKlass sun/security/ssl/SSLConfiguration$CustomizedClientSignatureSchemes
instanceKlass  @cpi org/eclipse/lsp4j/jsonrpc/services/GenericEndpoint 220 form vmentry <vmtarget> ; # java/lang/invoke/LambdaForm$DMH+0x0000016faf4d8000
instanceKlass javax/crypto/KeyGeneratorSpi
instanceKlass org/codehaus/plexus/component/repository/ComponentSetDescriptor
instanceKlass org/apache/maven/plugin/prefix/PluginPrefixRequest
instanceKlass javax/crypto/KeyGenerator
instanceKlass org/apache/maven/plugin/internal/DefaultPluginManager
instanceKlass sun/security/ssl/SSLConfiguration
instanceKlass sun/security/ssl/SSLCipher$SSLWriteCipher
instanceKlass sun/security/ssl/KeyUpdate$KeyUpdateProducer
instanceKlass sun/security/ssl/KeyUpdate$KeyUpdateConsumer
instanceKlass org/apache/maven/repository/metadata/ClasspathContainer
instanceKlass org/apache/maven/repository/metadata/MetadataGraph
instanceKlass sun/security/ssl/KeyUpdate$KeyUpdateKickstartProducer
instanceKlass sun/security/ssl/KeyUpdate
instanceKlass sun/security/ssl/CertificateStatus$CertificateStatusAbsence
instanceKlass sun/security/ssl/HandshakeAbsence
instanceKlass sun/security/ssl/CertificateStatus$CertificateStatusProducer
instanceKlass sun/security/ssl/CertificateStatus$CertificateStatusConsumer
instanceKlass sun/security/ssl/CertificateStatus
instanceKlass sun/security/ssl/Finished$T13FinishedProducer
instanceKlass sun/security/ssl/Finished$T13FinishedConsumer
instanceKlass sun/security/ssl/Finished$T12FinishedProducer
instanceKlass sun/security/ssl/Finished$T12FinishedConsumer
instanceKlass sun/security/ssl/Finished
instanceKlass sun/security/ssl/ClientKeyExchange$ClientKeyExchangeProducer
instanceKlass sun/security/ssl/ClientKeyExchange$ClientKeyExchangeConsumer
instanceKlass sun/security/ssl/ClientKeyExchange
instanceKlass sun/security/ssl/CertificateVerify$T13CertificateVerifyProducer
instanceKlass org/apache/maven/repository/metadata/DefaultClasspathTransformation
instanceKlass sun/security/ssl/CertificateVerify$T13CertificateVerifyConsumer
instanceKlass sun/security/ssl/CertificateVerify$T12CertificateVerifyProducer
instanceKlass sun/security/ssl/CertificateVerify$T12CertificateVerifyConsumer
instanceKlass sun/security/ssl/CertificateVerify$T10CertificateVerifyProducer
instanceKlass  @bci org/eclipse/lsp4j/jsonrpc/services/GenericEndpoint lambda$recursiveFindRpcMethods$1 (Ljava/lang/Object;Lorg/eclipse/lsp4j/jsonrpc/services/AnnotationUtil$MethodInfo;)V 3 <appendix> member <vmtarget> ; # org/eclipse/lsp4j/jsonrpc/services/GenericEndpoint$$Lambda+0x0000016faf4b6198
instanceKlass sun/security/ssl/CertificateVerify$T10CertificateVerifyConsumer
instanceKlass sun/security/ssl/CertificateVerify$S30CertificateVerifyProducer
instanceKlass sun/security/ssl/CertificateVerify$S30CertificateVerifyConsumer
instanceKlass sun/security/ssl/CertificateVerify
instanceKlass  @bci org/eclipse/lsp4j/jsonrpc/services/GenericEndpoint recursiveFindRpcMethods (Ljava/lang/Object;Ljava/util/Set;Ljava/util/Set;)V 7 <appendix> member <vmtarget> ; # org/eclipse/lsp4j/jsonrpc/services/GenericEndpoint$$Lambda+0x0000016faf4b5f60
instanceKlass org/apache/maven/lifecycle/internal/builder/singlethreaded/SingleThreadedBuilder
instanceKlass sun/security/ssl/ServerHelloDone$ServerHelloDoneProducer
instanceKlass sun/security/ssl/ServerHelloDone$ServerHelloDoneConsumer
instanceKlass sun/security/ssl/ServerHelloDone
instanceKlass sun/security/ssl/CertificateRequest$T13CertificateRequestProducer
instanceKlass org/eclipse/lsp4j/jsonrpc/services/GenericEndpoint
instanceKlass org/apache/maven/artifact/resolver/DefaultArtifactResolver
instanceKlass sun/security/ssl/CertificateRequest$T13CertificateRequestConsumer
instanceKlass sun/security/ssl/CertificateRequest$T12CertificateRequestProducer
instanceKlass sun/security/ssl/CertificateRequest$T12CertificateRequestConsumer
instanceKlass sun/security/ssl/CertificateRequest$T10CertificateRequestProducer
instanceKlass sun/security/ssl/CertificateRequest$T10CertificateRequestConsumer
instanceKlass sun/security/ssl/CertificateRequest
instanceKlass sun/security/ssl/ServerKeyExchange$ServerKeyExchangeProducer
instanceKlass sun/security/ssl/ServerKeyExchange$ServerKeyExchangeConsumer
instanceKlass  @bci org/eclipse/jdt/ls/core/internal/ParentProcessWatcher apply (Lorg/eclipse/lsp4j/jsonrpc/MessageConsumer;)Lorg/eclipse/lsp4j/jsonrpc/MessageConsumer; 2 <appendix> member <vmtarget> ; # org/eclipse/jdt/ls/core/internal/ParentProcessWatcher$$Lambda+0x0000016faf4c0870
instanceKlass org/eclipse/lsp4j/jsonrpc/messages/Message
instanceKlass org/eclipse/lsp4j/jsonrpc/json/StreamMessageConsumer
instanceKlass org/eclipse/lsp4j/jsonrpc/json/MessageConstants
instanceKlass com/google/gson/internal/bind/ReflectiveTypeAdapterFactory$BoundField
instanceKlass org/apache/maven/wagon/observers/ChecksumObserver
instanceKlass org/apache/maven/wagon/repository/Repository
instanceKlass com/google/gson/internal/bind/ReflectiveTypeAdapterFactory
instanceKlass sun/security/ssl/ServerKeyExchange
instanceKlass sun/security/ssl/CertificateMessage$T13CertificateProducer
instanceKlass sun/security/ssl/CertificateMessage$T13CertificateConsumer
instanceKlass sun/security/ssl/CertificateMessage$T12CertificateProducer
instanceKlass sun/security/ssl/CertificateMessage$T12CertificateConsumer
instanceKlass sun/security/ssl/CertificateMessage
instanceKlass sun/security/ssl/EncryptedExtensions$EncryptedExtensionsConsumer
instanceKlass sun/security/ssl/EncryptedExtensions$EncryptedExtensionsProducer
instanceKlass sun/security/ssl/EncryptedExtensions
instanceKlass sun/security/ssl/NewSessionTicket$T12NewSessionTicketProducer
instanceKlass com/google/gson/internal/bind/JsonAdapterAnnotationTypeAdapterFactory$DummyTypeAdapterFactory
instanceKlass com/google/gson/internal/bind/JsonAdapterAnnotationTypeAdapterFactory
instanceKlass com/google/gson/internal/bind/MapTypeAdapterFactory
instanceKlass com/google/gson/internal/bind/CollectionTypeAdapterFactory
instanceKlass com/google/gson/internal/bind/ArrayTypeAdapter$1
instanceKlass sun/security/ssl/NewSessionTicket$T13NewSessionTicketProducer
instanceKlass org/apache/maven/repository/legacy/DefaultWagonManager
instanceKlass sun/security/ssl/NewSessionTicket$T12NewSessionTicketConsumer
instanceKlass sun/security/ssl/NewSessionTicket$T13NewSessionTicketConsumer
instanceKlass sun/security/ssl/NewSessionTicket
instanceKlass sun/security/ssl/HelloVerifyRequest$HelloVerifyRequestProducer
instanceKlass sun/security/ssl/HelloVerifyRequest$HelloVerifyRequestConsumer
instanceKlass sun/security/ssl/HelloVerifyRequest
instanceKlass sun/security/ssl/ServerHello$T13HelloRetryRequestConsumer
instanceKlass sun/security/ssl/ServerHello$T13ServerHelloConsumer
instanceKlass sun/security/ssl/ServerHello$T12ServerHelloConsumer
instanceKlass sun/security/ssl/ServerHello$T13HelloRetryRequestReproducer
instanceKlass sun/security/ssl/ServerHello$T13HelloRetryRequestProducer
instanceKlass com/google/gson/internal/bind/DefaultDateTypeAdapter$1
instanceKlass java/util/concurrent/atomic/AtomicLongArray
instanceKlass com/google/gson/internal/bind/NumberTypeAdapter$1
instanceKlass org/apache/maven/repository/legacy/resolver/conflict/NearestConflictResolver
instanceKlass sun/security/ssl/ServerHello$T13ServerHelloProducer
instanceKlass sun/security/ssl/ServerHello$T12ServerHelloProducer
instanceKlass org/apache/maven/lifecycle/internal/builder/multithreaded/ConcurrencyDependencyGraph
instanceKlass sun/security/ssl/ServerHello$ServerHelloConsumer
instanceKlass sun/security/ssl/ServerHello
instanceKlass org/apache/maven/lifecycle/internal/builder/multithreaded/ThreadOutputMuxer
instanceKlass sun/security/ssl/ClientHello$D13ClientHelloConsumer
instanceKlass sun/security/ssl/ClientHello$D12ClientHelloConsumer
instanceKlass com/google/gson/internal/bind/ObjectTypeAdapter$1
instanceKlass sun/security/ssl/ClientHello$T13ClientHelloConsumer
instanceKlass sun/security/ssl/ClientHello$T12ClientHelloConsumer
instanceKlass sun/security/ssl/HandshakeConsumer
instanceKlass sun/security/ssl/ClientHello$ClientHelloProducer
instanceKlass com/google/gson/internal/bind/EnumTypeAdapter$1
instanceKlass sun/security/ssl/ClientHello$ClientHelloConsumer
instanceKlass sun/security/ssl/ClientHello$ClientHelloKickstartProducer
instanceKlass sun/security/ssl/ClientHello
instanceKlass org/apache/maven/lifecycle/internal/TaskSegment
instanceKlass org/apache/maven/lifecycle/internal/ProjectSegment
instanceKlass com/google/gson/internal/bind/TypeAdapters$31
instanceKlass org/apache/maven/lifecycle/internal/ReactorBuildStatus
instanceKlass org/apache/maven/lifecycle/internal/ProjectBuildList
instanceKlass java/util/Currency
instanceKlass org/apache/maven/lifecycle/internal/ReactorContext
instanceKlass java/util/concurrent/CompletionService
instanceKlass sun/security/ssl/HelloRequest$HelloRequestProducer
instanceKlass sun/security/ssl/HelloRequest$HelloRequestConsumer
instanceKlass sun/security/ssl/HelloRequest$HelloRequestKickstartProducer
instanceKlass org/apache/maven/lifecycle/internal/builder/multithreaded/MultiThreadedBuilder
instanceKlass sun/security/ssl/SSLProducer
instanceKlass sun/security/ssl/HelloRequest
instanceKlass sun/security/ssl/HandshakeProducer
instanceKlass sun/security/ssl/SSLConsumer
instanceKlass com/google/gson/internal/bind/TypeAdapters$32
instanceKlass sun/security/ssl/Authenticator$MacImpl
instanceKlass org/apache/maven/lifecycle/mapping/DefaultLifecycleMapping
instanceKlass java/util/concurrent/atomic/AtomicIntegerArray
instanceKlass sun/security/ssl/Authenticator$MAC
instanceKlass sun/security/ssl/Authenticator
instanceKlass sun/security/ssl/SSLCipher$SSLReadCipher
instanceKlass sun/security/ssl/InputRecord
instanceKlass sun/security/ssl/SSLRecord
instanceKlass sun/security/ssl/Record
instanceKlass org/apache/maven/repository/legacy/resolver/conflict/OldestConflictResolver
instanceKlass com/google/gson/internal/bind/TypeAdapters$30
instanceKlass sun/security/ssl/TransportContext
instanceKlass sun/security/ssl/ConnectionContext
instanceKlass com/google/gson/internal/bind/TypeAdapters$29
instanceKlass sun/security/ssl/HandshakeHash$CacheOnlyHash
instanceKlass sun/security/ssl/HandshakeHash$TranscriptHash
instanceKlass sun/security/ssl/HandshakeHash
instanceKlass org/apache/maven/toolchain/model/TrackableBase
instanceKlass java/net/SocksConsts
instanceKlass org/apache/maven/toolchain/DefaultToolchainsBuilder
instanceKlass sun/net/PlatformSocketImpl
instanceKlass java/net/SocketImpl
instanceKlass java/net/SocketOptions
instanceKlass java/net/Socket
instanceKlass org/apache/maven/lifecycle/internal/DefaultLifecycleTaskSegmentCalculator
instanceKlass sun/security/ssl/SSLTransport
instanceKlass org/apache/maven/wagon/events/TransferListener
instanceKlass sun/net/www/http/KeepAliveKey
instanceKlass com/google/gson/internal/bind/TypeAdapters
instanceKlass org/apache/maven/profiles/ProfileManager
instanceKlass com/google/gson/internal/ConstructorConstructor
instanceKlass org/apache/maven/project/DefaultMavenProjectBuilder
instanceKlass com/google/gson/internal/sql/SqlTimestampTypeAdapter$1
instanceKlass com/google/gson/internal/sql/SqlTimeTypeAdapter$1
instanceKlass sun/net/NetworkClient$1
instanceKlass org/apache/maven/artifact/handler/DefaultArtifactHandler
instanceKlass com/google/gson/internal/sql/SqlDateTypeAdapter$1
instanceKlass org/apache/maven/repository/legacy/resolver/conflict/NewestConflictResolver
instanceKlass sun/net/NetworkClient
instanceKlass javax/net/ssl/HandshakeCompletedListener
instanceKlass org/apache/maven/project/ProjectBuilderConfiguration
instanceKlass org/codehaus/plexus/interpolation/Interpolator
instanceKlass org/codehaus/plexus/interpolation/BasicInterpolator
instanceKlass sun/net/spi/DefaultProxySelector$3
instanceKlass org/codehaus/plexus/interpolation/RecursionInterceptor
instanceKlass sun/net/spi/DefaultProxySelector$NonProxyInfo
instanceKlass sun/net/spi/DefaultProxySelector$1
instanceKlass java/net/Proxy
instanceKlass java/net/ProxySelector
instanceKlass org/eclipse/jdt/internal/launching/JREContainer$RuleEntry
instanceKlass org/apache/maven/repository/legacy/resolver/conflict/DefaultConflictResolverFactory
instanceKlass sun/net/www/protocol/http/HttpURLConnection$7
instanceKlass org/eclipse/jdt/internal/launching/JREContainer$RuleKey
instanceKlass org/apache/maven/repository/legacy/resolver/conflict/FarthestConflictResolver
instanceKlass java/net/ResponseCache
instanceKlass sun/net/www/protocol/http/HttpURLConnection$3
instanceKlass java/net/CookieHandler
instanceKlass sun/net/www/protocol/http/HttpURLConnection$2
instanceKlass sun/net/util/ProxyUtil
instanceKlass org/apache/maven/lifecycle/internal/DefaultLifecyclePluginAnalyzer$GoalSpec
instanceKlass org/apache/maven/lifecycle/mapping/LifecyclePhase
instanceKlass org/apache/maven/lifecycle/internal/DefaultLifecyclePluginAnalyzer
instanceKlass org/apache/maven/model/building/Result
instanceKlass org/eclipse/jdt/ls/core/internal/javafx/FXVersionUtil
instanceKlass org/eclipse/jdt/ls/core/internal/javafx/FXAccessRuleParticipant
instanceKlass  @bci sun/net/www/protocol/http/AuthCacheImpl getAuthCacheFor (Ljava/net/Authenticator;)Lsun/net/www/protocol/http/AuthCacheImpl; 4 <appendix> argL0 ; # sun/net/www/protocol/http/AuthCacheImpl$$Lambda+0x0000016faf44c8a0
instanceKlass sun/net/www/protocol/http/AuthCacheImpl
instanceKlass sun/net/www/protocol/http/AuthCache
instanceKlass org/eclipse/jdt/internal/launching/environments/DefaultAccessRuleParticipant
instanceKlass org/apache/maven/model/building/ModelSource
instanceKlass org/apache/maven/execution/ProjectDependencyGraph
instanceKlass org/apache/maven/graph/DefaultGraphBuilder
instanceKlass com/google/gson/internal/bind/DefaultDateTypeAdapter$DateType
instanceKlass com/google/gson/internal/sql/SqlTypesSupport
instanceKlass org/eclipse/lsp4j/jsonrpc/json/adapters/MessageTypeAdapter$Factory
instanceKlass org/eclipse/lsp4j/jsonrpc/json/adapters/EnumTypeAdapter$Factory
instanceKlass org/eclipse/lsp4j/jsonrpc/json/adapters/TupleTypeAdapters$TwoTypeAdapterFactory
instanceKlass org/eclipse/lsp4j/jsonrpc/json/adapters/EitherTypeAdapter$Factory
instanceKlass org/eclipse/lsp4j/jsonrpc/json/adapters/ThrowableTypeAdapter$Factory
instanceKlass sun/net/NetProperties$1
instanceKlass sun/net/NetProperties
instanceKlass  @bci sun/net/www/protocol/http/HttpURLConnection getNetProperty (Ljava/lang/String;)Ljava/lang/String; 1 <appendix> member <vmtarget> ; # sun/net/www/protocol/http/HttpURLConnection$$Lambda+0x0000016faf44bde8
instanceKlass org/apache/maven/settings/RepositoryPolicy
instanceKlass org/apache/maven/model/RepositoryPolicy
instanceKlass org/apache/maven/settings/RepositoryBase
instanceKlass org/apache/maven/artifact/repository/Authentication
instanceKlass org/apache/maven/repository/Proxy
instanceKlass  @bci sun/security/ssl/SSLContextImpl engineInit ([Ljavax/net/ssl/KeyManager;[Ljavax/net/ssl/TrustManager;Ljava/security/SecureRandom;)V 57 <appendix> argL0 ; # sun/security/ssl/SSLContextImpl$$Lambda+0x0000016faf44ab08
instanceKlass javax/net/ssl/X509ExtendedKeyManager
instanceKlass javax/net/ssl/X509KeyManager
instanceKlass javax/net/ssl/KeyManager
instanceKlass org/eclipse/lsp4j/jsonrpc/json/adapters/CollectionTypeAdapter$Factory
instanceKlass org/objectweb/asm/Handler
instanceKlass javax/net/ssl/KeyManagerFactorySpi
instanceKlass  @bci javax/net/ssl/KeyManagerFactory getDefaultAlgorithm ()Ljava/lang/String; 0 <appendix> argL0 ; # javax/net/ssl/KeyManagerFactory$$Lambda+0x0000016faf449370
instanceKlass javax/net/ssl/KeyManagerFactory
instanceKlass sun/security/ssl/SSLContextImpl$DefaultManagersHolder$1
instanceKlass javax/net/ssl/X509ExtendedTrustManager
instanceKlass javax/net/ssl/X509TrustManager
instanceKlass javax/net/ssl/TrustManager
instanceKlass com/google/gson/FormattingStyle
instanceKlass org/objectweb/asm/Frame
instanceKlass sun/security/validator/TrustStoreUtil
instanceKlass com/google/gson/stream/JsonWriter
instanceKlass com/google/gson/stream/JsonReader
instanceKlass com/google/gson/ToNumberStrategy
instanceKlass com/google/gson/Gson
instanceKlass org/eclipse/m2e/jdt/internal/MavenClasspathContainerSaveHelper$PathReplace
instanceKlass org/eclipse/m2e/jdt/internal/MavenClasspathContainerSaveHelper$AccessRuleReplace
instanceKlass org/eclipse/m2e/jdt/internal/MavenClasspathContainerSaveHelper$ClasspathAttributeReplace
instanceKlass org/eclipse/m2e/jdt/internal/MavenClasspathContainerSaveHelper$ProjectEntryReplace
instanceKlass org/objectweb/asm/ByteVector
instanceKlass org/eclipse/m2e/jdt/internal/MavenClasspathContainerSaveHelper$LibraryEntryReplace
instanceKlass com/google/gson/internal/Excluder
# instanceKlass java/lang/invoke/LambdaForm$MH+0x0000016faf4a8400
# instanceKlass java/lang/invoke/LambdaForm$MH+0x0000016faf4a8000
instanceKlass org/objectweb/asm/Symbol
# instanceKlass java/lang/invoke/LambdaForm$MH+0x0000016faf4a6c00
instanceKlass org/objectweb/asm/SymbolTable
instanceKlass com/google/gson/FieldNamingStrategy
instanceKlass com/google/gson/GsonBuilder
instanceKlass org/eclipse/lsp4j/jsonrpc/messages/CancelParams
instanceKlass org/eclipse/m2e/jdt/internal/MavenClasspathContainer
instanceKlass org/eclipse/lsp4j/jsonrpc/json/MessageJsonHandler
instanceKlass org/eclipse/m2e/jdt/internal/MavenClasspathContainerSaveHelper
instanceKlass org/eclipse/lsp4j/DidOpenNotebookDocumentParams
instanceKlass org/eclipse/lsp4j/DidSaveNotebookDocumentParams
instanceKlass org/eclipse/lsp4j/DidCloseNotebookDocumentParams
instanceKlass org/eclipse/lsp4j/DidChangeNotebookDocumentParams
instanceKlass org/eclipse/jdt/ls/core/internal/handlers/DocumentSymbolHandler
instanceKlass org/eclipse/jdt/ls/core/internal/handlers/HoverHandler
instanceKlass org/eclipse/jdt/ls/core/internal/handlers/NavigateToTypeDefinitionHandler
instanceKlass org/apache/maven/execution/ExecutionListener
instanceKlass org/eclipse/jdt/ls/core/internal/handlers/RenameHandler
instanceKlass org/eclipse/aether/transfer/TransferListener
instanceKlass org/apache/maven/toolchain/building/ToolchainsBuildingRequest
instanceKlass org/codehaus/plexus/interpolation/ValueSource
instanceKlass org/apache/maven/eventspy/EventSpy$Context
instanceKlass org/eclipse/aether/RepositoryCache
instanceKlass org/eclipse/m2e/jdt/internal/MavenClasspathHelpers
instanceKlass org/apache/maven/cli/MavenCli
instanceKlass org/eclipse/m2e/jdt/AbstractClassifierClasspathProvider
instanceKlass org/eclipse/m2e/jdt/IClassifierClasspathProvider
instanceKlass org/eclipse/jdt/ls/core/internal/handlers/PrepareRenameHandler
instanceKlass org/eclipse/m2e/jdt/internal/MavenClassifierManager
instanceKlass org/eclipse/jdt/ls/core/internal/handlers/SaveActionHandler
instanceKlass org/eclipse/jdt/ls/core/internal/handlers/BuildWorkspaceHandler
instanceKlass org/eclipse/jdt/ls/core/internal/handlers/CodeLensHandler
instanceKlass org/eclipse/m2e/jdt/internal/launch/MavenLaunchConfigurationListener
instanceKlass org/eclipse/jdt/ls/core/internal/handlers/CodeActionResolveHandler
instanceKlass org/eclipse/jdt/ls/core/internal/handlers/ReferencesHandler
instanceKlass org/eclipse/jdt/ls/core/internal/handlers/NavigateToDeclarationHandler
instanceKlass org/eclipse/jdt/ls/core/internal/handlers/NavigateToDefinitionHandler
instanceKlass org/objectweb/asm/FieldVisitor
instanceKlass  @bci org/eclipse/m2e/jdt/MavenJdtPlugin start (Lorg/osgi/framework/BundleContext;)V 89 <appendix> member <vmtarget> ; # org/eclipse/m2e/jdt/MavenJdtPlugin$$Lambda+0x0000016faf49b7f8
instanceKlass org/eclipse/jdt/ls/core/internal/handlers/SignatureHelpHandler
instanceKlass org/eclipse/jdt/ls/core/internal/handlers/CodeActionHandler
instanceKlass org/objectweb/asm/MethodVisitor
instanceKlass org/objectweb/asm/ModuleVisitor
instanceKlass org/objectweb/asm/RecordComponentVisitor
instanceKlass org/eclipse/m2e/jdt/internal/DefaultClasspathManagerDelegate
instanceKlass org/eclipse/jdt/ls/core/internal/handlers/ExtractInterfaceHandler$CheckExtractInterfaceResponse
instanceKlass org/eclipse/jdt/ls/core/internal/codemanipulation/GenerateGetterSetterOperation$AccessorField
instanceKlass org/eclipse/jdt/ls/core/internal/handlers/HashCodeEqualsHandler$CheckHashCodeEqualsResponse
instanceKlass org/apache/maven/artifact/resolver/ResolutionNode
instanceKlass org/apache/maven/artifact/resolver/ArtifactResolutionResult
instanceKlass org/apache/maven/artifact/resolver/ArtifactResolutionRequest
instanceKlass org/eclipse/jdt/ls/core/internal/handlers/GenerateDelegateMethodsHandler$CheckDelegateMethodsResponse
instanceKlass org/eclipse/jdt/ls/core/internal/handlers/GenerateConstructorsHandler$CheckConstructorsResponse
instanceKlass org/eclipse/jdt/ls/core/internal/text/correction/ChangeSignatureInfo
instanceKlass org/eclipse/jdt/ls/core/internal/handlers/OverrideMethodsHandler$OverridableMethodsResponse
# instanceKlass java/lang/invoke/LambdaForm$DMH+0x0000016faf49a000
instanceKlass org/eclipse/jdt/ls/core/internal/handlers/MoveHandler$MoveDestinationsResponse
instanceKlass org/apache/maven/repository/legacy/resolver/DefaultLegacyArtifactCollector
instanceKlass org/eclipse/jdt/ls/core/internal/handlers/GenerateToStringHandler$CheckToStringResponse
instanceKlass org/apache/maven/project/validation/ModelValidationResult
instanceKlass sun/reflect/generics/tree/ArrayTypeSignature
instanceKlass sun/reflect/generics/tree/BooleanSignature
instanceKlass org/eclipse/jdt/ls/core/internal/handlers/InferSelectionHandler$SelectionInfo
instanceKlass org/apache/maven/artifact/resolver/filter/AbstractScopeArtifactFilter
instanceKlass org/eclipse/jdt/ls/core/internal/handlers/GetRefactorEditHandler$RefactorWorkspaceEdit
instanceKlass org/apache/maven/model/building/ModelProblemCollector
instanceKlass org/apache/maven/project/validation/DefaultModelValidator
instanceKlass org/eclipse/m2e/jdt/IClasspathDescriptor
instanceKlass org/eclipse/m2e/jdt/IClasspathManagerDelegate
instanceKlass org/eclipse/m2e/jdt/internal/BuildPathManager
instanceKlass org/eclipse/aether/metadata/Metadata
instanceKlass org/eclipse/lsp4j/extended/ProjectConfigurationsUpdateParam
instanceKlass org/eclipse/jdt/ls/core/internal/handlers/HashCodeEqualsHandler$GenerateHashCodeEqualsParams
instanceKlass org/eclipse/jdt/ls/core/internal/handlers/OverrideMethodsHandler$AddOverridableMethodParams
instanceKlass org/eclipse/jdt/ls/core/internal/handlers/GenerateConstructorsHandler$GenerateConstructorsParams
instanceKlass org/eclipse/jdt/ls/core/internal/handlers/GenerateDelegateMethodsHandler$GenerateDelegateMethodsParams
instanceKlass org/eclipse/jdt/ls/core/internal/handlers/GenerateToStringHandler$GenerateToStringParams
instanceKlass org/eclipse/jdt/ls/core/internal/handlers/GenerateAccessorsHandler$GenerateAccessorsParams
instanceKlass org/eclipse/jdt/ls/core/internal/lsp/ValidateDocumentParams
instanceKlass org/eclipse/jdt/ls/core/internal/handlers/GetRefactorEditHandler$GetRefactorEditParams
instanceKlass org/eclipse/lsp4j/extended/ProjectBuildParams
instanceKlass org/eclipse/m2e/core/MavenPlugin
instanceKlass org/eclipse/jdt/ls/core/internal/handlers/InferSelectionHandler$InferSelectionParams
instanceKlass org/eclipse/jdt/ls/core/internal/handlers/FindLinksHandler$FindLinksParams
instanceKlass org/eclipse/jdt/ls/core/internal/handlers/MoveHandler$MoveParams
instanceKlass org/eclipse/lsp4j/TextDocumentIdentifier
instanceKlass org/eclipse/lsp4j/WorkspaceDiagnosticReport
instanceKlass  @bci org/eclipse/m2e/core/internal/MavenPluginActivator getService (Ljava/lang/Class;)Ljava/lang/Object; 18 <appendix> member <vmtarget> ; # org/eclipse/m2e/core/internal/MavenPluginActivator$$Lambda+0x0000016faf39f0b0
instanceKlass org/eclipse/lsp4j/adapters/WorkspaceSymbolResponseAdapter
instanceKlass org/eclipse/lsp4j/WorkspaceSymbol
instanceKlass org/eclipse/lsp4j/DidChangeWatchedFilesParams
instanceKlass org/eclipse/lsp4j/DidChangeConfigurationParams
instanceKlass org/eclipse/lsp4j/DidChangeWorkspaceFoldersParams
instanceKlass org/eclipse/lsp4j/DeleteFilesParams
instanceKlass org/eclipse/lsp4j/RenameFilesParams
instanceKlass org/eclipse/lsp4j/CreateFilesParams
instanceKlass org/eclipse/lsp4j/Moniker
instanceKlass org/apache/maven/model/Reporting
instanceKlass org/apache/maven/model/RepositoryBase
instanceKlass org/eclipse/m2e/jdt/IClasspathManager
instanceKlass org/eclipse/m2e/jdt/IMavenClassifierManager
instanceKlass org/eclipse/lsp4j/adapters/DocumentDiagnosticReportTypeAdapter
instanceKlass org/eclipse/lsp4j/Command
instanceKlass org/eclipse/lsp4j/adapters/CodeActionResponseAdapter
instanceKlass org/eclipse/lsp4j/Hover
instanceKlass org/eclipse/lsp4j/CompletionList
instanceKlass org/eclipse/lsp4j/CallHierarchyIncomingCall
instanceKlass org/apache/maven/model/PluginContainer
instanceKlass org/eclipse/jdt/internal/launching/JREContainer$1
instanceKlass org/apache/maven/project/inheritance/DefaultModelInheritanceAssembler
instanceKlass org/eclipse/jdt/internal/launching/JREContainer
instanceKlass org/eclipse/lsp4j/CallHierarchyOutgoingCall
instanceKlass org/eclipse/lsp4j/CallHierarchyItem
instanceKlass org/eclipse/lsp4j/SemanticTokensDelta
instanceKlass org/eclipse/lsp4j/adapters/SemanticTokensFullDeltaResponseAdapter
instanceKlass org/eclipse/lsp4j/TypeHierarchyItem
instanceKlass org/eclipse/aether/version/VersionScheme
instanceKlass org/apache/maven/rtinfo/internal/DefaultRuntimeInformation
instanceKlass org/apache/maven/project/DefaultDependencyResolutionResult
instanceKlass org/eclipse/lsp4j/FoldingRange
instanceKlass org/apache/maven/project/DependencyResolutionRequest
instanceKlass org/apache/maven/project/DependencyResolutionResult
instanceKlass org/apache/maven/project/DefaultProjectDependenciesResolver
instanceKlass org/eclipse/lsp4j/DocumentSymbol
instanceKlass org/eclipse/lsp4j/SymbolInformation
instanceKlass org/eclipse/lsp4j/adapters/DocumentSymbolResponseAdapter
instanceKlass org/apache/maven/project/path/DefaultPathTranslator
instanceKlass org/apache/maven/project/artifact/MavenMetadataSource$ProjectRelocation
instanceKlass  @bci org/eclipse/jdt/internal/core/JavaModelManager variableNames ()[Ljava/lang/String; 7 <appendix> argL0 ; # org/eclipse/jdt/internal/core/JavaModelManager$$Lambda+0x0000016faf39a8d8
instanceKlass org/eclipse/jdt/launching/environments/CompatibleEnvironment
instanceKlass org/apache/maven/model/building/ModelProblem
instanceKlass org/eclipse/lsp4j/InlineValueEvaluatableExpression
instanceKlass org/eclipse/lsp4j/InlineValueVariableLookup
instanceKlass org/eclipse/jdt/internal/launching/environments/ExecutionEnvironmentAnalyzer
instanceKlass  @bci org/eclipse/jdt/launching/AbstractVMInstallType getVMInstalls ()[Lorg/eclipse/jdt/launching/IVMInstall; 4 <appendix> argL0 ; # org/eclipse/jdt/launching/AbstractVMInstallType$$Lambda+0x0000016faf485148
instanceKlass org/apache/maven/model/Dependency
instanceKlass org/apache/maven/artifact/repository/metadata/Metadata
instanceKlass org/apache/maven/artifact/resolver/filter/ArtifactFilter
instanceKlass org/eclipse/lsp4j/adapters/InlineValueResponseAdapter
instanceKlass org/eclipse/lsp4j/PrepareRenameDefaultBehavior
instanceKlass org/eclipse/lsp4j/PrepareRenameResult
instanceKlass org/eclipse/lsp4j/Range
instanceKlass  @bci org/eclipse/jdt/launching/VMStandin convertToRealVM ()Lorg/eclipse/jdt/launching/IVMInstall; 155 <appendix> member <vmtarget> ; # org/eclipse/jdt/launching/VMStandin$$Lambda+0x0000016faf4849a0
instanceKlass org/apache/maven/artifact/repository/metadata/RepositoryMetadata
instanceKlass org/apache/maven/artifact/metadata/ArtifactMetadata
instanceKlass org/apache/maven/repository/legacy/metadata/ArtifactMetadata
instanceKlass  @cpi org/eclipse/jdt/launching/VMStandin 173 form vmentry <vmtarget> ; # java/lang/invoke/LambdaForm$DMH+0x0000016faf48c000
instanceKlass org/eclipse/jdt/launching/IVMRunner
instanceKlass org/eclipse/jdt/internal/launching/CompositeId
instanceKlass org/apache/maven/repository/legacy/metadata/MetadataResolutionRequest
instanceKlass org/apache/maven/artifact/repository/RepositoryRequest
instanceKlass org/apache/maven/project/artifact/MavenMetadataSource
instanceKlass org/eclipse/lsp4j/adapters/PrepareRenameResponseAdapter
instanceKlass org/eclipse/lsp4j/ColorPresentation
instanceKlass org/eclipse/lsp4j/TextEdit
instanceKlass org/eclipse/lsp4j/SemanticTokens
instanceKlass org/eclipse/lsp4j/SignatureHelp
instanceKlass org/eclipse/lsp4j/SelectionRange
instanceKlass org/eclipse/aether/RepositoryEvent
instanceKlass org/eclipse/lsp4j/LinkedEditingRanges
instanceKlass org/eclipse/lsp4j/ColorInformation
instanceKlass org/eclipse/lsp4j/LocationLink
instanceKlass org/eclipse/lsp4j/Location
instanceKlass com/google/gson/internal/GsonTypes$WildcardTypeImpl
instanceKlass com/google/gson/internal/GsonTypes$ParameterizedTypeImpl
instanceKlass org/apache/maven/classrealm/ClassRealmRequest
instanceKlass org/codehaus/plexus/util/Scanner
instanceKlass org/eclipse/jdt/launching/LibraryLocation
instanceKlass org/codehaus/plexus/logging/AbstractLogEnabled
instanceKlass com/google/gson/internal/GsonTypes
instanceKlass org/eclipse/jdt/internal/launching/LibraryInfo
instanceKlass org/eclipse/aether/resolution/ArtifactResult
instanceKlass com/google/gson/TypeAdapter
instanceKlass org/eclipse/aether/collection/DependencySelector
instanceKlass org/eclipse/lsp4j/adapters/LocationLinkListAdapter
instanceKlass com/google/gson/TypeAdapterFactory
instanceKlass org/eclipse/aether/resolution/ArtifactDescriptorPolicy
instanceKlass org/eclipse/lsp4j/WorkspaceEdit
instanceKlass org/eclipse/lsp4j/InlayHintParams
instanceKlass org/eclipse/lsp4j/DidOpenTextDocumentParams
instanceKlass org/eclipse/lsp4j/DidSaveTextDocumentParams
instanceKlass org/eclipse/lsp4j/DidCloseTextDocumentParams
instanceKlass org/eclipse/lsp4j/DidChangeTextDocumentParams
instanceKlass org/eclipse/lsp4j/DocumentFormattingParams
instanceKlass org/apache/maven/plugin/PluginArtifactsCache$CacheRecord
instanceKlass org/apache/maven/plugin/PluginArtifactsCache$Key
instanceKlass org/eclipse/lsp4j/DocumentLink
instanceKlass org/apache/maven/plugin/PluginRealmCache$CacheRecord
instanceKlass org/apache/maven/plugin/PluginRealmCache$PluginRealmSupplier
instanceKlass org/apache/maven/plugin/PluginRealmCache$Key
instanceKlass org/eclipse/jdt/launching/AbstractVMInstall
instanceKlass org/eclipse/jdt/launching/IVMInstall3
instanceKlass org/eclipse/lsp4j/CompletionItem
instanceKlass org/apache/maven/project/ProjectRealmCache$CacheRecord
instanceKlass org/apache/maven/project/ProjectRealmCache$Key
instanceKlass org/eclipse/m2e/core/internal/project/ProjectCachePlunger
instanceKlass org/eclipse/lsp4j/InlineValueParams
instanceKlass org/apache/maven/plugin/ExtensionRealmCache$CacheRecord
instanceKlass org/eclipse/jdt/launching/IVMInstall2
instanceKlass org/apache/maven/plugin/ExtensionRealmCache$Key
instanceKlass org/eclipse/lsp4j/WillSaveTextDocumentParams
instanceKlass org/apache/maven/artifact/repository/ArtifactRepositoryPolicy
instanceKlass org/apache/maven/project/artifact/DefaultMavenMetadataCache$CacheKey
instanceKlass org/apache/maven/repository/legacy/metadata/ResolutionGroup
instanceKlass org/eclipse/lsp4j/DocumentRangeFormattingParams
instanceKlass com/google/inject/spi/ProviderWithExtensionVisitor
instanceKlass org/eclipse/lsp4j/InlayHint
instanceKlass com/google/common/collect/Iterables
instanceKlass org/eclipse/lsp4j/WorkDoneProgressAndPartialResultParams
instanceKlass org/eclipse/lsp4j/CodeLens
instanceKlass org/eclipse/lsp4j/CodeAction
instanceKlass  @bci com/google/inject/spi/InjectionPoint forConstructorOf (Lcom/google/inject/TypeLiteral;Z)Lcom/google/inject/spi/InjectionPoint; 83 <appendix> member <vmtarget> ; # com/google/inject/spi/InjectionPoint$$Lambda+0x0000016faf431d70
instanceKlass  @bci com/google/inject/spi/InjectionPoint forConstructorOf (Lcom/google/inject/TypeLiteral;Z)Lcom/google/inject/spi/InjectionPoint; 67 <appendix> argL0 ; # com/google/inject/spi/InjectionPoint$$Lambda+0x0000016faf431b20
instanceKlass  @bci com/google/inject/spi/InjectionPoint forConstructorOf (Lcom/google/inject/TypeLiteral;Z)Lcom/google/inject/spi/InjectionPoint; 57 <appendix> argL0 ; # com/google/inject/spi/InjectionPoint$$Lambda+0x0000016faf4318d0
instanceKlass  @bci com/google/inject/spi/InjectionPoint forConstructorOf (Lcom/google/inject/TypeLiteral;Z)Lcom/google/inject/spi/InjectionPoint; 24 <appendix> argL0 ; # com/google/inject/spi/InjectionPoint$$Lambda+0x0000016faf431680
instanceKlass org/eclipse/sisu/plexus/PlexusBean
instanceKlass org/codehaus/plexus/component/repository/ComponentDescriptor
instanceKlass org/eclipse/lsp4j/InitializeResult
instanceKlass org/eclipse/lsp4j/SetTraceParams
instanceKlass org/eclipse/lsp4j/services/NotebookDocumentService
instanceKlass org/eclipse/lsp4j/WorkDoneProgressCancelParams
instanceKlass org/eclipse/lsp4j/InitializedParams
instanceKlass org/eclipse/lsp4j/InitializeParams
instanceKlass org/eclipse/jdt/internal/launching/VMDefinitionsContainer
instanceKlass com/google/inject/spi/ProvidesMethodBinding
instanceKlass org/eclipse/jdt/ls/core/internal/JavaClientConnection
instanceKlass org/eclipse/lsp4j/jsonrpc/CancelChecker
instanceKlass org/eclipse/sisu/inject/Guice4
instanceKlass  @bci org/eclipse/jdt/internal/launching/StandardVMType <clinit> ()V 78 <appendix> argL0 ; # org/eclipse/jdt/internal/launching/StandardVMType$$Lambda+0x0000016faf422410
instanceKlass  @bci org/eclipse/jdt/internal/launching/StandardVMType <clinit> ()V 0 <appendix> argL0 ; # org/eclipse/jdt/internal/launching/StandardVMType$$Lambda+0x0000016faf4221f0
instanceKlass com/google/inject/internal/GuiceInternal
instanceKlass org/sonatype/inject/Parameters
instanceKlass sun/security/x509/NetscapeCertTypeExtension$MapEntry
instanceKlass org/eclipse/sisu/plexus/PlexusXmlBeanConverter
instanceKlass org/eclipse/jdt/launching/AbstractVMInstallType
instanceKlass org/eclipse/jdt/launching/IVMInstallType
instanceKlass org/eclipse/sisu/plexus/PlexusBeanConverter
instanceKlass jdk/internal/vm/annotation/IntrinsicCandidate
instanceKlass org/eclipse/lsp4j/jsonrpc/json/JsonRpcMethodProvider
instanceKlass org/eclipse/lsp4j/jsonrpc/services/JsonDelegate
instanceKlass  @bci org/eclipse/lsp4j/jsonrpc/services/ServiceEndpoints getSupportedMethods (Ljava/lang/Class;Ljava/util/Set;)Ljava/util/Map; 29 <appendix> member <vmtarget> ; # org/eclipse/lsp4j/jsonrpc/services/ServiceEndpoints$$Lambda+0x0000016faf429560
instanceKlass com/google/inject/spi/TypeConverterBinding
instanceKlass java/lang/reflect/AnnotatedParameterizedType
instanceKlass sun/reflect/generics/tree/Wildcard
instanceKlass sun/reflect/generics/tree/BottomSignature
instanceKlass org/eclipse/sisu/inject/DefaultRankingFunction
instanceKlass org/eclipse/jdt/ls/core/internal/EventNotification
instanceKlass org/eclipse/jdt/ls/core/internal/ActionableNotification
instanceKlass org/eclipse/jdt/ls/core/internal/StatusReport
instanceKlass org/eclipse/jdt/ls/core/internal/ProgressReport
instanceKlass org/eclipse/lsp4j/ExecuteCommandParams
instanceKlass org/eclipse/lsp4j/ApplyWorkspaceEditResponse
instanceKlass com/google/inject/spi/ProvisionListenerBinding
instanceKlass com/google/inject/spi/TypeListenerBinding
instanceKlass org/eclipse/sisu/bean/BeanListener
instanceKlass com/google/inject/matcher/Matchers
instanceKlass sun/security/x509/RFC822Name
instanceKlass org/eclipse/sisu/bean/PropertyBinder
instanceKlass org/eclipse/lsp4j/ShowDocumentResult
instanceKlass org/eclipse/sisu/plexus/PlexusBeanBinder
instanceKlass com/google/inject/spi/InjectionListener
instanceKlass org/sonatype/plexus/components/sec/dispatcher/DefaultSecDispatcher
instanceKlass org/eclipse/lsp4j/jsonrpc/services/JsonNotification
instanceKlass org/eclipse/lsp4j/WorkspaceFolder
instanceKlass org/eclipse/lsp4j/MessageActionItem
instanceKlass java/security/interfaces/ECPublicKey
instanceKlass org/eclipse/lsp4j/jsonrpc/json/JsonRpcMethod
instanceKlass org/eclipse/lsp4j/jsonrpc/json/ResponseJsonAdapter
instanceKlass sun/reflect/generics/tree/MethodTypeSignature
instanceKlass  @bci org/eclipse/lsp4j/jsonrpc/services/AnnotationUtil getParameterTypes (Ljava/lang/reflect/Method;)[Ljava/lang/reflect/Type; 17 <appendix> argL0 ; # org/eclipse/lsp4j/jsonrpc/services/AnnotationUtil$$Lambda+0x0000016faf428aa8
instanceKlass  @bci org/eclipse/lsp4j/jsonrpc/services/AnnotationUtil getParameterTypes (Ljava/lang/reflect/Method;)[Ljava/lang/reflect/Type; 7 <appendix> argL0 ; # org/eclipse/lsp4j/jsonrpc/services/AnnotationUtil$$Lambda+0x0000016faf428868
instanceKlass java/security/PKCS12Attribute
instanceKlass java/security/KeyStore$Entry$Attribute
instanceKlass sun/security/pkcs12/PKCS12KeyStore$Entry
instanceKlass org/sonatype/plexus/components/cipher/DefaultPlexusCipher
instanceKlass org/sonatype/plexus/components/cipher/PlexusCipher
# instanceKlass java/lang/invoke/LambdaForm$MH+0x0000016faf430000
instanceKlass org/codehaus/plexus/build/DefaultBuildContext
instanceKlass org/codehaus/plexus/build/BuildContext
instanceKlass org/codehaus/plexus/component/configurator/AbstractComponentConfigurator
instanceKlass org/codehaus/plexus/component/configurator/ComponentConfigurator
instanceKlass org/eclipse/lsp4j/jsonrpc/services/JsonRequest
instanceKlass org/eclipse/lsp4j/ApplyWorkspaceEditParams
instanceKlass org/eclipse/lsp4j/LogTraceParams
instanceKlass org/eclipse/lsp4j/PublishDiagnosticsParams
instanceKlass org/eclipse/lsp4j/UnregistrationParams
instanceKlass org/eclipse/lsp4j/RegistrationParams
instanceKlass org/eclipse/lsp4j/WorkDoneProgressCreateParams
instanceKlass org/eclipse/lsp4j/ShowDocumentParams
instanceKlass org/apache/maven/settings/validation/DefaultSettingsValidator
instanceKlass org/apache/maven/settings/validation/SettingsValidator
instanceKlass org/eclipse/lsp4j/ProgressParams
instanceKlass org/apache/maven/settings/io/DefaultSettingsWriter
instanceKlass org/apache/maven/settings/io/SettingsWriter
instanceKlass org/eclipse/lsp4j/MessageParams
instanceKlass java/util/concurrent/CompletableFuture
instanceKlass org/eclipse/lsp4j/ConfigurationParams
instanceKlass sun/security/util/IOUtils
instanceKlass sun/security/action/OpenFileInputStreamAction
instanceKlass  @bci sun/security/util/KeyStoreDelegator <init> (Ljava/lang/String;Ljava/lang/Class;Ljava/lang/String;Ljava/lang/Class;)V 4 <appendix> argL0 ; # sun/security/util/KeyStoreDelegator$$Lambda+0x0000016faf442628
instanceKlass org/apache/maven/settings/io/DefaultSettingsReader
instanceKlass org/apache/maven/settings/io/SettingsReader
instanceKlass org/eclipse/lsp4j/jsonrpc/services/JsonSegment
instanceKlass java/security/KeyStoreSpi
instanceKlass org/eclipse/lsp4j/jsonrpc/services/AnnotationUtil
instanceKlass  @bci org/eclipse/lsp4j/jsonrpc/services/ServiceEndpoints getSupportedMethods (Ljava/lang/Class;Ljava/util/Set;)Ljava/util/Map; 11 <appendix> member <vmtarget> ; # org/eclipse/lsp4j/jsonrpc/services/ServiceEndpoints$$Lambda+0x0000016faf425c18
instanceKlass org/eclipse/lsp4j/jsonrpc/services/AnnotationUtil$MethodInfo
instanceKlass org/apache/maven/settings/crypto/DefaultSettingsDecrypter
instanceKlass org/apache/maven/settings/crypto/SettingsDecrypter
instanceKlass org/eclipse/lsp4j/jsonrpc/services/ServiceEndpoints
instanceKlass org/apache/maven/settings/building/DefaultSettingsBuilder
instanceKlass  @bci java/security/KeyStore getDefaultType ()Ljava/lang/String; 0 <appendix> argL0 ; # java/security/KeyStore$$Lambda+0x0000016faf441320
instanceKlass java/security/KeyStore
instanceKlass sun/security/ssl/TrustStoreManager$TrustStoreDescriptor$1
instanceKlass sun/security/util/FilePaths
instanceKlass sun/security/ssl/TrustStoreManager$TrustStoreDescriptor
instanceKlass org/eclipse/lsp4j/jsonrpc/json/MethodProvider
instanceKlass org/eclipse/lsp4j/jsonrpc/Endpoint
instanceKlass sun/security/ssl/TrustStoreManager$TrustAnchorManager
instanceKlass sun/security/ssl/TrustStoreManager
instanceKlass org/eclipse/lsp4j/jsonrpc/MessageProducer
instanceKlass org/eclipse/lsp4j/jsonrpc/MessageConsumer
instanceKlass org/eclipse/lsp4j/jsonrpc/MessageIssueHandler
instanceKlass org/eclipse/lsp4j/jsonrpc/Launcher$Builder
# instanceKlass java/lang/invoke/LambdaForm$MH+0x0000016faf424400
instanceKlass javax/net/ssl/TrustManagerFactorySpi
instanceKlass  @bci javax/net/ssl/TrustManagerFactory getDefaultAlgorithm ()Ljava/lang/String; 0 <appendix> argL0 ; # javax/net/ssl/TrustManagerFactory$$Lambda+0x0000016faf440000
instanceKlass org/eclipse/lsp4j/jsonrpc/Launcher
instanceKlass org/eclipse/jdt/ls/core/internal/JavaClientConnection$JavaLanguageClient
instanceKlass org/eclipse/jdt/ls/core/internal/lsp/ExecuteCommandProposedClient
instanceKlass org/eclipse/lsp4j/services/LanguageClient
instanceKlass org/eclipse/aether/transport/wagon/WagonTransporterFactory
instanceKlass javax/net/ssl/TrustManagerFactory
instanceKlass sun/security/ssl/SSLContextImpl$DefaultManagersHolder
instanceKlass sun/security/ssl/SSLSessionContextImpl
instanceKlass javax/net/ssl/SSLSessionContext
instanceKlass sun/security/ssl/EphemeralKeyManager$EphemeralKeyPair
instanceKlass sun/security/ssl/EphemeralKeyManager
instanceKlass org/eclipse/aether/internal/transport/wagon/PlexusWagonProvider
instanceKlass org/eclipse/aether/transport/wagon/WagonProvider
instanceKlass org/eclipse/jdt/internal/launching/environments/Analyzer
instanceKlass org/eclipse/jdt/launching/environments/IExecutionEnvironmentAnalyzerDelegate
instanceKlass org/eclipse/aether/internal/transport/wagon/PlexusWagonConfigurator
instanceKlass org/eclipse/aether/transport/wagon/WagonConfigurator
instanceKlass sun/security/ssl/SSLContextImpl$CustomizedSSLProtocols
instanceKlass org/eclipse/aether/transport/http/ChecksumExtractor
instanceKlass org/eclipse/aether/transport/http/HttpTransporterFactory
instanceKlass org/eclipse/aether/transport/file/FileTransporterFactory
instanceKlass org/eclipse/aether/spi/connector/transport/TransporterFactory
instanceKlass org/apache/maven/repository/internal/VersionsMetadataGeneratorFactory
instanceKlass java/security/spec/NamedParameterSpec
instanceKlass sun/security/util/ECKeySizeParameterSpec
instanceKlass org/apache/maven/repository/internal/SnapshotMetadataGeneratorFactory
instanceKlass java/security/AlgorithmParametersSpi
instanceKlass java/security/AlgorithmParameters
instanceKlass sun/security/util/ECUtil
instanceKlass org/apache/maven/repository/internal/PluginsMetadataGeneratorFactory
instanceKlass org/eclipse/aether/impl/MetadataGeneratorFactory
instanceKlass org/eclipse/jdt/internal/launching/environments/AccessRuleParticipant
instanceKlass org/apache/maven/repository/internal/DefaultVersionResolver
instanceKlass org/eclipse/aether/impl/VersionResolver
instanceKlass org/eclipse/jdt/internal/launching/environments/ExecutionEnvironment$1
instanceKlass java/security/KeyPairGeneratorSpi
instanceKlass org/apache/maven/repository/internal/DefaultVersionRangeResolver
instanceKlass org/eclipse/aether/impl/VersionRangeResolver
instanceKlass javax/crypto/KeyAgreement
instanceKlass org/eclipse/jdt/launching/environments/IAccessRuleParticipant
instanceKlass org/eclipse/jdt/internal/launching/environments/ExecutionEnvironment
instanceKlass org/apache/maven/repository/internal/DefaultModelCacheFactory
instanceKlass org/apache/maven/repository/internal/ModelCacheFactory
instanceKlass org/apache/maven/repository/internal/DefaultArtifactDescriptorReader
instanceKlass org/eclipse/aether/impl/ArtifactDescriptorReader
instanceKlass  @bci org/eclipse/jdt/internal/launching/environments/EnvironmentsManager initializeExtensions ()V 14 <appendix> argL0 ; # org/eclipse/jdt/internal/launching/environments/EnvironmentsManager$$Lambda+0x0000016faf420780
instanceKlass  @bci org/eclipse/jdt/internal/launching/environments/EnvironmentsManager initializeExtensions ()V 9 <appendix> member <vmtarget> ; # org/eclipse/jdt/internal/launching/environments/EnvironmentsManager$$Lambda+0x0000016faf4204e0
instanceKlass sun/security/ssl/JsseJce$EcAvailability
instanceKlass sun/security/ssl/SSLAlgorithmDecomposer$1
instanceKlass  @cpi org/eclipse/jdt/internal/launching/environments/EnvironmentsManager 650 form vmentry <vmtarget> ; # java/lang/invoke/LambdaForm$DMH+0x0000016faf424000
instanceKlass org/eclipse/jdt/launching/environments/IExecutionEnvironment
instanceKlass org/eclipse/jdt/internal/launching/environments/EnvironmentsManager
instanceKlass org/eclipse/jdt/core/ClasspathContainerInitializer
instanceKlass org/eclipse/jdt/internal/core/JavaModelManager$10
instanceKlass sun/security/ssl/Utilities
instanceKlass org/eclipse/aether/named/support/NamedLockFactorySupport
instanceKlass org/eclipse/aether/named/NamedLockFactory
instanceKlass sun/security/ssl/JsseJce
instanceKlass sun/nio/ch/Invoker$GroupAndInvokeCount
instanceKlass sun/security/ssl/NamedGroup$XDHScheme
instanceKlass sun/security/ssl/NamedGroup$FFDHEScheme
instanceKlass sun/nio/ch/Invoker
instanceKlass org/eclipse/jdt/ls/core/internal/ParentProcessWatcher
instanceKlass sun/security/ssl/NamedGroup$ECDHEScheme
instanceKlass sun/security/ssl/NamedGroup$NamedGroupScheme
instanceKlass sun/nio/ch/PendingIoCache
instanceKlass sun/nio/ch/AsynchronousChannelGroupImpl$1
instanceKlass sun/nio/ch/AsynchronousChannelGroupImpl$2
instanceKlass org/eclipse/aether/internal/impl/synccontext/named/providers/StaticNameMapperProvider
instanceKlass sun/security/ssl/SSLCipher$1
instanceKlass sun/nio/ch/Iocp$EventHandlerTask
instanceKlass  @bci sun/nio/ch/ThreadPool defaultThreadFactory ()Ljava/util/concurrent/ThreadFactory; 6 <appendix> argL0 ; # sun/nio/ch/ThreadPool$$Lambda+0x0000016faf379750
instanceKlass sun/nio/ch/ThreadPool
instanceKlass sun/nio/ch/Iocp$CompletionStatus
instanceKlass org/eclipse/aether/internal/impl/synccontext/named/providers/GAVNameMapperProvider
instanceKlass java/nio/channels/AsynchronousChannelGroup
instanceKlass org/eclipse/jdt/ls/core/internal/JobHelpers$ProjectRegistryRefreshJobMatcher
instanceKlass org/eclipse/jdt/ls/core/internal/JobHelpers$IJobMatcher
instanceKlass org/eclipse/jdt/ls/core/internal/JobHelpers
instanceKlass sun/nio/ch/WindowsAsynchronousFileChannelImpl$DefaultIocpHolder
instanceKlass sun/nio/ch/Groupable
instanceKlass sun/nio/ch/Iocp$OverlappedChannel
instanceKlass sun/security/ssl/SSLCipher$T13CC20P1305WriteCipherGenerator
instanceKlass sun/security/ssl/SSLCipher$T12CC20P1305WriteCipherGenerator
instanceKlass sun/security/ssl/SSLCipher$T13CC20P1305ReadCipherGenerator
instanceKlass sun/security/ssl/SSLCipher$T12CC20P1305ReadCipherGenerator
instanceKlass sun/security/ssl/SSLCipher$T13GcmWriteCipherGenerator
instanceKlass sun/security/ssl/SSLCipher$T13GcmReadCipherGenerator
instanceKlass sun/nio/fs/WindowsChannelFactory$2
instanceKlass java/nio/channels/AsynchronousFileChannel
instanceKlass sun/security/ssl/SSLCipher$T12GcmWriteCipherGenerator
instanceKlass sun/security/ssl/SSLCipher$T12GcmReadCipherGenerator
instanceKlass java/net/ProtocolFamily
instanceKlass org/eclipse/jdt/ls/core/internal/ConnectionStreamFactory$PipeStreamProvider
instanceKlass org/eclipse/aether/internal/impl/synccontext/named/providers/GAECVNameMapperProvider
instanceKlass  @bci org/eclipse/jdt/ls/core/internal/ConnectionStreamFactory getPipeFile ()Ljava/io/File; 58 <appendix> argL0 ; # org/eclipse/jdt/ls/core/internal/ConnectionStreamFactory$$Lambda+0x0000016faf3cf9e8
instanceKlass com/sun/crypto/provider/AESConstants
instanceKlass java/lang/ProcessHandleImpl$Info
instanceKlass java/lang/ProcessHandle$Info
instanceKlass  @bci java/lang/ProcessHandleImpl lambda$static$1 ()Ljava/util/concurrent/Executor; 45 <appendix> form vmentry <vmtarget> ; # java/lang/invoke/LambdaForm$DMH+0x0000016faf419800
instanceKlass  @bci java/lang/ProcessHandleImpl lambda$static$1 ()Ljava/util/concurrent/Executor; 45 <appendix> member <vmtarget> ; # java/lang/ProcessHandleImpl$$Lambda+0x0000016faf3747a0
instanceKlass  @cpi java/lang/ProcessHandleImpl 436 form vmentry <vmtarget> ; # java/lang/invoke/LambdaForm$DMH+0x0000016faf419400
# instanceKlass java/lang/invoke/LambdaForm$DMH+0x0000016faf419000
instanceKlass java/util/Vector$1
instanceKlass  @bci java/lang/ProcessHandleImpl <clinit> ()V 32 <appendix> argL0 ; # java/lang/ProcessHandleImpl$$Lambda+0x0000016faf373e60
instanceKlass  @bci javax/crypto/JceSecurityManager <clinit> ()V 67 <appendix> argL0 ; # javax/crypto/JceSecurityManager$$Lambda+0x0000016faf374080
instanceKlass org/eclipse/aether/internal/impl/synccontext/named/providers/FileStaticNameMapperProvider
instanceKlass org/eclipse/aether/internal/impl/synccontext/named/providers/FileHashingGAVNameMapperProvider
instanceKlass java/lang/ProcessHandleImpl
instanceKlass  @bci javax/crypto/JceSecurityManager <clinit> ()V 49 <appendix> argL0 ; # javax/crypto/JceSecurityManager$$Lambda+0x0000016faf3739a0
instanceKlass javax/crypto/JceSecurityManager
instanceKlass java/lang/ProcessHandle
instanceKlass org/eclipse/aether/internal/impl/synccontext/named/providers/FileHashingGAECVNameMapperProvider
instanceKlass org/eclipse/jdt/ls/core/internal/ConnectionStreamFactory$StreamProvider
instanceKlass sun/security/ssl/SSLCipher$T11BlockWriteCipherGenerator
instanceKlass sun/security/ssl/SSLCipher$T11BlockReadCipherGenerator
instanceKlass org/eclipse/jdt/ls/core/internal/ConnectionStreamFactory
instanceKlass com/sun/crypto/provider/PKCS5Padding
instanceKlass com/sun/crypto/provider/Padding
instanceKlass com/sun/crypto/provider/FeedbackCipher
instanceKlass org/eclipse/jdt/ls/core/internal/JVMConfigurator
instanceKlass com/sun/crypto/provider/SymmetricCipher
instanceKlass com/sun/crypto/provider/DESConstants
instanceKlass com/sun/crypto/provider/CipherCore
instanceKlass org/eclipse/jdt/ls/core/internal/handlers/TypeHierarchyHandler
instanceKlass sun/security/ssl/SSLCipher$T10BlockWriteCipherGenerator
instanceKlass sun/security/ssl/SSLCipher$T10BlockReadCipherGenerator
instanceKlass org/eclipse/jdt/ls/core/internal/handlers/WorkspaceExecuteCommandHandler$CommandHandlerHolder
instanceKlass javax/crypto/CipherSpi
instanceKlass  @bci org/eclipse/buildship/core/internal/CorePlugin scheduleSynchronizationForAbsentModels ()V 15 <appendix> argL0 ; # org/eclipse/buildship/core/internal/CorePlugin$$Lambda+0x0000016faf417680
instanceKlass java/util/Collections$2
instanceKlass org/eclipse/aether/internal/impl/synccontext/named/providers/FileGAVNameMapperProvider
instanceKlass javax/crypto/ProviderVerifier
instanceKlass java/lang/Class$Holder
instanceKlass javax/crypto/JceSecurity$3
instanceKlass javax/crypto/JceSecurity$2
instanceKlass org/eclipse/jdt/ls/core/internal/handlers/WorkspaceExecuteCommandHandler
instanceKlass org/eclipse/buildship/core/internal/extension/DefaultExtensionManager
instanceKlass org/eclipse/buildship/core/internal/operation/DefaultToolingApiOperationManager
instanceKlass org/eclipse/buildship/core/internal/launch/DefaultExternalLaunchConfigurationManager$LaunchConfigurationListener
instanceKlass org/eclipse/buildship/core/internal/launch/DefaultExternalLaunchConfigurationManager
instanceKlass org/eclipse/aether/internal/impl/synccontext/named/providers/FileGAECVNameMapperProvider
instanceKlass org/eclipse/buildship/core/internal/configuration/BuildConfigurationPersistence
instanceKlass org/eclipse/buildship/core/internal/configuration/WorkspaceConfigurationPersistence
instanceKlass java/util/Vector$Itr
instanceKlass javax/crypto/CryptoPolicyParser$CryptoPermissionEntry
instanceKlass javax/crypto/CryptoPolicyParser$GrantEntry
instanceKlass java/io/StreamTokenizer
instanceKlass org/eclipse/buildship/core/GradleDistribution
instanceKlass org/eclipse/jdt/ls/core/internal/handlers/BaseDocumentLifeCycleHandler
instanceKlass org/eclipse/aether/internal/impl/synccontext/named/NameMapper
instanceKlass org/eclipse/aether/internal/impl/synccontext/named/providers/DiscriminatingNameMapperProvider
instanceKlass javax/crypto/CryptoPolicyParser
instanceKlass org/eclipse/buildship/core/internal/configuration/BuildConfiguration
instanceKlass org/eclipse/buildship/core/internal/configuration/RunConfiguration
instanceKlass org/eclipse/buildship/core/internal/launch/BaseRunConfigurationAttributes
instanceKlass org/eclipse/aether/internal/impl/synccontext/named/NamedLockFactoryAdapterFactoryImpl
instanceKlass org/eclipse/aether/internal/impl/synccontext/named/NamedLockFactoryAdapterFactory
instanceKlass org/eclipse/lsp4j/WorkDoneProgressParams
instanceKlass org/eclipse/lsp4j/PartialResultParams
instanceKlass org/eclipse/buildship/core/internal/configuration/TestRunConfiguration
instanceKlass org/eclipse/buildship/core/internal/configuration/BaseRunConfiguration
instanceKlass org/eclipse/buildship/core/internal/configuration/ProjectConfiguration
instanceKlass org/eclipse/buildship/core/internal/configuration/DefaultConfigurationManager
instanceKlass org/eclipse/buildship/core/internal/invocation/InvocationCustomizerCollector
instanceKlass org/eclipse/buildship/core/internal/operation/ToolingApiJobResultHandler
instanceKlass java/nio/file/Files$1
instanceKlass sun/nio/fs/WindowsFileSystem$2
instanceKlass java/nio/file/PathMatcher
instanceKlass org/eclipse/buildship/core/internal/workspace/SynchronizingBuildScriptUpdateListener
instanceKlass sun/nio/fs/Globs
instanceKlass javax/crypto/JceSecurity$1
instanceKlass javax/crypto/JceSecurity
instanceKlass org/eclipse/lsp4j/TextDocumentPositionParams
instanceKlass org/eclipse/aether/internal/impl/synccontext/legacy/DefaultSyncContextFactory
instanceKlass org/eclipse/aether/impl/SyncContextFactory
instanceKlass org/eclipse/buildship/core/internal/configuration/GradleProjectNature
instanceKlass org/eclipse/buildship/core/internal/workspace/ProjectChangeListener
instanceKlass org/eclipse/buildship/core/internal/preferences/PersistentModel
instanceKlass org/eclipse/buildship/core/internal/preferences/DefaultModelPersistence
instanceKlass org/eclipse/buildship/core/internal/event/EventListener
instanceKlass org/eclipse/debug/core/model/ISourceLocator
instanceKlass org/eclipse/buildship/core/internal/event/DefaultListenerRegistry
instanceKlass org/eclipse/jdt/internal/launching/sourcelookup/advanced/AdvancedSourceLookupSupport
instanceKlass org/eclipse/debug/internal/core/groups/GroupMemberChangeListener
instanceKlass org/eclipse/aether/internal/impl/synccontext/DefaultSyncContextFactory
instanceKlass org/eclipse/aether/spi/synccontext/SyncContextFactory
instanceKlass org/eclipse/aether/internal/impl/slf4j/Slf4jLoggerFactory
instanceKlass org/eclipse/aether/internal/impl/resolution/ArtifactResolverPostProcessorSupport
instanceKlass javax/crypto/Cipher$Transform
instanceKlass javax/crypto/Cipher
instanceKlass sun/security/ssl/SSLCipher$StreamWriteCipherGenerator
instanceKlass sun/security/ssl/SSLCipher$StreamReadCipherGenerator
instanceKlass org/eclipse/aether/internal/impl/filter/RemoteRepositoryFilterSourceSupport
instanceKlass org/eclipse/aether/spi/connector/filter/RemoteRepositoryFilterSource
instanceKlass sun/security/ssl/SSLCipher$NullWriteCipherGenerator
instanceKlass sun/security/ssl/SSLCipher$WriteCipherGenerator
instanceKlass sun/security/ssl/SSLCipher$NullReadCipherGenerator
instanceKlass sun/security/ssl/SSLCipher$ReadCipherGenerator
instanceKlass org/eclipse/jdt/launching/StandardClasspathProvider
instanceKlass org/eclipse/aether/spi/resolution/ArtifactResolverPostProcessor
instanceKlass org/eclipse/jdt/launching/IVMConnector
instanceKlass org/eclipse/jdt/launching/IRuntimeClasspathEntry
instanceKlass org/eclipse/jdt/launching/IRuntimeClasspathEntryResolver
instanceKlass org/eclipse/jdt/launching/environments/IExecutionEnvironmentsManager
instanceKlass org/eclipse/core/internal/watson/ElementTreeIterator
instanceKlass  @bci org/eclipse/core/internal/resources/Resource accept (Lorg/eclipse/core/resources/IResourceProxyVisitor;II)V 50 <adapter> ; # java/lang/invoke/LambdaForm$MH+0x0000016faf411c00
# instanceKlass java/lang/invoke/LambdaForm$DMH+0x0000016faf411800
instanceKlass  @bci org/eclipse/core/internal/resources/Resource accept (Lorg/eclipse/core/resources/IResourceProxyVisitor;II)V 50 <appendix> form vmentry <vmtarget> ; # java/lang/invoke/LambdaForm$DMH+0x0000016faf411400
instanceKlass  @bci org/eclipse/core/internal/resources/Resource accept (Lorg/eclipse/core/resources/IResourceProxyVisitor;II)V 50 <appendix> member <vmtarget> ; # org/eclipse/core/internal/resources/Resource$$Lambda+0x0000016faf296378
instanceKlass  @cpi org/eclipse/core/internal/resources/Resource 1633 form vmentry <vmtarget> ; # java/lang/invoke/LambdaForm$DMH+0x0000016faf411000
instanceKlass  @bci sun/security/util/DisabledAlgorithmConstraints checkDisabledPatterns (Ljava/lang/String;)Z 17 <appendix> member <vmtarget> ; # sun/security/util/DisabledAlgorithmConstraints$$Lambda+0x0000016faf36bb20
instanceKlass org/eclipse/core/internal/resources/ResourceProxy
instanceKlass org/eclipse/jdt/launching/IVMInstall
instanceKlass org/eclipse/jdt/launching/IRuntimeClasspathProvider
instanceKlass org/eclipse/debug/internal/core/LaunchManager$ResourceProxyVisitor
instanceKlass org/eclipse/jdt/launching/JavaRuntime
instanceKlass org/eclipse/aether/internal/impl/filter/DefaultRemoteRepositoryFilterManager
instanceKlass org/eclipse/aether/impl/RemoteRepositoryFilterManager
instanceKlass sun/security/ssl/SSLAlgorithmConstraints
instanceKlass sun/security/ssl/SSLLogger
instanceKlass org/eclipse/debug/core/ILaunchMode
instanceKlass org/eclipse/jdt/internal/launching/LaunchingPlugin$1$1
instanceKlass org/eclipse/core/resources/IResourceProxyVisitor
instanceKlass org/eclipse/debug/core/ILaunchDelegate
instanceKlass  @bci sun/security/ssl/SunJSSE registerAlgorithms ()V 1 <appendix> member <vmtarget> ; # sun/security/ssl/SunJSSE$$Lambda+0x0000016faf369498
instanceKlass org/eclipse/aether/internal/impl/collect/DependencyCollectorDelegate
instanceKlass sun/security/ec/SunEC$1
instanceKlass org/eclipse/debug/core/model/IDebugElement
instanceKlass org/eclipse/debug/core/ILaunch
instanceKlass org/eclipse/debug/core/model/ISuspendResume
instanceKlass org/eclipse/debug/core/model/IStepFilters
instanceKlass org/eclipse/debug/core/model/IStep
instanceKlass org/eclipse/debug/core/model/IDropToFrame
instanceKlass org/eclipse/aether/internal/impl/collect/DefaultDependencyCollector
instanceKlass org/eclipse/aether/impl/DependencyCollector
instanceKlass org/eclipse/aether/internal/impl/checksum/TrustedToProvidedChecksumsSourceAdapter
instanceKlass org/eclipse/aether/spi/checksums/ProvidedChecksumsSource
instanceKlass org/eclipse/debug/core/model/IDisconnect
instanceKlass org/eclipse/aether/internal/impl/checksum/FileTrustedChecksumsSourceSupport
instanceKlass org/eclipse/aether/spi/checksums/TrustedChecksumsSource
instanceKlass org/eclipse/debug/internal/core/commands/ForEachCommand$ExclusiveRule
instanceKlass org/eclipse/debug/core/commands/AbstractDebugCommand
instanceKlass org/eclipse/debug/core/commands/IStepFiltersHandler
instanceKlass org/eclipse/debug/core/commands/IResumeHandler
instanceKlass org/eclipse/aether/spi/connector/checksum/ChecksumAlgorithmFactorySupport
instanceKlass org/eclipse/debug/core/commands/ISuspendHandler
instanceKlass org/eclipse/aether/spi/connector/checksum/ChecksumAlgorithmFactory
instanceKlass org/eclipse/debug/core/commands/IDisconnectHandler
instanceKlass org/eclipse/debug/core/commands/IDropToFrameHandler
instanceKlass org/eclipse/debug/core/commands/IStepReturnHandler
instanceKlass org/eclipse/debug/core/commands/IStepIntoHandler
instanceKlass org/eclipse/debug/core/commands/IStepOverHandler
instanceKlass org/eclipse/debug/core/commands/ITerminateHandler
instanceKlass org/eclipse/debug/core/commands/IDebugCommandHandler
instanceKlass org/eclipse/debug/internal/core/commands/CommandAdapterFactory
instanceKlass org/eclipse/aether/internal/impl/checksum/DefaultChecksumAlgorithmFactorySelector
instanceKlass org/eclipse/aether/spi/connector/checksum/ChecksumAlgorithmFactorySelector
instanceKlass org/eclipse/debug/core/DebugPlugin$1$1
instanceKlass org/eclipse/aether/internal/impl/SimpleLocalRepositoryManagerFactory
instanceKlass org/eclipse/debug/internal/core/DebugOptions
instanceKlass org/eclipse/debug/core/IDebugEventSetListener
instanceKlass org/eclipse/debug/core/ILaunchesListener
instanceKlass org/eclipse/debug/core/DebugPlugin$AsynchRunner
instanceKlass org/eclipse/debug/core/DebugPlugin$EventNotifier
instanceKlass org/eclipse/jdt/launching/IVMInstallChangedListener
instanceKlass org/eclipse/aether/internal/impl/Maven2RepositoryLayoutFactory
instanceKlass org/eclipse/aether/spi/connector/layout/RepositoryLayoutFactory
instanceKlass org/eclipse/aether/spi/log/LoggerFactory
instanceKlass org/eclipse/aether/internal/impl/LoggerFactoryProvider
instanceKlass org/eclipse/aether/internal/impl/EnhancedLocalRepositoryManagerFactory
instanceKlass org/eclipse/aether/spi/localrepo/LocalRepositoryManagerFactory
instanceKlass java/util/concurrent/Executors$DefaultThreadFactory
instanceKlass org/eclipse/jdt/ls/core/internal/ProjectUtils
instanceKlass org/eclipse/aether/internal/impl/DefaultUpdatePolicyAnalyzer
instanceKlass org/eclipse/aether/impl/UpdatePolicyAnalyzer
instanceKlass org/eclipse/aether/internal/impl/DefaultUpdateCheckManager
instanceKlass sun/security/jca/ProviderConfig$ProviderLoader
instanceKlass com/google/gson/JsonElement
instanceKlass org/eclipse/debug/core/ILaunchManager
instanceKlass org/eclipse/aether/impl/UpdateCheckManager
instanceKlass sun/security/jca/ProviderConfig$3
instanceKlass javax/net/ssl/SSLContextSpi
instanceKlass javax/net/ssl/SSLContext
instanceKlass  @bci javax/net/ssl/SSLSocketFactory getSecurityProperty (Ljava/lang/String;)Ljava/lang/String; 1 <appendix> member <vmtarget> ; # javax/net/ssl/SSLSocketFactory$$Lambda+0x0000016faf367e18
instanceKlass org/eclipse/jdt/ls/core/internal/managers/TelemetryManager
instanceKlass javax/net/ssl/SSLSocketFactory$DefaultFactoryHolder
instanceKlass org/eclipse/debug/core/ILaunchConfigurationListener
instanceKlass javax/net/SocketFactory
instanceKlass javax/net/ssl/HttpsURLConnection$DefaultHostnameVerifier
instanceKlass javax/net/ssl/HostnameVerifier
instanceKlass org/eclipse/core/runtime/jobs/ProgressProvider
instanceKlass org/eclipse/jdt/ls/core/internal/LanguageServerApplication
instanceKlass org/eclipse/equinox/app/IApplication
instanceKlass org/eclipse/aether/internal/impl/DefaultTransporterProvider
instanceKlass org/eclipse/aether/spi/connector/transport/TransporterProvider
instanceKlass org/eclipse/debug/core/IMemoryBlockManager
instanceKlass org/eclipse/debug/core/IExpressionManager
instanceKlass org/eclipse/debug/core/IBreakpointManager
instanceKlass org/eclipse/debug/core/model/IProcess
instanceKlass org/eclipse/debug/core/model/ITerminate
instanceKlass org/eclipse/osgi/internal/url/URLStreamHandlerProxy$1
instanceKlass org/eclipse/osgi/internal/url/URLStreamHandlerSetter
instanceKlass org/eclipse/core/runtime/internal/adaptor/EclipseAppLauncher
instanceKlass org/eclipse/osgi/internal/url/NullURLStreamHandlerService
instanceKlass org/eclipse/aether/internal/impl/DefaultTrackingFileManager
instanceKlass org/eclipse/aether/internal/impl/TrackingFileManager
instanceKlass org/osgi/service/url/URLStreamHandlerSetter
instanceKlass org/eclipse/aether/internal/impl/DefaultRepositorySystemLifecycle
instanceKlass org/eclipse/aether/impl/RepositorySystemLifecycle
instanceKlass  @bci org/eclipse/osgi/internal/url/URLStreamHandlerFactoryImpl createInternalURLStreamHandler (Ljava/lang/String;)Ljava/net/URLStreamHandler; 18 <appendix> member <vmtarget> ; # org/eclipse/osgi/internal/url/URLStreamHandlerFactoryImpl$$Lambda+0x0000016faf3fc480
instanceKlass  @bci org/eclipse/equinox/plurl/impl/PlurlImpl$PlurlFactoryHolder getHandler (Ljava/lang/String;)Ljava/lang/Object; 35 <appendix> member <vmtarget> ; # org/eclipse/equinox/plurl/impl/PlurlImpl$PlurlFactoryHolder$$Lambda+0x0000016faf3fc238
instanceKlass org/eclipse/equinox/plurl/impl/PlurlImpl$4
instanceKlass java/util/concurrent/locks/ReentrantReadWriteLock$Sync$HoldCounter
instanceKlass ch/qos/logback/classic/spi/EventArgUtil
instanceKlass org/eclipse/aether/internal/impl/DefaultRepositorySystem
instanceKlass org/eclipse/aether/RepositorySystem
instanceKlass ch/qos/logback/classic/spi/IThrowableProxy
instanceKlass ch/qos/logback/classic/spi/LoggingEvent
instanceKlass org/eclipse/debug/core/ILaunchConfiguration
instanceKlass org/eclipse/aether/internal/impl/DefaultRepositoryLayoutProvider
instanceKlass org/eclipse/aether/spi/connector/layout/RepositoryLayoutProvider
instanceKlass org/eclipse/aether/internal/impl/DefaultRepositoryEventDispatcher
instanceKlass org/eclipse/aether/impl/RepositoryEventDispatcher
instanceKlass org/eclipse/buildship/core/internal/launch/DefaultGradleLaunchConfigurationManager
instanceKlass org/eclipse/buildship/core/internal/console/StdProcessStreamsProvider$1
instanceKlass org/eclipse/buildship/core/internal/console/ProcessStreams
instanceKlass org/eclipse/buildship/core/internal/console/StdProcessStreamsProvider
instanceKlass org/eclipse/aether/internal/impl/DefaultRepositoryConnectorProvider
instanceKlass org/eclipse/aether/impl/RepositoryConnectorProvider
instanceKlass org/eclipse/aether/internal/impl/DefaultRemoteRepositoryManager
instanceKlass org/eclipse/aether/impl/RemoteRepositoryManager
instanceKlass org/eclipse/aether/internal/impl/DefaultOfflineController
instanceKlass org/eclipse/aether/impl/OfflineController
instanceKlass org/eclipse/buildship/core/internal/workspace/InternalGradleBuild
instanceKlass org/eclipse/buildship/core/internal/workspace/DefaultGradleWorkspace
instanceKlass org/eclipse/buildship/core/internal/event/Event
instanceKlass org/eclipse/buildship/core/internal/workspace/DefaultWorkspaceOperations
instanceKlass org/eclipse/aether/internal/impl/DefaultMetadataResolver
instanceKlass com/google/gson/reflect/TypeToken
instanceKlass org/eclipse/buildship/core/internal/util/gradle/PublishedGradleVersions
instanceKlass org/eclipse/aether/impl/MetadataResolver
instanceKlass org/eclipse/buildship/core/internal/util/gradle/PublishedGradleVersionsWrapper$LoadVersionsJob$1
instanceKlass org/eclipse/buildship/core/internal/util/logging/EclipseLogger
instanceKlass org/eclipse/aether/internal/impl/DefaultLocalRepositoryProvider
instanceKlass org/eclipse/aether/impl/LocalRepositoryProvider
instanceKlass org/eclipse/buildship/core/internal/util/gradle/PublishedGradleVersionsWrapper
instanceKlass org/eclipse/buildship/core/internal/Logger
instanceKlass org/eclipse/buildship/core/internal/console/ProcessStreamsProvider
instanceKlass org/eclipse/buildship/core/GradleBuild
instanceKlass org/eclipse/buildship/core/internal/launch/GradleLaunchConfigurationManager
instanceKlass org/eclipse/aether/internal/impl/LocalPathPrefixComposerFactorySupport
instanceKlass org/eclipse/aether/internal/impl/LocalPathPrefixComposerFactory
instanceKlass org/eclipse/buildship/core/internal/preferences/ModelPersistence
instanceKlass org/eclipse/buildship/core/internal/workspace/InternalGradleWorkspace
instanceKlass org/eclipse/buildship/core/GradleWorkspace
instanceKlass org/eclipse/buildship/core/internal/workspace/WorkspaceOperations
instanceKlass org/eclipse/buildship/core/internal/event/ListenerRegistry
instanceKlass org/eclipse/buildship/core/internal/launch/ExternalLaunchConfigurationManager
instanceKlass org/eclipse/buildship/core/internal/extension/ExtensionManager
instanceKlass org/eclipse/aether/internal/impl/DefaultLocalPathComposer
instanceKlass org/eclipse/aether/internal/impl/LocalPathComposer
instanceKlass org/eclipse/aether/internal/impl/DefaultInstaller
instanceKlass org/eclipse/aether/impl/Installer
instanceKlass org/eclipse/buildship/core/internal/operation/ToolingApiOperationManager
instanceKlass org/eclipse/buildship/core/internal/configuration/ConfigurationManager
instanceKlass org/eclipse/buildship/core/invocation/InvocationCustomizer
instanceKlass org/eclipse/buildship/core/internal/TraceScope
instanceKlass org/eclipse/aether/internal/impl/DefaultFileProcessor
instanceKlass org/eclipse/aether/spi/io/FileProcessor
instanceKlass org/eclipse/aether/internal/impl/DefaultDeployer
instanceKlass org/eclipse/aether/impl/Deployer
instanceKlass org/eclipse/jdt/ls/core/internal/handlers/BundleUtils
instanceKlass org/eclipse/aether/internal/impl/DefaultChecksumPolicyProvider
instanceKlass org/eclipse/aether/spi/connector/checksum/ChecksumPolicyProvider
instanceKlass org/eclipse/aether/internal/impl/DefaultArtifactResolver
instanceKlass org/eclipse/aether/impl/ArtifactResolver
instanceKlass org/eclipse/aether/connector/basic/BasicRepositoryConnectorFactory
instanceKlass org/eclipse/aether/spi/locator/Service
instanceKlass org/eclipse/aether/spi/connector/RepositoryConnectorFactory
instanceKlass org/apache/maven/model/validation/DefaultModelValidator
instanceKlass org/apache/maven/model/validation/ModelValidator
instanceKlass org/apache/maven/model/superpom/DefaultSuperPomProvider
instanceKlass org/apache/maven/model/superpom/SuperPomProvider
instanceKlass org/apache/maven/model/profile/activation/PropertyProfileActivator
instanceKlass org/apache/maven/model/profile/activation/OperatingSystemProfileActivator
instanceKlass org/apache/maven/model/profile/activation/JdkVersionProfileActivator
instanceKlass org/apache/maven/model/profile/activation/FileProfileActivator
instanceKlass org/apache/maven/model/profile/activation/ProfileActivator
instanceKlass org/apache/maven/model/profile/DefaultProfileSelector
instanceKlass org/apache/maven/model/profile/ProfileSelector
instanceKlass org/apache/maven/model/profile/DefaultProfileInjector
instanceKlass org/apache/maven/model/profile/ProfileInjector
instanceKlass org/apache/maven/model/plugin/DefaultReportingConverter
instanceKlass org/apache/maven/model/plugin/ReportingConverter
instanceKlass org/apache/maven/model/plugin/DefaultReportConfigurationExpander
instanceKlass org/apache/maven/model/plugin/ReportConfigurationExpander
instanceKlass org/apache/maven/model/plugin/DefaultPluginConfigurationExpander
instanceKlass org/apache/maven/model/plugin/PluginConfigurationExpander
instanceKlass org/apache/maven/model/path/ProfileActivationFilePathInterpolator
instanceKlass org/apache/maven/model/path/DefaultUrlNormalizer
instanceKlass org/apache/maven/model/path/UrlNormalizer
instanceKlass org/apache/maven/model/path/DefaultPathTranslator
instanceKlass org/apache/maven/model/path/PathTranslator
instanceKlass org/apache/maven/model/path/DefaultModelUrlNormalizer
instanceKlass org/apache/maven/model/path/ModelUrlNormalizer
instanceKlass org/apache/maven/model/path/DefaultModelPathTranslator
instanceKlass org/apache/maven/model/path/ModelPathTranslator
instanceKlass org/apache/maven/model/normalization/DefaultModelNormalizer
instanceKlass org/apache/maven/model/normalization/ModelNormalizer
instanceKlass org/apache/maven/model/management/DefaultPluginManagementInjector
instanceKlass org/apache/maven/model/management/PluginManagementInjector
instanceKlass org/apache/maven/model/management/DefaultDependencyManagementInjector
instanceKlass org/apache/maven/model/management/DependencyManagementInjector
instanceKlass org/eclipse/equinox/internal/security/storage/SecurePreferencesWrapper
instanceKlass org/eclipse/equinox/security/storage/ISecurePreferences
instanceKlass org/eclipse/equinox/internal/security/storage/SecurePreferencesContainer
instanceKlass  @bci org/eclipse/equinox/internal/security/storage/SecurePreferencesRoot load ()V 241 <appendix> member <vmtarget> ; # org/eclipse/equinox/internal/security/storage/SecurePreferencesRoot$$Lambda+0x0000016faf3e1348
instanceKlass org/apache/maven/model/locator/DefaultModelLocator
instanceKlass org/apache/maven/model/io/DefaultModelWriter
instanceKlass org/apache/maven/model/io/ModelWriter
instanceKlass org/apache/maven/model/io/DefaultModelReader
instanceKlass javax/crypto/spec/PBEKeySpec
instanceKlass org/apache/maven/model/interpolation/AbstractStringBasedModelInterpolator
instanceKlass org/apache/maven/model/interpolation/ModelInterpolator
instanceKlass org/eclipse/equinox/internal/security/storage/PasswordExt
instanceKlass org/apache/maven/model/interpolation/DefaultModelVersionProcessor
instanceKlass org/apache/maven/model/interpolation/ModelVersionProcessor
instanceKlass org/eclipse/equinox/internal/security/storage/JavaEncryption
instanceKlass org/apache/maven/model/inheritance/DefaultInheritanceAssembler
instanceKlass org/apache/maven/model/inheritance/InheritanceAssembler
instanceKlass org/apache/maven/model/composition/DefaultDependencyManagementImporter
instanceKlass org/apache/maven/model/composition/DependencyManagementImporter
instanceKlass org/eclipse/equinox/security/storage/provider/IPreferencesContainer
instanceKlass org/eclipse/equinox/internal/security/storage/SecurePreferences
instanceKlass org/eclipse/equinox/internal/security/storage/friends/IStorageConstants
instanceKlass org/eclipse/equinox/internal/security/storage/StorageUtils
instanceKlass  @bci sun/reflect/annotation/AnnotationParser parseClassArray (ILjava/nio/ByteBuffer;Ljdk/internal/reflect/ConstantPool;Ljava/lang/Class;)Ljava/lang/Object; 10 <appendix> member <vmtarget> ; # sun/reflect/annotation/AnnotationParser$$Lambda+0x0000016faf364718
instanceKlass org/apache/maven/model/building/DefaultModelProcessor
instanceKlass org/apache/maven/model/building/ModelProcessor
instanceKlass org/apache/maven/model/io/ModelReader
instanceKlass org/apache/maven/model/locator/ModelLocator
instanceKlass org/eclipse/equinox/internal/security/storage/SecurePreferencesMapper
instanceKlass org/eclipse/equinox/security/storage/SecurePreferencesFactory
instanceKlass org/apache/maven/model/building/DefaultModelBuilder
instanceKlass org/apache/maven/model/building/ModelBuilder
instanceKlass org/apache/maven/cli/internal/BootstrapCoreExtensionManager
instanceKlass com/sun/jna/Function$PostCallRead
instanceKlass org/apache/maven/toolchain/io/DefaultToolchainsWriter
instanceKlass org/apache/maven/toolchain/io/ToolchainsWriter
instanceKlass com/sun/jna/NativeString
instanceKlass com/sun/jna/Library$Handler$FunctionInfo
instanceKlass org/apache/maven/toolchain/io/DefaultToolchainsReader
instanceKlass org/apache/maven/toolchain/io/ToolchainsReader
instanceKlass org/apache/maven/toolchain/building/DefaultToolchainsBuilder
instanceKlass org/apache/maven/toolchain/building/ToolchainsBuilder
instanceKlass org/apache/maven/session/scope/internal/SessionScope$ScopeState
instanceKlass com/sun/jna/internal/ReflectionUtils
instanceKlass com/sun/jna/Native$3
instanceKlass  @bci org/apache/maven/session/scope/internal/SessionScope <clinit> ()V 0 <appendix> argL0 ; # org/apache/maven/session/scope/internal/SessionScope$$Lambda+0x0000016faf3d6b78
instanceKlass org/apache/maven/session/scope/internal/SessionScope
instanceKlass com/sun/jna/Library$Handler
instanceKlass com/sun/jna/win32/W32APIFunctionMapper
instanceKlass com/sun/jna/FunctionMapper
instanceKlass org/apache/maven/plugin/internal/MavenPluginMavenPrerequisiteChecker
instanceKlass org/apache/maven/plugin/internal/MavenPluginJavaPrerequisiteChecker
instanceKlass org/apache/maven/plugin/MavenPluginPrerequisitesChecker
instanceKlass com/sun/jna/win32/W32APIOptions
instanceKlass org/eclipse/core/net/internal/proxy/win32/ProxyProviderWin32$WinHttp
instanceKlass com/sun/jna/win32/StdCallLibrary
instanceKlass com/sun/jna/win32/StdCall
instanceKlass com/sun/jna/AltCallingConvention
instanceKlass org/eclipse/core/internal/net/ProxyData
instanceKlass org/eclipse/equinox/internal/security/auth/AuthPlugin
instanceKlass org/apache/maven/plugin/internal/AbstractMavenPluginDependenciesValidator
instanceKlass org/apache/maven/plugin/internal/MavenPluginDependenciesValidator
instanceKlass org/eclipse/core/internal/net/ProxyType
instanceKlass org/eclipse/core/net/proxy/IProxyChangeEvent
instanceKlass org/apache/maven/plugin/internal/AbstractMavenPluginParametersValidator
instanceKlass org/apache/maven/plugin/internal/MavenPluginConfigurationValidator
instanceKlass org/apache/maven/eventspy/AbstractEventSpy
instanceKlass org/apache/maven/plugin/PluginValidationManager
instanceKlass org/eclipse/core/internal/net/AbstractProxyProvider
instanceKlass org/eclipse/core/internal/net/ProxyManager
instanceKlass org/eclipse/core/net/proxy/IProxyService
instanceKlass  @bci org/eclipse/core/internal/net/Policy <clinit> ()V 8 <appendix> argL0 ; # org/eclipse/core/internal/net/Policy$$Lambda+0x0000016faf3d1618
instanceKlass org/eclipse/core/internal/net/Policy
instanceKlass org/eclipse/core/net/proxy/IProxyData
instanceKlass org/eclipse/core/internal/net/PreferenceManager
instanceKlass org/eclipse/core/internal/net/Activator
instanceKlass org/apache/maven/plugin/DefaultMojosExecutionStrategy
instanceKlass org/apache/maven/plugin/MojosExecutionStrategy
instanceKlass org/eclipse/core/internal/net/ProxySelector
instanceKlass org/apache/maven/lifecycle/internal/LifecycleDependencyResolver
instanceKlass org/apache/maven/lifecycle/internal/DefaultProjectArtifactFactory
instanceKlass org/apache/maven/lifecycle/internal/ProjectArtifactFactory
instanceKlass org/apache/maven/internal/aether/ResolverLifecycle
instanceKlass org/apache/maven/internal/aether/DefaultRepositorySystemSessionFactory
instanceKlass org/apache/maven/extension/internal/CoreExportsProvider
instanceKlass java/text/DontCareFieldPosition$1
instanceKlass org/apache/maven/execution/MojoExecutionEvent
instanceKlass org/apache/maven/execution/scope/internal/MojoExecutionScope$ScopeState
instanceKlass org/apache/maven/execution/scope/MojoExecutionScoped
instanceKlass com/google/inject/RestrictedBindingSource$Permit
instanceKlass org/apache/maven/execution/scope/internal/MojoExecutionScope$1
instanceKlass org/apache/maven/execution/scope/internal/MojoExecutionScope
instanceKlass org/apache/maven/execution/MojoExecutionListener
instanceKlass org/eclipse/sisu/space/QualifiedTypeBinder$1
instanceKlass org/eclipse/osgi/framework/log/FrameworkLogEntry
instanceKlass org/apache/maven/execution/DefaultMavenExecutionRequestPopulator
instanceKlass org/eclipse/jdt/ls/core/internal/DiagnosticsState
instanceKlass org/apache/maven/execution/MavenExecutionRequestPopulator
instanceKlass org/eclipse/jdt/ls/core/internal/managers/ContentProviderManager
instanceKlass org/apache/maven/classrealm/DefaultClassRealmManager
instanceKlass org/apache/maven/classrealm/ClassRealmManager
instanceKlass org/eclipse/jdt/ls/core/internal/managers/DigestStore
instanceKlass org/eclipse/lsp4j/jsonrpc/messages/Either
instanceKlass org/apache/maven/SessionScoped
instanceKlass org/eclipse/jdt/ls/core/internal/preferences/IPreferencesChangeListener
instanceKlass org/eclipse/jdt/ls/core/internal/framework/IFrameworkSupport
instanceKlass org/apache/maven/ReactorReader
instanceKlass org/apache/maven/repository/internal/MavenWorkspaceReader
instanceKlass org/apache/maven/DefaultArtifactFilterManager
instanceKlass org/apache/maven/ArtifactFilterManager
instanceKlass org/eclipse/sisu/space/WildcardKey$QualifiedImpl
instanceKlass org/eclipse/sisu/space/WildcardKey$Qualified
instanceKlass org/eclipse/sisu/space/WildcardKey
instanceKlass org/eclipse/sisu/Typed
instanceKlass org/sonatype/inject/EagerSingleton
instanceKlass org/eclipse/sisu/EagerSingleton
instanceKlass org/sonatype/inject/Mediator
instanceKlass org/eclipse/text/templates/TemplateStoreCore
instanceKlass com/sun/org/apache/xml/internal/serializer/WriterChain
instanceKlass org/eclipse/sisu/inject/TypeArguments
instanceKlass org/eclipse/m2e/internal/maven/listener/M2EMavenBuildDataBridge
instanceKlass org/apache/maven/eventspy/EventSpy
instanceKlass org/objectweb/asm/Context
instanceKlass org/objectweb/asm/Attribute
instanceKlass org/objectweb/asm/AnnotationVisitor
instanceKlass com/sun/org/apache/xalan/internal/xsltc/trax/DOM2TO
instanceKlass javax/xml/transform/stax/StAXSource
instanceKlass javax/xml/transform/sax/SAXSource
instanceKlass javax/xml/transform/stream/StreamSource
instanceKlass com/sun/org/apache/xml/internal/serializer/NamespaceMappings$MappingRecord
instanceKlass com/sun/org/apache/xml/internal/serializer/NamespaceMappings
instanceKlass org/objectweb/asm/ClassReader
instanceKlass org/eclipse/sisu/space/IndexedClassFinder$1
instanceKlass org/eclipse/sisu/inject/Logs$SLF4JSink
instanceKlass org/eclipse/sisu/inject/Logs$Sink
instanceKlass org/eclipse/sisu/inject/Logs
instanceKlass org/eclipse/sisu/space/QualifierCache
instanceKlass org/eclipse/sisu/space/QualifiedTypeVisitor
instanceKlass org/eclipse/sisu/plexus/PlexusTypeVisitor$ComponentAnnotationVisitor
instanceKlass org/eclipse/sisu/space/AnnotationVisitor
instanceKlass org/eclipse/sisu/plexus/PlexusTypeVisitor
instanceKlass org/eclipse/sisu/space/ClassVisitor
instanceKlass org/eclipse/sisu/plexus/PlexusXmlBeanModule$PlexusXmlBeanSource
instanceKlass org/eclipse/sisu/inject/DescriptionSource
instanceKlass org/eclipse/sisu/inject/AnnotatedSource
instanceKlass org/eclipse/sisu/Priority
instanceKlass org/eclipse/sisu/Hidden
instanceKlass org/eclipse/sisu/Description
instanceKlass org/eclipse/sisu/inject/Sources
instanceKlass sun/nio/cs/DelegatableDecoder
instanceKlass java/nio/charset/Charset$1
instanceKlass java/nio/charset/Charset$2
instanceKlass java/nio/charset/Charset$ThreadTrackHolder
instanceKlass com/google/inject/internal/MoreTypes$ParameterizedTypeImpl
instanceKlass sun/reflect/generics/reflectiveObjects/ParameterizedTypeImpl
instanceKlass sun/reflect/generics/reflectiveObjects/LazyReflectiveObjectGenerator
instanceKlass org/apache/maven/wagon/Wagon
instanceKlass org/apache/maven/toolchain/ToolchainsBuilder
instanceKlass org/apache/maven/toolchain/ToolchainManagerPrivate
instanceKlass org/apache/maven/toolchain/ToolchainManager
instanceKlass org/apache/maven/toolchain/ToolchainFactory
instanceKlass org/apache/maven/settings/MavenSettingsBuilder
instanceKlass org/apache/maven/rtinfo/RuntimeInformation
instanceKlass java/nio/charset/Charset$ExtendedProviderHolder$1
instanceKlass java/nio/charset/Charset$ExtendedProviderHolder
instanceKlass org/apache/maven/project/artifact/ProjectArtifactsCache
instanceKlass org/apache/maven/project/ProjectDependenciesResolver
instanceKlass  @bci jdk/xml/internal/SecuritySupport getResourceAsStream (Ljava/lang/String;)Ljava/io/InputStream; 1 <appendix> member <vmtarget> ; # jdk/xml/internal/SecuritySupport$$Lambda+0x0000016faf35f020
instanceKlass org/apache/maven/project/ProjectBuildingHelper
instanceKlass com/sun/org/apache/xml/internal/serializer/Encodings$EncodingInfos
instanceKlass com/sun/org/apache/xml/internal/serializer/Encodings
instanceKlass org/apache/maven/project/ProjectBuilder
instanceKlass org/apache/maven/project/MavenProjectHelper
instanceKlass org/apache/maven/plugin/version/PluginVersionResolver
instanceKlass org/apache/maven/plugin/prefix/PluginPrefixResolver
instanceKlass com/sun/org/apache/xml/internal/serializer/ToStream$CharacterBuffer
instanceKlass com/sun/org/apache/xml/internal/serializer/EncodingInfo
instanceKlass com/sun/org/apache/xml/internal/serializer/ToStream$BoolStack
instanceKlass com/sun/org/apache/xml/internal/serializer/ElemContext
instanceKlass org/xml/sax/helpers/AttributesImpl
instanceKlass com/sun/org/apache/xml/internal/serializer/CharInfo$CharKey
instanceKlass sun/util/ResourceBundleEnumeration
instanceKlass org/apache/maven/plugin/PluginManager
instanceKlass org/apache/maven/plugin/PluginDescriptorCache
instanceKlass com/sun/org/apache/xml/internal/serializer/CharInfo
instanceKlass com/sun/org/apache/xml/internal/serializer/SerializerBase
instanceKlass org/apache/maven/plugin/MavenPluginManager
instanceKlass com/sun/org/apache/xml/internal/serializer/SerializerConstants
instanceKlass com/sun/org/apache/xml/internal/serializer/SerializationHandler
instanceKlass com/sun/org/apache/xml/internal/serializer/Serializer
instanceKlass com/sun/org/apache/xml/internal/serializer/DOMSerializer
instanceKlass org/xml/sax/ext/DeclHandler
instanceKlass com/sun/org/apache/xml/internal/serializer/XSLOutputAttributes
instanceKlass com/sun/org/apache/xml/internal/serializer/ExtendedLexicalHandler
instanceKlass org/xml/sax/ext/LexicalHandler
instanceKlass com/sun/org/apache/xml/internal/serializer/ExtendedContentHandler
instanceKlass org/apache/maven/plugin/LegacySupport
instanceKlass org/apache/maven/plugin/BuildPluginManager
instanceKlass javax/xml/transform/dom/DOMResult
instanceKlass org/apache/maven/model/plugin/LifecycleBindingsInjector
instanceKlass org/apache/maven/lifecycle/internal/builder/BuilderCommon
instanceKlass javax/xml/transform/stax/StAXResult
instanceKlass javax/xml/transform/sax/SAXResult
instanceKlass com/sun/org/apache/xalan/internal/xsltc/runtime/output/TransletOutputHandlerFactory
instanceKlass org/apache/maven/lifecycle/internal/builder/Builder
instanceKlass javax/xml/transform/dom/DOMSource
instanceKlass org/apache/maven/lifecycle/internal/MojoExecutor
instanceKlass com/sun/org/apache/xml/internal/utils/XMLReaderManager
instanceKlass org/apache/maven/lifecycle/internal/MojoDescriptorCreator
instanceKlass com/sun/org/apache/xml/internal/serializer/OutputPropertiesFactory
instanceKlass javax/xml/transform/Transformer
instanceKlass com/sun/org/apache/xalan/internal/xsltc/DOMCache
instanceKlass  @bci javax/xml/catalog/CatalogFeatures setProperties (Ljavax/xml/catalog/CatalogFeatures$Builder;)V 5 <appendix> member <vmtarget> ; # javax/xml/catalog/CatalogFeatures$$Lambda+0x0000016faf358510
instanceKlass org/apache/maven/lifecycle/internal/LifecycleTaskSegmentCalculator
instanceKlass org/apache/maven/lifecycle/internal/LifecycleStarter
instanceKlass org/apache/maven/lifecycle/internal/LifecyclePluginResolver
instanceKlass org/apache/maven/lifecycle/internal/LifecycleModuleBuilder
instanceKlass org/apache/maven/lifecycle/internal/LifecycleExecutionPlanCalculator
instanceKlass org/apache/maven/lifecycle/internal/LifecycleDebugLogger
instanceKlass javax/xml/catalog/CatalogMessages
instanceKlass org/apache/maven/lifecycle/internal/ExecutionEventCatapult
instanceKlass javax/xml/catalog/Util
instanceKlass org/apache/maven/lifecycle/internal/BuildListCalculator
instanceKlass org/apache/maven/lifecycle/MojoExecutionConfigurator
instanceKlass  @bci javax/xml/transform/FactoryFinder newInstance (Ljava/lang/Class;Ljava/lang/String;Ljava/lang/ClassLoader;Z)Ljava/lang/Object; 107 <appendix> member <vmtarget> ; # javax/xml/transform/FactoryFinder$$Lambda+0x0000016faf357a98
instanceKlass jdk/xml/internal/JdkProperty
instanceKlass org/apache/maven/lifecycle/LifecycleMappingDelegate
instanceKlass org/apache/maven/lifecycle/LifecycleExecutor
instanceKlass org/apache/maven/lifecycle/LifeCyclePluginAnalyzer
instanceKlass org/apache/maven/lifecycle/DefaultLifecycles
instanceKlass org/apache/maven/graph/GraphBuilder
instanceKlass org/apache/maven/exception/ExceptionHandler
instanceKlass com/sun/org/apache/xalan/internal/utils/FeaturePropertyBase
instanceKlass org/apache/maven/eventspy/internal/EventSpyDispatcher
instanceKlass jdk/xml/internal/JdkXmlFeatures
instanceKlass javax/xml/catalog/CatalogFeatures$Builder
instanceKlass javax/xml/catalog/CatalogFeatures
instanceKlass jdk/xml/internal/TransformErrorListener
instanceKlass javax/xml/transform/ErrorListener
instanceKlass org/apache/maven/configuration/BeanConfigurator
instanceKlass org/apache/maven/bridge/MavenRepositorySystem
instanceKlass org/apache/maven/artifact/resolver/ResolutionErrorHandler
instanceKlass org/apache/maven/artifact/repository/metadata/io/MetadataReader
instanceKlass com/sun/org/apache/xalan/internal/xsltc/compiler/SourceLoader
instanceKlass  @bci javax/xml/transform/FactoryFinder find (Ljava/lang/Class;Ljava/lang/String;)Ljava/lang/Object; 123 <appendix> member <vmtarget> ; # javax/xml/transform/FactoryFinder$$Lambda+0x0000016faf354e30
instanceKlass org/apache/maven/artifact/metadata/ArtifactMetadataSource
instanceKlass org/apache/maven/repository/legacy/metadata/ArtifactMetadataSource
instanceKlass org/apache/maven/artifact/handler/manager/ArtifactHandlerManager
instanceKlass javax/xml/transform/FactoryFinder$1
instanceKlass org/apache/maven/artifact/factory/ArtifactFactory
instanceKlass  @bci javax/xml/transform/FactoryFinder find (Ljava/lang/Class;Ljava/lang/String;)Ljava/lang/Object; 24 <appendix> member <vmtarget> ; # javax/xml/transform/FactoryFinder$$Lambda+0x0000016faf3549d8
instanceKlass org/apache/maven/ProjectDependenciesResolver
instanceKlass javax/xml/transform/FactoryFinder
instanceKlass javax/xml/transform/TransformerFactory
instanceKlass org/apache/maven/Maven
instanceKlass org/apache/maven/artifact/handler/ArtifactHandler
instanceKlass org/sonatype/plexus/components/sec/dispatcher/SecDispatcher
instanceKlass org/apache/maven/lifecycle/Lifecycle
instanceKlass javax/xml/transform/stream/StreamResult
instanceKlass org/eclipse/text/templates/TemplateReaderWriter
instanceKlass  @bci org/eclipse/jdt/ls/core/internal/preferences/PreferenceManager reloadTemplateStore ()V 24 <appendix> argL0 ; # org/eclipse/jdt/ls/core/internal/preferences/PreferenceManager$$Lambda+0x0000016faf3aaab8
instanceKlass org/eclipse/text/templates/TemplatePersistenceData
instanceKlass org/eclipse/jface/text/templates/Template
instanceKlass org/eclipse/sisu/space/CloningClassSpace$1
instanceKlass org/apache/maven/lifecycle/mapping/LifecycleMapping
instanceKlass java/util/ResourceBundle$Control$2
instanceKlass  @bci java/util/ResourceBundle$ResourceBundleControlProviderHolder lambda$static$0 ()Ljava/util/List; 11 <appendix> argL0 ; # java/util/ResourceBundle$ResourceBundleControlProviderHolder$$Lambda+0x0000016faf353c00
instanceKlass java/util/ServiceLoader$ProviderSpliterator
instanceKlass java/util/spi/ResourceBundleControlProvider
instanceKlass  @bci java/util/ResourceBundle$ResourceBundleControlProviderHolder <clinit> ()V 0 <appendix> argL0 ; # java/util/ResourceBundle$ResourceBundleControlProviderHolder$$Lambda+0x0000016faf353540
instanceKlass java/util/ResourceBundle$ResourceBundleControlProviderHolder
instanceKlass org/eclipse/jface/text/templates/TextTemplateMessages
instanceKlass java/lang/foreign/MemorySegment
instanceKlass org/eclipse/jface/text/IRegion
instanceKlass org/eclipse/jdt/ls/core/internal/handlers/FormatterHandler
instanceKlass org/apache/maven/repository/metadata/GraphConflictResolver
instanceKlass org/apache/maven/repository/metadata/GraphConflictResolutionPolicy
instanceKlass org/eclipse/sisu/plexus/ConfigurationImpl
instanceKlass org/apache/maven/repository/metadata/ClasspathTransformation
instanceKlass org/apache/maven/repository/legacy/resolver/transform/ArtifactTransformationManager
instanceKlass org/apache/maven/repository/legacy/resolver/transform/ArtifactTransformation
instanceKlass org/apache/maven/repository/legacy/resolver/conflict/ConflictResolverFactory
instanceKlass org/apache/maven/repository/legacy/resolver/conflict/ConflictResolver
instanceKlass org/apache/maven/repository/legacy/repository/ArtifactRepositoryFactory
instanceKlass org/apache/maven/repository/legacy/UpdateCheckManager
instanceKlass org/apache/maven/repository/RepositorySystem
instanceKlass org/apache/maven/repository/MirrorSelector
instanceKlass org/apache/maven/project/validation/ModelValidator
instanceKlass org/apache/maven/project/path/PathTranslator
instanceKlass org/apache/maven/project/interpolation/ModelInterpolator
instanceKlass sun/nio/fs/WindowsPath$1
instanceKlass org/apache/maven/project/inheritance/ModelInheritanceAssembler
instanceKlass org/apache/commons/lang3/text/StrTokenizer
instanceKlass org/apache/maven/project/MavenProjectBuilder
instanceKlass org/apache/maven/profiles/MavenProfilesBuilder
instanceKlass org/apache/maven/execution/RuntimeInformation
instanceKlass org/apache/commons/lang3/text/StrBuilder
instanceKlass org/apache/commons/lang3/builder/Builder
instanceKlass  @bci java/util/regex/CharPredicates forUnicodeBlock (Ljava/lang/String;)Ljava/util/regex/Pattern$CharPredicate; 6 <appendix> member <vmtarget> ; # java/util/regex/CharPredicates$$Lambda+0x0000016faf352a68
instanceKlass org/apache/maven/artifact/resolver/ArtifactResolver
instanceKlass org/apache/maven/artifact/resolver/ArtifactCollector
instanceKlass org/apache/maven/repository/legacy/resolver/LegacyArtifactCollector
instanceKlass org/apache/maven/artifact/repository/metadata/RepositoryMetadataManager
instanceKlass org/apache/maven/artifact/repository/layout/ArtifactRepositoryLayout
instanceKlass org/apache/maven/artifact/repository/ArtifactRepositoryFactory
instanceKlass org/apache/maven/artifact/manager/WagonManager
instanceKlass org/apache/maven/repository/legacy/WagonManager
instanceKlass org/apache/maven/artifact/installer/ArtifactInstaller
instanceKlass org/eclipse/sisu/plexus/PlexusXmlMetadata
instanceKlass org/eclipse/sisu/plexus/Roles
instanceKlass java/lang/Character$Subset
instanceKlass org/apache/maven/artifact/deployer/ArtifactDeployer
instanceKlass org/eclipse/sisu/plexus/Hints
instanceKlass org/apache/commons/lang3/StringUtils
instanceKlass org/eclipse/sisu/space/AbstractDeferredClass
instanceKlass org/eclipse/sisu/plexus/RequirementImpl
instanceKlass org/codehaus/plexus/component/annotations/Requirement
instanceKlass java/util/DualPivotQuicksort
instanceKlass org/apache/commons/lang3/ArraySorter
instanceKlass org/apache/commons/lang3/text/StrMatcher
instanceKlass org/apache/commons/lang3/text/StrSubstitutor
instanceKlass org/apache/commons/lang3/text/StrLookup
instanceKlass org/eclipse/jdt/ls/core/internal/ResourceUtils
instanceKlass org/eclipse/jdt/ls/core/internal/preferences/Preferences$ReferencedLibraries
instanceKlass java/util/UUID$Holder
instanceKlass org/eclipse/sisu/space/Streams
instanceKlass org/eclipse/sisu/plexus/ComponentImpl
instanceKlass org/eclipse/sisu/plexus/PlexusTypeRegistry
instanceKlass org/eclipse/sisu/plexus/PlexusXmlScanner
instanceKlass org/eclipse/jdt/ls/core/internal/preferences/Preferences
instanceKlass org/eclipse/sisu/space/QualifiedTypeBinder
instanceKlass org/eclipse/sisu/plexus/PlexusTypeBinder
instanceKlass org/eclipse/aether/AbstractRepositoryListener
instanceKlass org/eclipse/aether/RepositoryListener
instanceKlass com/google/inject/Key$AnnotationInstanceStrategy
instanceKlass org/eclipse/jface/text/templates/TemplateContextType
instanceKlass org/eclipse/jface/text/templates/TemplateVariableResolver
instanceKlass com/google/inject/name/NamedImpl
instanceKlass java/lang/ProcessEnvironment$CheckedEntry
instanceKlass java/lang/ProcessEnvironment$CheckedEntrySet$1
instanceKlass com/google/inject/name/Named
instanceKlass java/lang/ProcessEnvironment$EntryComparator
instanceKlass java/lang/ProcessEnvironment$NameComparator
instanceKlass com/google/inject/name/Names
instanceKlass org/apache/maven/artifact/versioning/ComparableVersion$IntItem
# instanceKlass java/lang/invoke/LambdaForm$MH+0x0000016faf3a4000
instanceKlass org/eclipse/jdt/ls/core/internal/Environment
instanceKlass org/eclipse/jdt/ls/core/internal/JDTEnvironmentUtils
instanceKlass org/eclipse/jdt/ls/core/internal/handlers/LogHandler$1
instanceKlass  @bci sun/util/locale/provider/JRELocaleProviderAdapter getDateFormatProvider ()Ljava/text/spi/DateFormatProvider; 8 <appendix> member <vmtarget> ; # sun/util/locale/provider/JRELocaleProviderAdapter$$Lambda+0x800000064
instanceKlass org/eclipse/jdt/ls/core/internal/handlers/DefaultLogFilter
instanceKlass org/eclipse/core/runtime/ILogListener
instanceKlass org/eclipse/jdt/ls/core/internal/handlers/LogHandler
instanceKlass org/eclipse/jdt/internal/core/manipulation/MembersOrderPreferenceCacheCommon
instanceKlass org/apache/maven/artifact/versioning/ComparableVersion$Item
instanceKlass org/apache/maven/artifact/versioning/ComparableVersion
instanceKlass org/apache/maven/artifact/versioning/DefaultArtifactVersion
instanceKlass org/eclipse/m2e/core/internal/embedder/EclipseClassRealmManagerDelegate
instanceKlass org/apache/maven/classrealm/ClassRealmManagerDelegate
instanceKlass org/sonatype/plexus/build/incremental/ThreadBuildContext
instanceKlass org/sonatype/plexus/build/incremental/BuildContext
instanceKlass org/eclipse/jdt/core/manipulation/JavaManipulation
instanceKlass org/eclipse/jdt/internal/core/DeltaProcessor$2
instanceKlass org/apache/maven/plugin/internal/DefaultPluginDependenciesResolver
instanceKlass org/apache/maven/plugin/internal/PluginDependenciesResolver
instanceKlass org/apache/maven/plugin/DefaultPluginArtifactsCache
instanceKlass org/eclipse/core/internal/events/NotificationManager$1
instanceKlass org/eclipse/jdt/ls/core/internal/managers/ISourceDownloader
instanceKlass org/eclipse/jdt/internal/core/ModelUpdater
instanceKlass org/eclipse/jdt/internal/core/JavaModelManager$20$1
instanceKlass org/apache/maven/plugin/PluginArtifactsCache
instanceKlass org/apache/maven/plugin/DefaultPluginRealmCache
instanceKlass org/apache/maven/plugin/PluginRealmCache
instanceKlass  @bci org/eclipse/jdt/internal/core/search/processing/JobManager reset ()V 38 <appendix> member <vmtarget> ; # org/eclipse/jdt/internal/core/search/processing/JobManager$$Lambda+0x0000016faf3997c0
instanceKlass org/eclipse/jdt/internal/core/ExternalAnnotationTracker$DirectoryNode
instanceKlass org/eclipse/jdt/internal/core/ExternalAnnotationTracker
instanceKlass org/apache/maven/project/DefaultProjectRealmCache
instanceKlass org/apache/maven/project/ProjectRealmCache
instanceKlass org/apache/maven/plugin/DefaultExtensionRealmCache
instanceKlass org/apache/maven/plugin/ExtensionRealmCache
instanceKlass org/codehaus/plexus/component/annotations/Component
instanceKlass org/apache/maven/project/artifact/DefaultMavenMetadataCache
instanceKlass org/eclipse/m2e/core/internal/project/IManagedCache
instanceKlass org/apache/maven/project/artifact/MavenMetadataCache
instanceKlass org/eclipse/m2e/core/internal/embedder/DefaultMavenComponentContributor
instanceKlass org/eclipse/m2e/core/internal/embedder/IMavenComponentContributor
instanceKlass org/eclipse/jdt/internal/core/DeltaProcessor$RootInfo
instanceKlass ch/qos/logback/classic/spi/LoggerContextListener
instanceKlass java/lang/Deprecated
instanceKlass ch/qos/logback/core/spi/ConfigurationEventListener
instanceKlass ch/qos/logback/core/spi/ConfigurationEvent
instanceKlass ch/qos/logback/core/spi/SequenceNumberGenerator
instanceKlass ch/qos/logback/core/LifeCycleManager
instanceKlass com/google/inject/spi/InjectionRequest
instanceKlass org/eclipse/sisu/bean/BeanProperty
instanceKlass com/google/common/collect/ObjectArrays
instanceKlass com/google/inject/internal/Nullability
instanceKlass  @bci com/google/inject/internal/KotlinSupport$KotlinUnsupported <clinit> ()V 7 <appendix> argL0 ; # com/google/inject/internal/KotlinSupport$KotlinUnsupported$$Lambda+0x0000016faf390a80
instanceKlass com/google/inject/internal/KotlinSupport$KotlinUnsupported
instanceKlass com/google/inject/internal/KotlinSupport$KotlinSupportHolder
instanceKlass com/google/inject/internal/KotlinSupportInterface
instanceKlass org/eclipse/jdt/internal/core/JavaProject$ResolvedClasspath
instanceKlass com/google/inject/internal/KotlinSupport
instanceKlass org/eclipse/jdt/internal/core/ClasspathChange
instanceKlass com/google/inject/spi/InjectionPoint$OverrideIndex
instanceKlass org/eclipse/jdt/internal/core/util/WeakHashSetOfCharArray
instanceKlass org/eclipse/jdt/internal/core/util/WeakHashSet
instanceKlass org/eclipse/jdt/internal/core/util/DeduplicationUtil
instanceKlass org/eclipse/sisu/inject/RankedBindings
instanceKlass org/eclipse/jdt/internal/compiler/env/AccessRule
instanceKlass org/eclipse/sisu/Mediator
instanceKlass sun/reflect/generics/tree/TypeVariableSignature
instanceKlass com/google/inject/Inject
instanceKlass javax/inject/Inject
instanceKlass  @bci com/google/inject/internal/DeclaredMembers getDeclaredFields (Ljava/lang/Class;)[Ljava/lang/reflect/Field; 38 <appendix> argL0 ; # com/google/inject/internal/DeclaredMembers$$Lambda+0x0000016faf38b1b8
instanceKlass  @bci com/google/inject/internal/DeclaredMembers getDeclaredFields (Ljava/lang/Class;)[Ljava/lang/reflect/Field; 20 <appendix> argL0 ; # com/google/inject/internal/DeclaredMembers$$Lambda+0x0000016faf38af78
instanceKlass  @bci com/google/inject/internal/DeclaredMembers getDeclaredFields (Ljava/lang/Class;)[Ljava/lang/reflect/Field; 15 <appendix> argL0 ; # com/google/inject/internal/DeclaredMembers$$Lambda+0x0000016faf38ad38
instanceKlass  @bci com/google/inject/internal/DeclaredMembers getDeclaredFields (Ljava/lang/Class;)[Ljava/lang/reflect/Field; 7 <appendix> argL0 ; # com/google/inject/internal/DeclaredMembers$$Lambda+0x0000016faf38aaf8
instanceKlass java/lang/reflect/WildcardType
instanceKlass com/google/inject/spi/InjectionPoint$InjectableMembers
instanceKlass  @bci jdk/xml/internal/SecuritySupport getResourceBundle (Ljava/lang/String;Ljava/util/Locale;)Ljava/util/ResourceBundle; 2 <appendix> member <vmtarget> ; # jdk/xml/internal/SecuritySupport$$Lambda+0x0000016faf34ee90
instanceKlass com/google/inject/spi/InjectionPoint$InjectableMember
instanceKlass com/sun/org/apache/xerces/internal/dom/DOMMessageFormatter
instanceKlass com/google/inject/spi/InjectionPoint
instanceKlass java/lang/reflect/ParameterizedType
instanceKlass com/google/inject/internal/MoreTypes$GenericArrayTypeImpl
instanceKlass com/google/inject/internal/MoreTypes$CompositeType
instanceKlass com/google/inject/Key$AnnotationTypeStrategy
instanceKlass com/google/common/cache/LocalCache$StrongValueReference
instanceKlass com/google/common/util/concurrent/AbstractFuture$Failure
instanceKlass com/google/common/util/concurrent/AbstractFuture$Cancellation
instanceKlass com/google/common/util/concurrent/AbstractFuture$DelegatingToFuture
instanceKlass com/google/common/util/concurrent/Platform
instanceKlass com/google/common/util/concurrent/Uninterruptibles
instanceKlass com/google/common/util/concurrent/AbstractFuture$Listener
instanceKlass com/google/common/util/concurrent/AbstractFutureState$Waiter
instanceKlass org/w3c/dom/Attr
instanceKlass com/sun/org/apache/xerces/internal/dom/NamedNodeMapImpl
instanceKlass org/w3c/dom/NamedNodeMap
instanceKlass com/google/common/util/concurrent/LazyLogger
instanceKlass com/google/common/util/concurrent/AbstractFutureState$AtomicHelper
instanceKlass com/google/common/util/concurrent/internal/InternalFutureFailureAccess
instanceKlass com/sun/org/apache/xerces/internal/dom/CharacterDataImpl$1
instanceKlass org/w3c/dom/Text
instanceKlass org/w3c/dom/CharacterData
instanceKlass com/google/common/util/concurrent/AbstractFuture$Trusted
instanceKlass com/sun/org/apache/xerces/internal/dom/DeepNodeListImpl
instanceKlass com/google/common/util/concurrent/ListenableFuture
instanceKlass  @bci sun/reflect/annotation/AnnotationParser parseEnumArray (ILjava/lang/Class;Ljava/nio/ByteBuffer;Ljdk/internal/reflect/ConstantPool;Ljava/lang/Class;)Ljava/lang/Object; 16 <appendix> member <vmtarget> ; # sun/reflect/annotation/AnnotationParser$$Lambda+0x0000016faf34a8e8
instanceKlass javax/inject/Named
instanceKlass javax/inject/Qualifier
instanceKlass com/google/inject/BindingAnnotation
instanceKlass javax/inject/Scope
instanceKlass com/google/inject/ScopeAnnotation
instanceKlass com/google/inject/internal/Annotations$AnnotationChecker
instanceKlass com/google/inject/internal/Annotations$TestAnnotation
instanceKlass com/google/inject/internal/Annotations$AnnotationToStringConfig
instanceKlass com/google/common/base/Joiner$MapJoiner
instanceKlass com/google/common/base/Joiner
instanceKlass com/sun/org/apache/xerces/internal/dom/DeferredDocumentImpl$RefCount
instanceKlass com/google/inject/internal/Annotations
instanceKlass org/eclipse/sisu/Parameters
instanceKlass org/eclipse/sisu/wire/ParameterKeys
instanceKlass com/sun/org/apache/xerces/internal/dom/NodeListCache
instanceKlass org/w3c/dom/TypeInfo
instanceKlass org/w3c/dom/ElementTraversal
instanceKlass org/w3c/dom/Element
instanceKlass org/w3c/dom/DocumentType
instanceKlass com/google/inject/internal/util/StackTraceElements$InMemoryStackTraceElement
instanceKlass com/sun/org/apache/xerces/internal/dom/NodeImpl
instanceKlass com/google/inject/internal/util/StackTraceElements
instanceKlass org/w3c/dom/events/EventTarget
instanceKlass org/w3c/dom/NodeList
instanceKlass org/w3c/dom/Document
instanceKlass org/w3c/dom/ranges/DocumentRange
instanceKlass org/w3c/dom/events/DocumentEvent
instanceKlass org/w3c/dom/traversal/DocumentTraversal
instanceKlass com/sun/org/apache/xerces/internal/dom/DeferredNode
instanceKlass org/eclipse/sisu/wire/TypeConverterCache
instanceKlass com/google/inject/internal/Scoping
instanceKlass com/google/inject/internal/InternalFactory
instanceKlass sun/nio/ch/Util$BufferCache
instanceKlass com/google/inject/internal/InternalFlags$1
instanceKlass sun/nio/ch/Util
instanceKlass com/google/inject/internal/InternalFlags
instanceKlass com/google/inject/spi/ConstructorBinding
instanceKlass com/google/inject/spi/ProviderInstanceBinding
instanceKlass com/google/inject/internal/DelayedInitialize
instanceKlass com/google/inject/spi/ProviderKeyBinding
instanceKlass com/google/inject/spi/InstanceBinding
instanceKlass sun/nio/ch/IOStatus
instanceKlass com/google/inject/spi/HasDependencies
instanceKlass com/google/inject/spi/LinkedKeyBinding
instanceKlass com/google/inject/spi/UntargettedBinding
instanceKlass com/google/inject/internal/BindingImpl
instanceKlass java/nio/channels/NetworkChannel
instanceKlass sun/nio/ch/SelChImpl
instanceKlass com/google/inject/Key$AnnotationStrategy
instanceKlass org/eclipse/sisu/wire/ElementAnalyzer$1
instanceKlass sun/nio/ch/Streams
instanceKlass java/nio/channels/Channels
instanceKlass sun/nio/fs/WindowsSecurityDescriptor
instanceKlass com/google/inject/util/Modules$EmptyModule
instanceKlass com/google/inject/util/Modules$OverriddenModuleBuilder
instanceKlass com/google/inject/util/Modules
instanceKlass org/eclipse/jdt/internal/core/util/Util
instanceKlass org/eclipse/jdt/internal/core/JavaModelManager$SecondaryTypes
instanceKlass  @bci com/google/inject/internal/DeclaredMembers getDeclaredMethods (Ljava/lang/Class;)[Ljava/lang/reflect/Method; 62 <appendix> argL0 ; # com/google/inject/internal/DeclaredMembers$$Lambda+0x0000016faf338480
instanceKlass com/google/common/collect/Ordering
instanceKlass  @bci com/google/inject/internal/DeclaredMembers getDeclaredMethods (Ljava/lang/Class;)[Ljava/lang/reflect/Method; 38 <appendix> argL0 ; # com/google/inject/internal/DeclaredMembers$$Lambda+0x0000016faf338240
instanceKlass  @bci com/google/inject/internal/DeclaredMembers getDeclaredMethods (Ljava/lang/Class;)[Ljava/lang/reflect/Method; 33 <appendix> argL0 ; # com/google/inject/internal/DeclaredMembers$$Lambda+0x0000016faf338000
instanceKlass  @bci com/google/inject/internal/DeclaredMembers getDeclaredMethods (Ljava/lang/Class;)[Ljava/lang/reflect/Method; 20 <appendix> argL0 ; # com/google/inject/internal/DeclaredMembers$$Lambda+0x0000016faf335c90
instanceKlass  @bci com/google/inject/internal/DeclaredMembers getDeclaredMethods (Ljava/lang/Class;)[Ljava/lang/reflect/Method; 15 <appendix> argL0 ; # com/google/inject/internal/DeclaredMembers$$Lambda+0x0000016faf335a50
instanceKlass  @bci com/google/inject/internal/DeclaredMembers getDeclaredMethods (Ljava/lang/Class;)[Ljava/lang/reflect/Method; 7 <appendix> argL0 ; # com/google/inject/internal/DeclaredMembers$$Lambda+0x0000016faf335810
instanceKlass com/google/inject/internal/DeclaredMembers
instanceKlass com/google/common/base/ExtraObjectsMethodsForWeb
instanceKlass com/google/common/collect/ImmutableMap$Builder
instanceKlass com/google/inject/internal/MoreTypes
instanceKlass com/google/inject/multibindings/ProvidesIntoOptional
instanceKlass com/google/inject/multibindings/ProvidesIntoMap
instanceKlass com/google/inject/multibindings/ProvidesIntoSet
instanceKlass com/google/inject/Provides
instanceKlass javax/inject/Singleton
instanceKlass com/google/inject/spi/ElementSource
instanceKlass com/google/inject/spi/ScopeBinding
instanceKlass com/google/inject/Scopes$2
instanceKlass com/google/inject/Scopes$1
instanceKlass com/google/inject/internal/SingletonScope
instanceKlass com/google/inject/Scopes
instanceKlass com/google/inject/Singleton
instanceKlass com/google/inject/spi/Elements$ModuleInfo
instanceKlass com/google/inject/PrivateModule
instanceKlass  @bci com/google/inject/spi/BindingSourceRestriction$PermitMapConstruction pushModule (Ljava/lang/Class;Lcom/google/inject/spi/ModuleSource;)V 5 <appendix> member <vmtarget> ; # com/google/inject/spi/BindingSourceRestriction$PermitMapConstruction$$Lambda+0x0000016faf336250
instanceKlass  @bci com/google/inject/spi/BindingSourceRestriction getPermits (Ljava/lang/Class;)Ljava/util/stream/Stream; 43 <appendix> argL0 ; # com/google/inject/spi/BindingSourceRestriction$$Lambda+0x0000016faf336000
instanceKlass  @bci com/google/inject/spi/BindingSourceRestriction getPermits (Ljava/lang/Class;)Ljava/util/stream/Stream; 33 <appendix> argL0 ; # com/google/inject/spi/BindingSourceRestriction$$Lambda+0x0000016faf32bda0
instanceKlass sun/reflect/annotation/AnnotatedTypeFactory$AnnotatedTypeBaseImpl
instanceKlass sun/reflect/annotation/AnnotatedTypeFactory
instanceKlass sun/reflect/annotation/TypeAnnotation$LocationInfo$Location
instanceKlass sun/reflect/annotation/TypeAnnotation$LocationInfo
instanceKlass sun/reflect/generics/tree/ClassSignature
instanceKlass sun/reflect/generics/tree/Signature
instanceKlass sun/reflect/generics/tree/FormalTypeParameter
instanceKlass sun/reflect/generics/repository/AbstractRepository
instanceKlass sun/reflect/annotation/TypeAnnotation
instanceKlass sun/reflect/annotation/TypeAnnotationParser
instanceKlass com/google/inject/RestrictedBindingSource
instanceKlass com/google/inject/spi/BindingSourceRestriction
instanceKlass com/google/inject/spi/ModuleSource
instanceKlass com/google/inject/internal/ProviderMethodsModule
instanceKlass com/google/inject/spi/BindingSourceRestriction$PermitMapConstruction$PermitMapImpl
instanceKlass com/google/inject/spi/BindingSourceRestriction$PermitMap
instanceKlass com/google/inject/spi/BindingSourceRestriction$PermitMapConstruction
instanceKlass com/google/common/collect/Hashing
instanceKlass org/eclipse/jdt/core/IJavaModelStatusConstants
instanceKlass com/google/common/math/IntMath$1
instanceKlass com/google/common/math/MathPreconditions
instanceKlass com/google/common/math/IntMath
# instanceKlass java/lang/invoke/LambdaForm$MH+0x0000016faf334400
# instanceKlass java/lang/invoke/LambdaForm$MH+0x0000016faf334000
instanceKlass com/google/inject/internal/AbstractBindingBuilder
instanceKlass com/google/inject/binder/ConstantBindingBuilder
instanceKlass com/google/inject/binder/AnnotatedElementBuilder
instanceKlass com/google/inject/spi/Elements$RecordingBinder
instanceKlass com/google/inject/Binding
instanceKlass com/google/inject/spi/DefaultBindingTargetVisitor
instanceKlass com/google/inject/spi/BindingTargetVisitor
instanceKlass org/eclipse/jdt/internal/compiler/CompilationResult
instanceKlass com/google/inject/spi/Elements
instanceKlass com/google/inject/internal/InjectorShell$RootModule
instanceKlass com/google/common/collect/ListMultimap
instanceKlass lombok/eclipse/agent/PatchDelegate$BindingTuple
instanceKlass org/eclipse/jdt/internal/compiler/ast/TypeOrLambda
instanceKlass com/google/inject/internal/InjectorBindingData
instanceKlass  @bci com/google/inject/internal/WeakKeySet <init> (Ljava/lang/Object;)V 12 <appendix> member <vmtarget> ; # com/google/inject/internal/WeakKeySet$$Lambda+0x0000016faf3289b0
instanceKlass com/google/inject/internal/WeakKeySet
instanceKlass com/google/common/collect/Sets
instanceKlass com/google/inject/internal/InjectorJitBindingData
instanceKlass com/google/inject/internal/ProcessedBindingData
instanceKlass com/google/inject/spi/DefaultElementVisitor
instanceKlass com/google/inject/internal/InjectorShell$Builder
instanceKlass com/google/common/collect/Lists
instanceKlass com/google/common/collect/CollectPreconditions
instanceKlass com/google/common/collect/LinkedHashMultimap$MultimapIterationChain
instanceKlass com/google/common/collect/Platform
instanceKlass com/google/common/collect/Multiset
instanceKlass com/google/common/collect/AbstractMultimap
instanceKlass com/google/common/collect/SetMultimap
instanceKlass com/google/common/collect/ImmutableMap
instanceKlass com/google/common/collect/BiMap
instanceKlass com/google/common/base/Converter
instanceKlass com/google/common/collect/SortedMapDifference
instanceKlass com/google/common/collect/MapDifference
instanceKlass com/google/common/collect/Maps
instanceKlass com/google/inject/internal/CycleDetectingLock
instanceKlass com/google/common/collect/Multimap
instanceKlass com/google/inject/internal/CycleDetectingLock$CycleDetectingLockFactory
instanceKlass com/google/inject/internal/Initializable
instanceKlass com/google/inject/internal/Initializer
instanceKlass com/google/common/collect/PeekingIterator
instanceKlass org/eclipse/jdt/internal/compiler/ast/Invocation
instanceKlass org/eclipse/jdt/internal/compiler/ast/IPolyExpression
instanceKlass com/google/common/collect/UnmodifiableIterator
instanceKlass com/google/common/collect/Iterators
instanceKlass com/google/common/collect/ImmutableCollection$Builder
instanceKlass com/google/common/collect/ImmutableSet$SetBuilderImpl
instanceKlass com/google/inject/internal/util/SourceProvider
instanceKlass com/google/inject/spi/ErrorDetail
instanceKlass com/google/inject/internal/Errors
instanceKlass com/google/common/base/Stopwatch
instanceKlass com/google/inject/internal/util/ContinuousStopwatch
instanceKlass com/google/inject/Injector
instanceKlass com/google/inject/internal/InternalInjectorCreator
instanceKlass com/google/inject/Guice
instanceKlass org/eclipse/sisu/wire/Wiring
instanceKlass org/eclipse/sisu/wire/WireModule$Strategy$1
instanceKlass org/eclipse/sisu/wire/WireModule$Strategy
instanceKlass org/eclipse/sisu/wire/AbstractTypeConverter
instanceKlass com/google/inject/spi/ElementVisitor
instanceKlass org/eclipse/sisu/wire/WireModule
instanceKlass org/eclipse/sisu/bean/BeanBinder
instanceKlass org/eclipse/sisu/plexus/PlexusBindingModule
instanceKlass org/codehaus/plexus/DefaultPlexusContainer$BootModule
instanceKlass org/codehaus/plexus/component/annotations/Configuration
instanceKlass org/eclipse/sisu/plexus/PlexusAnnotatedMetadata
instanceKlass org/eclipse/sisu/plexus/PlexusBeanMetadata
instanceKlass org/eclipse/sisu/plexus/PlexusAnnotatedBeanModule$PlexusAnnotatedBeanSource
instanceKlass org/eclipse/sisu/space/SpaceModule$2
instanceKlass org/eclipse/sisu/space/SpaceModule$Strategy$2
instanceKlass org/eclipse/sisu/space/SpaceModule$Strategy$1
instanceKlass org/eclipse/sisu/space/DefaultClassFinder
instanceKlass org/objectweb/asm/ClassVisitor
instanceKlass org/eclipse/sisu/space/SpaceScanner
instanceKlass org/eclipse/sisu/space/IndexedClassFinder
instanceKlass org/eclipse/sisu/space/ClassFinder
instanceKlass org/eclipse/sisu/space/SpaceModule
instanceKlass org/eclipse/sisu/space/SpaceVisitor
instanceKlass org/eclipse/sisu/plexus/PlexusTypeListener
instanceKlass org/eclipse/sisu/space/QualifiedTypeListener
instanceKlass org/eclipse/sisu/plexus/PlexusAnnotatedBeanModule$1
instanceKlass org/eclipse/sisu/space/SpaceModule$Strategy
instanceKlass org/eclipse/sisu/plexus/PlexusAnnotatedBeanModule
instanceKlass org/eclipse/sisu/plexus/PlexusBeanSource
instanceKlass org/eclipse/sisu/plexus/PlexusXmlBeanModule
instanceKlass org/eclipse/sisu/plexus/PlexusBeanModule
instanceKlass org/eclipse/sisu/space/URLClassSpace
instanceKlass lombok/eclipse/agent/PatchDelegate
instanceKlass org/codehaus/plexus/DefaultPlexusContainer$SLF4JLoggerFactoryProvider
instanceKlass com/google/inject/util/Providers$ConstantProvider
instanceKlass com/google/inject/util/Providers
instanceKlass org/codehaus/plexus/personality/plexus/lifecycle/phase/Disposable
instanceKlass org/codehaus/plexus/personality/plexus/lifecycle/phase/Startable
instanceKlass org/codehaus/plexus/personality/plexus/lifecycle/phase/Initializable
instanceKlass org/codehaus/plexus/personality/plexus/lifecycle/phase/Contextualizable
instanceKlass org/codehaus/plexus/logging/LogEnabled
instanceKlass org/eclipse/sisu/bean/PropertyBinding
instanceKlass javax/annotation/PreDestroy
instanceKlass javax/annotation/PostConstruct
instanceKlass org/eclipse/sisu/bean/LifecycleBuilder
instanceKlass org/eclipse/sisu/bean/BeanScheduler$1
instanceKlass lombok/eclipse/agent/PatchDelegatePortal
instanceKlass com/google/inject/spi/DefaultBindingScopingVisitor
instanceKlass com/google/inject/spi/BindingScopingVisitor
instanceKlass lombok/core/LombokNode
instanceKlass org/eclipse/sisu/bean/BeanScheduler$CycleActivator
instanceKlass com/google/inject/spi/ModuleAnnotatedMethodScanner
instanceKlass com/google/inject/PrivateBinder
instanceKlass com/google/inject/binder/AnnotatedConstantBindingBuilder
instanceKlass com/google/inject/spi/TypeListener
instanceKlass com/google/inject/MembersInjector
instanceKlass org/aopalliance/intercept/MethodInterceptor
instanceKlass org/aopalliance/intercept/Interceptor
instanceKlass org/aopalliance/aop/Advice
instanceKlass com/google/inject/Scope
instanceKlass com/google/inject/spi/Message
instanceKlass com/google/inject/spi/Element
instanceKlass com/google/inject/spi/Dependency
instanceKlass com/google/inject/TypeLiteral
instanceKlass lombok/core/DiagnosticsReceiver
instanceKlass com/google/inject/Key
instanceKlass com/google/inject/binder/AnnotatedBindingBuilder
instanceKlass com/google/inject/binder/LinkedBindingBuilder
instanceKlass com/google/inject/binder/ScopedBindingBuilder
instanceKlass com/google/inject/spi/ProvisionListener
instanceKlass com/google/inject/Binder
instanceKlass org/eclipse/sisu/bean/BeanScheduler
instanceKlass org/eclipse/sisu/plexus/DefaultPlexusBeanLocator
instanceKlass org/eclipse/sisu/plexus/RealmManager
instanceKlass org/codehaus/plexus/context/ContextMapAdapter
instanceKlass org/codehaus/plexus/context/DefaultContext
instanceKlass org/codehaus/plexus/logging/AbstractLogger
instanceKlass org/codehaus/plexus/DefaultPlexusContainer$LoggerProvider
instanceKlass org/codehaus/plexus/DefaultPlexusContainer$DefaultsModule
instanceKlass org/codehaus/plexus/DefaultPlexusContainer$ContainerModule
instanceKlass org/eclipse/sisu/inject/ImplicitBindings
instanceKlass org/eclipse/sisu/inject/MildValues$InverseMapping
instanceKlass org/eclipse/sisu/inject/MildValues
instanceKlass java/util/concurrent/atomic/AtomicReferenceFieldUpdater$AtomicReferenceFieldUpdaterImpl$1
instanceKlass java/util/concurrent/atomic/AtomicReferenceFieldUpdater
instanceKlass org/eclipse/sisu/inject/RankedSequence$Content
instanceKlass org/eclipse/sisu/inject/RankedSequence
instanceKlass org/eclipse/sisu/inject/BindingSubscriber
instanceKlass org/eclipse/sisu/inject/DefaultBeanLocator
instanceKlass org/eclipse/sisu/inject/DeferredClass
instanceKlass org/codehaus/plexus/DefaultPlexusContainer$LoggerManagerProvider
instanceKlass lombok/launch/PatchFixesHider$Util
instanceKlass org/eclipse/sisu/inject/DeferredProvider
instanceKlass com/google/inject/Provider
instanceKlass org/eclipse/m2e/core/internal/embedder/IMavenComponentContributor$IMavenComponentBinder
instanceKlass lombok/launch/PatchFixesHider$Delegate
instanceKlass com/google/inject/AbstractModule
instanceKlass org/codehaus/plexus/context/Context
instanceKlass org/eclipse/jdt/internal/core/DeltaProcessingState$RootInfos
instanceKlass org/eclipse/sisu/inject/BindingPublisher
instanceKlass org/eclipse/sisu/inject/RankingFunction
instanceKlass org/eclipse/sisu/space/ClassSpace
instanceKlass javax/inject/Provider
instanceKlass org/eclipse/jdt/internal/core/JavaModelManager$PersistedClasspathContainer
instanceKlass org/eclipse/sisu/bean/BeanManager
instanceKlass org/eclipse/sisu/plexus/PlexusBeanLocator
instanceKlass org/eclipse/sisu/inject/MutableBeanLocator
instanceKlass org/eclipse/sisu/inject/BeanLocator
instanceKlass org/codehaus/plexus/DefaultPlexusContainer
instanceKlass org/codehaus/plexus/MutablePlexusContainer
instanceKlass  @bci java/util/function/Function andThen (Ljava/util/function/Function;)Ljava/util/function/Function; 7 <appendix> member <vmtarget> ; # java/util/function/Function$$Lambda+0x0000016faf1fe1d8
instanceKlass  @cpi java/util/function/Function 58 form vmentry <vmtarget> ; # java/lang/invoke/LambdaForm$DMH+0x0000016faf304000
instanceKlass  @bci org/apache/maven/extension/internal/CoreExports <init> (Lorg/codehaus/plexus/classworlds/realm/ClassRealm;Ljava/util/Set;Ljava/util/Set;)V 38 <appendix> argL0 ; # org/apache/maven/extension/internal/CoreExports$$Lambda+0x0000016faf2fba00
instanceKlass  @bci java/util/stream/Collectors uniqKeysMapMerger ()Ljava/util/function/BinaryOperator; 0 <appendix> argL0 ; # java/util/stream/Collectors$$Lambda+0x0000016faf1fdf90
instanceKlass  @bci java/util/stream/Collectors uniqKeysMapAccumulator (Ljava/util/function/Function;Ljava/util/function/Function;)Ljava/util/function/BiConsumer; 2 <appendix> member <vmtarget> ; # java/util/stream/Collectors$$Lambda+0x0000016faf1fdd58
instanceKlass  @bci java/util/stream/Collectors toMap (Ljava/util/function/Function;Ljava/util/function/Function;)Ljava/util/stream/Collector; 4 <appendix> argL0 ; # java/util/stream/Collectors$$Lambda+0x0000016faf1fdb38
instanceKlass  @bci org/apache/maven/extension/internal/CoreExports <init> (Lorg/codehaus/plexus/classworlds/realm/ClassRealm;Ljava/util/Set;Ljava/util/Set;)V 30 <appendix> member <vmtarget> ; # org/apache/maven/extension/internal/CoreExports$$Lambda+0x0000016faf2fb7b8
instanceKlass  @bci java/util/function/Function identity ()Ljava/util/function/Function; 0 <appendix> argL0 ; # java/util/function/Function$$Lambda+0x0000016faf1fd8f8
instanceKlass org/apache/maven/extension/internal/CoreExports
instanceKlass org/codehaus/plexus/DefaultContainerConfiguration
instanceKlass org/codehaus/plexus/ContainerConfiguration
instanceKlass org/eclipse/m2e/internal/maven/compat/PlexusContainerFacade
instanceKlass org/eclipse/jdt/internal/core/ClasspathAttribute
instanceKlass  @bci org/eclipse/m2e/core/internal/embedder/PlexusContainerManager newPlexusContainer (Ljava/io/File;Lorg/codehaus/plexus/logging/LoggerManager;Lorg/eclipse/m2e/core/embedder/IMavenConfiguration;)Lorg/eclipse/m2e/core/internal/embedder/IMavenPlexusContainer; 39 <appendix> member <vmtarget> ; # org/eclipse/m2e/core/internal/embedder/PlexusContainerManager$$Lambda+0x0000016faf28dc50
instanceKlass org/eclipse/m2e/internal/maven/compat/PlexusContainerFacade$MavenExecutionRequesFactory
instanceKlass org/codehaus/plexus/util/BaseIOUtil
instanceKlass org/eclipse/jdt/internal/core/ClasspathEntry
instanceKlass org/eclipse/jdt/internal/core/JavaModelManager$PerProjectInfo
instanceKlass org/codehaus/plexus/util/xml/pull/MXParser
instanceKlass org/codehaus/plexus/util/xml/pull/XmlPullParser
instanceKlass org/codehaus/plexus/util/xml/Xpp3DomBuilder
instanceKlass org/eclipse/jdt/internal/compiler/env/IModulePathEntry
instanceKlass org/eclipse/jdt/core/eval/IEvaluationContext
instanceKlass  @bci java/util/regex/Pattern union (Ljava/util/regex/Pattern$CharPredicate;Ljava/util/regex/Pattern$CharPredicate;Z)Ljava/util/regex/Pattern$CharPredicate; 14 <appendix> member <vmtarget> ; # java/util/regex/Pattern$$Lambda+0x0000016faf1fd178
instanceKlass org/codehaus/plexus/util/ReaderFactory
instanceKlass org/apache/maven/project/ExtensionDescriptor
instanceKlass org/eclipse/jdt/internal/core/JavaModelManager$VariablesAndContainersLoadHelper
instanceKlass org/apache/maven/project/ExtensionDescriptorBuilder
instanceKlass org/eclipse/jdt/internal/core/JavaModelManager$19
instanceKlass org/apache/maven/extension/internal/CoreExtensionEntry
instanceKlass org/eclipse/jdt/internal/core/JavaModelManager$18
instanceKlass org/codehaus/plexus/classworlds/strategy/AbstractStrategy
instanceKlass org/codehaus/plexus/classworlds/strategy/Strategy
instanceKlass org/codehaus/plexus/classworlds/strategy/StrategyFactory
instanceKlass org/eclipse/jdt/internal/core/JavaModelManager$13
instanceKlass org/eclipse/jdt/internal/core/JavaModelManager$12
instanceKlass  @bci org/eclipse/core/internal/preferences/EclipsePreferences fireNodeEvent (Lorg/eclipse/core/runtime/preferences/IEclipsePreferences$NodeChangeEvent;Z)V 26 <adapter> ; # java/lang/invoke/LambdaForm$MH+0x0000016faf2f9800
instanceKlass  @bci org/eclipse/core/internal/preferences/EclipsePreferences fireNodeEvent (Lorg/eclipse/core/runtime/preferences/IEclipsePreferences$NodeChangeEvent;Z)V 26 <appendix> form vmentry <vmtarget> ; # java/lang/invoke/LambdaForm$DMH+0x0000016faf2f9400
instanceKlass  @bci org/eclipse/core/internal/preferences/EclipsePreferences fireNodeEvent (Lorg/eclipse/core/runtime/preferences/IEclipsePreferences$NodeChangeEvent;Z)V 26 <appendix> member <vmtarget> ; # org/eclipse/core/internal/preferences/EclipsePreferences$$Lambda+0x0000016faf2483f8
instanceKlass  @cpi org/eclipse/core/internal/preferences/EclipsePreferences 1057 form vmentry <vmtarget> ; # java/lang/invoke/LambdaForm$DMH+0x0000016faf2f9000
instanceKlass  @bci org/eclipse/m2e/core/internal/embedder/PlexusContainerManager cleanup ()V 16 <appendix> argL0 ; # org/eclipse/m2e/core/internal/embedder/PlexusContainerManager$$Lambda+0x0000016faf28da00
instanceKlass org/apache/maven/settings/building/SettingsBuilder
instanceKlass org/eclipse/m2e/core/internal/M2EUtils
instanceKlass org/apache/maven/settings/building/DefaultSettingsBuildingRequest
instanceKlass  @bci org/eclipse/m2e/core/internal/embedder/MavenImpl getSettings (Lorg/eclipse/m2e/core/embedder/MavenSettingsLocations;)Lorg/apache/maven/settings/Settings; 6 <appendix> member <vmtarget> ; # org/eclipse/m2e/core/internal/embedder/MavenImpl$$Lambda+0x0000016faf28d5b0
instanceKlass org/apache/maven/building/Source
instanceKlass org/apache/maven/cli/configuration/SettingsXmlConfigurationProcessor
instanceKlass org/apache/maven/cli/configuration/ConfigurationProcessor
instanceKlass org/eclipse/jdt/internal/formatter/DefaultCodeFormatterOptions
instanceKlass org/eclipse/jdt/core/formatter/DefaultCodeFormatterConstants
instanceKlass org/eclipse/jdt/internal/compiler/util/Util
instanceKlass org/eclipse/jdt/internal/compiler/impl/IrritantSet
instanceKlass org/eclipse/jdt/internal/core/util/ICacheEnumeration
instanceKlass org/eclipse/jdt/internal/formatter/TokenTraverser
instanceKlass org/eclipse/text/edits/TextEdit
instanceKlass org/eclipse/jdt/core/formatter/CodeFormatter
instanceKlass lombok/patcher/scripts/WrapperMethodDescriptor
instanceKlass lombok/patcher/scripts/SetSymbolDuringMethodCallScript$1
instanceKlass org/eclipse/jdt/core/SourceRange
instanceKlass org/eclipse/jdt/internal/compiler/util/JRTUtil$JrtFileVisitor
instanceKlass org/eclipse/jdt/core/IOrdinaryClassFile
instanceKlass org/eclipse/jdt/internal/core/util/ReferenceInfoAdapter
instanceKlass org/eclipse/jdt/internal/compiler/ISourceElementRequestor
instanceKlass org/eclipse/jdt/internal/compiler/env/ISourceType
instanceKlass org/eclipse/jdt/internal/compiler/env/IGenericType
instanceKlass org/eclipse/jdt/core/search/TypeNameMatchRequestor
instanceKlass org/eclipse/jdt/internal/compiler/problem/ProblemHandler
instanceKlass org/eclipse/jdt/core/search/MethodNameMatch
instanceKlass org/eclipse/jdt/core/search/SearchParticipant
instanceKlass org/eclipse/jdt/core/search/IJavaSearchScope
instanceKlass org/eclipse/jdt/core/search/TypeNameMatch
instanceKlass org/eclipse/jdt/internal/compiler/ASTVisitor
instanceKlass org/eclipse/jdt/core/search/IParallelizable
instanceKlass org/eclipse/jdt/core/search/SearchPattern
instanceKlass org/eclipse/jdt/internal/core/search/IndexQueryRequestor
instanceKlass org/eclipse/jdt/internal/core/search/BasicSearchEngine
instanceKlass org/eclipse/jdt/core/ITypeParameter
instanceKlass org/eclipse/jdt/core/ISourceRange
instanceKlass org/eclipse/jdt/core/IAnnotation
instanceKlass org/eclipse/jdt/internal/core/AbstractModule
instanceKlass org/eclipse/jdt/core/IModuleDescription
instanceKlass org/eclipse/jdt/internal/core/NameLookup
instanceKlass org/eclipse/jface/text/IDocument
instanceKlass org/eclipse/jdt/internal/core/JavaModelCache$1
instanceKlass org/eclipse/jdt/internal/compiler/env/IBinaryInfo
instanceKlass org/eclipse/jdt/internal/core/JavaModelCache
instanceKlass org/eclipse/jdt/core/IType
instanceKlass org/eclipse/jdt/core/IAnnotatable
instanceKlass org/eclipse/jdt/core/IMember
instanceKlass org/eclipse/jdt/internal/core/hierarchy/HierarchyBuilder
instanceKlass org/eclipse/jdt/internal/core/hierarchy/TypeHierarchy
instanceKlass org/eclipse/jdt/core/ITypeHierarchy
instanceKlass org/eclipse/jdt/core/dom/ASTNode
instanceKlass org/eclipse/jdt/core/dom/StructuralPropertyDescriptor
instanceKlass org/eclipse/jdt/internal/core/dom/rewrite/RewriteEvent
instanceKlass org/eclipse/jdt/internal/core/dom/rewrite/RewriteEventStore
instanceKlass org/eclipse/jdt/core/dom/ASTVisitor
instanceKlass org/eclipse/jdt/internal/core/DeltaProcessor
instanceKlass org/eclipse/jdt/internal/codeassist/CompletionEngine$1
instanceKlass  @bci org/eclipse/jdt/internal/compiler/lookup/ReferenceBinding <clinit> ()V 58 <appendix> argL0 ; # org/eclipse/jdt/internal/compiler/lookup/ReferenceBinding$$Lambda+0x0000016faf2d6390
instanceKlass org/eclipse/jdt/internal/compiler/lookup/ParameterNonNullDefaultProvider
instanceKlass org/eclipse/jdt/internal/compiler/lookup/ReferenceBinding$3
instanceKlass org/eclipse/jdt/internal/compiler/lookup/ReferenceBinding$2
instanceKlass org/eclipse/jdt/internal/compiler/lookup/ReductionResult
instanceKlass org/eclipse/jdt/internal/compiler/lookup/ElementValuePair
instanceKlass org/eclipse/jdt/internal/compiler/lookup/AnnotationBinding
instanceKlass org/eclipse/jdt/internal/compiler/env/IUpdatableModule
instanceKlass org/eclipse/jdt/internal/compiler/lookup/TypeBindingVisitor
instanceKlass org/eclipse/jdt/internal/compiler/lookup/HotSwappable
instanceKlass org/eclipse/jdt/internal/compiler/parser/ScannerHelper
instanceKlass org/eclipse/jdt/core/Signature
instanceKlass org/eclipse/jdt/internal/compiler/lookup/TypeConstants$CloseMethodRecord
instanceKlass org/eclipse/jdt/core/CompletionRequestor
instanceKlass org/eclipse/jdt/internal/codeassist/complete/CompletionNode
instanceKlass lombok/patcher/scripts/ReplaceMethodCallScript$1
instanceKlass org/eclipse/jdt/internal/core/INamingRequestor
instanceKlass org/eclipse/jdt/internal/compiler/lookup/Substitution
instanceKlass org/eclipse/jdt/core/search/SearchRequestor
instanceKlass org/eclipse/jdt/internal/core/IJavaElementRequestor
instanceKlass org/eclipse/jdt/core/CompletionProposal
instanceKlass org/eclipse/jdt/internal/compiler/lookup/Binding
instanceKlass org/eclipse/jdt/internal/codeassist/MissingTypesGuesser$GuessedTypeRequestor
instanceKlass org/eclipse/jdt/internal/codeassist/UnresolvedReferenceNameFinder$UnresolvedReferenceNameRequestor
instanceKlass org/eclipse/jdt/internal/compiler/lookup/Scope
instanceKlass org/eclipse/jdt/core/compiler/IProblem
instanceKlass org/eclipse/jdt/core/CompletionContext
instanceKlass org/eclipse/jdt/internal/compiler/lookup/InvocationSite
instanceKlass org/eclipse/jdt/internal/compiler/ast/ASTNode
instanceKlass org/eclipse/jdt/internal/compiler/ast/Location
instanceKlass org/eclipse/jdt/internal/codeassist/impl/Engine
instanceKlass org/eclipse/jdt/internal/codeassist/ICompletionEngine
instanceKlass org/eclipse/jdt/internal/codeassist/RelevanceConstants
instanceKlass org/eclipse/jdt/internal/compiler/lookup/TypeConstants
instanceKlass org/eclipse/jdt/internal/codeassist/ISearchRequestor
instanceKlass org/eclipse/jdt/internal/compiler/impl/ReferenceContext
instanceKlass org/eclipse/jdt/internal/compiler/ICompilerRequestor
instanceKlass org/eclipse/jdt/internal/compiler/Compiler
instanceKlass org/eclipse/jdt/internal/compiler/problem/ProblemSeverities
instanceKlass org/eclipse/jdt/internal/compiler/impl/ITypeRequestor
instanceKlass org/eclipse/jdt/internal/compiler/env/INameEnvironment
instanceKlass org/eclipse/jdt/internal/core/builder/ClasspathLocation
instanceKlass org/eclipse/jdt/core/IBuffer
instanceKlass org/eclipse/jdt/core/IBufferFactory
instanceKlass org/eclipse/jdt/internal/core/BufferManager
instanceKlass org/eclipse/jdt/internal/core/JavaModelManager$8
instanceKlass  @bci org/eclipse/jdt/internal/core/JavaModelManager <clinit> ()V 139 <appendix> argL0 ; # org/eclipse/jdt/internal/core/JavaModelManager$$Lambda+0x0000016faf2af6d8
instanceKlass  @bci org/eclipse/jdt/internal/core/search/indexing/IndexNamesRegistry <init> (Ljava/io/File;Lorg/eclipse/core/runtime/IPath;)V 24 <appendix> member <vmtarget> ; # org/eclipse/jdt/internal/core/search/indexing/IndexNamesRegistry$$Lambda+0x0000016faf2af4b0
instanceKlass org/eclipse/jdt/internal/core/search/indexing/IndexNamesRegistry
instanceKlass org/eclipse/jdt/internal/compiler/util/SimpleLookupTable
instanceKlass org/eclipse/jdt/internal/core/index/IndexLocation
instanceKlass org/eclipse/jdt/internal/compiler/parser/Parser
instanceKlass org/eclipse/jdt/internal/compiler/lookup/TypeIds
instanceKlass org/eclipse/jdt/internal/compiler/ast/OperatorIds
instanceKlass org/eclipse/jdt/internal/compiler/parser/ConflictedParser
instanceKlass org/eclipse/jdt/internal/compiler/parser/ParserBasicInformation
instanceKlass org/eclipse/jdt/internal/compiler/IProblemFactory
instanceKlass org/eclipse/jdt/internal/core/search/indexing/IndexRequest
instanceKlass org/eclipse/jdt/internal/core/search/processing/JobManager
instanceKlass org/eclipse/jdt/internal/core/search/indexing/IIndexConstants
instanceKlass  @bci org/eclipse/jdt/internal/core/JavaModelManager <init> ()V 404 <appendix> argL0 ; # org/eclipse/jdt/internal/core/JavaModelManager$$Lambda+0x0000016faf2a9c78
instanceKlass org/eclipse/jdt/internal/core/JavaModelManager$3
instanceKlass org/eclipse/jdt/internal/core/JavaModelManager$2
instanceKlass org/eclipse/jdt/internal/core/JavaModelManager$EclipsePreferencesListener
instanceKlass org/eclipse/jdt/core/IElementChangedListener
instanceKlass org/eclipse/jdt/internal/core/DeltaProcessingState
instanceKlass org/eclipse/jdt/internal/core/ExternalFoldersManager
instanceKlass org/eclipse/jdt/internal/core/util/Util$Comparer
instanceKlass org/eclipse/jdt/internal/core/JavaModelManager$CompilationParticipants
instanceKlass org/eclipse/jdt/internal/core/BatchInitializationMonitor
instanceKlass org/eclipse/jdt/internal/core/JavaModelOperation
instanceKlass org/eclipse/jdt/internal/core/JavaElementInfo
instanceKlass org/eclipse/jdt/internal/codeassist/ISelectionRequestor
instanceKlass org/eclipse/jdt/internal/compiler/env/IElementInfo
instanceKlass org/eclipse/jdt/internal/core/JavaModelManager$1
instanceKlass org/eclipse/jdt/internal/compiler/util/Util$Displayable
instanceKlass org/eclipse/jdt/core/IClassFile
instanceKlass org/eclipse/jdt/core/IPackageFragment
instanceKlass org/eclipse/jdt/internal/core/util/LRUCache
instanceKlass org/eclipse/jdt/internal/core/search/IRestrictedAccessTypeRequestor
instanceKlass org/eclipse/jdt/core/IJavaElementDelta
instanceKlass org/eclipse/jdt/internal/compiler/util/SuffixConstants
instanceKlass org/eclipse/jdt/internal/compiler/env/ICompilationUnit
instanceKlass org/eclipse/jdt/internal/compiler/env/IDependent
instanceKlass org/eclipse/jdt/core/ICompilationUnit
instanceKlass org/eclipse/jdt/core/ISourceManipulation
instanceKlass org/eclipse/jdt/core/ITypeRoot
instanceKlass org/eclipse/jdt/core/ICodeAssist
instanceKlass org/eclipse/jdt/core/ISourceReference
instanceKlass org/lombokweb/asm/Handle
instanceKlass org/eclipse/jdt/core/IBufferChangedListener
instanceKlass org/eclipse/core/internal/jobs/JobQueue$2
instanceKlass org/eclipse/jdt/core/IPackageFragmentRoot
instanceKlass org/eclipse/jdt/internal/core/search/processing/IJob
instanceKlass org/eclipse/jdt/core/IAccessRule
instanceKlass org/eclipse/jdt/core/IJavaModelStatus
instanceKlass org/eclipse/jdt/core/IJavaProject
instanceKlass org/eclipse/jdt/core/IClasspathContainer
instanceKlass org/eclipse/jdt/internal/core/JavaModelManager
instanceKlass  @bci java/util/Comparator comparingDouble (Ljava/util/function/ToDoubleFunction;)Ljava/util/Comparator; 6 <appendix> member <vmtarget> ; # java/util/Comparator$$Lambda+0x0000016faf1fac70
instanceKlass  @bci org/eclipse/jdt/core/JavaCore <clinit> ()V 214 <appendix> argL0 ; # org/eclipse/jdt/core/JavaCore$$Lambda+0x0000016faf29b200
instanceKlass  @cpi org/eclipse/jdt/core/JavaCore 2486 form vmentry <vmtarget> ; # java/lang/invoke/LambdaForm$DMH+0x0000016faf29c400
# instanceKlass java/lang/invoke/LambdaForm$DMH+0x0000016faf29c000
instanceKlass java/util/function/ToDoubleFunction
instanceKlass org/eclipse/jdt/core/compiler/CharOperation
instanceKlass org/eclipse/jdt/internal/compiler/impl/CompilerOptions
instanceKlass org/eclipse/jdt/core/IRegion
instanceKlass org/eclipse/jdt/core/IClasspathAttribute
instanceKlass org/eclipse/jdt/internal/compiler/env/IModule
instanceKlass org/eclipse/jdt/core/IWorkingCopy
instanceKlass org/eclipse/jdt/core/search/TypeNameRequestor
instanceKlass org/eclipse/jdt/core/IClasspathEntry
instanceKlass org/eclipse/jdt/core/IJavaModel
instanceKlass org/eclipse/jdt/core/IParent
instanceKlass org/eclipse/jdt/core/IOpenable
instanceKlass org/eclipse/jdt/core/IJavaElement
instanceKlass org/eclipse/core/resources/IWorkspaceRunnable
instanceKlass org/eclipse/jdt/core/WorkingCopyOwner
instanceKlass org/eclipse/text/internal/Activator
instanceKlass org/eclipse/text/templates/ContextTypeRegistry
instanceKlass org/eclipse/jdt/ls/core/contentassist/ICompletionContributionService
instanceKlass java/nio/channels/AsynchronousByteChannel
instanceKlass java/nio/channels/AsynchronousChannel
instanceKlass java/net/SocketAddress
instanceKlass org/eclipse/jdt/ls/core/internal/lsp/JavaProtocolExtensions
instanceKlass org/eclipse/core/internal/events/NodeIDMap
instanceKlass org/eclipse/core/internal/events/ResourceDeltaInfo
instanceKlass org/eclipse/core/internal/dtree/NodeComparison
instanceKlass org/eclipse/core/internal/events/ResourceComparator
instanceKlass org/eclipse/core/internal/events/ResourceDeltaFactory
instanceKlass org/eclipse/core/resources/IMarkerDelta
instanceKlass org/eclipse/jdt/ls/core/internal/syntaxserver/IExtendedProtocol
instanceKlass org/eclipse/lsp4j/services/WorkspaceService
instanceKlass org/eclipse/lsp4j/services/TextDocumentService
instanceKlass org/eclipse/lsp4j/services/LanguageServer
instanceKlass org/eclipse/jdt/ls/core/internal/BaseJDTLanguageServer
instanceKlass java/net/Authenticator
instanceKlass org/eclipse/jdt/ls/core/internal/preferences/PreferenceManager
instanceKlass org/eclipse/core/runtime/SubMonitor$RootInfo
instanceKlass org/eclipse/core/resources/team/ResourceRuleFactory
instanceKlass org/eclipse/m2e/core/internal/repository/IRepositoryIndexer
instanceKlass org/eclipse/m2e/core/internal/repository/IRepositoryDiscoverer
instanceKlass org/apache/maven/wagon/authentication/AuthenticationInfo
instanceKlass org/eclipse/m2e/core/internal/repository/RepositoryInfo
instanceKlass org/eclipse/m2e/core/repository/IRepository
instanceKlass org/eclipse/m2e/core/internal/repository/RepositoryRegistry
instanceKlass org/eclipse/m2e/core/repository/IRepositoryRegistry
instanceKlass org/eclipse/m2e/core/internal/project/WorkspaceStateWriter
instanceKlass  @bci org/eclipse/core/internal/runtime/AdapterManager registerFactory (Lorg/eclipse/core/runtime/IAdapterFactory;Ljava/lang/String;)V 5 <appendix> argL0 ; # org/eclipse/core/internal/runtime/AdapterManager$$Lambda+0x0000016faf2682d0
instanceKlass org/eclipse/m2e/core/project/configurator/ILifecycleMapping
instanceKlass org/eclipse/m2e/core/project/IProjectCreationListener
instanceKlass org/eclipse/m2e/core/project/ProjectImportConfiguration
instanceKlass org/eclipse/m2e/core/project/MavenProjectInfo
instanceKlass org/eclipse/aether/graph/DependencyNode
instanceKlass org/eclipse/m2e/core/internal/project/registry/MavenProjectManager
instanceKlass org/eclipse/m2e/core/project/IMavenProjectRegistry
instanceKlass org/eclipse/aether/graph/DependencyVisitor
instanceKlass org/eclipse/aether/graph/DependencyFilter
instanceKlass org/eclipse/aether/collection/DependencyGraphTransformer
instanceKlass org/eclipse/aether/util/graph/transformer/ConflictResolver$VersionSelector
instanceKlass org/eclipse/aether/util/graph/transformer/ConflictResolver$ScopeSelector
instanceKlass org/eclipse/aether/util/graph/transformer/ConflictResolver$OptionalitySelector
instanceKlass org/eclipse/aether/util/graph/transformer/ConflictResolver$ScopeDeriver
instanceKlass javax/xml/transform/Source
instanceKlass javax/xml/transform/Result
instanceKlass org/w3c/dom/Node
instanceKlass org/eclipse/m2e/core/embedder/MavenModelManager
instanceKlass org/eclipse/m2e/core/project/configurator/ILifecycleMappingConfiguration
instanceKlass org/eclipse/m2e/core/internal/project/ProjectConfigurationManager
instanceKlass org/eclipse/m2e/core/project/IProjectConfigurationManager
instanceKlass org/eclipse/core/runtime/jobs/IJobFunction
instanceKlass org/eclipse/m2e/core/project/MavenUpdateRequest
instanceKlass java/io/ObjectStreamClass$ExceptionInfo
instanceKlass org/eclipse/m2e/core/internal/project/registry/MavenProjectFacade$MavenProjectConfiguration
instanceKlass org/apache/maven/artifact/versioning/VersionRange
instanceKlass org/codehaus/plexus/util/xml/pull/XmlSerializer
instanceKlass org/codehaus/plexus/util/xml/XMLWriter
instanceKlass java/io/ObjectStreamClass$5
instanceKlass java/io/ObjectStreamClass$4
instanceKlass java/io/ObjectStreamClass$3
instanceKlass java/io/ObjectStreamClass$MemberSignature
instanceKlass java/io/ObjectStreamClass$1
instanceKlass org/codehaus/plexus/util/xml/Xpp3Dom
instanceKlass org/eclipse/m2e/core/internal/lifecyclemapping/model/LifecycleMappingMetadataSource
instanceKlass org/eclipse/m2e/core/internal/lifecyclemapping/model/PluginExecutionFilter
instanceKlass org/eclipse/m2e/core/internal/lifecyclemapping/model/PluginExecutionMetadata
instanceKlass org/eclipse/m2e/core/lifecyclemapping/model/IPluginExecutionMetadata
# instanceKlass java/lang/invoke/LambdaForm$MH+0x0000016faf284c00
# instanceKlass java/lang/invoke/LambdaForm$MH+0x0000016faf284800
# instanceKlass java/lang/invoke/LambdaForm$DMH+0x0000016faf284400
# instanceKlass java/lang/invoke/LambdaForm$MH+0x0000016faf284000
# instanceKlass java/lang/invoke/LambdaForm$DMH+0x0000016faf283c00
# instanceKlass java/lang/invoke/LambdaForm$MH+0x0000016faf283800
# instanceKlass java/lang/invoke/LambdaForm$MH+0x0000016faf283400
# instanceKlass java/lang/invoke/LambdaForm$MH+0x0000016faf283000
# instanceKlass java/lang/invoke/LambdaForm$MH+0x0000016faf282c00
# instanceKlass java/lang/invoke/LambdaForm$MH+0x0000016faf282800
# instanceKlass java/lang/invoke/LambdaForm$MH+0x0000016faf282400
# instanceKlass java/lang/invoke/LambdaForm$MH+0x0000016faf282000
# instanceKlass java/lang/invoke/LambdaForm$MH+0x0000016faf281800
# instanceKlass java/lang/invoke/LambdaForm$MH+0x0000016faf281400
# instanceKlass java/lang/invoke/LambdaForm$MH+0x0000016faf281000
# instanceKlass java/lang/invoke/LambdaForm$MH+0x0000016faf280c00
# instanceKlass java/lang/invoke/LambdaForm$MH+0x0000016faf280800
# instanceKlass java/lang/invoke/LambdaForm$MH+0x0000016faf280400
# instanceKlass java/lang/invoke/LambdaForm$MH+0x0000016faf280000
instanceKlass  @bci org/eclipse/aether/internal/impl/collect/bf/BfDependencyCollector lambda$resolveArtifactDescriptorAsync$4 (Lorg/eclipse/aether/internal/impl/collect/bf/BfDependencyCollector$Args;Lorg/eclipse/aether/internal/impl/collect/bf/DependencyProcessingContext;Lorg/eclipse/aether/graph/Dependency;Lorg/eclipse/aether/internal/impl/collect/DependencyCollectorDelegate$Results;)Lorg/eclipse/aether/internal/impl/collect/bf/BfDependencyCollector$DescriptorResolutionResult; 114 <appendix> form vmentry <vmtarget> ; # java/lang/invoke/LambdaForm$DMH+0x0000016faf27fc00
instanceKlass java/util/CollSer
# instanceKlass java/lang/invoke/LambdaForm$MH+0x0000016faf27ec00
# instanceKlass java/lang/invoke/LambdaForm$MH+0x0000016faf27e000
# instanceKlass java/lang/invoke/LambdaForm$MH+0x0000016faf27dc00
# instanceKlass java/lang/invoke/LambdaForm$MH+0x0000016faf27d800
# instanceKlass java/lang/invoke/LambdaForm$MH+0x0000016faf27d400
# instanceKlass java/lang/invoke/LambdaForm$MH+0x0000016faf27d000
instanceKlass  @bci java/lang/invoke/BootstrapMethodInvoker invoke (Ljava/lang/Class;Ljava/lang/invoke/MethodHandle;Ljava/lang/String;Ljava/lang/Object;Ljava/lang/Object;Ljava/lang/Class;)Ljava/lang/Object; 894 <adapter> ; # java/lang/invoke/LambdaForm$MH+0x0000016faf27cc00
# instanceKlass java/lang/invoke/LambdaForm$MH+0x0000016faf27c800
# instanceKlass java/lang/invoke/LambdaForm$MH+0x0000016faf27c400
# instanceKlass java/lang/invoke/LambdaForm$MH+0x0000016faf27c000
# instanceKlass java/lang/invoke/LambdaForm$MH+0x0000016faf27bc00
instanceKlass org/eclipse/m2e/core/project/ResolverConfiguration
instanceKlass java/io/FileFilter
# instanceKlass java/lang/invoke/LambdaForm$MH+0x0000016faf27b000
# instanceKlass java/lang/invoke/LambdaForm$MH+0x0000016faf27ac00
# instanceKlass java/lang/invoke/LambdaForm$MH+0x0000016faf27a800
# instanceKlass java/lang/invoke/LambdaForm$MH+0x0000016faf27a400
# instanceKlass java/lang/invoke/LambdaForm$MH+0x0000016faf1aac00
instanceKlass  @bci java/lang/invoke/BootstrapMethodInvoker invoke (Ljava/lang/Class;Ljava/lang/invoke/MethodHandle;Ljava/lang/String;Ljava/lang/Object;Ljava/lang/Object;Ljava/lang/Class;)Ljava/lang/Object; 930 <adapter> ; # java/lang/invoke/LambdaForm$MH+0x0000016faf1aa800
# instanceKlass java/lang/invoke/LambdaForm$MH+0x0000016faf1aa400
# instanceKlass java/lang/invoke/LambdaForm$MH+0x0000016faf1aa000
# instanceKlass java/lang/invoke/LambdaForm$MH+0x0000016faf1ab400
# instanceKlass java/lang/invoke/LambdaForm$MH+0x0000016faf1ab000
# instanceKlass java/lang/invoke/LambdaForm$MH+0x0000016faf1a8c00
# instanceKlass java/lang/invoke/LambdaForm$MH+0x0000016faf27a000
# instanceKlass java/lang/invoke/LambdaForm$MH+0x0000016faf279c00
# instanceKlass java/lang/invoke/LambdaForm$MH+0x0000016faf279400
instanceKlass org/apache/maven/artifact/versioning/ArtifactVersion
instanceKlass org/eclipse/m2e/core/internal/project/registry/RequiredCapability
instanceKlass  @bci org/eclipse/m2e/core/internal/project/registry/MavenProjectCache$CacheKey hashCode ()I 1 <adapter> ; # java/lang/invoke/LambdaForm$MH+0x0000016faf278800
instanceKlass  @bci org/eclipse/m2e/core/internal/project/registry/MavenProjectCache$CacheKey hashCode ()I 1 <appendix> form vmentry <vmtarget> ; # java/lang/invoke/LambdaForm$MH+0x0000016faf278400
# instanceKlass java/lang/invoke/LambdaForm$MH+0x0000016faf278000
# instanceKlass java/lang/invoke/LambdaForm$MH+0x0000016faf277c00
instanceKlass  @bci org/eclipse/m2e/core/internal/project/registry/MavenProjectCache$CacheKey hashCode ()I 1 <appendix> form names 7 function resolvedHandle form vmentry <vmtarget> ; # java/lang/invoke/LambdaForm$DMH+0x0000016faf277800
instanceKlass  @bci org/eclipse/m2e/core/internal/project/registry/MavenProjectCache$CacheKey hashCode ()I 1 <appendix> argL2 argL2 form vmentry <vmtarget> ; # java/lang/invoke/LambdaForm$MH+0x0000016faf277400
instanceKlass  @bci java/lang/runtime/ObjectMethods bootstrap (Ljava/lang/invoke/MethodHandles$Lookup;Ljava/lang/String;Ljava/lang/invoke/TypeDescriptor;Ljava/lang/Class;Ljava/lang/String;[Ljava/lang/invoke/MethodHandle;)Ljava/lang/Object; 37 <appendix> argL0 ; # java/lang/runtime/ObjectMethods$$Lambda+0x0000016faf1f8ae8
# instanceKlass java/lang/invoke/LambdaForm$DMH+0x0000016faf277000
# instanceKlass java/lang/invoke/LambdaForm$DMH+0x0000016faf276c00
# instanceKlass java/lang/invoke/LambdaForm$DMH+0x0000016faf276800
# instanceKlass java/lang/invoke/LambdaForm$DMH+0x0000016faf276400
# instanceKlass java/lang/invoke/LambdaForm$DMH+0x0000016faf276000
# instanceKlass java/lang/invoke/LambdaForm$DMH+0x0000016faf275c00
# instanceKlass java/lang/invoke/LambdaForm$DMH+0x0000016faf275800
# instanceKlass java/lang/invoke/LambdaForm$DMH+0x0000016faf275400
# instanceKlass java/lang/invoke/LambdaForm$DMH+0x0000016faf275000
# instanceKlass java/lang/invoke/LambdaForm$DMH+0x0000016faf274c00
# instanceKlass java/lang/invoke/LambdaForm$DMH+0x0000016faf274800
instanceKlass java/lang/runtime/ObjectMethods$1
# instanceKlass java/lang/invoke/LambdaForm$MH+0x0000016faf274400
# instanceKlass java/lang/invoke/LambdaForm$MH+0x0000016faf274000
# instanceKlass java/lang/invoke/LambdaForm$MH+0x0000016faf273c00
# instanceKlass java/lang/invoke/LambdaForm$MH+0x0000016faf273800
# instanceKlass java/lang/invoke/LambdaForm$MH+0x0000016faf273400
# instanceKlass java/lang/invoke/LambdaForm$MH+0x0000016faf273000
instanceKlass java/lang/invoke/MethodHandleImpl$Makers$2
instanceKlass java/lang/invoke/MethodHandleImpl$Makers$1
instanceKlass java/lang/invoke/MethodHandleImpl$Makers
instanceKlass  @bci java/lang/invoke/BootstrapMethodInvoker invoke (Ljava/lang/Class;Ljava/lang/invoke/MethodHandle;Ljava/lang/String;Ljava/lang/Object;Ljava/lang/Object;Ljava/lang/Class;)Ljava/lang/Object; 862 <adapter> ; # java/lang/invoke/LambdaForm$MH+0x0000016faf272c00
# instanceKlass java/lang/invoke/LambdaForm$DMH+0x0000016faf272800
instanceKlass java/lang/runtime/ObjectMethods
# instanceKlass java/lang/invoke/LambdaForm$MH+0x0000016faf272400
# instanceKlass java/lang/invoke/LambdaForm$MH+0x0000016faf272000
# instanceKlass java/lang/invoke/LambdaForm$MH+0x0000016faf271c00
# instanceKlass java/lang/invoke/LambdaForm$DMH+0x0000016faf271800
# instanceKlass java/lang/invoke/LambdaForm$MH+0x0000016faf271400
# instanceKlass java/lang/invoke/LambdaForm$MH+0x0000016faf271000
# instanceKlass java/lang/invoke/LambdaForm$MH+0x0000016faf270c00
instanceKlass  @bci java/io/ObjectStreamClass$RecordSupport deserializationCtr (Ljava/io/ObjectStreamClass;)Ljava/lang/invoke/MethodHandle; 46 <appendix> member <vmtarget> ; # java/io/ObjectStreamClass$RecordSupport$$Lambda+0x0000016faf1f7578
# instanceKlass java/lang/invoke/LambdaForm$MH+0x0000016faf270800
# instanceKlass java/lang/invoke/LambdaForm$MH+0x0000016faf270400
# instanceKlass java/lang/invoke/LambdaForm$MH+0x0000016faf270000
# instanceKlass java/lang/invoke/LambdaForm$MH+0x0000016faf26fc00
# instanceKlass java/lang/invoke/LambdaForm$MH+0x0000016faf26f800
# instanceKlass java/io/ObjectStreamClass$RecordSupport$$InjectedInvoker+0x0000016faf26f400
# instanceKlass java/lang/invoke/LambdaForm$MH+0x0000016faf26f000
instanceKlass java/io/ObjectStreamClass$DeserializationConstructorsCache$Key
# instanceKlass java/lang/invoke/LambdaForm$DMH+0x0000016faf26ec00
# instanceKlass java/lang/invoke/LambdaForm$DMH+0x0000016faf26e800
# instanceKlass java/lang/invoke/LambdaForm$DMH+0x0000016faf26e400
instanceKlass java/io/ObjectStreamClass$RecordSupport
instanceKlass  @bci java/io/ObjectStreamClass lambda$canonicalRecordCtr$2 (Ljava/lang/Class;)Ljava/lang/invoke/MethodHandle; 17 <appendix> argL0 ; # java/io/ObjectStreamClass$$Lambda+0x0000016faf1f6760
instanceKlass  @bci java/io/ObjectStreamClass lambda$canonicalRecordCtr$2 (Ljava/lang/Class;)Ljava/lang/invoke/MethodHandle; 7 <appendix> argL0 ; # java/io/ObjectStreamClass$$Lambda+0x0000016faf1f6520
instanceKlass  @bci java/io/ObjectStreamClass canonicalRecordCtr (Ljava/lang/Class;)Ljava/lang/invoke/MethodHandle; 42 <appendix> member <vmtarget> ; # java/io/ObjectStreamClass$$Lambda+0x0000016faf1f62f8
instanceKlass org/eclipse/m2e/core/internal/project/registry/ProjectRegistryReader$MavenProjectManagerImplReplace
instanceKlass org/eclipse/m2e/core/internal/project/registry/ProjectRegistryReader$IPathReplace
instanceKlass org/eclipse/m2e/core/internal/project/registry/ProjectRegistryReader$IFileReplace
instanceKlass java/util/HashMap$UnsafeHolder
instanceKlass java/io/SerialCallbackContext
instanceKlass java/io/ObjectInputStream$GetField
instanceKlass java/io/ObjectStreamClass$ClassDataSlot
instanceKlass java/io/ObjectStreamClass$FieldReflector
instanceKlass java/io/ObjectStreamClass$FieldReflectorKey
instanceKlass jdk/internal/reflect/ClassDefiner$1
instanceKlass jdk/internal/reflect/ClassDefiner
instanceKlass jdk/internal/reflect/MethodAccessorGenerator$1
instanceKlass jdk/internal/reflect/Label$PatchInfo
instanceKlass jdk/internal/reflect/Label
instanceKlass jdk/internal/reflect/UTF8
instanceKlass jdk/internal/reflect/ClassFileAssembler
instanceKlass jdk/internal/reflect/ByteVectorImpl
instanceKlass jdk/internal/reflect/ByteVector
instanceKlass jdk/internal/reflect/ByteVectorFactory
instanceKlass jdk/internal/reflect/AccessorGenerator
instanceKlass jdk/internal/reflect/ClassFileConstants
instanceKlass  @bci jdk/internal/reflect/MethodHandleLongFieldAccessorImpl getLong (Ljava/lang/Object;)J 11 <adapter> ; # java/lang/invoke/LambdaForm$MH+0x0000016faf26c000
instanceKlass java/io/ObjectStreamClass$2
instanceKlass java/io/ClassCache
instanceKlass java/io/ObjectStreamClass$Caches
instanceKlass sun/reflect/misc/ReflectUtil
instanceKlass java/io/ObjectStreamClass
instanceKlass  @bci java/io/ObjectInputFilter$Config <clinit> ()V 368 <appendix> argL0 ; # java/io/ObjectInputFilter$Config$$Lambda+0x0000016faf1f0e50
instanceKlass jdk/internal/access/JavaObjectInputFilterAccess
instanceKlass java/io/ObjectInputFilter$Config$BuiltinFilterFactory
instanceKlass  @bci java/io/ObjectInputFilter$Config <clinit> ()V 80 <appendix> argL0 ; # java/io/ObjectInputFilter$Config$$Lambda+0x0000016faf1f07e8
instanceKlass  @bci java/io/ObjectInputFilter$Config <clinit> ()V 56 <appendix> argL0 ; # java/io/ObjectInputFilter$Config$$Lambda+0x0000016faf1f05c8
instanceKlass java/io/ObjectInputFilter
instanceKlass java/io/ObjectInputFilter$Config
instanceKlass java/io/ObjectInputStream$ValidationList
instanceKlass java/io/ObjectInputStream$HandleTable$HandleList
instanceKlass java/io/ObjectInputStream$HandleTable
instanceKlass  @bci java/io/ObjectInputStream <clinit> ()V 100 <appendix> argL0 ; # java/io/ObjectInputStream$$Lambda+0x0000016faf1ef048
instanceKlass jdk/internal/access/JavaObjectInputStreamReadString
instanceKlass  @bci java/io/ObjectInputStream <clinit> ()V 92 <appendix> argL0 ; # java/io/ObjectInputStream$$Lambda+0x0000016faf1eec28
instanceKlass jdk/internal/access/JavaObjectInputStreamAccess
instanceKlass org/eclipse/m2e/core/project/IMavenProjectChangedListener
instanceKlass org/apache/maven/project/ProjectBuildingResult
instanceKlass org/eclipse/core/runtime/SubMonitor
instanceKlass org/eclipse/m2e/core/internal/project/registry/DependencyResolutionContext
instanceKlass org/eclipse/m2e/core/internal/project/registry/MavenProjectFacade
instanceKlass com/google/common/cache/LocalCache$AbstractReferenceEntry
instanceKlass java/util/concurrent/atomic/AtomicReferenceArray
instanceKlass com/google/common/cache/LocalCache$LoadingValueReference
instanceKlass com/google/common/cache/Weigher
instanceKlass com/google/common/base/Predicate
instanceKlass com/google/common/base/Equivalence
instanceKlass java/util/function/BiPredicate
instanceKlass com/google/common/base/MoreObjects
instanceKlass com/google/common/cache/LocalCache$1
instanceKlass com/google/common/cache/ReferenceEntry
instanceKlass com/google/common/cache/LocalCache$ValueReference
instanceKlass com/google/common/cache/LocalCache$LocalManualCache
instanceKlass com/google/common/cache/CacheLoader
instanceKlass  @bci org/eclipse/m2e/core/internal/project/registry/MavenProjectCache <init> ()V 25 <appendix> member <vmtarget> ; # org/eclipse/m2e/core/internal/project/registry/MavenProjectCache$$Lambda+0x0000016faf258848
instanceKlass org/eclipse/m2e/core/internal/project/registry/MavenProjectCache$CacheLine
instanceKlass  @bci org/eclipse/m2e/core/internal/project/registry/MavenProjectCache <init> ()V 16 <appendix> member <vmtarget> ; # org/eclipse/m2e/core/internal/project/registry/MavenProjectCache$$Lambda+0x0000016faf258410
instanceKlass com/google/common/cache/RemovalListener
instanceKlass com/google/common/cache/CacheBuilder$2
instanceKlass com/google/common/base/Preconditions
instanceKlass com/google/common/cache/CacheStats
instanceKlass com/google/common/base/Suppliers$SupplierOfInstance
instanceKlass com/google/common/base/Suppliers
instanceKlass com/google/common/cache/CacheBuilder$1
instanceKlass com/google/common/cache/AbstractCache$StatsCounter
instanceKlass com/google/common/base/Ticker
instanceKlass com/google/common/base/Supplier
instanceKlass com/google/common/cache/CacheBuilder
instanceKlass com/google/common/cache/LoadingCache
instanceKlass com/google/common/base/Function
instanceKlass com/google/common/cache/Cache
instanceKlass org/eclipse/m2e/core/internal/preferences/MavenPreferenceConstants
instanceKlass org/apache/maven/project/ProjectBuildingRequest
instanceKlass org/apache/maven/wagon/proxy/ProxyInfo
instanceKlass org/apache/maven/execution/MavenSession
instanceKlass org/apache/maven/settings/TrackableBase
instanceKlass org/apache/maven/lifecycle/MavenExecutionPlan
instanceKlass org/apache/maven/model/ModelBase
instanceKlass org/apache/maven/model/ConfigurationContainer
instanceKlass org/apache/maven/model/InputLocationTracker
instanceKlass org/eclipse/m2e/core/internal/embedder/MavenImpl$MavenSettings
instanceKlass org/apache/maven/model/building/ModelProblemCollectorRequest
instanceKlass org/apache/maven/plugin/MojoExecution
instanceKlass org/eclipse/m2e/core/internal/embedder/MavenExecutionContext
instanceKlass org/eclipse/m2e/core/embedder/ILocalRepositoryListener
instanceKlass org/eclipse/m2e/core/embedder/ICallable
instanceKlass org/apache/maven/artifact/Artifact
instanceKlass org/eclipse/m2e/core/embedder/ISettingsChangeListener
instanceKlass org/eclipse/sisu/inject/MildKeys
instanceKlass org/eclipse/sisu/inject/Weak
instanceKlass java/util/stream/Nodes$ArrayNode
instanceKlass  @bci sun/util/locale/provider/LocaleProviderAdapter toLocaleArray (Ljava/util/Set;)[Ljava/util/Locale; 16 <appendix> argL0 ; # sun/util/locale/provider/LocaleProviderAdapter$$Lambda+0x800000069
instanceKlass  @bci sun/util/locale/provider/LocaleProviderAdapter toLocaleArray (Ljava/util/Set;)[Ljava/util/Locale; 6 <appendix> argL0 ; # sun/util/locale/provider/LocaleProviderAdapter$$Lambda+0x800000068
instanceKlass  @bci sun/util/cldr/CLDRLocaleProviderAdapter getCalendarDataProvider ()Ljava/util/spi/CalendarDataProvider; 8 <appendix> member <vmtarget> ; # sun/util/cldr/CLDRLocaleProviderAdapter$$Lambda+0x800000062
instanceKlass sun/util/locale/provider/CalendarDataUtility$CalendarWeekParameterGetter
instanceKlass sun/util/locale/provider/LocaleServiceProviderPool$LocalizedObjectGetter
instanceKlass sun/util/locale/provider/LocaleServiceProviderPool
instanceKlass java/util/Calendar$Builder
instanceKlass  @bci sun/util/locale/provider/JRELocaleProviderAdapter getCalendarProvider ()Lsun/util/spi/CalendarProvider; 8 <appendix> member <vmtarget> ; # sun/util/locale/provider/JRELocaleProviderAdapter$$Lambda+0x800000063
instanceKlass com/google/inject/matcher/AbstractMatcher
instanceKlass com/google/inject/matcher/Matcher
instanceKlass com/google/inject/Module
instanceKlass com/google/inject/spi/TypeConverter
instanceKlass org/codehaus/plexus/component/configurator/converters/ParameterizedConfigurationConverter
instanceKlass org/codehaus/plexus/component/configurator/converters/AbstractConfigurationConverter
instanceKlass org/codehaus/plexus/component/configurator/converters/ConfigurationConverter
instanceKlass org/codehaus/plexus/component/configurator/converters/lookup/DefaultConverterLookup
instanceKlass org/apache/maven/project/MavenProject
instanceKlass org/eclipse/m2e/core/internal/markers/SourceLocation
instanceKlass org/eclipse/m2e/core/internal/markers/MavenProblemInfo
instanceKlass org/eclipse/aether/artifact/Artifact
instanceKlass org/eclipse/m2e/core/internal/markers/MavenMarkerManager
instanceKlass org/eclipse/m2e/core/internal/embedder/MavenProperties
instanceKlass org/apache/maven/execution/MavenExecutionRequest
instanceKlass org/apache/felix/scr/impl/ComponentRegistry$2
instanceKlass org/eclipse/m2e/core/internal/preferences/MavenConfigurationImpl$1
instanceKlass org/eclipse/core/runtime/preferences/IPreferenceFilter
instanceKlass org/apache/felix/scr/impl/ComponentRegistry$Entry
instanceKlass org/eclipse/osgi/internal/log/ExtendedLogEntryImpl
instanceKlass org/eclipse/equinox/log/ExtendedLogEntry
instanceKlass org/eclipse/osgi/internal/log/Arguments
instanceKlass java/lang/StackTraceElement$HashedModules
instanceKlass org/eclipse/m2e/core/internal/embedder/EclipseLogger
instanceKlass org/codehaus/plexus/logging/Logger
instanceKlass org/codehaus/plexus/logging/AbstractLoggerManager
instanceKlass org/codehaus/plexus/logging/LoggerManager
instanceKlass org/eclipse/m2e/core/internal/embedder/IMavenPlexusContainer
instanceKlass org/codehaus/plexus/classworlds/ClassWorldListener
instanceKlass org/codehaus/plexus/PlexusContainer
instanceKlass org/codehaus/plexus/classworlds/ClassWorld
instanceKlass org/codehaus/plexus/configuration/PlexusConfiguration
instanceKlass org/codehaus/plexus/component/configurator/expression/ExpressionEvaluator
instanceKlass org/apache/maven/plugin/version/PluginVersionRequest
instanceKlass org/apache/maven/execution/MavenExecutionResult
instanceKlass org/apache/maven/settings/crypto/SettingsDecryptionRequest
instanceKlass org/apache/maven/settings/building/SettingsBuildingRequest
instanceKlass org/eclipse/aether/RepositorySystemSession
instanceKlass org/apache/maven/model/building/ModelBuildingRequest
instanceKlass org/codehaus/plexus/component/configurator/converters/lookup/ConverterLookup
instanceKlass org/eclipse/m2e/core/internal/embedder/MavenImpl
instanceKlass org/eclipse/m2e/core/embedder/IMavenConfigurationChangeListener
instanceKlass org/eclipse/m2e/core/internal/preferences/MavenConfigurationImpl
instanceKlass org/eclipse/m2e/core/internal/project/registry/MavenProjectCache
instanceKlass org/eclipse/m2e/core/internal/project/registry/ProjectRegistryReader
instanceKlass org/eclipse/m2e/core/internal/embedder/PlexusContainerManager
instanceKlass org/eclipse/m2e/core/internal/markers/IMavenMarkerManager
instanceKlass org/eclipse/m2e/core/internal/project/registry/BasicProjectRegistry
instanceKlass org/eclipse/m2e/core/project/IProjectConfiguration
instanceKlass org/apache/maven/artifact/repository/MavenArtifactRepository
instanceKlass org/apache/maven/artifact/repository/ArtifactRepository
instanceKlass org/eclipse/m2e/core/embedder/IMavenExecutionContext
instanceKlass org/eclipse/m2e/core/internal/project/registry/AbstractMavenDependencyResolver
instanceKlass org/eclipse/aether/repository/WorkspaceReader
instanceKlass org/eclipse/m2e/core/internal/project/registry/IProjectRegistry
instanceKlass org/eclipse/m2e/core/internal/project/registry/Capability
instanceKlass org/eclipse/m2e/core/project/IMavenProjectFacade
instanceKlass org/eclipse/m2e/core/embedder/IMavenExecutableLocation
instanceKlass org/eclipse/m2e/core/embedder/IMaven
instanceKlass org/eclipse/m2e/core/embedder/IComponentLookup
instanceKlass org/eclipse/m2e/core/embedder/IMavenConfiguration
instanceKlass org/eclipse/m2e/core/internal/project/registry/ProjectRegistryManager
instanceKlass ch/qos/logback/classic/util/LoggerNameUtil
instanceKlass org/slf4j/helpers/Reporter
instanceKlass ch/qos/logback/core/util/CachingDateFormatter$CacheTuple
instanceKlass ch/qos/logback/core/util/CachingDateFormatter
instanceKlass ch/qos/logback/core/util/StatusPrinter2
instanceKlass ch/qos/logback/core/util/StatusPrinter
instanceKlass ch/qos/logback/core/status/StatusUtil
instanceKlass  @bci ch/qos/logback/classic/util/ContextInitializer printDuration (JLch/qos/logback/classic/spi/Configurator;Lch/qos/logback/classic/spi/Configurator$ExecutionStatus;)V 31 <adapter> ; # java/lang/invoke/LambdaForm$MH+0x0000016faf237400
instanceKlass  @bci ch/qos/logback/classic/util/ContextInitializer printDuration (JLch/qos/logback/classic/spi/Configurator;Lch/qos/logback/classic/spi/Configurator$ExecutionStatus;)V 31 <appendix> form vmentry <vmtarget> ; # java/lang/invoke/LambdaForm$MH+0x0000016faf237000
# instanceKlass java/lang/invoke/LambdaForm$MH+0x0000016faf236c00
instanceKlass  @bci ch/qos/logback/classic/util/ContextInitializer printDuration (JLch/qos/logback/classic/spi/Configurator;Lch/qos/logback/classic/spi/Configurator$ExecutionStatus;)V 31 <appendix> form names 8 function resolvedHandle form vmentry <vmtarget> ; # java/lang/invoke/LambdaForm$DMH+0x0000016faf236800
instanceKlass  @bci ch/qos/logback/classic/util/ContextInitializer printDuration (JLch/qos/logback/classic/spi/Configurator;Lch/qos/logback/classic/spi/Configurator$ExecutionStatus;)V 31 <appendix> argL3 form vmentry <vmtarget> ; # java/lang/invoke/LambdaForm$MH+0x0000016faf236400
# instanceKlass java/lang/invoke/LambdaForm$MH+0x0000016faf236000
# instanceKlass java/lang/invoke/LambdaForm$MH+0x0000016faf235c00
# instanceKlass java/lang/invoke/LambdaForm$MH+0x0000016faf235800
# instanceKlass java/lang/invoke/LambdaForm$MH+0x0000016faf235400
instanceKlass  @bci ch/qos/logback/classic/util/ContextInitializer printDuration (JLch/qos/logback/classic/spi/Configurator;Lch/qos/logback/classic/spi/Configurator$ExecutionStatus;)V 31 <appendix> form names 12 function resolvedHandle form vmentry <vmtarget> ; # java/lang/invoke/LambdaForm$DMH+0x0000016faf235000
instanceKlass  @bci ch/qos/logback/classic/util/ContextInitializer printDuration (JLch/qos/logback/classic/spi/Configurator;Lch/qos/logback/classic/spi/Configurator$ExecutionStatus;)V 31 <appendix> argL1 form vmentry <vmtarget> ; # java/lang/invoke/LambdaForm$MH+0x0000016faf234c00
# instanceKlass java/lang/invoke/LambdaForm$MH+0x0000016faf234800
# instanceKlass java/lang/invoke/LambdaForm$MH+0x0000016faf234400
# instanceKlass java/lang/invoke/LambdaForm$MH+0x0000016faf234000
instanceKlass ch/qos/logback/core/Appender
instanceKlass ch/qos/logback/core/spi/FilterAttachable
instanceKlass ch/qos/logback/core/spi/ContextAwareBase
instanceKlass ch/qos/logback/core/status/StatusListener
instanceKlass ch/qos/logback/core/util/StatusListenerConfigHelper
instanceKlass ch/qos/logback/core/status/StatusBase
instanceKlass ch/qos/logback/core/util/EnvUtil
instanceKlass ch/qos/logback/classic/util/ClassicEnvUtil
instanceKlass ch/qos/logback/core/util/OptionHelper
instanceKlass ch/qos/logback/core/util/Loader
instanceKlass ch/qos/logback/classic/spi/Configurator
instanceKlass ch/qos/logback/core/spi/ContextAwareImpl
instanceKlass ch/qos/logback/classic/util/ContextInitializer$1
instanceKlass ch/qos/logback/core/spi/ContextAware
instanceKlass ch/qos/logback/classic/util/ContextInitializer
instanceKlass org/slf4j/MDC
instanceKlass ch/qos/logback/classic/util/LogbackMDCAdapter
instanceKlass ch/qos/logback/classic/Level
instanceKlass ch/qos/logback/classic/spi/ILoggingEvent
instanceKlass ch/qos/logback/core/spi/DeferredProcessingAware
instanceKlass org/slf4j/spi/LoggingEventBuilder
instanceKlass ch/qos/logback/classic/Logger
instanceKlass ch/qos/logback/core/spi/AppenderAttachable
instanceKlass org/slf4j/spi/LoggingEventAware
instanceKlass org/slf4j/spi/LocationAwareLogger
instanceKlass ch/qos/logback/classic/spi/LoggerContextVO
instanceKlass ch/qos/logback/core/spi/LogbackLock
instanceKlass ch/qos/logback/core/helpers/CyclicBuffer
instanceKlass ch/qos/logback/core/BasicStatusManager
instanceKlass ch/qos/logback/core/status/Status
instanceKlass ch/qos/logback/core/status/StatusManager
instanceKlass ch/qos/logback/core/ContextBase
instanceKlass ch/qos/logback/core/spi/LifeCycle
instanceKlass ch/qos/logback/core/Context
instanceKlass ch/qos/logback/core/spi/PropertyContainer
# instanceKlass java/lang/invoke/LambdaForm$MH+0x0000016faf22c400
instanceKlass  @cpi org/eclipse/jdt/ls/core/internal/JDTUtils 1933 form vmentry <vmtarget> ; # java/lang/invoke/LambdaForm$DMH+0x0000016faf22c000
instanceKlass org/apache/aries/spifly/Util$7
instanceKlass org/apache/aries/spifly/Util$5
instanceKlass org/eclipse/osgi/internal/container/NamespaceList$Builder$1
instanceKlass org/apache/felix/resolver/WireImpl
instanceKlass org/apache/felix/resolver/util/ArrayMap$1$1
instanceKlass org/apache/felix/resolver/UsedBlames
instanceKlass org/apache/felix/resolver/PackageSpaces$4
instanceKlass org/apache/felix/resolver/PackageSpaces$3
instanceKlass org/apache/felix/resolver/PackageSpaces$2
instanceKlass org/apache/felix/resolver/Blame
instanceKlass org/apache/felix/resolver/PackageSpaces$1
instanceKlass org/apache/felix/resolver/Packages
instanceKlass org/apache/felix/resolver/WrappedRequirement
instanceKlass org/apache/felix/resolver/WireCandidate
instanceKlass org/apache/felix/resolver/EnhancedExecutor$1
instanceKlass org/apache/felix/resolver/PackageSpaces$1Computer
instanceKlass org/apache/felix/resolver/WrappedResource
instanceKlass  @bci org/apache/felix/resolver/util/CandidateSelector calculate (Lorg/osgi/resource/Requirement;)V 15 <appendix> member <vmtarget> ; # org/apache/felix/resolver/util/CandidateSelector$$Lambda+0x0000016faf1679c8
instanceKlass org/apache/felix/resolver/util/CopyOnWriteSet
instanceKlass org/apache/felix/resolver/DumbExecutor
instanceKlass org/slf4j/helpers/Util
instanceKlass org/slf4j/helpers/NOPMDCAdapter
instanceKlass org/slf4j/helpers/NOPLoggerFactory
instanceKlass org/slf4j/helpers/NOP_FallbackServiceProvider
instanceKlass org/slf4j/helpers/ThreadLocalMapOfStacks
instanceKlass org/objectweb/asm/tree/ParameterNode
instanceKlass org/slf4j/helpers/BasicMDCAdapter
instanceKlass org/slf4j/Marker
instanceKlass org/slf4j/helpers/BasicMarkerFactory
instanceKlass org/slf4j/Logger
instanceKlass org/slf4j/helpers/SubstituteLoggerFactory
instanceKlass org/slf4j/ILoggerFactory
instanceKlass org/slf4j/spi/MDCAdapter
instanceKlass org/slf4j/IMarkerFactory
instanceKlass org/slf4j/helpers/SubstituteServiceProvider
instanceKlass org/slf4j/event/LoggingEvent
instanceKlass org/slf4j/LoggerFactory
instanceKlass  @bci org/eclipse/osgi/container/ModuleWiring lambda$1 (Lorg/eclipse/osgi/internal/container/NamespaceList$Builder;)V 26 <appendix> argL0 ; # org/eclipse/osgi/container/ModuleWiring$$Lambda+0x0000016faf166bc8
instanceKlass java/util/function/UnaryOperator
instanceKlass  @bci org/eclipse/osgi/container/ModuleWiring addDynamicImports (Lorg/eclipse/osgi/container/ModuleRevisionBuilder;)V 39 <appendix> member <vmtarget> ; # org/eclipse/osgi/container/ModuleWiring$$Lambda+0x0000016faf1669a0
instanceKlass  @bci org/eclipse/osgi/container/ModuleWiring addDynamicImports (Lorg/eclipse/osgi/container/ModuleRevisionBuilder;)V 7 <appendix> member <vmtarget> ; # org/eclipse/osgi/container/ModuleWiring$$Lambda+0x0000016faf166758
instanceKlass org/eclipse/osgi/container/builders/OSGiManifestBuilderFactory
instanceKlass  @bci sun/net/www/protocol/jrt/JavaRuntimeURLConnection <clinit> ()V 0 <appendix> argL0 ; # sun/net/www/protocol/jrt/JavaRuntimeURLConnection$$Lambda+0x0000016faf1ec1d8
instanceKlass org/objectweb/asm/Handler
instanceKlass org/objectweb/asm/tree/TryCatchBlockNode
instanceKlass org/objectweb/asm/Handle
instanceKlass org/objectweb/asm/Edge
instanceKlass org/objectweb/asm/tree/LocalVariableNode
instanceKlass java/util/BitSet
instanceKlass org/objectweb/asm/tree/InsnList
instanceKlass org/objectweb/asm/tree/Util
instanceKlass org/objectweb/asm/tree/AbstractInsnNode
instanceKlass org/objectweb/asm/commons/Method
instanceKlass org/objectweb/asm/Label
instanceKlass org/objectweb/asm/Frame
instanceKlass org/objectweb/asm/Context
instanceKlass org/objectweb/asm/Attribute
instanceKlass org/objectweb/asm/Type
instanceKlass org/objectweb/asm/ByteVector
instanceKlass org/objectweb/asm/Symbol
instanceKlass org/objectweb/asm/SymbolTable
instanceKlass org/objectweb/asm/FieldVisitor
instanceKlass org/objectweb/asm/MethodVisitor
instanceKlass org/objectweb/asm/AnnotationVisitor
instanceKlass org/objectweb/asm/ModuleVisitor
instanceKlass org/objectweb/asm/RecordComponentVisitor
instanceKlass org/objectweb/asm/ClassReader
instanceKlass org/eclipse/m2e/core/internal/URLConnectionCaches
instanceKlass  @bci org/eclipse/m2e/core/internal/MavenPluginActivator start (Lorg/osgi/framework/BundleContext;)V 31 <adapter> ; # java/lang/invoke/LambdaForm$MH+0x0000016faf214000
# instanceKlass java/lang/invoke/LambdaForm$DMH+0x0000016faf213c00
instanceKlass  @bci org/eclipse/m2e/core/internal/MavenPluginActivator start (Lorg/osgi/framework/BundleContext;)V 31 <appendix> form vmentry <vmtarget> ; # java/lang/invoke/LambdaForm$MH+0x0000016faf213800
instanceKlass  @bci org/eclipse/m2e/core/internal/MavenPluginActivator start (Lorg/osgi/framework/BundleContext;)V 31 <appendix> form names 5 function resolvedHandle form vmentry <vmtarget> ; # java/lang/invoke/LambdaForm$DMH+0x0000016faf213400
instanceKlass  @bci org/eclipse/m2e/core/internal/MavenPluginActivator start (Lorg/osgi/framework/BundleContext;)V 31 <appendix> argL3 form vmentry <vmtarget> ; # java/lang/invoke/LambdaForm$MH+0x0000016faf213000
# instanceKlass java/lang/invoke/LambdaForm$MH+0x0000016faf212c00
# instanceKlass java/lang/invoke/LambdaForm$MH+0x0000016faf212800
# instanceKlass java/lang/invoke/LambdaForm$MH+0x0000016faf212400
# instanceKlass java/lang/invoke/LambdaForm$MH+0x0000016faf212000
# instanceKlass java/lang/invoke/LambdaForm$MH+0x0000016faf211c00
# instanceKlass java/lang/invoke/LambdaForm$MH+0x0000016faf211800
instanceKlass  @bci org/eclipse/m2e/core/internal/MavenPluginActivator start (Lorg/osgi/framework/BundleContext;)V 31 <appendix> form names 9 function resolvedHandle form vmentry <vmtarget> ; # java/lang/invoke/LambdaForm$DMH+0x0000016faf211400
instanceKlass  @bci org/eclipse/m2e/core/internal/MavenPluginActivator start (Lorg/osgi/framework/BundleContext;)V 31 <appendix> argL1 form vmentry <vmtarget> ; # java/lang/invoke/LambdaForm$MH+0x0000016faf211000
# instanceKlass java/lang/invoke/LambdaForm$MH+0x0000016faf210c00
instanceKlass  @bci org/eclipse/m2e/core/internal/MavenPluginActivator start (Lorg/osgi/framework/BundleContext;)V 31 <appendix> argL1 argL0 form vmentry <vmtarget> ; # java/lang/invoke/LambdaForm$MH+0x0000016faf210800
# instanceKlass java/lang/invoke/LambdaForm$MH+0x0000016faf210400
# instanceKlass java/lang/invoke/LambdaForm$MH+0x0000016faf210000
# instanceKlass java/lang/invoke/LambdaForm$MH+0x0000016faf20fc00
# instanceKlass java/lang/invoke/LambdaForm$MH+0x0000016faf20f800
instanceKlass  @bci org/eclipse/m2e/core/internal/MavenPluginActivator <init> ()V 16 <appendix> argL0 ; # org/eclipse/m2e/core/internal/MavenPluginActivator$$Lambda+0x0000016faf20ed78
instanceKlass org/eclipse/m2e/core/internal/jobs/IBackgroundProcessingQueue
# instanceKlass java/lang/invoke/LambdaForm$MH+0x0000016faf20e400
# instanceKlass java/lang/invoke/LambdaForm$MH+0x0000016faf20e000
# instanceKlass java/lang/invoke/LambdaForm$MH+0x0000016faf20dc00
# instanceKlass java/lang/invoke/LambdaForm$MH+0x0000016faf20d800
instanceKlass  @cpi org/apache/maven/model/building/DefaultModelBuilder 1505 form vmentry <vmtarget> ; # java/lang/invoke/LambdaForm$DMH+0x0000016faf20d400
instanceKlass org/eclipse/core/resources/IResourceChangeEvent
instanceKlass java/util/concurrent/atomic/Striped64$1
instanceKlass jdk/internal/util/random/RandomSupport
instanceKlass  @bci org/apache/felix/scr/impl/manager/ComponentContextImpl createNewFieldHandlerMap ()Ljava/util/Map; 4 <appendix> argL0 ; # org/apache/felix/scr/impl/manager/ComponentContextImpl$$Lambda+0x0000016faf17e278
instanceKlass  @bci org/eclipse/core/internal/runtime/InternalPlatform getLog (Lorg/osgi/framework/Bundle;)Lorg/eclipse/core/runtime/ILog; 13 <appendix> member <vmtarget> ; # org/eclipse/core/internal/runtime/InternalPlatform$$Lambda+0x0000016faf1afd98
instanceKlass org/eclipse/core/internal/runtime/Log
instanceKlass org/eclipse/core/internal/preferences/BundleStateScope
instanceKlass org/apache/felix/scr/impl/inject/field/FieldHandler$Resolved
instanceKlass org/apache/felix/scr/impl/inject/field/FieldUtils$FieldSearchResult
instanceKlass org/apache/felix/scr/impl/inject/field/FieldUtils$1
instanceKlass org/apache/felix/scr/impl/inject/field/FieldUtils
instanceKlass org/apache/felix/scr/impl/inject/field/FieldHandler$1
instanceKlass org/apache/felix/scr/impl/inject/field/FieldHandler$ReferenceMethodImpl
instanceKlass org/apache/felix/scr/impl/inject/field/FieldHandler$NotResolved
instanceKlass org/apache/felix/scr/impl/inject/field/FieldHandler$State
instanceKlass org/apache/felix/scr/impl/inject/InitReferenceMethod
instanceKlass org/apache/felix/scr/impl/inject/field/FieldHandler
instanceKlass org/apache/felix/scr/impl/inject/field/FieldMethods
instanceKlass org/eclipse/core/internal/resources/CheckMissingNaturesListener
instanceKlass org/eclipse/core/internal/resources/ResourceChangeListenerRegistrar
instanceKlass org/eclipse/core/internal/resources/Rules
instanceKlass  @bci org/eclipse/core/internal/jobs/JobManager startJob (Lorg/eclipse/core/internal/jobs/Worker;)Lorg/eclipse/core/runtime/jobs/Job; 45 <appendix> member <vmtarget> ; # org/eclipse/core/internal/jobs/JobManager$$Lambda+0x0000016faf2046f0
instanceKlass  @cpi org/eclipse/core/internal/jobs/JobManager 1541 form vmentry <vmtarget> ; # java/lang/invoke/LambdaForm$DMH+0x0000016faf20d000
instanceKlass  @bci org/eclipse/core/internal/resources/MarkerManager visitorFindMarkers (Lorg/eclipse/core/runtime/IPath;Ljava/util/ArrayList;Ljava/lang/String;Z)V 5 <adapter> ; # java/lang/invoke/LambdaForm$MH+0x0000016faf20cc00
# instanceKlass java/lang/invoke/LambdaForm$DMH+0x0000016faf20c800
instanceKlass  @bci org/eclipse/core/internal/resources/MarkerManager visitorFindMarkers (Lorg/eclipse/core/runtime/IPath;Ljava/util/ArrayList;Ljava/lang/String;Z)V 5 <appendix> form vmentry <vmtarget> ; # java/lang/invoke/LambdaForm$DMH+0x0000016faf20c400
instanceKlass  @bci org/eclipse/core/internal/jobs/JobManager endJob (Lorg/eclipse/core/internal/jobs/InternalJob;Lorg/eclipse/core/runtime/IStatus;ZZ)V 14 <appendix> member <vmtarget> ; # org/eclipse/core/internal/jobs/JobManager$$Lambda+0x0000016faf2044a8
instanceKlass  @cpi org/eclipse/core/internal/jobs/JobManager 1497 form vmentry <vmtarget> ; # java/lang/invoke/LambdaForm$DMH+0x0000016faf20c000
instanceKlass  @bci org/eclipse/core/internal/resources/AliasManager buildAliasedProjectsSet ()V 30 <appendix> member <vmtarget> ; # org/eclipse/core/internal/resources/AliasManager$$Lambda+0x0000016faf209970
instanceKlass org/eclipse/core/internal/filesystem/FileStoreUtil
instanceKlass  @bci org/eclipse/core/internal/resources/AliasManager$HashMapWithSortedKeys <init> ()V 9 <appendix> argL0 ; # org/eclipse/core/internal/resources/AliasManager$HashMapWithSortedKeys$$Lambda+0x0000016faf2096d8
instanceKlass org/eclipse/core/internal/resources/AliasManager$HashMapWithSortedKeys
instanceKlass org/eclipse/core/internal/resources/AliasManager$LocationMap
instanceKlass org/eclipse/core/internal/resources/AliasManager
instanceKlass org/eclipse/core/resources/refresh/IRefreshMonitor
instanceKlass org/eclipse/core/internal/refresh/MonitorManager
instanceKlass org/eclipse/core/resources/IResourceDeltaVisitor
instanceKlass org/eclipse/core/resources/IPathVariableChangeListener
instanceKlass org/eclipse/core/internal/refresh/RefreshManager
instanceKlass org/eclipse/core/resources/refresh/IRefreshResult
instanceKlass  @bci org/eclipse/core/internal/resources/ContentDescriptionManager getCurrentPlatformState ()Ljava/lang/String; 39 <appendix> argL0 ; # org/eclipse/core/internal/resources/ContentDescriptionManager$$Lambda+0x0000016faf203a78
instanceKlass  @bci org/eclipse/core/internal/properties/PropertyBucket$PropertyEntry <clinit> ()V 0 <appendix> argL0 ; # org/eclipse/core/internal/properties/PropertyBucket$PropertyEntry$$Lambda+0x0000016faf203450
instanceKlass  @cpi org/eclipse/jdt/internal/launching/StandardVMType 1161 form vmentry <vmtarget> ; # java/lang/invoke/LambdaForm$DMH+0x0000016faf202800
instanceKlass org/eclipse/core/internal/resources/ProjectContentTypes
instanceKlass org/eclipse/core/internal/utils/Cache
instanceKlass org/eclipse/core/internal/resources/ContentDescriptionManager
instanceKlass  @bci org/eclipse/core/internal/resources/CharsetManager initPreferenceChangeListener ()V 2 <appendix> member <vmtarget> ; # org/eclipse/core/internal/resources/CharsetManager$$Lambda+0x0000016faf1cb680
instanceKlass  @bci org/eclipse/jdt/ls/core/internal/managers/ProgressiveProjectReporter reportNewProjects ()V 146 <appendix> form vmentry <vmtarget> ; # java/lang/invoke/LambdaForm$MH+0x0000016faf202400
instanceKlass  @bci org/eclipse/jdt/ls/core/internal/managers/ProgressiveProjectReporter reportNewProjects ()V 146 <appendix> argL3 form vmentry <vmtarget> ; # java/lang/invoke/LambdaForm$MH+0x0000016faf202000
# instanceKlass java/lang/invoke/LambdaForm$MH+0x0000016faf201c00
# instanceKlass java/lang/invoke/LambdaForm$MH+0x0000016faf201800
# instanceKlass java/lang/invoke/LambdaForm$MH+0x0000016faf201400
instanceKlass  @bci org/eclipse/core/internal/jobs/JobManager now ()J 5 <appendix> member <vmtarget> ; # org/eclipse/core/internal/jobs/JobManager$$Lambda+0x0000016faf204260
instanceKlass java/util/function/LongUnaryOperator
instanceKlass org/eclipse/core/internal/jobs/JobChangeEvent
instanceKlass  @bci org/eclipse/core/internal/jobs/JobManager schedule (Lorg/eclipse/core/internal/jobs/InternalJob;J)V 5 <adapter> ; # java/lang/invoke/LambdaForm$MH+0x0000016faf201000
# instanceKlass java/lang/invoke/LambdaForm$DMH+0x0000016faf200c00
instanceKlass  @bci org/eclipse/core/internal/jobs/JobManager schedule (Lorg/eclipse/core/internal/jobs/InternalJob;J)V 5 <appendix> form vmentry <vmtarget> ; # java/lang/invoke/LambdaForm$DMH+0x0000016faf200800
instanceKlass  @bci org/eclipse/core/internal/jobs/JobManager schedule (Lorg/eclipse/core/internal/jobs/InternalJob;J)V 5 <appendix> member <vmtarget> ; # org/eclipse/core/internal/jobs/JobManager$$Lambda+0x0000016faf191d38
instanceKlass  @cpi org/eclipse/core/internal/jobs/JobManager 1514 form vmentry <vmtarget> ; # java/lang/invoke/LambdaForm$DMH+0x0000016faf200400
instanceKlass org/eclipse/core/internal/resources/CharsetDeltaJob$ICharsetListenerFilter
instanceKlass  @bci org/osgi/framework/FrameworkUtil lambda$4 (Ljava/lang/Class;)Lorg/osgi/framework/Bundle; 29 <appendix> argL0 ; # org/osgi/framework/FrameworkUtil$$Lambda+0x0000016faf166310
instanceKlass  @bci org/osgi/framework/FrameworkUtil lambda$4 (Ljava/lang/Class;)Lorg/osgi/framework/Bundle; 19 <appendix> argL0 ; # org/osgi/framework/FrameworkUtil$$Lambda+0x0000016faf1660c0
instanceKlass  @bci org/osgi/framework/FrameworkUtil lambda$4 (Ljava/lang/Class;)Lorg/osgi/framework/Bundle; 9 <appendix> member <vmtarget> ; # org/osgi/framework/FrameworkUtil$$Lambda+0x0000016faf165e78
instanceKlass org/eclipse/core/runtime/PerformanceStats
instanceKlass org/eclipse/core/internal/events/ResourceStats
instanceKlass org/eclipse/core/internal/events/ResourceChangeListenerList$ListenerEntry
instanceKlass org/eclipse/core/internal/resources/CharsetManager$ResourceChangeListener
instanceKlass org/eclipse/core/resources/IResourceChangeListener
instanceKlass org/eclipse/core/internal/resources/CharsetManager
instanceKlass org/eclipse/core/internal/localstore/Bucket$Entry
instanceKlass org/eclipse/core/internal/localstore/BucketTree
instanceKlass org/eclipse/core/internal/localstore/Bucket$Visitor
instanceKlass org/eclipse/core/internal/localstore/Bucket
instanceKlass org/eclipse/core/internal/properties/PropertyManager2
instanceKlass org/eclipse/core/internal/events/LifecycleEvent
instanceKlass  @bci com/sun/jna/Structure$FFIType storeTypeInfo (Ljava/lang/Class;ILcom/sun/jna/Structure$FFIType;)V 13 <appendix> argL0 ; # com/sun/jna/Structure$FFIType$$Lambda+0x0000016faf1dac20
instanceKlass  @bci jdk/internal/reflect/MethodHandleBooleanFieldAccessorImpl setBoolean (Ljava/lang/Object;Z)V 41 <adapter> ; # java/lang/invoke/LambdaForm$MH+0x0000016faf200000
instanceKlass java/lang/Short$ShortCache
instanceKlass com/sun/jna/NativeMappedConverter
instanceKlass com/sun/jna/Klass
instanceKlass com/sun/jna/Native$Buffers
instanceKlass com/sun/jna/VarArgsChecker
instanceKlass com/sun/jna/NativeLibrary$NativeLibraryDisposer
instanceKlass com/sun/jna/NativeLibrary$1
instanceKlass com/sun/jna/SymbolProvider
instanceKlass com/sun/jna/NativeLibrary
instanceKlass org/eclipse/core/internal/filesystem/local/Win32Handler$FileAPIh
instanceKlass com/sun/jna/Memory$MemoryDisposer
instanceKlass com/sun/jna/internal/Cleaner$Cleanable
instanceKlass com/sun/jna/internal/Cleaner
instanceKlass com/sun/jna/WeakMemoryHolder
instanceKlass org/eclipse/core/filesystem/provider/FileInfo
# instanceKlass java/lang/invoke/LambdaForm$MH+0x0000016faf1da400
instanceKlass  @bci org/eclipse/m2e/core/internal/project/registry/MavenProjectCache$CacheKey hashCode ()I 1 <appendix> argL2 argL1 argL1 form vmentry <vmtarget> ; # java/lang/invoke/LambdaForm$MH+0x0000016faf1da000
instanceKlass  @bci jdk/internal/reflect/MethodHandleBooleanFieldAccessorImpl getBoolean (Ljava/lang/Object;)Z 20 <adapter> ; # java/lang/invoke/LambdaForm$MH+0x0000016faf1d9c00
# instanceKlass java/lang/invoke/LambdaForm$MH+0x0000016faf1d9800
# instanceKlass java/lang/invoke/LambdaForm$BMH+0x0000016faf1d9400
instanceKlass  @cpi java/io/ObjectInputStream 1214 form vmentry <vmtarget> ; # java/lang/invoke/LambdaForm$DMH+0x0000016faf1d9000
instanceKlass com/sun/jna/Structure$StructField
instanceKlass com/sun/jna/Structure$LayoutInfo
instanceKlass java/lang/Class$AnnotationData
instanceKlass java/lang/annotation/Documented
instanceKlass com/sun/jna/Structure$FieldOrder
instanceKlass  @bci com/sun/jna/Structure fieldOrder ()Ljava/util/List; 84 <appendix> member <vmtarget> ; # com/sun/jna/Structure$$Lambda+0x0000016faf1d5a48
instanceKlass  @bci com/sun/jna/Structure getFieldList ()Ljava/util/List; 84 <appendix> member <vmtarget> ; # com/sun/jna/Structure$$Lambda+0x0000016faf1d5800
instanceKlass  @bci com/sun/jna/Structure validateFields ()V 75 <appendix> member <vmtarget> ; # com/sun/jna/Structure$$Lambda+0x0000016faf1d7bc8
instanceKlass com/sun/jna/platform/win32/WinBase
instanceKlass com/sun/jna/platform/win32/BaseTSD
instanceKlass com/sun/jna/platform/win32/WinDef
instanceKlass com/sun/jna/Library
instanceKlass com/sun/jna/win32/W32APITypeMapper$2
instanceKlass com/sun/jna/DefaultTypeMapper$Entry
instanceKlass com/sun/jna/win32/W32APITypeMapper$1
instanceKlass com/sun/jna/TypeConverter
instanceKlass com/sun/jna/DefaultTypeMapper
instanceKlass com/sun/jna/TypeMapper
instanceKlass com/sun/jna/Structure$ByReference
instanceKlass com/sun/jna/Native$2
instanceKlass com/sun/jna/Structure$FFIType$FFITypes
instanceKlass com/sun/jna/Native$ffi_callback
instanceKlass com/sun/jna/JNIEnv
instanceKlass com/sun/jna/PointerType
instanceKlass com/sun/jna/NativeMapped
instanceKlass com/sun/jna/WString
instanceKlass com/sun/jna/win32/DLLCallback
instanceKlass com/sun/jna/CallbackProxy
instanceKlass com/sun/jna/Callback
instanceKlass com/sun/jna/Structure$ByValue
instanceKlass jdk/internal/loader/NativeLibraries$Unloader
instanceKlass java/io/FileOutputStream$1
instanceKlass sun/security/provider/AbstractDrbg$NonceProvider
instanceKlass  @bci sun/security/provider/AbstractDrbg$SeederHolder <clinit> ()V 42 <appendix> member <vmtarget> ; # sun/security/provider/AbstractDrbg$SeederHolder$$Lambda+0x0000016faf1e87f8
instanceKlass  @cpi sun/security/provider/AbstractDrbg$SeederHolder 91 form vmentry <vmtarget> ; # java/lang/invoke/LambdaForm$DMH+0x0000016faf1d4c00
# instanceKlass java/lang/invoke/LambdaForm$DMH+0x0000016faf1d4800
instanceKlass sun/nio/fs/BasicFileAttributesHolder
instanceKlass sun/nio/fs/WindowsDirectoryStream$WindowsDirectoryIterator
instanceKlass sun/nio/fs/WindowsDirectoryStream
instanceKlass java/nio/file/DirectoryStream
instanceKlass java/nio/file/Files$AcceptAllFilter
instanceKlass java/nio/file/DirectoryStream$Filter
instanceKlass java/net/NetworkInterface$1
instanceKlass java/net/DefaultInterface
instanceKlass java/net/Inet6Address$Inet6AddressHolder
instanceKlass java/net/InetAddress$PlatformResolver
instanceKlass java/net/spi/InetAddressResolver
instanceKlass java/net/spi/InetAddressResolver$LookupPolicy
instanceKlass java/net/Inet4AddressImpl
instanceKlass java/net/Inet6AddressImpl
instanceKlass java/net/InetAddressImpl
instanceKlass java/util/concurrent/ConcurrentSkipListMap$Node
instanceKlass java/util/concurrent/ConcurrentSkipListMap$Index
instanceKlass java/util/concurrent/ConcurrentNavigableMap
instanceKlass java/net/InetAddress$InetAddressHolder
instanceKlass java/net/InetAddress$1
instanceKlass jdk/internal/access/JavaNetInetAddressAccess
instanceKlass java/net/InterfaceAddress
instanceKlass java/net/NetworkInterface
instanceKlass sun/security/provider/SeedGenerator$1
instanceKlass sun/security/provider/SeedGenerator
instanceKlass sun/security/provider/AbstractDrbg$SeederHolder
instanceKlass java/security/DrbgParameters$NextBytes
instanceKlass  @bci sun/security/provider/AbstractDrbg <clinit> ()V 12 <appendix> argL0 ; # sun/security/provider/AbstractDrbg$$Lambda+0x0000016faf1e5e50
instanceKlass  @cpi sun/security/provider/AbstractDrbg 383 form vmentry <vmtarget> ; # java/lang/invoke/LambdaForm$DMH+0x0000016faf1d4400
# instanceKlass java/lang/invoke/LambdaForm$DMH+0x0000016faf1d4000
instanceKlass sun/security/provider/EntropySource
instanceKlass sun/security/provider/AbstractDrbg
instanceKlass java/security/DrbgParameters$Instantiation
instanceKlass java/security/DrbgParameters
instanceKlass sun/security/provider/MoreDrbgParameters
instanceKlass  @bci sun/security/provider/DRBG <init> (Ljava/security/SecureRandomParameters;)V 26 <appendix> argL0 ; # sun/security/provider/DRBG$$Lambda+0x0000016faf1e48f0
instanceKlass java/security/SecureRandomSpi
instanceKlass java/io/File$TempDirectory
instanceKlass com/sun/jna/Native$5
instanceKlass com/sun/jna/Platform
instanceKlass com/sun/jna/Native$1
instanceKlass com/sun/jna/Callback$UncaughtExceptionHandler
instanceKlass com/sun/jna/Native
instanceKlass com/sun/jna/Version
instanceKlass com/sun/jna/ToNativeContext
instanceKlass com/sun/jna/FromNativeContext
instanceKlass com/sun/jna/FromNativeConverter
instanceKlass com/sun/jna/ToNativeConverter
instanceKlass com/sun/jna/Structure
instanceKlass com/sun/jna/Pointer
instanceKlass org/eclipse/core/internal/filesystem/local/NativeHandler
instanceKlass org/eclipse/core/internal/filesystem/local/LocalFileNativesManager
instanceKlass org/eclipse/core/resources/FileInfoMatcherDescription
instanceKlass org/eclipse/core/internal/resources/FilterDescription
instanceKlass javax/xml/parsers/DocumentBuilder
instanceKlass jdk/xml/internal/XMLSecurityManager
instanceKlass javax/xml/parsers/DocumentBuilderFactory
instanceKlass org/eclipse/core/internal/runtime/XmlProcessorFactory
instanceKlass org/eclipse/core/internal/resources/IModelObjectConstants
instanceKlass org/eclipse/core/filesystem/URIUtil
instanceKlass java/util/AbstractMap$2$1
instanceKlass  @bci org/eclipse/core/internal/resources/ProjectVariableProviderManager <clinit> ()V 14 <appendix> argL0 ; # org/eclipse/core/internal/resources/ProjectVariableProviderManager$$Lambda+0x0000016faf1c3790
instanceKlass  @cpi org/eclipse/core/internal/resources/ProjectVariableProviderManager 171 form vmentry <vmtarget> ; # java/lang/invoke/LambdaForm$DMH+0x0000016faf1c7000
instanceKlass org/eclipse/core/resources/variableresolvers/PathVariableResolver
instanceKlass org/eclipse/core/internal/resources/ProjectVariableProviderManager$Descriptor
instanceKlass org/eclipse/core/internal/resources/ProjectVariableProviderManager
instanceKlass org/eclipse/core/internal/resources/ProjectPathVariableManager
instanceKlass  @bci org/eclipse/core/internal/filesystem/local/LocalFile createExecutor (I)Ljava/util/concurrent/ForkJoinPool; 15 <appendix> argL0 ; # org/eclipse/core/internal/filesystem/local/LocalFile$$Lambda+0x0000016faf1c6bd0
instanceKlass  @bci org/eclipse/core/internal/filesystem/local/LocalFile createExecutor (I)Ljava/util/concurrent/ForkJoinPool; 5 <appendix> argL0 ; # org/eclipse/core/internal/filesystem/local/LocalFile$$Lambda+0x0000016faf1c69b0
instanceKlass org/eclipse/jdt/ls/core/internal/filesystem/JLSFsUtils
instanceKlass sun/nio/fs/WindowsUriSupport
instanceKlass org/eclipse/core/filesystem/IFileStore
instanceKlass org/eclipse/jdt/ls/core/internal/filesystem/JDTLSFilesystemActivator$1
instanceKlass org/eclipse/jdt/ls/core/internal/filesystem/JDTLSFilesystemActivator
instanceKlass org/eclipse/core/filesystem/IFileSystem
instanceKlass org/eclipse/core/internal/filesystem/InternalFileSystemCore
instanceKlass org/eclipse/core/filesystem/EFS
instanceKlass org/eclipse/core/internal/localstore/FileStoreRoot
instanceKlass org/eclipse/core/filesystem/IFileInfo
instanceKlass org/eclipse/core/internal/resources/MarkerAttributeMap
instanceKlass org/eclipse/core/internal/resources/MarkerSet
instanceKlass org/eclipse/core/internal/resources/MarkerReader
instanceKlass org/eclipse/core/internal/watson/ElementTree$ChildIDsCache
instanceKlass  @bci org/eclipse/core/internal/resources/SaveManager initSnap (Lorg/eclipse/core/runtime/IProgressMonitor;)V 67 <appendix> argL0 ; # org/eclipse/core/internal/resources/SaveManager$$Lambda+0x0000016faf1bfc40
instanceKlass java/io/FilenameFilter
instanceKlass  @bci org/eclipse/jdt/ls/core/internal/commands/ProjectCommand getClasspathsFromJavaProject (Lorg/eclipse/jdt/core/IJavaProject;Lorg/eclipse/jdt/ls/core/internal/commands/ProjectCommand$ClasspathOptions;)Lorg/eclipse/jdt/ls/core/internal/commands/ProjectCommand$ClasspathResult; 141 <appendix> form vmentry <vmtarget> ; # java/lang/invoke/LambdaForm$DMH+0x0000016faf1bec00
instanceKlass  @bci org/eclipse/core/internal/jobs/JobManager cancel (Lorg/eclipse/core/internal/jobs/InternalJob;)Z 15 <appendix> member <vmtarget> ; # org/eclipse/core/internal/jobs/JobManager$$Lambda+0x0000016faf191af0
instanceKlass org/eclipse/core/internal/utils/ObjectMap
instanceKlass org/eclipse/core/internal/dtree/DataTreeLookup
instanceKlass org/eclipse/core/internal/dtree/DataTreeReader
instanceKlass org/eclipse/core/internal/watson/ElementTreeReader$1
instanceKlass org/eclipse/core/internal/dtree/IDataFlattener
instanceKlass org/eclipse/core/internal/watson/ElementTreeReader
instanceKlass org/eclipse/core/resources/IFileState
instanceKlass org/eclipse/core/internal/events/BuilderPersistentInfo
instanceKlass  @bci org/eclipse/core/internal/resources/LocalMetaArea getSafeTableLocationFor (Ljava/lang/String;)Lorg/eclipse/core/runtime/IPath; 44 <appendix> form vmentry <vmtarget> ; # java/lang/invoke/LambdaForm$MH+0x0000016faf1be800
# instanceKlass java/lang/invoke/LambdaForm$MH+0x0000016faf1be400
instanceKlass  @bci org/eclipse/core/internal/resources/LocalMetaArea getSafeTableLocationFor (Ljava/lang/String;)Lorg/eclipse/core/runtime/IPath; 44 <appendix> argL3 form vmentry <vmtarget> ; # java/lang/invoke/LambdaForm$MH+0x0000016faf1be000
# instanceKlass java/lang/invoke/LambdaForm$MH+0x0000016faf1bdc00
# instanceKlass java/lang/invoke/LambdaForm$MH+0x0000016faf1bd800
# instanceKlass java/lang/invoke/LambdaForm$MH+0x0000016faf1bd400
# instanceKlass java/lang/invoke/LambdaForm$MH+0x0000016faf1bd000
instanceKlass  @bci org/eclipse/core/internal/resources/LocalMetaArea getSafeTableLocationFor (Ljava/lang/String;)Lorg/eclipse/core/runtime/IPath; 44 <appendix> argL1 form vmentry <vmtarget> ; # java/lang/invoke/LambdaForm$MH+0x0000016faf1bcc00
# instanceKlass java/lang/invoke/LambdaForm$MH+0x0000016faf1bc800
# instanceKlass java/lang/invoke/LambdaForm$MH+0x0000016faf1bc400
# instanceKlass java/lang/invoke/LambdaForm$MH+0x0000016faf1bc000
instanceKlass org/eclipse/core/internal/resources/SafeFileTable
instanceKlass org/eclipse/core/internal/resources/SavedState
instanceKlass org/eclipse/core/internal/resources/SyncInfoReader
instanceKlass org/eclipse/core/internal/resources/WorkspaceTreeReader
instanceKlass org/eclipse/core/resources/ISavedState
instanceKlass org/eclipse/core/resources/ISaveContext
instanceKlass org/eclipse/core/internal/resources/SaveManager
instanceKlass org/eclipse/core/internal/watson/IElementInfoFlattener
instanceKlass org/eclipse/core/internal/resources/SyncInfoWriter
instanceKlass org/eclipse/core/internal/resources/Synchronizer
instanceKlass org/eclipse/core/internal/resources/MarkerWriter
instanceKlass org/eclipse/core/internal/resources/MarkerDeltaManager
instanceKlass org/eclipse/core/internal/resources/MarkerTypeDefinitionCache$MarkerTypeDefinition
instanceKlass org/eclipse/core/internal/resources/MarkerTypeDefinitionCache
instanceKlass org/eclipse/core/internal/resources/MarkerInfo
instanceKlass org/eclipse/core/internal/resources/IMarkerSetElement
instanceKlass org/eclipse/core/internal/resources/MarkerManager
instanceKlass  @bci org/eclipse/core/internal/events/NotificationManager$NotifyJob <init> (Lorg/eclipse/core/internal/events/NotificationManager;)V 13 <appendix> argL0 ; # org/eclipse/core/internal/events/NotificationManager$NotifyJob$$Lambda+0x0000016faf1b2be0
instanceKlass org/eclipse/core/internal/events/ResourceChangeListenerList
instanceKlass org/eclipse/core/internal/events/NotificationManager
instanceKlass java/util/stream/SortedOps
instanceKlass  @bci org/eclipse/core/internal/runtime/InternalPlatform getBundles0 (Ljava/lang/String;Ljava/lang/String;)Ljava/util/stream/Stream; 90 <appendix> argL0 ; # org/eclipse/core/internal/runtime/InternalPlatform$$Lambda+0x0000016faf1af3c0
instanceKlass  @bci org/eclipse/core/internal/runtime/InternalPlatform getBundles0 (Ljava/lang/String;Ljava/lang/String;)Ljava/util/stream/Stream; 80 <appendix> argL0 ; # org/eclipse/core/internal/runtime/InternalPlatform$$Lambda+0x0000016faf1af180
instanceKlass org/eclipse/core/internal/events/BuildManager$DeltaCache
instanceKlass org/eclipse/core/resources/IResourceDelta
instanceKlass org/eclipse/core/internal/events/InternalBuilder
instanceKlass org/eclipse/core/resources/ICommand
instanceKlass org/eclipse/core/resources/IBuildContext
instanceKlass org/eclipse/core/internal/events/BuildManager
instanceKlass org/eclipse/core/internal/resources/FilterTypeManager$1
instanceKlass org/eclipse/core/internal/resources/FilterDescriptor
instanceKlass org/eclipse/core/resources/IFilterMatcherDescriptor
instanceKlass org/eclipse/core/internal/resources/FilterTypeManager
instanceKlass org/eclipse/core/resources/IProjectNatureDescriptor
instanceKlass org/eclipse/core/internal/resources/NatureManager
instanceKlass org/eclipse/core/internal/events/ILifecycleListener
instanceKlass org/eclipse/core/internal/resources/PathVariableManager
instanceKlass  @bci org/eclipse/core/internal/resources/WorkspaceRoot getProject (Ljava/lang/String;)Lorg/eclipse/core/resources/IProject; 95 <appendix> member <vmtarget> ; # org/eclipse/core/internal/resources/WorkspaceRoot$$Lambda+0x0000016faf1a3c38
instanceKlass java/text/AttributedCharacterIterator$Attribute
instanceKlass java/text/FieldPosition$Delegate
instanceKlass java/text/Format$FieldDelegate
instanceKlass java/text/DigitList
instanceKlass  @bci sun/util/locale/provider/JRELocaleProviderAdapter getNumberFormatProvider ()Ljava/text/spi/NumberFormatProvider; 8 <appendix> member <vmtarget> ; # sun/util/locale/provider/JRELocaleProviderAdapter$$Lambda+0x800000067
instanceKlass java/text/FieldPosition
instanceKlass java/text/Format
instanceKlass org/eclipse/core/internal/preferences/PreferencesService$1
instanceKlass  @bci org/eclipse/core/internal/preferences/PreferencesService getLookupOrder (Ljava/lang/String;Ljava/lang/String;)[Ljava/lang/String; 29 <appendix> argL0 ; # org/eclipse/core/internal/preferences/PreferencesService$$Lambda+0x0000016faf1a5430
instanceKlass  @bci org/eclipse/core/internal/localstore/FileSystemResourceManager <init> (Lorg/eclipse/core/internal/resources/Workspace;)V 6 <appendix> member <vmtarget> ; # org/eclipse/core/internal/localstore/FileSystemResourceManager$$Lambda+0x0000016faf1a3a10
instanceKlass org/eclipse/core/internal/localstore/RefreshLocalVisitor
instanceKlass org/eclipse/core/internal/localstore/ILocalStoreConstants
instanceKlass org/eclipse/core/internal/localstore/IHistoryStore
instanceKlass org/eclipse/core/internal/localstore/IUnifiedTreeVisitor
instanceKlass org/eclipse/core/internal/localstore/FileSystemResourceManager
instanceKlass org/eclipse/core/runtime/jobs/MultiRule
instanceKlass org/eclipse/core/internal/jobs/OrderedLock
instanceKlass java/lang/invoke/DirectMethodHandle$1
instanceKlass org/eclipse/core/internal/runtime/LocalizationUtils
instanceKlass org/eclipse/core/runtime/Status
instanceKlass org/eclipse/core/internal/resources/WorkManager$NotifyRule
instanceKlass org/eclipse/core/internal/resources/WorkManager
instanceKlass org/eclipse/core/runtime/NullProgressMonitor
instanceKlass org/eclipse/core/runtime/preferences/IExportedPreferences
instanceKlass  @bci org/eclipse/core/internal/resources/WorkspacePreferences <init> ()V 189 <appendix> member <vmtarget> ; # org/eclipse/core/internal/resources/WorkspacePreferences$$Lambda+0x0000016faf1a1c58
instanceKlass org/eclipse/core/runtime/Preferences$IPropertyChangeListener
instanceKlass org/eclipse/core/runtime/preferences/IEclipsePreferences$INodeChangeListener
instanceKlass org/eclipse/core/runtime/preferences/IEclipsePreferences$IPreferenceChangeListener
instanceKlass  @bci org/eclipse/core/runtime/Plugin getPluginPreferences ()Lorg/eclipse/core/runtime/Preferences; 65 <appendix> member <vmtarget> ; # org/eclipse/core/runtime/Plugin$$Lambda+0x0000016faf1ae7a8
instanceKlass org/eclipse/core/runtime/Preferences
# instanceKlass java/lang/invoke/LambdaForm$MH+0x0000016faf1b0000
instanceKlass lombok/eclipse/agent/PatchFixesShadowLoaded
instanceKlass lombok/core/LombokNode
instanceKlass lombok/core/DiagnosticsReceiver
instanceKlass lombok/launch/PatchFixesHider$Util
instanceKlass lombok/launch/PatchFixesHider$LombokDeps
instanceKlass lombok/launch/ClassFileMetaData
instanceKlass  @bci jdk/internal/reflect/MethodHandleObjectFieldAccessorImpl set (Ljava/lang/Object;Ljava/lang/Object;)V 41 <adapter> ; # java/lang/invoke/LambdaForm$MH+0x0000016faf1acc00
instanceKlass lombok/launch/PackageShader
# instanceKlass java/lang/invoke/LambdaForm$MH+0x0000016faf1ac800
# instanceKlass java/lang/invoke/LambdaForm$MH+0x0000016faf1ac400
# instanceKlass java/lang/invoke/LambdaForm$MH+0x0000016faf1ac000
# instanceKlass java/lang/invoke/LambdaForm$MH+0x0000016faf1abc00
instanceKlass  @bci org/eclipse/aether/internal/impl/collect/bf/BfDependencyCollector resolveArtifactDescriptorAsync (Lorg/eclipse/aether/internal/impl/collect/bf/BfDependencyCollector$Args;Lorg/eclipse/aether/internal/impl/collect/bf/DependencyProcessingContext;Lorg/eclipse/aether/internal/impl/collect/DependencyCollectorDelegate$Results;)V 21 <appendix> form vmentry <vmtarget> ; # java/lang/invoke/LambdaForm$DMH+0x0000016faf1ab800
# instanceKlass java/lang/invoke/LambdaForm$MH+0x0000016faf1a9c00
# instanceKlass java/lang/invoke/LambdaForm$MH+0x0000016faf1a9800
# instanceKlass java/lang/invoke/LambdaForm$MH+0x0000016faf1a9400
instanceKlass  @cpi org/apache/maven/model/building/DefaultModelBuilder 1552 form vmentry <vmtarget> ; # java/lang/invoke/LambdaForm$DMH+0x0000016faf1a9000
# instanceKlass java/lang/invoke/LambdaForm$MH+0x0000016faf1a8800
# instanceKlass java/lang/invoke/LambdaForm$MH+0x0000016faf1a8400
# instanceKlass java/lang/invoke/LambdaForm$MH+0x0000016faf1a8000
# instanceKlass java/lang/invoke/LambdaForm$MH+0x0000016faf1a7c00
# instanceKlass java/lang/invoke/LambdaForm$MH+0x0000016faf1a7800
# instanceKlass java/lang/invoke/LambdaForm$MH+0x0000016faf1a7400
instanceKlass jdk/internal/vm/annotation/ForceInline
instanceKlass java/lang/constant/ClassDesc
instanceKlass java/io/ObjectOutput
instanceKlass java/io/ObjectStreamConstants
instanceKlass java/io/ObjectInput
instanceKlass java/lang/foreign/ValueLayout
instanceKlass java/lang/foreign/MemoryLayout
# instanceKlass java/lang/invoke/LambdaForm$MH+0x0000016faf1a7000
# instanceKlass java/lang/invoke/LambdaForm$MH+0x0000016faf1a6c00
# instanceKlass java/lang/invoke/LambdaForm$MH+0x0000016faf1a6800
# instanceKlass java/lang/invoke/LambdaForm$MH+0x0000016faf1a6400
# instanceKlass java/lang/invoke/LambdaForm$MH+0x0000016faf1a6000
instanceKlass org/eclipse/core/internal/runtime/Product
instanceKlass org/eclipse/core/runtime/IProduct
instanceKlass lombok/patcher/scripts/WrapReturnValuesScript$1
instanceKlass org/eclipse/equinox/internal/app/ProductExtensionBranding
instanceKlass org/eclipse/core/internal/runtime/FindSupport
instanceKlass org/eclipse/core/runtime/FileLocator
instanceKlass  @bci org/eclipse/osgi/internal/framework/legacy/PackageAdminImpl getBundles (Ljava/lang/String;Ljava/lang/String;)[Lorg/osgi/framework/Bundle; 281 <appendix> argL0 ; # org/eclipse/osgi/internal/framework/legacy/PackageAdminImpl$$Lambda+0x0000016faf165c38
instanceKlass org/eclipse/core/runtime/SafeRunner
instanceKlass  @bci org/eclipse/core/internal/preferences/PreferenceServiceRegistryHelper runInitializer (Lorg/eclipse/core/runtime/IConfigurationElement;)V 18 <appendix> member <vmtarget> ; # org/eclipse/core/internal/preferences/PreferenceServiceRegistryHelper$$Lambda+0x0000016faf1a4458
instanceKlass org/eclipse/core/runtime/IExecutableExtensionFactory
instanceKlass org/eclipse/core/runtime/IExecutableExtension
instanceKlass org/eclipse/core/runtime/preferences/AbstractPreferenceInitializer
instanceKlass org/eclipse/core/internal/dtree/AbstractDataTree
instanceKlass org/eclipse/core/internal/dtree/AbstractDataTreeNode
instanceKlass org/eclipse/core/internal/watson/ElementTree
instanceKlass org/eclipse/core/internal/runtime/DataArea
instanceKlass org/eclipse/core/internal/runtime/MetaDataKeeper
instanceKlass org/eclipse/core/internal/resources/LocalMetaArea
instanceKlass org/eclipse/core/internal/resources/LocationValidator
instanceKlass org/eclipse/core/runtime/Platform$OS
instanceKlass org/eclipse/core/internal/utils/FileUtil
instanceKlass org/eclipse/core/internal/watson/IElementContentVisitor
instanceKlass org/eclipse/core/resources/IResourceFilterDescription
instanceKlass org/eclipse/core/resources/team/IResourceTree
instanceKlass org/eclipse/core/resources/IResourceProxy
instanceKlass org/eclipse/core/resources/IMarker
instanceKlass  @bci jdk/internal/reflect/MethodHandleObjectFieldAccessorImpl set (Ljava/lang/Object;Ljava/lang/Object;)V 29 <adapter> ; # java/lang/invoke/LambdaForm$MH+0x0000016faf19d800
# instanceKlass java/lang/invoke/LambdaForm$MH+0x0000016faf19d400
# instanceKlass java/lang/invoke/LambdaForm$MH+0x0000016faf19d000
instanceKlass  @bci org/eclipse/osgi/util/NLS <clinit> ()V 7 <appendix> argL0 ; # org/eclipse/osgi/util/NLS$$Lambda+0x0000016faf1655b0
instanceKlass org/eclipse/osgi/util/NLS
instanceKlass org/eclipse/core/runtime/Platform
instanceKlass org/eclipse/core/resources/team/FileModificationValidationContext
instanceKlass org/eclipse/core/resources/team/IMoveDeleteHook
instanceKlass org/eclipse/core/internal/resources/ModelObject
instanceKlass org/eclipse/core/resources/IProject
instanceKlass org/eclipse/core/resources/IPathVariableManager
instanceKlass org/eclipse/core/resources/IProjectDescription
instanceKlass org/eclipse/core/internal/resources/InternalTeamHook
instanceKlass org/eclipse/core/internal/watson/IElementComparator
instanceKlass org/eclipse/core/internal/dtree/IComparator
instanceKlass org/eclipse/core/resources/ISynchronizer
instanceKlass org/eclipse/core/resources/IResourceRuleFactory
instanceKlass org/eclipse/core/resources/IBuildConfiguration
instanceKlass org/eclipse/core/internal/properties/IPropertyManager
instanceKlass org/eclipse/core/internal/resources/IManager
instanceKlass org/eclipse/core/resources/IWorkspaceDescription
instanceKlass org/eclipse/core/resources/IFile
instanceKlass org/eclipse/core/resources/IEncodedStorage
instanceKlass org/eclipse/core/resources/IStorage
instanceKlass org/eclipse/core/resources/IFolder
instanceKlass org/eclipse/core/internal/watson/IPathRequestor
instanceKlass org/eclipse/core/internal/resources/ResourceInfo
instanceKlass org/eclipse/core/internal/utils/IStringPoolParticipant
instanceKlass org/eclipse/core/runtime/ICoreRunnable
instanceKlass org/eclipse/core/internal/watson/IElementTreeData
instanceKlass org/eclipse/core/internal/jobs/WorkerPool
instanceKlass org/eclipse/core/internal/jobs/JobQueue
instanceKlass org/eclipse/core/internal/jobs/DeadlockDetector
instanceKlass org/eclipse/core/internal/jobs/LockManager
instanceKlass org/eclipse/core/runtime/jobs/JobChangeAdapter
instanceKlass  @bci org/eclipse/core/internal/jobs/JobManager <init> ()V 52 <appendix> member <vmtarget> ; # org/eclipse/core/internal/jobs/JobManager$$Lambda+0x0000016faf18f318
instanceKlass  @bci org/eclipse/core/internal/jobs/JobListeners <init> ()V 50 <appendix> argL0 ; # org/eclipse/core/internal/jobs/JobListeners$$Lambda+0x0000016faf18f0f8
instanceKlass  @bci org/eclipse/core/internal/jobs/JobListeners <init> ()V 41 <appendix> argL0 ; # org/eclipse/core/internal/jobs/JobListeners$$Lambda+0x0000016faf18eed8
instanceKlass  @bci org/eclipse/core/internal/jobs/JobListeners <init> ()V 32 <appendix> argL0 ; # org/eclipse/core/internal/jobs/JobListeners$$Lambda+0x0000016faf18ecb8
instanceKlass  @bci org/eclipse/core/internal/jobs/JobListeners <init> ()V 23 <appendix> argL0 ; # org/eclipse/core/internal/jobs/JobListeners$$Lambda+0x0000016faf18ea98
instanceKlass  @bci org/eclipse/core/internal/jobs/JobListeners <init> ()V 14 <appendix> argL0 ; # org/eclipse/core/internal/jobs/JobListeners$$Lambda+0x0000016faf18e878
instanceKlass  @bci org/eclipse/core/internal/jobs/JobListeners <init> ()V 5 <appendix> argL0 ; # org/eclipse/core/internal/jobs/JobListeners$$Lambda+0x0000016faf18e658
instanceKlass org/eclipse/core/internal/jobs/JobListeners$IListenerDoit
instanceKlass org/eclipse/core/runtime/jobs/IJobChangeEvent
instanceKlass org/eclipse/core/internal/jobs/JobListeners
instanceKlass org/eclipse/core/internal/jobs/ImplicitJobs
instanceKlass org/eclipse/core/internal/jobs/JobManager$1
instanceKlass org/eclipse/core/internal/jobs/InternalJobGroup
instanceKlass org/eclipse/core/runtime/ProgressMonitorWrapper
instanceKlass org/eclipse/core/runtime/IProgressMonitorWithBlocking
instanceKlass org/eclipse/core/runtime/jobs/ILock
instanceKlass org/eclipse/core/runtime/jobs/IJobChangeListener
instanceKlass org/eclipse/core/internal/jobs/JobManager
instanceKlass org/eclipse/core/runtime/jobs/IJobManager
instanceKlass org/eclipse/core/internal/jobs/JobOSGiUtils
instanceKlass org/eclipse/core/internal/jobs/JobActivator
instanceKlass org/eclipse/core/resources/IWorkspaceRoot
instanceKlass org/eclipse/core/resources/IContainer
instanceKlass org/eclipse/core/resources/IResource
instanceKlass org/eclipse/core/runtime/jobs/ISchedulingRule
instanceKlass org/eclipse/core/runtime/PlatformObject
instanceKlass org/eclipse/core/internal/resources/ICoreConstants
instanceKlass  @bci java/time/format/DateTimeFormatter <clinit> ()V 1075 <appendix> argL0 ; # java/time/format/DateTimeFormatter$$Lambda+0x80000000e
instanceKlass  @bci java/time/format/DateTimeFormatter <clinit> ()V 1067 <appendix> argL0 ; # java/time/format/DateTimeFormatter$$Lambda+0x80000000d
instanceKlass java/time/Period
instanceKlass java/time/chrono/ChronoPeriod
instanceKlass java/time/format/DateTimeFormatterBuilder$TextPrinterParser
instanceKlass java/time/format/DateTimeTextProvider$1
instanceKlass java/time/format/DateTimeTextProvider
instanceKlass java/time/format/DateTimeTextProvider$LocaleStore
instanceKlass java/time/format/DateTimeFormatterBuilder$InstantPrinterParser
instanceKlass java/time/format/DateTimeFormatterBuilder$StringLiteralPrinterParser
instanceKlass java/time/format/DateTimeFormatterBuilder$ZoneIdPrinterParser
instanceKlass java/time/format/DateTimeFormatterBuilder$OffsetIdPrinterParser
instanceKlass java/time/format/DecimalStyle
instanceKlass java/time/format/DateTimeFormatterBuilder$CompositePrinterParser
instanceKlass java/time/format/DateTimeFormatterBuilder$CharLiteralPrinterParser
instanceKlass java/time/format/DateTimeFormatterBuilder$NumberPrinterParser
instanceKlass java/time/format/DateTimeFormatterBuilder$DateTimePrinterParser
instanceKlass java/time/temporal/JulianFields
instanceKlass java/time/temporal/IsoFields
instanceKlass  @bci java/time/format/DateTimeFormatterBuilder <clinit> ()V 0 <appendix> argL0 ; # java/time/format/DateTimeFormatterBuilder$$Lambda+0x80000000f
instanceKlass java/time/temporal/TemporalQuery
instanceKlass java/time/format/DateTimeFormatterBuilder
instanceKlass java/time/format/DateTimeFormatter
instanceKlass org/eclipse/osgi/internal/debug/EclipseDebugTrace
instanceKlass org/eclipse/core/internal/utils/Policy$1
instanceKlass org/eclipse/core/runtime/IProgressMonitor
instanceKlass org/eclipse/core/internal/utils/Policy
instanceKlass org/eclipse/core/resources/ResourcesPlugin$WorkspaceInitCustomizer
instanceKlass org/eclipse/core/resources/IWorkspace
instanceKlass org/eclipse/core/runtime/IAdaptable
instanceKlass org/eclipse/jdt/ls/core/internal/managers/ProjectsManager
instanceKlass org/eclipse/jdt/ls/core/internal/managers/IProjectsManager
instanceKlass org/eclipse/core/resources/ISaveParticipant
instanceKlass org/eclipse/core/internal/runtime/LogServiceFactory
instanceKlass org/eclipse/equinox/internal/app/AppCommands
instanceKlass  @bci org/eclipse/jdt/ls/core/internal/handlers/BundleUtils startBundle (Ljava/lang/String;)V 60 <adapter> ; # java/lang/invoke/LambdaForm$MH+0x0000016faf187400
instanceKlass  @bci org/eclipse/jdt/ls/core/internal/handlers/BundleUtils startBundle (Ljava/lang/String;)V 60 <appendix> form vmentry <vmtarget> ; # java/lang/invoke/LambdaForm$MH+0x0000016faf187000
# instanceKlass java/lang/invoke/LambdaForm$MH+0x0000016faf186c00
instanceKlass  @bci org/eclipse/jdt/ls/core/internal/handlers/BundleUtils startBundle (Ljava/lang/String;)V 60 <appendix> form names 6 function resolvedHandle form vmentry <vmtarget> ; # java/lang/invoke/LambdaForm$DMH+0x0000016faf186800
instanceKlass  @bci org/eclipse/jdt/ls/core/internal/handlers/BundleUtils startBundle (Ljava/lang/String;)V 60 <appendix> argL3 form vmentry <vmtarget> ; # java/lang/invoke/LambdaForm$MH+0x0000016faf186400
# instanceKlass java/lang/invoke/LambdaForm$MH+0x0000016faf186000
# instanceKlass java/lang/invoke/LambdaForm$MH+0x0000016faf185c00
# instanceKlass java/lang/invoke/LambdaForm$MH+0x0000016faf185800
# instanceKlass java/lang/invoke/LambdaForm$MH+0x0000016faf185400
instanceKlass  @bci org/eclipse/jdt/ls/core/internal/handlers/BundleUtils startBundle (Ljava/lang/String;)V 60 <appendix> form names 10 function resolvedHandle form vmentry <vmtarget> ; # java/lang/invoke/LambdaForm$DMH+0x0000016faf185000
instanceKlass  @bci org/eclipse/jdt/ls/core/internal/handlers/BundleUtils startBundle (Ljava/lang/String;)V 60 <appendix> argL1 form vmentry <vmtarget> ; # java/lang/invoke/LambdaForm$MH+0x0000016faf184c00
# instanceKlass java/lang/invoke/LambdaForm$MH+0x0000016faf184800
# instanceKlass java/lang/invoke/LambdaForm$MH+0x0000016faf184400
# instanceKlass java/lang/invoke/LambdaForm$MH+0x0000016faf184000
instanceKlass org/eclipse/equinox/internal/app/EclipseAppContainer$RegisterService
instanceKlass org/eclipse/core/runtime/spi/RegistryContributor
instanceKlass org/eclipse/equinox/app/IApplicationContext
instanceKlass org/osgi/service/application/ApplicationHandle
instanceKlass org/osgi/service/application/ApplicationDescriptor
instanceKlass org/eclipse/osgi/service/runnable/ApplicationLauncher
instanceKlass org/eclipse/equinox/internal/app/IBranding
instanceKlass org/eclipse/osgi/service/runnable/ApplicationRunnable
instanceKlass org/eclipse/osgi/service/runnable/ParameterizedRunnable
instanceKlass org/eclipse/equinox/internal/app/EclipseAppContainer
instanceKlass org/osgi/service/application/ScheduledApplication
instanceKlass org/eclipse/equinox/internal/app/AppPersistence
instanceKlass org/eclipse/equinox/internal/app/Activator
instanceKlass org/eclipse/equinox/internal/app/CommandLineArgs
instanceKlass org/eclipse/core/internal/preferences/legacy/InitLegacyPreferences
instanceKlass org/eclipse/core/internal/preferences/legacy/ProductPreferencesService
instanceKlass org/eclipse/core/internal/preferences/exchange/IProductPreferencesService
instanceKlass org/eclipse/core/internal/runtime/KeyStoreUtil
instanceKlass org/eclipse/core/internal/runtime/AuthorizationHandler
instanceKlass org/eclipse/core/runtime/IBundleGroupProvider
instanceKlass  @bci org/eclipse/core/internal/runtime/InternalPlatform <clinit> ()V 98 <appendix> argL0 ; # org/eclipse/core/internal/runtime/InternalPlatform$$Lambda+0x0000016faf180200
instanceKlass org/eclipse/core/runtime/ILog
instanceKlass org/eclipse/core/internal/runtime/InternalPlatform
instanceKlass org/eclipse/core/runtime/Plugin
instanceKlass org/eclipse/equinox/internal/frameworkadmin/equinox/Log
instanceKlass java/lang/Process
instanceKlass org/eclipse/equinox/internal/provisional/configuratormanipulator/ConfiguratorManipulator
instanceKlass org/eclipse/equinox/internal/provisional/frameworkadmin/Manipulator
instanceKlass org/eclipse/equinox/internal/frameworkadmin/equinox/EquinoxFwAdminImpl
instanceKlass org/eclipse/equinox/internal/provisional/frameworkadmin/FrameworkAdmin
instanceKlass org/osgi/util/promise/DeferredPromiseImpl$ResolveWith
instanceKlass  @bci org/osgi/util/promise/PromiseFactory$All run ()V 81 <appendix> member <vmtarget> ; # org/osgi/util/promise/PromiseFactory$All$$Lambda+0x0000016faf179690
instanceKlass  @cpi org/eclipse/jdt/ls/core/internal/commands/ProjectCommand 1172 form vmentry <vmtarget> ; # java/lang/invoke/LambdaForm$DMH+0x0000016faf178c00
instanceKlass org/osgi/util/promise/PromiseImpl$Result
instanceKlass org/osgi/util/promise/PromiseFactory$All
instanceKlass org/osgi/util/promise/PromiseImpl$InlineCallback
instanceKlass org/eclipse/core/runtime/QualifiedName
instanceKlass org/eclipse/core/internal/content/ContentTypeHandler
instanceKlass org/apache/felix/scr/impl/inject/methods/ActivateMethod$1
# instanceKlass java/lang/invoke/LambdaForm$MH+0x0000016faf178800
# instanceKlass java/lang/invoke/LambdaForm$MH+0x0000016faf178400
# instanceKlass java/lang/invoke/LambdaForm$MH+0x0000016faf178000
instanceKlass org/apache/felix/scr/impl/inject/MethodResult
instanceKlass org/eclipse/core/internal/content/ContentTypeManager$ContentTypeRegistryChangeListener
instanceKlass org/apache/felix/scr/impl/manager/DependencyManager$OpenStatusImpl
instanceKlass org/apache/felix/scr/impl/manager/SingleComponentManager$1
instanceKlass org/apache/felix/scr/impl/inject/ReferenceMethod$1
instanceKlass org/apache/felix/scr/impl/inject/methods/BaseMethod$Resolved
instanceKlass org/apache/felix/scr/impl/inject/methods/BaseMethod$MethodInfo
instanceKlass org/apache/felix/scr/impl/inject/methods/BaseMethod$1
instanceKlass  @bci java/util/stream/Collectors joining (Ljava/lang/CharSequence;Ljava/lang/CharSequence;Ljava/lang/CharSequence;)Ljava/util/stream/Collector; 22 <appendix> argL0 ; # java/util/stream/Collectors$$Lambda+0x800000043
instanceKlass  @bci java/util/stream/Collectors joining (Ljava/lang/CharSequence;Ljava/lang/CharSequence;Ljava/lang/CharSequence;)Ljava/util/stream/Collector; 17 <appendix> argL0 ; # java/util/stream/Collectors$$Lambda+0x800000041
instanceKlass  @bci java/util/stream/Collectors joining (Ljava/lang/CharSequence;Ljava/lang/CharSequence;Ljava/lang/CharSequence;)Ljava/util/stream/Collector; 12 <appendix> argL0 ; # java/util/stream/Collectors$$Lambda+0x80000003e
instanceKlass  @bci java/util/stream/Collectors joining (Ljava/lang/CharSequence;Ljava/lang/CharSequence;Ljava/lang/CharSequence;)Ljava/util/stream/Collector; 7 <appendix> member <vmtarget> ; # java/util/stream/Collectors$$Lambda+0x800000046
instanceKlass  @bci java/lang/Class methodToString (Ljava/lang/String;[Ljava/lang/Class;)Ljava/lang/String; 42 <appendix> argL0 ; # java/lang/Class$$Lambda+0x0000016faf0f91b8
instanceKlass org/eclipse/core/runtime/content/IContentTypeManager$IContentTypeChangeListener
instanceKlass org/eclipse/core/internal/preferences/BundleStateScopeServiceFactory
instanceKlass org/eclipse/core/internal/preferences/Activator$1
instanceKlass  @bci org/eclipse/jdt/internal/compiler/util/Messages buildVariants (Ljava/lang/String;)[Ljava/lang/String; 24 <appendix> form vmentry <vmtarget> ; # java/lang/invoke/LambdaForm$MH+0x0000016faf172c00
# instanceKlass java/lang/invoke/LambdaForm$MH+0x0000016faf172800
instanceKlass  @bci org/eclipse/jdt/internal/compiler/util/Messages buildVariants (Ljava/lang/String;)[Ljava/lang/String; 24 <appendix> argL3 form vmentry <vmtarget> ; # java/lang/invoke/LambdaForm$MH+0x0000016faf172400
# instanceKlass java/lang/invoke/LambdaForm$MH+0x0000016faf172000
# instanceKlass java/lang/invoke/LambdaForm$MH+0x0000016faf171c00
# instanceKlass java/lang/invoke/LambdaForm$MH+0x0000016faf171800
instanceKlass org/eclipse/core/internal/registry/ExtensionRegistry$ListenerInfo
instanceKlass org/eclipse/core/runtime/IContributor
instanceKlass org/eclipse/core/internal/preferences/PreferenceServiceRegistryHelper
instanceKlass  @bci org/eclipse/jdt/ls/core/internal/JavaLanguageServerPlugin$1 run (Lorg/eclipse/core/runtime/IProgressMonitor;)Lorg/eclipse/core/runtime/IStatus; 22 <appendix> form vmentry <vmtarget> ; # java/lang/invoke/LambdaForm$MH+0x0000016faf171400
instanceKlass  @bci org/eclipse/jdt/ls/core/internal/JavaLanguageServerPlugin$1 run (Lorg/eclipse/core/runtime/IProgressMonitor;)Lorg/eclipse/core/runtime/IStatus; 22 <appendix> argL3 form vmentry <vmtarget> ; # java/lang/invoke/LambdaForm$MH+0x0000016faf171000
# instanceKlass java/lang/invoke/LambdaForm$MH+0x0000016faf170c00
# instanceKlass java/lang/invoke/LambdaForm$MH+0x0000016faf170800
instanceKlass  @bci org/eclipse/jdt/ls/core/internal/handlers/BaseDocumentLifeCycleHandler performValidation (Lorg/eclipse/core/runtime/IProgressMonitor;)Lorg/eclipse/core/runtime/IStatus; 209 <appendix> argL1 argL1 form vmentry <vmtarget> ; # java/lang/invoke/LambdaForm$MH+0x0000016faf170400
# instanceKlass java/lang/invoke/LambdaForm$MH+0x0000016faf170000
instanceKlass org/eclipse/core/runtime/ListenerList$ListenerListIterator
instanceKlass org/eclipse/core/internal/preferences/OSGiPreferencesServiceManager
instanceKlass org/osgi/service/prefs/PreferencesService
instanceKlass org/eclipse/core/runtime/preferences/AbstractScope
instanceKlass org/eclipse/core/runtime/Assert
instanceKlass org/eclipse/core/runtime/Path
instanceKlass org/eclipse/core/runtime/Path$Constants
instanceKlass org/eclipse/core/runtime/IPath
instanceKlass org/eclipse/core/internal/preferences/ImmutableMap
instanceKlass org/eclipse/core/internal/preferences/EclipsePreferences
instanceKlass org/eclipse/core/runtime/preferences/IScope
instanceKlass org/eclipse/core/runtime/preferences/IEclipsePreferences
instanceKlass org/eclipse/core/internal/preferences/PreferencesService
instanceKlass org/eclipse/core/runtime/preferences/IPreferencesService
instanceKlass org/eclipse/core/internal/preferences/exchange/ILegacyPreferences
instanceKlass org/eclipse/core/internal/preferences/PreferencesOSGiUtils
instanceKlass org/eclipse/core/internal/preferences/Activator
instanceKlass org/eclipse/core/runtime/preferences/IScopeContext
instanceKlass org/eclipse/core/runtime/content/IContentTypeManager$ISelectionPolicy
instanceKlass org/eclipse/core/internal/content/BasicDescription
instanceKlass org/eclipse/core/internal/content/ContentTypeBuilder
instanceKlass org/eclipse/core/internal/content/ContentTypeCatalog
instanceKlass org/apache/felix/scr/impl/inject/ValueUtils
instanceKlass org/eclipse/core/internal/content/ILazySource
instanceKlass org/eclipse/core/internal/adapter/AdapterManagerListener
instanceKlass org/eclipse/core/internal/runtime/IAdapterManagerProvider
instanceKlass org/eclipse/core/runtime/IRegistryEventListener
instanceKlass org/eclipse/core/internal/registry/osgi/RegistryCommandProvider
instanceKlass org/eclipse/osgi/framework/console/CommandProvider
instanceKlass org/eclipse/core/internal/registry/RegistryProviderFactory
instanceKlass org/eclipse/core/internal/registry/osgi/RegistryProviderOSGI
instanceKlass org/eclipse/core/internal/registry/osgi/EclipseBundleListener
instanceKlass org/eclipse/core/internal/registry/OffsetTable
instanceKlass java/util/stream/ReduceOps$8ReducingSink
instanceKlass java/util/stream/Sink$OfLong
instanceKlass java/util/function/LongConsumer
instanceKlass  @bci java/util/stream/LongPipeline sum ()J 2 <appendix> argL0 ; # java/util/stream/LongPipeline$$Lambda+0x0000016faf0f7fe8
instanceKlass java/util/function/LongBinaryOperator
instanceKlass java/util/stream/LongStream
instanceKlass  @bci org/eclipse/core/internal/registry/osgi/EquinoxRegistryStrategy getContainerTimestamp ()J 59 <appendix> argL0 ; # org/eclipse/core/internal/registry/osgi/EquinoxRegistryStrategy$$Lambda+0x0000016faf1610f0
instanceKlass  @cpi org/eclipse/core/internal/registry/osgi/EquinoxRegistryStrategy 203 form vmentry <vmtarget> ; # java/lang/invoke/LambdaForm$DMH+0x0000016faf162000
instanceKlass java/util/function/ToLongFunction
instanceKlass  @bci org/eclipse/core/internal/registry/osgi/EquinoxRegistryStrategy getContainerTimestamp ()J 49 <appendix> argL0 ; # org/eclipse/core/internal/registry/osgi/EquinoxRegistryStrategy$$Lambda+0x0000016faf160ea0
instanceKlass  @bci org/eclipse/core/internal/registry/osgi/EquinoxRegistryStrategy getContainerTimestamp ()J 39 <appendix> argL0 ; # org/eclipse/core/internal/registry/osgi/EquinoxRegistryStrategy$$Lambda+0x0000016faf160c60
instanceKlass org/eclipse/core/internal/registry/HashtableOfStringAndInt
instanceKlass org/eclipse/core/internal/registry/KeyedHashSet
instanceKlass org/eclipse/core/runtime/IConfigurationElement
instanceKlass org/eclipse/core/internal/registry/Handle
instanceKlass org/eclipse/core/internal/registry/RegistryObjectManager
instanceKlass org/eclipse/core/internal/registry/IObjectManager
instanceKlass  @bci org/eclipse/core/internal/registry/RegistryProperties getContextProperty (Ljava/lang/String;)Ljava/lang/String; 18 <appendix> member <vmtarget> ; # org/eclipse/core/internal/registry/RegistryProperties$$Lambda+0x0000016faf15dd90
instanceKlass org/eclipse/core/internal/registry/RegistryTimestamp
instanceKlass org/eclipse/core/internal/registry/TableReader
instanceKlass org/eclipse/core/runtime/ListenerList
instanceKlass org/eclipse/core/internal/registry/ReadWriteMonitor
instanceKlass org/eclipse/core/runtime/ISafeRunnable
instanceKlass org/eclipse/core/runtime/IExtensionDelta
instanceKlass org/eclipse/core/runtime/IExtensionPoint
instanceKlass org/eclipse/core/internal/registry/RegistryObjectFactory
instanceKlass org/eclipse/core/runtime/IExtension
instanceKlass org/eclipse/core/internal/registry/RegistryObject
instanceKlass org/eclipse/core/internal/registry/KeyedElement
instanceKlass org/eclipse/core/internal/registry/ExtensionRegistry
instanceKlass org/eclipse/core/runtime/spi/IDynamicExtensionRegistry
instanceKlass org/eclipse/core/runtime/IExtensionRegistry
instanceKlass org/eclipse/core/runtime/RegistryFactory
instanceKlass org/eclipse/core/internal/registry/ReferenceMap$IEntry
instanceKlass org/eclipse/core/internal/registry/ReferenceMap
instanceKlass org/eclipse/core/internal/registry/osgi/OSGIUtils
instanceKlass org/eclipse/core/internal/registry/osgi/EquinoxUtils
instanceKlass org/eclipse/core/internal/registry/RegistryProperties
instanceKlass org/eclipse/core/runtime/spi/IRegistryProvider
instanceKlass org/eclipse/core/runtime/spi/RegistryStrategy
instanceKlass org/eclipse/core/internal/registry/osgi/Activator
instanceKlass org/eclipse/core/runtime/IRegistryChangeListener
instanceKlass org/eclipse/core/runtime/content/IContentType
instanceKlass org/eclipse/core/runtime/content/IContentTypeSettings
instanceKlass org/eclipse/core/internal/content/IContentTypeInfo
instanceKlass org/eclipse/core/runtime/content/IContentDescription
instanceKlass org/osgi/service/prefs/Preferences
instanceKlass org/apache/felix/scr/impl/inject/internal/ComponentConstructorImpl
instanceKlass org/apache/felix/scr/impl/inject/ReferenceMethods$1
instanceKlass org/apache/felix/scr/impl/inject/ReferenceMethod
instanceKlass org/apache/felix/scr/impl/inject/methods/BindMethods
instanceKlass org/apache/felix/scr/impl/inject/ReferenceMethods
instanceKlass org/apache/felix/scr/impl/inject/methods/BaseMethod$NotApplicable
instanceKlass org/apache/felix/scr/impl/inject/methods/BaseMethod$NotResolved
instanceKlass org/apache/felix/scr/impl/inject/methods/BaseMethod$State
instanceKlass org/apache/felix/scr/impl/inject/BaseParameter
instanceKlass org/apache/felix/scr/impl/inject/methods/BaseMethod
instanceKlass org/eclipse/core/internal/content/ContentTypeMatcher
instanceKlass org/eclipse/core/runtime/content/IContentTypeManager
instanceKlass org/eclipse/core/runtime/content/IContentTypeMatcher
instanceKlass org/apache/felix/scr/impl/helper/ComponentServiceObjectsHelper
instanceKlass org/apache/felix/scr/impl/manager/EdgeInfo
instanceKlass org/apache/felix/scr/impl/manager/ComponentContextImpl$ComponentInstanceImpl
instanceKlass org/osgi/service/component/ComponentInstance
instanceKlass org/apache/felix/scr/impl/manager/ComponentContextImpl
instanceKlass org/apache/felix/scr/impl/manager/RegistrationManager$RegStateWrapper
instanceKlass org/apache/felix/scr/impl/BundleComponentActivator$ListenerInfo
instanceKlass org/apache/felix/scr/impl/manager/ServiceTracker$AbstractTracked
instanceKlass org/apache/felix/scr/impl/manager/ExtendedServiceListener
instanceKlass org/apache/felix/scr/impl/manager/ServiceTracker
instanceKlass org/apache/felix/scr/impl/helper/Coercions
instanceKlass org/apache/felix/scr/impl/manager/DependencyManager$AbstractCustomizer
instanceKlass org/apache/felix/scr/impl/manager/DependencyManager$Customizer
instanceKlass org/apache/felix/scr/impl/manager/ServiceTrackerCustomizer
instanceKlass org/apache/felix/scr/impl/inject/RefPair
instanceKlass org/apache/felix/scr/impl/inject/OpenStatus
instanceKlass org/apache/felix/scr/impl/manager/DependencyManager
instanceKlass org/apache/felix/scr/impl/manager/ReferenceManager
instanceKlass org/osgi/util/promise/Deferred
instanceKlass org/apache/felix/scr/impl/manager/SingleComponentManager$SetImplementationObject
instanceKlass org/apache/felix/scr/impl/inject/ScrComponentContext
instanceKlass org/apache/felix/scr/component/ExtComponentContext
instanceKlass org/apache/felix/scr/impl/manager/RegistrationManager
instanceKlass org/apache/felix/scr/impl/helper/ConfigAdminTracker$1
instanceKlass org/apache/felix/scr/impl/helper/ConfigAdminTracker
instanceKlass org/apache/felix/scr/impl/ComponentRegistry$4
instanceKlass org/apache/felix/scr/impl/inject/ComponentConstructor
instanceKlass org/apache/felix/scr/impl/inject/LifecycleMethod
instanceKlass org/apache/felix/scr/impl/inject/internal/ComponentMethodsImpl
instanceKlass org/apache/felix/scr/impl/metadata/TargetedPID
instanceKlass java/util/concurrent/CompletionStage
instanceKlass org/osgi/util/promise/PromiseImpl
instanceKlass org/osgi/util/promise/Promise
instanceKlass org/osgi/util/promise/PromiseFactory
instanceKlass org/osgi/util/promise/Promises
instanceKlass org/apache/felix/scr/impl/inject/ComponentMethods
instanceKlass org/osgi/service/component/ComponentFactory
instanceKlass org/apache/felix/scr/impl/manager/AbstractComponentManager
instanceKlass org/apache/felix/scr/impl/manager/ComponentManager
instanceKlass org/apache/felix/scr/impl/manager/ConfigurableComponentHolder
instanceKlass org/apache/felix/scr/impl/manager/ComponentContainer
instanceKlass org/apache/felix/scr/impl/ComponentRegistryKey
instanceKlass org/apache/felix/scr/impl/metadata/PropertyMetadata
instanceKlass org/apache/felix/scr/impl/metadata/ReferenceMetadata
instanceKlass org/apache/felix/scr/impl/metadata/ServiceMetadata
instanceKlass org/apache/felix/scr/impl/metadata/ComponentMetadata
instanceKlass org/apache/felix/scr/impl/xml/XmlConstants
instanceKlass com/sun/org/apache/xerces/internal/impl/Constants$ArrayEnumeration
instanceKlass com/sun/org/apache/xerces/internal/impl/Constants
instanceKlass com/sun/org/apache/xerces/internal/parsers/AbstractSAXParser$LocatorProxy
instanceKlass org/xml/sax/ext/Locator2
instanceKlass org/xml/sax/Locator
instanceKlass com/sun/org/apache/xerces/internal/util/XMLSymbols
instanceKlass com/sun/org/apache/xerces/internal/util/XMLChar
instanceKlass com/sun/xml/internal/stream/Entity
instanceKlass com/sun/xml/internal/stream/util/BufferAllocator
instanceKlass com/sun/xml/internal/stream/util/ThreadLocalBufferAllocator
instanceKlass com/sun/org/apache/xerces/internal/impl/XMLEntityManager$EncodingInfo
instanceKlass com/sun/org/apache/xerces/internal/utils/XMLLimitAnalyzer
instanceKlass com/sun/org/apache/xerces/internal/xni/parser/XMLInputSource
instanceKlass com/sun/org/apache/xerces/internal/util/ErrorHandlerWrapper
instanceKlass com/sun/org/apache/xerces/internal/xni/parser/XMLErrorHandler
instanceKlass com/sun/org/apache/xerces/internal/impl/ExternalSubsetResolver
instanceKlass com/sun/org/apache/xerces/internal/util/EntityResolverWrapper
instanceKlass org/xml/sax/ext/EntityResolver2
instanceKlass org/xml/sax/InputSource
instanceKlass com/sun/org/apache/xerces/internal/parsers/AbstractSAXParser$AttributesProxy
instanceKlass org/xml/sax/ext/Attributes2
instanceKlass org/xml/sax/Attributes
instanceKlass org/xml/sax/AttributeList
instanceKlass com/sun/org/apache/xerces/internal/util/FeatureState
instanceKlass com/sun/org/apache/xerces/internal/util/PropertyState
instanceKlass com/sun/org/apache/xerces/internal/impl/msg/XMLMessageFormatter
instanceKlass com/sun/org/apache/xerces/internal/util/MessageFormatter
instanceKlass com/sun/org/apache/xerces/internal/impl/XMLVersionDetector
instanceKlass com/sun/org/apache/xerces/internal/impl/validation/ValidationManager
instanceKlass com/sun/org/apache/xerces/internal/impl/dv/dtd/NMTOKENDatatypeValidator
instanceKlass com/sun/org/apache/xerces/internal/impl/dv/dtd/NOTATIONDatatypeValidator
instanceKlass com/sun/org/apache/xerces/internal/impl/dv/dtd/ENTITYDatatypeValidator
instanceKlass com/sun/org/apache/xerces/internal/impl/dv/dtd/ListDatatypeValidator
instanceKlass com/sun/org/apache/xerces/internal/impl/dv/dtd/IDREFDatatypeValidator
instanceKlass com/sun/org/apache/xerces/internal/impl/dv/dtd/IDDatatypeValidator
instanceKlass com/sun/org/apache/xerces/internal/impl/dv/dtd/StringDatatypeValidator
instanceKlass com/sun/org/apache/xerces/internal/impl/dv/DatatypeValidator
instanceKlass com/sun/org/apache/xerces/internal/impl/dv/DTDDVFactory
instanceKlass com/sun/org/apache/xerces/internal/impl/dtd/DTDGrammarBucket
instanceKlass com/sun/org/apache/xerces/internal/impl/dtd/XMLAttributeDecl
instanceKlass com/sun/org/apache/xerces/internal/impl/dtd/XMLSimpleType
instanceKlass com/sun/org/apache/xerces/internal/impl/dtd/XMLElementDecl
instanceKlass com/sun/org/apache/xerces/internal/impl/validation/ValidationState
instanceKlass com/sun/org/apache/xerces/internal/impl/dv/ValidationContext
instanceKlass com/sun/org/apache/xerces/internal/impl/dtd/XMLDTDValidator
instanceKlass com/sun/org/apache/xerces/internal/impl/RevalidationHandler
instanceKlass com/sun/org/apache/xerces/internal/impl/dtd/XMLDTDValidatorFilter
instanceKlass com/sun/org/apache/xerces/internal/xni/parser/XMLDocumentFilter
instanceKlass com/sun/org/apache/xerces/internal/impl/dtd/XMLEntityDecl
instanceKlass com/sun/org/apache/xerces/internal/impl/dtd/XMLDTDProcessor
instanceKlass com/sun/org/apache/xerces/internal/xni/parser/XMLDTDContentModelFilter
instanceKlass com/sun/org/apache/xerces/internal/xni/parser/XMLDTDFilter
instanceKlass com/sun/org/apache/xerces/internal/xni/parser/XMLDTDScanner
instanceKlass com/sun/org/apache/xerces/internal/xni/parser/XMLDTDContentModelSource
instanceKlass com/sun/org/apache/xerces/internal/xni/parser/XMLDTDSource
instanceKlass com/sun/org/apache/xerces/internal/xni/grammars/XMLDTDDescription
instanceKlass com/sun/org/apache/xerces/internal/xni/grammars/XMLGrammarDescription
instanceKlass com/sun/org/apache/xerces/internal/impl/XMLDocumentScannerImpl$TrailingMiscDriver
instanceKlass com/sun/org/apache/xerces/internal/impl/XMLDocumentScannerImpl$PrologDriver
instanceKlass com/sun/org/apache/xerces/internal/impl/XMLDocumentScannerImpl$XMLDeclDriver
instanceKlass com/sun/org/apache/xerces/internal/util/NamespaceSupport
instanceKlass com/sun/org/apache/xerces/internal/xni/NamespaceContext
instanceKlass com/sun/org/apache/xerces/internal/util/XMLAttributesImpl$Attribute
instanceKlass com/sun/org/apache/xerces/internal/util/XMLAttributesImpl
instanceKlass com/sun/org/apache/xerces/internal/xni/XMLAttributes
instanceKlass com/sun/org/apache/xerces/internal/impl/XMLDocumentFragmentScannerImpl$FragmentContentDriver
instanceKlass com/sun/org/apache/xerces/internal/impl/XMLDocumentFragmentScannerImpl$Driver
instanceKlass com/sun/org/apache/xerces/internal/impl/XMLDocumentFragmentScannerImpl$ElementStack2
instanceKlass com/sun/org/apache/xerces/internal/xni/QName
instanceKlass com/sun/org/apache/xerces/internal/impl/XMLDocumentFragmentScannerImpl$ElementStack
instanceKlass com/sun/org/apache/xerces/internal/xni/XMLString
instanceKlass com/sun/org/apache/xerces/internal/impl/XMLScanner
instanceKlass com/sun/xml/internal/stream/XMLBufferListener
instanceKlass com/sun/org/apache/xerces/internal/impl/XMLEntityHandler
instanceKlass com/sun/org/apache/xerces/internal/xni/parser/XMLDocumentScanner
instanceKlass com/sun/org/apache/xerces/internal/xni/parser/XMLDocumentSource
instanceKlass com/sun/org/apache/xerces/internal/impl/XMLErrorReporter
instanceKlass com/sun/org/apache/xerces/internal/impl/XMLEntityScanner
instanceKlass com/sun/org/apache/xerces/internal/xni/XMLLocator
instanceKlass com/sun/xml/internal/stream/XMLEntityStorage
instanceKlass com/sun/org/apache/xerces/internal/util/AugmentationsImpl$AugmentationsItemsContainer
instanceKlass com/sun/org/apache/xerces/internal/util/AugmentationsImpl
instanceKlass com/sun/org/apache/xerces/internal/xni/Augmentations
instanceKlass com/sun/org/apache/xerces/internal/util/XMLResourceIdentifierImpl
instanceKlass com/sun/org/apache/xerces/internal/xni/XMLResourceIdentifier
instanceKlass com/sun/org/apache/xerces/internal/impl/XMLEntityManager
instanceKlass com/sun/org/apache/xerces/internal/xni/parser/XMLEntityResolver
instanceKlass com/sun/org/apache/xerces/internal/xni/parser/XMLComponent
instanceKlass com/sun/org/apache/xerces/internal/util/SymbolTable$Entry
instanceKlass com/sun/org/apache/xerces/internal/util/SymbolTable
instanceKlass jdk/xml/internal/JdkConstants
instanceKlass jdk/xml/internal/JdkXmlUtils
instanceKlass com/sun/org/apache/xerces/internal/util/ParserConfigurationSettings
instanceKlass com/sun/org/apache/xerces/internal/parsers/XML11Configurable
instanceKlass com/sun/org/apache/xerces/internal/xni/parser/XMLPullParserConfiguration
instanceKlass com/sun/org/apache/xerces/internal/xni/parser/XMLParserConfiguration
instanceKlass com/sun/org/apache/xerces/internal/xni/parser/XMLComponentManager
instanceKlass com/sun/org/apache/xerces/internal/parsers/XMLParser
instanceKlass com/sun/org/apache/xerces/internal/xni/XMLDTDContentModelHandler
instanceKlass com/sun/org/apache/xerces/internal/xni/XMLDTDHandler
instanceKlass com/sun/org/apache/xerces/internal/xni/XMLDocumentHandler
instanceKlass org/xml/sax/XMLReader
instanceKlass org/xml/sax/Parser
instanceKlass com/sun/org/apache/xerces/internal/utils/XMLSecurityPropertyManager
instanceKlass com/sun/org/apache/xerces/internal/utils/XMLSecurityManager
instanceKlass javax/xml/parsers/SAXParser
instanceKlass com/sun/org/apache/xerces/internal/xs/PSVIProvider
instanceKlass com/sun/org/apache/xerces/internal/jaxp/JAXPConstants
instanceKlass  @bci javax/xml/parsers/FactoryFinder newInstance (Ljava/lang/Class;Ljava/lang/String;Ljava/lang/ClassLoader;ZZ)Ljava/lang/Object; 104 <appendix> member <vmtarget> ; # javax/xml/parsers/FactoryFinder$$Lambda+0x0000016faf0dd908
instanceKlass  @bci jdk/xml/internal/SecuritySupport getContextClassLoader ()Ljava/lang/ClassLoader; 0 <appendix> argL0 ; # jdk/xml/internal/SecuritySupport$$Lambda+0x0000016faf0dd480
instanceKlass  @bci javax/xml/parsers/FactoryFinder find (Ljava/lang/Class;Ljava/lang/String;)Ljava/lang/Object; 104 <appendix> member <vmtarget> ; # javax/xml/parsers/FactoryFinder$$Lambda+0x0000016faf0dd258
instanceKlass javax/xml/parsers/FactoryFinder$1
instanceKlass  @bci jdk/xml/internal/SecuritySupport getFileInputStream (Ljava/io/File;)Ljava/io/FileInputStream; 1 <appendix> member <vmtarget> ; # jdk/xml/internal/SecuritySupport$$Lambda+0x0000016faf0dce00
instanceKlass  @bci jdk/xml/internal/SecuritySupport doesFileExist (Ljava/io/File;)Z 1 <appendix> member <vmtarget> ; # jdk/xml/internal/SecuritySupport$$Lambda+0x0000016faf0dcbd8
instanceKlass  @bci javax/xml/parsers/FactoryFinder find (Ljava/lang/Class;Ljava/lang/String;)Ljava/lang/Object; 6 <appendix> member <vmtarget> ; # javax/xml/parsers/FactoryFinder$$Lambda+0x0000016faf0dc9b0
instanceKlass  @bci jdk/xml/internal/SecuritySupport getSystemProperty (Ljava/lang/String;)Ljava/lang/String; 1 <appendix> member <vmtarget> ; # jdk/xml/internal/SecuritySupport$$Lambda+0x0000016faf0dc788
instanceKlass jdk/xml/internal/SecuritySupport
instanceKlass javax/xml/parsers/FactoryFinder
instanceKlass javax/xml/parsers/SAXParserFactory
instanceKlass org/xml/sax/helpers/DefaultHandler
instanceKlass org/xml/sax/ErrorHandler
instanceKlass org/xml/sax/ContentHandler
instanceKlass org/xml/sax/DTDHandler
instanceKlass org/xml/sax/EntityResolver
instanceKlass org/apache/felix/scr/impl/BundleComponentActivator
instanceKlass org/apache/felix/scr/impl/manager/ComponentActivator
instanceKlass org/apache/felix/scr/impl/manager/ExtendedServiceListenerContext
instanceKlass org/eclipse/core/internal/runtime/IAdapterFactoryExt
instanceKlass org/eclipse/core/internal/runtime/AdapterFactoryBridge$LazyAdapterFactory
instanceKlass org/eclipse/core/internal/runtime/AdapterFactoryBridge
instanceKlass org/eclipse/core/runtime/IAdapterFactory
instanceKlass org/eclipse/core/internal/runtime/TracingOptions$1
instanceKlass org/eclipse/core/internal/runtime/TracingOptions
instanceKlass java/util/AbstractMap$1$1
instanceKlass org/osgi/service/url/URLStreamHandlerService
instanceKlass  @bci org/eclipse/core/runtime/ServiceCaller current ()Ljava/util/Optional; 4 <appendix> argL0 ; # org/eclipse/core/runtime/ServiceCaller$$Lambda+0x0000016faf143000
instanceKlass  @bci org/eclipse/jdt/internal/compiler/util/Messages buildVariants (Ljava/lang/String;)[Ljava/lang/String; 24 <appendix> argL2 form vmentry <vmtarget> ; # java/lang/invoke/LambdaForm$MH+0x0000016faf142000
instanceKlass  @bci org/eclipse/core/runtime/ServiceCaller trackCurrent ()Ljava/util/Optional; 19 <appendix> member <vmtarget> ; # org/eclipse/core/runtime/ServiceCaller$$Lambda+0x0000016faf141d68
instanceKlass  @bci org/eclipse/core/runtime/ServiceCaller getCurrent ()Ljava/util/Optional; 12 <appendix> member <vmtarget> ; # org/eclipse/core/runtime/ServiceCaller$$Lambda+0x0000016faf141b20
instanceKlass org/eclipse/core/runtime/ServiceCaller$ReferenceAndService
instanceKlass org/eclipse/core/internal/runtime/AdapterManager
instanceKlass org/eclipse/core/runtime/IAdapterManager
instanceKlass org/eclipse/core/internal/runtime/PlatformURLConverter
instanceKlass org/eclipse/core/internal/runtime/RuntimeLog
instanceKlass org/eclipse/core/runtime/IStatus
instanceKlass org/eclipse/core/internal/runtime/PlatformLogWriter
instanceKlass org/eclipse/osgi/internal/log/ExtendedLogReaderServiceImpl
instanceKlass  @bci org/eclipse/core/runtime/ServiceCaller <init> (Ljava/lang/Class;Ljava/lang/Class;Ljava/lang/String;)V 39 <appendix> argL0 ; # org/eclipse/core/runtime/ServiceCaller$$Lambda+0x0000016faf140000
instanceKlass  @bci org/osgi/framework/FrameworkUtil getBundle (Ljava/lang/Class;)Lorg/osgi/framework/Bundle; 26 <appendix> member <vmtarget> ; # org/osgi/framework/FrameworkUtil$$Lambda+0x0000016faf13d000
instanceKlass  @bci org/osgi/framework/FrameworkUtil getBundle (Ljava/lang/Class;)Lorg/osgi/framework/Bundle; 17 <appendix> argL0 ; # org/osgi/framework/FrameworkUtil$$Lambda+0x0000016faf12fbb8
instanceKlass  @bci org/osgi/framework/FrameworkUtil getBundle (Ljava/lang/Class;)Lorg/osgi/framework/Bundle; 1 <appendix> member <vmtarget> ; # org/osgi/framework/FrameworkUtil$$Lambda+0x0000016faf12f990
instanceKlass  @bci org/eclipse/core/runtime/ServiceCaller <init> (Ljava/lang/Class;Ljava/lang/Class;Ljava/lang/String;)V 31 <appendix> argL0 ; # org/eclipse/core/runtime/ServiceCaller$$Lambda+0x0000016faf13cca8
instanceKlass org/eclipse/core/runtime/ServiceCaller
instanceKlass org/eclipse/core/internal/runtime/Activator
instanceKlass org/apache/felix/scr/impl/config/ScrMetaTypeProviderServiceFactory
instanceKlass org/apache/felix/scr/impl/config/ScrManagedServiceServiceFactory
instanceKlass org/apache/felix/scr/impl/ComponentCommands$2
instanceKlass org/apache/felix/scr/impl/ComponentCommands$1
instanceKlass org/apache/felix/scr/impl/ComponentCommands
instanceKlass org/apache/felix/scr/impl/Activator$ScrExtension
instanceKlass org/apache/felix/scr/impl/runtime/ServiceComponentRuntimeImpl
instanceKlass org/apache/felix/scr/impl/manager/RegionConfigurationSupport
instanceKlass org/apache/felix/scr/impl/manager/ComponentHolder
instanceKlass org/apache/felix/scr/impl/ComponentRegistry
instanceKlass org/apache/felix/scr/impl/ComponentActorExecutor$1
instanceKlass org/apache/felix/scr/impl/logger/ScrLogManager$1
instanceKlass org/apache/felix/scr/impl/logger/LogManager$LogDomain
instanceKlass org/apache/felix/scr/impl/logger/LogManager$Lock
instanceKlass org/apache/felix/scr/impl/logger/LogManager$LoggerFacade
instanceKlass org/apache/felix/scr/impl/logger/BundleLogger
instanceKlass org/apache/felix/scr/impl/logger/ComponentLogger
instanceKlass org/apache/felix/scr/impl/logger/ScrLogger
instanceKlass org/apache/felix/scr/impl/logger/InternalLogger
instanceKlass org/apache/felix/scr/impl/logger/ScrLoggerFactory
instanceKlass org/osgi/service/component/ComponentContext
instanceKlass org/osgi/service/component/ComponentServiceObjects
instanceKlass org/apache/felix/scr/impl/inject/internal/ClassUtils
instanceKlass org/apache/felix/scr/impl/config/ScrConfigurationImpl
instanceKlass org/osgi/service/component/runtime/ServiceComponentRuntime
instanceKlass org/apache/felix/scr/impl/manager/ScrConfiguration
instanceKlass org/apache/felix/scr/impl/logger/LogConfiguration
instanceKlass org/apache/felix/scr/impl/AbstractExtender
instanceKlass org/eclipse/osgi/internal/loader/buddy/PolicyHandler
instanceKlass org/apache/aries/spifly/WeavingData
instanceKlass org/apache/aries/spifly/ConsumerRestriction
instanceKlass org/apache/aries/spifly/MethodRestriction
instanceKlass org/apache/aries/spifly/ArgRestrictions
instanceKlass org/apache/aries/spifly/BundleDescriptor
instanceKlass  @bci org/apache/aries/spifly/BaseActivator addConsumerWeavingData (Lorg/osgi/framework/Bundle;Ljava/lang/String;)V 177 <appendix> member <vmtarget> ; # org/apache/aries/spifly/BaseActivator$$Lambda+0x0000016faf132e38
instanceKlass  @bci org/apache/aries/spifly/BaseActivator addConsumerWeavingData (Lorg/osgi/framework/Bundle;Ljava/lang/String;)V 161 <appendix> member <vmtarget> ; # org/apache/aries/spifly/BaseActivator$$Lambda+0x0000016faf132be0
instanceKlass  @bci org/apache/aries/spifly/BaseActivator addConsumerWeavingData (Lorg/osgi/framework/Bundle;Ljava/lang/String;)V 149 <appendix> argL0 ; # org/apache/aries/spifly/BaseActivator$$Lambda+0x0000016faf1329c0
instanceKlass  @bci org/apache/aries/spifly/BaseActivator addConsumerWeavingData (Lorg/osgi/framework/Bundle;Ljava/lang/String;)V 141 <appendix> argL0 ; # org/apache/aries/spifly/BaseActivator$$Lambda+0x0000016faf132780
instanceKlass org/apache/aries/spifly/ConsumerBundleTrackerCustomizer
instanceKlass java/util/Formattable
instanceKlass java/time/LocalTime$1
instanceKlass sun/util/locale/provider/LocaleResources
instanceKlass  @bci sun/util/locale/provider/JRELocaleProviderAdapter getDecimalFormatSymbolsProvider ()Ljava/text/spi/DecimalFormatSymbolsProvider; 8 <appendix> member <vmtarget> ; # sun/util/locale/provider/JRELocaleProviderAdapter$$Lambda+0x800000066
instanceKlass java/text/DecimalFormatSymbols
instanceKlass sun/util/resources/Bundles$CacheKeyReference
instanceKlass  @bci sun/util/cldr/CLDRLocaleProviderAdapter applyAliases (Ljava/util/Locale;)Ljava/util/Locale; 4 <appendix> argL0 ; # sun/util/cldr/CLDRLocaleProviderAdapter$$Lambda+0x80000005f
instanceKlass sun/util/resources/Bundles$CacheKey
instanceKlass sun/util/resources/Bundles
instanceKlass sun/util/resources/LocaleData$LocaleDataStrategy
instanceKlass sun/util/resources/Bundles$Strategy
instanceKlass sun/util/resources/LocaleData$1
instanceKlass sun/util/resources/LocaleData
instanceKlass java/util/Locale$Builder
instanceKlass sun/util/locale/provider/CalendarDataUtility
instanceKlass sun/util/locale/provider/AvailableLanguageTags
instanceKlass  @bci sun/util/locale/provider/JRELocaleProviderAdapter getDateFormatSymbolsProvider ()Ljava/text/spi/DateFormatSymbolsProvider; 8 <appendix> member <vmtarget> ; # sun/util/locale/provider/JRELocaleProviderAdapter$$Lambda+0x800000065
instanceKlass sun/util/resources/cldr/provider/CLDRLocaleDataMetaInfo
instanceKlass jdk/internal/module/ModulePatcher$PatchedModuleReader
instanceKlass  @bci sun/util/cldr/CLDRLocaleProviderAdapter <init> ()V 4 <appendix> argL0 ; # sun/util/cldr/CLDRLocaleProviderAdapter$$Lambda+0x800000061
instanceKlass sun/util/locale/BaseLocale$Key
instanceKlass sun/util/locale/InternalLocaleBuilder$CaseInsensitiveChar
instanceKlass sun/util/locale/InternalLocaleBuilder
instanceKlass sun/util/locale/StringTokenIterator
instanceKlass sun/util/locale/ParseStatus
instanceKlass sun/util/locale/LanguageTag
instanceKlass sun/util/cldr/CLDRBaseLocaleDataMetaInfo
instanceKlass sun/util/locale/provider/LocaleDataMetaInfo
instanceKlass sun/util/locale/provider/ResourceBundleBasedAdapter
instanceKlass sun/util/locale/provider/LocaleProviderAdapter
instanceKlass java/util/spi/LocaleServiceProvider
instanceKlass java/text/DateFormatSymbols
instanceKlass java/time/LocalDate$1
instanceKlass java/time/ZonedDateTime$1
instanceKlass java/util/Calendar
instanceKlass java/util/Formatter$FixedString
instanceKlass java/util/Formatter$DateTime
instanceKlass java/util/Formatter$Flags
instanceKlass java/util/Formatter$FormatSpecifier
instanceKlass java/util/Formatter$FormatString
instanceKlass java/util/Formatter$Conversion
instanceKlass  @bci java/util/regex/Pattern Range (II)Ljava/util/regex/Pattern$CharPredicate; 23 <appendix> member <vmtarget> ; # java/util/regex/Pattern$$Lambda+0x80000002a
instanceKlass java/util/Formatter
instanceKlass  @bci java/util/ResourceBundle$ResourceBundleProviderHelper loadPropertyResourceBundle (Ljava/lang/Module;Ljava/lang/Module;Ljava/lang/String;Ljava/util/Locale;)Ljava/util/ResourceBundle; 14 <appendix> member <vmtarget> ; # java/util/ResourceBundle$ResourceBundleProviderHelper$$Lambda+0x0000016faf0d9720
instanceKlass  @bci java/util/ResourceBundle$ResourceBundleProviderHelper newResourceBundle (Ljava/lang/Class;)Ljava/util/ResourceBundle; 22 <appendix> member <vmtarget> ; # java/util/ResourceBundle$ResourceBundleProviderHelper$$Lambda+0x800000010
instanceKlass  @bci java/util/ResourceBundle$ResourceBundleProviderHelper loadResourceBundle (Ljava/lang/Module;Ljava/lang/Module;Ljava/lang/String;Ljava/util/Locale;)Ljava/util/ResourceBundle; 13 <appendix> member <vmtarget> ; # java/util/ResourceBundle$ResourceBundleProviderHelper$$Lambda+0x0000016faf0d9030
instanceKlass java/util/ResourceBundle$ResourceBundleProviderHelper
instanceKlass java/util/ResourceBundle$3
instanceKlass  @bci java/util/ResourceBundle getLoader (Ljava/lang/Module;)Ljava/lang/ClassLoader; 6 <appendix> member <vmtarget> ; # java/util/ResourceBundle$$Lambda+0x0000016faf0d8bd0
instanceKlass java/util/ResourceBundle$CacheKeyReference
instanceKlass java/util/ResourceBundle$CacheKey
instanceKlass sun/util/locale/LocaleObjectCache
instanceKlass java/util/ResourceBundle$Control
instanceKlass java/util/logging/Level$RbAccess
instanceKlass  @bci java/util/logging/LogRecord inferCaller ()V 18 <appendix> member <vmtarget> ; # java/util/logging/LogRecord$$Lambda+0x0000016faf0d8110
instanceKlass java/lang/StackStreamFactory$FrameBuffer
instanceKlass java/lang/StackStreamFactory
instanceKlass  @bci java/util/logging/LogRecord$CallerFinder get ()Ljava/util/Optional; 4 <appendix> member <vmtarget> ; # java/util/logging/LogRecord$CallerFinder$$Lambda+0x0000016faf0d6910
instanceKlass  @bci org/eclipse/aether/internal/impl/collect/bf/BfDependencyCollector$ParallelDescriptorResolver resolveDescriptors (Lorg/eclipse/aether/artifact/Artifact;Ljava/util/concurrent/Callable;)V 10 <bsm> form vmentry <vmtarget> ; # java/lang/invoke/LambdaForm$DMH+0x0000016faf136000
instanceKlass  @bci java/util/logging/LogRecord$CallerFinder <clinit> ()V 0 <appendix> argL0 ; # java/util/logging/LogRecord$CallerFinder$$Lambda+0x0000016faf0d66f0
instanceKlass java/util/logging/LogRecord$CallerFinder
instanceKlass java/time/chrono/AbstractChronology
instanceKlass java/time/chrono/Chronology
instanceKlass java/time/zone/Ser
instanceKlass java/io/Externalizable
instanceKlass java/time/zone/ZoneRulesProvider$1
instanceKlass java/time/zone/ZoneRulesProvider
instanceKlass sun/util/calendar/ZoneInfoFile$ZoneOffsetTransitionRule
instanceKlass sun/util/calendar/ZoneInfoFile$1
instanceKlass sun/util/calendar/ZoneInfoFile
instanceKlass java/util/TimeZone
instanceKlass java/util/logging/LogManager$CloseOnReset
instanceKlass java/util/logging/StreamHandler$1
instanceKlass java/util/logging/Handler$1
instanceKlass java/util/logging/ErrorManager
instanceKlass jdk/internal/logger/SimpleConsoleLogger$Formatting
instanceKlass  @bci java/util/logging/SimpleFormatter <init> ()V 5 <appendix> argL0 ; # java/util/logging/SimpleFormatter$$Lambda+0x0000016faf0d42b0
instanceKlass java/util/logging/Formatter
instanceKlass java/time/Clock
instanceKlass java/time/InstantSource
instanceKlass java/util/logging/LogRecord
instanceKlass org/apache/aries/spifly/ProviderServiceFactory
instanceKlass ch/qos/logback/classic/spi/LogbackServiceProvider
instanceKlass org/slf4j/spi/SLF4JServiceProvider
instanceKlass org/eclipse/osgi/internal/framework/EquinoxBundle$ResolvedModuleClassLoader
instanceKlass org/eclipse/osgi/internal/framework/EquinoxBundle$1
instanceKlass org/apache/aries/spifly/ProviderBundleTrackerCustomizer$ServiceDetails
instanceKlass org/eclipse/osgi/storage/bundlefile/ZipBundleFile$1
instanceKlass  @bci org/eclipse/osgi/storage/bundlefile/ZipBundleFile getPaths ()Ljava/lang/Iterable; 1 <appendix> member <vmtarget> ; # org/eclipse/osgi/storage/bundlefile/ZipBundleFile$$Lambda+0x0000016faf12ea88
instanceKlass  @bci org/apache/aries/spifly/BaseActivator registerProviderBundle (Ljava/lang/String;Lorg/osgi/framework/Bundle;Ljava/util/Map;)V 33 <appendix> member <vmtarget> ; # org/apache/aries/spifly/BaseActivator$$Lambda+0x0000016faf131e90
instanceKlass org/apache/aries/spifly/Pair
instanceKlass  @bci org/apache/aries/spifly/BaseActivator registerProviderBundle (Ljava/lang/String;Lorg/osgi/framework/Bundle;Ljava/util/Map;)V 5 <appendix> argL0 ; # org/apache/aries/spifly/BaseActivator$$Lambda+0x0000016faf131a30
instanceKlass  @bci org/osgi/framework/FrameworkUtil <clinit> ()V 27 <appendix> member <vmtarget> ; # org/osgi/framework/FrameworkUtil$$Lambda+0x0000016faf12e850
instanceKlass org/osgi/framework/connect/FrameworkUtilHelper
instanceKlass  @bci org/osgi/framework/FrameworkUtil <clinit> ()V 8 <appendix> argL0 ; # org/osgi/framework/FrameworkUtil$$Lambda+0x0000016faf12e430
instanceKlass org/osgi/framework/FrameworkUtil
instanceKlass  @bci org/eclipse/core/internal/jobs/JobManager startJob (Lorg/eclipse/core/internal/jobs/Worker;)Lorg/eclipse/core/runtime/jobs/Job; 45 <adapter> ; # java/lang/invoke/LambdaForm$MH+0x0000016faf134c00
# instanceKlass java/lang/invoke/LambdaForm$DMH+0x0000016faf134800
instanceKlass  @bci org/eclipse/core/internal/jobs/JobManager startJob (Lorg/eclipse/core/internal/jobs/Worker;)Lorg/eclipse/core/runtime/jobs/Job; 45 <appendix> form vmentry <vmtarget> ; # java/lang/invoke/LambdaForm$DMH+0x0000016faf134400
instanceKlass  @bci aQute/bnd/header/Attrs mergeWith (LaQute/bnd/header/Attrs;Z)V 4 <appendix> member <vmtarget> ; # aQute/bnd/header/Attrs$$Lambda+0x0000016faf1317f8
instanceKlass  @cpi aQute/bnd/header/Attrs 639 form vmentry <vmtarget> ; # java/lang/invoke/LambdaForm$DMH+0x0000016faf134000
instanceKlass  @bci org/apache/aries/spifly/ProviderBundleTrackerCustomizer getFromAutoProviderProperty (Lorg/osgi/framework/Bundle;Ljava/util/Map;)Ljava/util/Map$Entry; 58 <appendix> argL0 ; # org/apache/aries/spifly/ProviderBundleTrackerCustomizer$$Lambda+0x0000016faf1315d8
instanceKlass  @bci org/apache/aries/spifly/ProviderBundleTrackerCustomizer getFromAutoProviderProperty (Lorg/osgi/framework/Bundle;Ljava/util/Map;)Ljava/util/Map$Entry; 50 <appendix> member <vmtarget> ; # org/apache/aries/spifly/ProviderBundleTrackerCustomizer$$Lambda+0x0000016faf131390
instanceKlass java/util/AbstractMap$SimpleImmutableEntry
instanceKlass  @bci aQute/bnd/stream/EntryPipeline values ()Ljava/util/stream/Stream; 4 <appendix> argL0 ; # aQute/bnd/stream/EntryPipeline$$Lambda+0x0000016faf131150
instanceKlass  @bci aQute/bnd/stream/EntryPipeline filterKey (Ljava/util/function/Predicate;)LaQute/bnd/stream/MapStream; 14 <appendix> member <vmtarget> ; # aQute/bnd/stream/EntryPipeline$$Lambda+0x0000016faf130ef8
instanceKlass  @bci org/apache/aries/spifly/ProviderBundleTrackerCustomizer getFromAutoProviderProperty (Lorg/osgi/framework/Bundle;Ljava/util/Map;)Ljava/util/Map$Entry; 27 <appendix> member <vmtarget> ; # org/apache/aries/spifly/ProviderBundleTrackerCustomizer$$Lambda+0x0000016faf130ca0
instanceKlass sun/invoke/util/VerifyAccess$1
instanceKlass aQute/bnd/stream/EntryPipeline
instanceKlass  @bci org/apache/aries/spifly/ProviderBundleTrackerCustomizer getFromAutoProviderProperty (Lorg/osgi/framework/Bundle;Ljava/util/Map;)Ljava/util/Map$Entry; 15 <appendix> argL0 ; # org/apache/aries/spifly/ProviderBundleTrackerCustomizer$$Lambda+0x0000016faf130640
instanceKlass  @bci org/apache/aries/spifly/ProviderBundleTrackerCustomizer getFromAutoProviderProperty (Lorg/osgi/framework/Bundle;Ljava/util/Map;)Ljava/util/Map$Entry; 7 <appendix> argL0 ; # org/apache/aries/spifly/ProviderBundleTrackerCustomizer$$Lambda+0x0000016faf130400
instanceKlass aQute/bnd/stream/MapStream
instanceKlass org/apache/aries/spifly/SpiFlyConstants
instanceKlass org/apache/aries/spifly/ConsumerHeaderProcessor
instanceKlass  @bci aQute/bnd/header/OSGiHeader parseHeader (Ljava/lang/String;LaQute/service/reporter/Reporter;LaQute/bnd/header/Parameters;)LaQute/bnd/header/Parameters; 437 <appendix> member <vmtarget> ; # aQute/bnd/header/OSGiHeader$$Lambda+0x0000016faf128800
instanceKlass  @bci aQute/bnd/header/Attrs <clinit> ()V 72 <appendix> argL0 ; # aQute/bnd/header/Attrs$$Lambda+0x0000016faf12bc10
instanceKlass  @bci aQute/bnd/header/Attrs <clinit> ()V 64 <appendix> argL0 ; # aQute/bnd/header/Attrs$$Lambda+0x0000016faf12b9f0
instanceKlass  @bci aQute/bnd/header/Attrs <clinit> ()V 56 <appendix> argL0 ; # aQute/bnd/header/Attrs$$Lambda+0x0000016faf12b7d0
instanceKlass  @bci aQute/bnd/header/Attrs <clinit> ()V 48 <appendix> argL0 ; # aQute/bnd/header/Attrs$$Lambda+0x0000016faf12b5b0
instanceKlass  @bci aQute/bnd/header/Attrs <clinit> ()V 40 <appendix> argL0 ; # aQute/bnd/header/Attrs$$Lambda+0x0000016faf12b390
instanceKlass  @bci aQute/bnd/header/Attrs <clinit> ()V 32 <appendix> argL0 ; # aQute/bnd/header/Attrs$$Lambda+0x0000016faf12b170
instanceKlass  @bci aQute/bnd/header/Attrs <clinit> ()V 24 <appendix> argL0 ; # aQute/bnd/header/Attrs$$Lambda+0x0000016faf12af50
instanceKlass  @bci aQute/bnd/header/Attrs <clinit> ()V 16 <appendix> argL0 ; # aQute/bnd/header/Attrs$$Lambda+0x0000016faf12ad30
instanceKlass aQute/bnd/header/Attrs$DataType
instanceKlass aQute/bnd/header/Attrs
instanceKlass aQute/libg/qtokens/QuotedTokenizer
instanceKlass  @bci java/util/regex/Pattern union (Ljava/util/regex/Pattern$CharPredicate;Ljava/util/regex/Pattern$CharPredicate;Z)Ljava/util/regex/Pattern$CharPredicate; 6 <appendix> member <vmtarget> ; # java/util/regex/Pattern$$Lambda+0x800000032
instanceKlass  @bci java/util/regex/CharPredicates ASCII_WORD ()Ljava/util/regex/Pattern$BmpCharPredicate; 0 <appendix> argL0 ; # java/util/regex/CharPredicates$$Lambda+0x0000016faf0d2780
instanceKlass aQute/bnd/header/OSGiHeader
instanceKlass org/eclipse/osgi/framework/util/CaseInsensitiveDictionaryMap$CaseInsentiveEntry
instanceKlass org/eclipse/osgi/framework/util/CaseInsensitiveDictionaryMap$EntryIterator
instanceKlass org/eclipse/osgi/framework/util/CaseInsensitiveDictionaryMap$KeyIterator
instanceKlass java/util/ResourceBundle$1
instanceKlass jdk/internal/access/JavaUtilResourceBundleAccess
instanceKlass java/util/ResourceBundle
instanceKlass  @bci org/eclipse/osgi/storage/Storage lambda$7 (Ljava/util/List;Ljava/lang/String;)Ljava/util/stream/Stream; 7 <appendix> member <vmtarget> ; # org/eclipse/osgi/storage/Storage$$Lambda+0x0000016faf12c000
instanceKlass org/eclipse/osgi/internal/container/InternalUtils$1
instanceKlass  @bci org/eclipse/osgi/storage/Storage findEntries (Ljava/util/List;Ljava/lang/String;Ljava/lang/String;I)Ljava/util/Enumeration; 101 <appendix> argL0 ; # org/eclipse/osgi/storage/Storage$$Lambda+0x0000016faf127a80
instanceKlass  @bci org/eclipse/osgi/storage/Storage findEntries (Ljava/util/List;Ljava/lang/String;Ljava/lang/String;I)Ljava/util/Enumeration; 91 <appendix> member <vmtarget> ; # org/eclipse/osgi/storage/Storage$$Lambda+0x0000016faf127838
instanceKlass org/eclipse/osgi/storage/ManifestLocalization$BundleResourceBundle
instanceKlass org/eclipse/osgi/storage/ManifestLocalization
instanceKlass org/apache/aries/spifly/ProviderBundleTrackerCustomizer
instanceKlass org/osgi/util/tracker/BundleTracker
instanceKlass  @bci org/apache/aries/spifly/BaseActivator start (Lorg/osgi/framework/BundleContext;Ljava/lang/String;)V 46 <appendix> argL0 ; # org/apache/aries/spifly/BaseActivator$$Lambda+0x0000016faf129668
instanceKlass  @bci org/apache/aries/spifly/BaseActivator start (Lorg/osgi/framework/BundleContext;Ljava/lang/String;)V 20 <appendix> argL0 ; # org/apache/aries/spifly/BaseActivator$$Lambda+0x0000016faf129428
instanceKlass aQute/bnd/header/Parameters
instanceKlass java/util/AbstractList$Itr
instanceKlass  @bci org/eclipse/osgi/internal/weaving/WovenClassImpl notifyWovenClassListeners ()V 1 <appendix> member <vmtarget> ; # org/eclipse/osgi/internal/weaving/WovenClassImpl$$Lambda+0x0000016faf126c90
instanceKlass  @bci org/eclipse/osgi/internal/serviceregistry/ServiceRegistrationImpl$FrameworkHookRegistration getSafeService (Lorg/eclipse/osgi/internal/framework/BundleContextImpl;Lorg/eclipse/osgi/internal/serviceregistry/ServiceConsumer;)Ljava/lang/Object; 17 <appendix> member <vmtarget> ; # org/eclipse/osgi/internal/serviceregistry/ServiceRegistrationImpl$FrameworkHookRegistration$$Lambda+0x0000016faf126a38
instanceKlass org/apache/aries/spifly/Util
instanceKlass org/objectweb/asm/Opcodes
instanceKlass org/objectweb/asm/ClassVisitor
instanceKlass org/apache/aries/spifly/dynamic/ClientWeavingHook
instanceKlass java/util/logging/Logger$SystemLoggerHelper$1
instanceKlass java/util/logging/Logger$SystemLoggerHelper
instanceKlass java/util/logging/LogManager$4
instanceKlass jdk/internal/logger/BootstrapLogger$BootstrapExecutors
instanceKlass jdk/internal/logger/LoggerFinderLoader
instanceKlass  @bci java/lang/System$LoggerFinder accessProvider ()Ljava/lang/System$LoggerFinder; 8 <appendix> argL0 ; # java/lang/System$LoggerFinder$$Lambda+0x0000016faf0d0e30
instanceKlass  @bci java/util/logging/Level$KnownLevel findByName (Ljava/lang/String;Ljava/util/function/Function;)Ljava/util/Optional; 29 <appendix> argL0 ; # java/util/logging/Level$KnownLevel$$Lambda+0x800000023
instanceKlass  @bci java/util/logging/Level findLevel (Ljava/lang/String;)Ljava/util/logging/Level; 13 <appendix> argL0 ; # java/util/logging/Level$$Lambda+0x800000011
instanceKlass java/util/logging/LogManager$LoggerContext$1
instanceKlass java/util/logging/LogManager$VisitedLoggers
instanceKlass java/util/logging/LogManager$2
instanceKlass java/util/logging/LogManager$LoggingProviderAccess
instanceKlass java/util/logging/LogManager$LogNode
instanceKlass java/util/logging/LogManager$LoggerContext
instanceKlass java/util/logging/LogManager$1
instanceKlass java/util/logging/LogManager
instanceKlass java/util/logging/Logger$ConfigurationData
instanceKlass java/util/logging/Logger$LoggerBundle
instanceKlass  @bci java/util/logging/Level$KnownLevel add (Ljava/util/logging/Level;)V 49 <appendix> argL0 ; # java/util/logging/Level$KnownLevel$$Lambda+0x800000022
instanceKlass  @bci java/util/logging/Level$KnownLevel add (Ljava/util/logging/Level;)V 19 <appendix> argL0 ; # java/util/logging/Level$KnownLevel$$Lambda+0x800000021
instanceKlass java/util/logging/Level
instanceKlass java/util/logging/Handler
instanceKlass java/util/logging/Logger
instanceKlass org/osgi/util/tracker/BundleTrackerCustomizer
instanceKlass org/eclipse/osgi/internal/loader/ModuleClassLoader$DefineClassResult
instanceKlass org/apache/aries/spifly/BaseActivator
instanceKlass org/eclipse/osgi/internal/weaving/WeavingHookConfigurator$WovenClassContext
instanceKlass org/eclipse/osgi/internal/weaving/WovenClassImpl
instanceKlass org/osgi/framework/hooks/weaving/WovenClass
instanceKlass org/eclipse/osgi/internal/loader/classpath/ClasspathManager$DefineContext
instanceKlass org/eclipse/osgi/internal/loader/BundleLoader$3
instanceKlass  @bci org/eclipse/osgi/internal/framework/EquinoxEventPublisher notifyEventHooksPrivileged (Lorg/osgi/framework/BundleEvent;Ljava/util/Collection;)V 98 <appendix> member <vmtarget> ; # org/eclipse/osgi/internal/framework/EquinoxEventPublisher$$Lambda+0x0000016faf122dd0
instanceKlass org/eclipse/osgi/container/ModuleContainer$ContainerStartLevel$2
instanceKlass java/util/concurrent/CountDownLatch
instanceKlass org/eclipse/osgi/internal/framework/EquinoxContainerAdaptor$1$1
instanceKlass org/eclipse/osgi/container/ModuleResolutionReport
instanceKlass  @bci java/util/stream/StreamSpliterators$WrappingSpliterator forEachRemaining (Ljava/util/function/Consumer;)V 33 <appendix> member <vmtarget> ; # java/util/stream/StreamSpliterators$WrappingSpliterator$$Lambda+0x0000016faf0cff30
instanceKlass  @cpi org/eclipse/core/internal/jobs/JobListeners 385 form vmentry <vmtarget> ; # java/lang/invoke/LambdaForm$DMH+0x0000016faf124000
instanceKlass  @bci java/util/stream/Collectors toList ()Ljava/util/stream/Collector; 14 <appendix> argL0 ; # java/util/stream/Collectors$$Lambda+0x0000016faf0cfce8
instanceKlass  @bci java/util/stream/Collectors toList ()Ljava/util/stream/Collector; 9 <appendix> argL0 ; # java/util/stream/Collectors$$Lambda+0x0000016faf0cfab8
instanceKlass  @bci java/util/stream/Collectors toList ()Ljava/util/stream/Collector; 4 <appendix> argL0 ; # java/util/stream/Collectors$$Lambda+0x0000016faf0cf898
instanceKlass  @bci org/apache/felix/resolver/Candidates$FaultyResourcesReport getUnresolvedRequirements ()Ljava/util/Collection; 38 <appendix> argL0 ; # org/apache/felix/resolver/Candidates$FaultyResourcesReport$$Lambda+0x0000016faf121bc8
instanceKlass  @bci org/apache/felix/resolver/Candidates$FaultyResourcesReport getUnresolvedRequirements ()Ljava/util/Collection; 14 <appendix> argL0 ; # org/apache/felix/resolver/Candidates$FaultyResourcesReport$$Lambda+0x0000016faf121988
instanceKlass java/util/concurrent/ConcurrentLinkedQueue$Node
instanceKlass org/apache/felix/resolver/EnhancedExecutor
instanceKlass org/apache/felix/resolver/PackageSpaces
instanceKlass org/apache/felix/resolver/Backlog
instanceKlass  @bci org/apache/felix/resolver/Candidates prepare ()Lorg/apache/felix/resolver/ResolutionError; 924 <appendix> argL0 ; # org/apache/felix/resolver/Candidates$$Lambda+0x0000016faf119730
instanceKlass org/apache/felix/resolver/util/CandidateSelector
instanceKlass org/apache/felix/resolver/util/OpenHashMap$MapEntry
instanceKlass org/apache/felix/resolver/util/OpenHashMap$MapIterator
instanceKlass org/apache/felix/resolver/util/OpenHashMap$1
instanceKlass org/eclipse/osgi/container/ModuleResolutionReport$EntryImpl
instanceKlass org/eclipse/osgi/report/resolution/ResolutionReport$Entry
instanceKlass  @bci org/eclipse/osgi/internal/framework/FilterImpl$Equal compare_Version (Lorg/osgi/framework/Version;)Z 3 <appendix> argL0 ; # org/eclipse/osgi/internal/framework/FilterImpl$Equal$$Lambda+0x0000016faf11ac58
instanceKlass org/apache/felix/resolver/Candidates$PopulateResult
instanceKlass org/apache/felix/resolver/util/OpenHashMap
instanceKlass org/osgi/service/resolver/HostedCapability
instanceKlass org/apache/felix/resolver/Candidates
instanceKlass org/apache/felix/resolver/Util
instanceKlass org/apache/felix/resolver/ResolveSession
instanceKlass org/eclipse/osgi/container/ModuleResolver$ResolveProcess$DynamicFragments
instanceKlass  @bci org/eclipse/osgi/container/ModuleResolver$ResolveProcess removeSubstituted (Ljava/util/List;)V 2 <appendix> member <vmtarget> ; # org/eclipse/osgi/container/ModuleResolver$ResolveProcess$$Lambda+0x0000016faf11dbf0
instanceKlass  @bci org/eclipse/osgi/container/ModuleResolver removeNonEffectiveCapabilities (Ljava/util/Collection;)V 2 <appendix> member <vmtarget> ; # org/eclipse/osgi/container/ModuleResolver$$Lambda+0x0000016faf11d998
instanceKlass  @bci org/eclipse/osgi/container/ModuleResolver$ResolveProcess filterDisabled (Ljava/util/List;)V 2 <appendix> member <vmtarget> ; # org/eclipse/osgi/container/ModuleResolver$ResolveProcess$$Lambda+0x0000016faf11d740
instanceKlass java/util/Collections$ReverseComparator2
instanceKlass java/util/Collections$ReverseComparator
instanceKlass  @bci org/eclipse/osgi/container/ModuleResolver$ResolveProcess resolveNonPayLoadFragments ()Ljava/util/Map; 84 <appendix> argL0 ; # org/eclipse/osgi/container/ModuleResolver$ResolveProcess$$Lambda+0x0000016faf11d500
instanceKlass org/eclipse/osgi/internal/framework/OSGiFrameworkHooks$CoreResolverHookFactory$CoreResolverHook
instanceKlass org/eclipse/osgi/report/resolution/ResolutionReport$Listener
instanceKlass  @bci org/eclipse/osgi/internal/framework/OSGiFrameworkHooks$CoreResolverHookFactory getHookReferences (Lorg/eclipse/osgi/internal/serviceregistry/ServiceRegistry;Lorg/eclipse/osgi/internal/framework/BundleContextImpl;)[Lorg/eclipse/osgi/internal/serviceregistry/ServiceReferenceImpl; 2 <appendix> member <vmtarget> ; # org/eclipse/osgi/internal/framework/OSGiFrameworkHooks$CoreResolverHookFactory$$Lambda+0x0000016faf11ca18
instanceKlass org/eclipse/osgi/container/ModuleResolutionReport$Builder
instanceKlass org/osgi/service/resolver/ResolveContext
# instanceKlass java/lang/invoke/LambdaForm$MH+0x0000016faf118400
instanceKlass org/eclipse/osgi/container/ModuleDatabase$1
# instanceKlass java/lang/invoke/LambdaForm$MH+0x0000016faf118000
instanceKlass org/eclipse/osgi/container/ModuleContainer$ResolutionLock$Permits
instanceKlass org/eclipse/osgi/framework/eventmgr/EventManager$EventThread$Queued
instanceKlass  @bci org/eclipse/osgi/framework/eventmgr/EventManager getEventThread ()Lorg/eclipse/osgi/framework/eventmgr/EventManager$EventThread; 24 <appendix> member <vmtarget> ; # org/eclipse/osgi/framework/eventmgr/EventManager$$Lambda+0x0000016faf1175a8
instanceKlass org/eclipse/osgi/container/ModuleContainer$ContainerWiring$1
instanceKlass org/osgi/dto/DTO
instanceKlass  @bci org/eclipse/osgi/internal/framework/BundleContextImpl notifyFindHooksPriviledged (Lorg/eclipse/osgi/internal/framework/BundleContextImpl;Ljava/util/Collection;)V 73 <appendix> member <vmtarget> ; # org/eclipse/osgi/internal/framework/BundleContextImpl$$Lambda+0x0000016faf1153c8
instanceKlass org/eclipse/osgi/framework/util/FilePath
instanceKlass sun/nio/ch/FileChannelImpl$Closer
instanceKlass sun/nio/fs/WindowsChannelFactory$Flags
instanceKlass sun/nio/fs/WindowsChannelFactory$1
instanceKlass sun/nio/fs/WindowsChannelFactory
instanceKlass org/eclipse/core/runtime/internal/adaptor/ConsoleManager
instanceKlass org/eclipse/core/runtime/internal/adaptor/DefaultStartupMonitor
instanceKlass org/eclipse/osgi/service/runnable/StartupMonitor
instanceKlass java/lang/Thread$Builder$OfVirtual
instanceKlass java/lang/Thread$Builder$OfPlatform
instanceKlass java/lang/Thread$Builder
instanceKlass org/eclipse/osgi/internal/serviceregistry/ServiceFactoryUse$1
instanceKlass java/util/LinkedList$ListItr
instanceKlass java/util/LinkedList$Node
instanceKlass org/eclipse/osgi/internal/resolver/StateImpl
instanceKlass org/eclipse/osgi/service/resolver/GenericSpecification
instanceKlass org/eclipse/osgi/service/resolver/GenericDescription
instanceKlass org/eclipse/osgi/service/resolver/BundleSpecification
instanceKlass org/eclipse/osgi/service/resolver/HostSpecification
instanceKlass org/eclipse/osgi/service/resolver/BundleDescription
instanceKlass org/eclipse/osgi/service/resolver/ExportPackageDescription
instanceKlass org/eclipse/osgi/service/resolver/NativeCodeSpecification
instanceKlass org/eclipse/osgi/service/resolver/ImportPackageSpecification
instanceKlass org/eclipse/osgi/service/resolver/VersionConstraint
instanceKlass org/eclipse/osgi/service/resolver/NativeCodeDescription
instanceKlass org/eclipse/osgi/service/resolver/BaseDescription
instanceKlass org/eclipse/osgi/internal/resolver/StateObjectFactoryImpl
instanceKlass org/eclipse/osgi/service/resolver/Resolver
instanceKlass org/eclipse/osgi/service/resolver/State
instanceKlass org/eclipse/osgi/service/resolver/StateObjectFactory
instanceKlass org/eclipse/osgi/compatibility/state/PlatformAdminImpl
instanceKlass org/eclipse/osgi/service/resolver/PlatformAdmin
instanceKlass org/eclipse/osgi/compatibility/state/Activator
instanceKlass org/eclipse/osgi/internal/serviceregistry/ServiceConsumer$2
instanceKlass org/eclipse/osgi/internal/serviceregistry/ServiceConsumer$1
instanceKlass org/eclipse/osgi/internal/serviceregistry/ServiceConsumer
instanceKlass org/eclipse/osgi/service/security/TrustEngine
instanceKlass org/eclipse/osgi/internal/signedcontent/SignedContentConstants
instanceKlass org/eclipse/osgi/internal/signedcontent/SignedBundleHook$1
instanceKlass org/eclipse/osgi/internal/framework/XMLParsingServiceFactory
instanceKlass org/eclipse/osgi/storage/BundleLocalizationImpl
instanceKlass org/eclipse/osgi/service/localization/BundleLocalization
instanceKlass org/eclipse/osgi/storage/url/BundleURLConverter
instanceKlass org/eclipse/osgi/service/urlconversion/URLConverter
instanceKlass org/apache/felix/resolver/Logger
instanceKlass org/apache/felix/resolver/ResolutionError
instanceKlass org/apache/felix/resolver/ResolverImpl
instanceKlass org/osgi/service/resolver/Resolver
instanceKlass org/eclipse/osgi/internal/framework/legacy/StartLevelImpl
instanceKlass org/eclipse/osgi/internal/framework/legacy/PackageAdminImpl
instanceKlass org/osgi/service/condition/ConditionImpl
instanceKlass org/osgi/service/condition/Condition
instanceKlass  @bci org/eclipse/equinox/plurl/impl/PlurlImpl add (Ljava/net/ContentHandlerFactory;)V 13 <appendix> argL0 ; # org/eclipse/equinox/plurl/impl/PlurlImpl$$Lambda+0x0000016faf10f4f8
instanceKlass  @bci org/eclipse/equinox/plurl/impl/PlurlImpl$5 getContent ()Ljava/util/function/Consumer; 155 <appendix> member <vmtarget> ; # org/eclipse/equinox/plurl/impl/PlurlImpl$5$$Lambda+0x0000016faf10f060
instanceKlass  @bci org/eclipse/equinox/plurl/impl/PlurlImpl add (Ljava/net/URLStreamHandlerFactory;)V 13 <appendix> argL0 ; # org/eclipse/equinox/plurl/impl/PlurlImpl$$Lambda+0x0000016faf10ee10
instanceKlass org/eclipse/equinox/plurl/impl/PlurlImpl$PlurlFactoryHolder
instanceKlass  @bci org/eclipse/equinox/plurl/impl/PlurlImpl$5 getContent ()Ljava/util/function/Consumer; 141 <appendix> member <vmtarget> ; # org/eclipse/equinox/plurl/impl/PlurlImpl$5$$Lambda+0x0000016faf10e728
instanceKlass org/eclipse/osgi/internal/url/ContentHandlerFactoryImpl
instanceKlass org/eclipse/osgi/internal/url/URLStreamHandlerFactoryImpl
instanceKlass org/eclipse/equinox/plurl/impl/PlurlImpl$PlurlContentHandlerFactory
instanceKlass org/eclipse/equinox/plurl/impl/PlurlImpl$LegacyFactory
# instanceKlass java/lang/invoke/LambdaForm$MH+0x0000016faf109000
# instanceKlass java/lang/invoke/LambdaForm$MH+0x0000016faf108c00
instanceKlass org/eclipse/equinox/plurl/impl/StackWalkerCallStack
instanceKlass org/eclipse/equinox/plurl/impl/URLToHandler
instanceKlass java/net/UrlDeserializedState
instanceKlass java/net/InetAddress
instanceKlass org/eclipse/equinox/plurl/PlurlStreamHandler$PlurlSetter
instanceKlass java/net/ContentHandler
instanceKlass org/eclipse/equinox/plurl/impl/CallStack
instanceKlass org/eclipse/equinox/plurl/impl/PlurlImpl
instanceKlass org/eclipse/osgi/internal/log/ConfigAdminListener
instanceKlass  @bci org/eclipse/osgi/internal/serviceregistry/ServiceRegistry notifyFindHooksPrivileged (Lorg/eclipse/osgi/internal/framework/BundleContextImpl;Ljava/lang/String;Ljava/lang/String;ZLjava/util/Collection;)V 101 <adapter> ; # java/lang/invoke/LambdaForm$MH+0x0000016faf108800
# instanceKlass java/lang/invoke/LambdaForm$DMH+0x0000016faf108400
instanceKlass  @bci org/eclipse/osgi/internal/serviceregistry/ServiceRegistry notifyFindHooksPrivileged (Lorg/eclipse/osgi/internal/framework/BundleContextImpl;Ljava/lang/String;Ljava/lang/String;ZLjava/util/Collection;)V 101 <appendix> form vmentry <vmtarget> ; # java/lang/invoke/LambdaForm$DMH+0x0000016faf108000
instanceKlass  @bci org/eclipse/osgi/internal/serviceregistry/ServiceRegistry notifyFindHooksPrivileged (Lorg/eclipse/osgi/internal/framework/BundleContextImpl;Ljava/lang/String;Ljava/lang/String;ZLjava/util/Collection;)V 101 <appendix> member <vmtarget> ; # org/eclipse/osgi/internal/serviceregistry/ServiceRegistry$$Lambda+0x0000016faf101cc8
instanceKlass  @cpi org/eclipse/osgi/internal/serviceregistry/ServiceRegistry 1105 form vmentry <vmtarget> ; # java/lang/invoke/LambdaForm$DMH+0x0000016faf100400
instanceKlass org/eclipse/osgi/internal/serviceregistry/ShrinkableCollection
instanceKlass org/eclipse/osgi/internal/framework/FilterImpl$Parser
instanceKlass org/eclipse/osgi/internal/framework/FilterImpl
instanceKlass org/osgi/util/tracker/AbstractTracked
instanceKlass org/osgi/util/tracker/ServiceTracker
instanceKlass org/eclipse/osgi/internal/log/EventAdminAdapter
instanceKlass org/eclipse/osgi/internal/serviceregistry/ServiceRegistry$2
instanceKlass org/eclipse/osgi/framework/eventmgr/CopyOnWriteIdentityMap$Snapshot$SnapshotIterator
instanceKlass org/eclipse/osgi/framework/eventmgr/ListenerQueue
instanceKlass  @bci org/eclipse/osgi/internal/serviceregistry/ServiceRegistry notifyEventListenerHooksPrivileged (Lorg/osgi/framework/ServiceEvent;Ljava/util/Map;)V 77 <appendix> member <vmtarget> ; # org/eclipse/osgi/internal/serviceregistry/ServiceRegistry$$Lambda+0x0000016faf106c28
instanceKlass  @bci org/eclipse/osgi/internal/serviceregistry/ServiceRegistry notifyEventHooksPrivileged (Lorg/osgi/framework/ServiceEvent;Ljava/util/Collection;)V 77 <appendix> member <vmtarget> ; # org/eclipse/osgi/internal/serviceregistry/ServiceRegistry$$Lambda+0x0000016faf106640
instanceKlass org/eclipse/osgi/framework/eventmgr/CopyOnWriteIdentityMap$Snapshot
instanceKlass org/osgi/framework/PrototypeServiceFactory
instanceKlass org/eclipse/osgi/framework/util/CaseInsensitiveDictionaryMap$CaseInsensitiveKey
instanceKlass org/eclipse/osgi/internal/serviceregistry/ServiceReferenceImpl
instanceKlass org/eclipse/osgi/internal/serviceregistry/ServiceUse
instanceKlass  @bci org/eclipse/osgi/internal/serviceregistry/ServiceRegistry notifyListenerHooksPrivileged (Ljava/util/Collection;Z)V 106 <appendix> form vmentry <vmtarget> ; # java/lang/invoke/LambdaForm$DMH+0x0000016faf100000
instanceKlass  @bci org/eclipse/osgi/internal/serviceregistry/ServiceRegistry notifyListenerHooksPrivileged (Ljava/util/Collection;Z)V 106 <appendix> member <vmtarget> ; # org/eclipse/osgi/internal/serviceregistry/ServiceRegistry$$Lambda+0x0000016faf0bdcc8
instanceKlass  @cpi org/eclipse/osgi/internal/serviceregistry/ServiceRegistry 1128 form vmentry <vmtarget> ; # java/lang/invoke/LambdaForm$DMH+0x0000016faf0bcc00
instanceKlass org/eclipse/osgi/internal/serviceregistry/HookContext
instanceKlass org/osgi/framework/UnfilteredServiceListener
instanceKlass org/eclipse/osgi/internal/serviceregistry/FilteredServiceListener
instanceKlass org/osgi/framework/hooks/service/ListenerHook$ListenerInfo
instanceKlass org/eclipse/osgi/framework/eventmgr/CopyOnWriteIdentityMap$Entry
instanceKlass org/eclipse/osgi/framework/eventmgr/CopyOnWriteIdentityMap
instanceKlass org/eclipse/osgi/internal/log/OrderedExecutor
instanceKlass org/eclipse/osgi/internal/framework/BundleContextImpl$2
instanceKlass org/osgi/service/startlevel/StartLevel
instanceKlass org/osgi/service/packageadmin/PackageAdmin
instanceKlass org/eclipse/equinox/plurl/PlurlContentHandlerFactory
instanceKlass java/net/ContentHandlerFactory
instanceKlass org/eclipse/equinox/plurl/PlurlStreamHandlerFactory
instanceKlass org/eclipse/equinox/plurl/PlurlFactory
instanceKlass org/eclipse/equinox/plurl/Plurl
instanceKlass org/eclipse/osgi/internal/framework/SystemBundleActivator
instanceKlass org/eclipse/osgi/internal/loader/classpath/TitleVersionVendor
instanceKlass org/eclipse/osgi/internal/loader/classpath/ManifestPackageAttributes
instanceKlass org/eclipse/osgi/internal/loader/classpath/ClasspathEntry$PDEData
instanceKlass org/eclipse/osgi/internal/loader/classpath/ClasspathEntry
instanceKlass org/eclipse/osgi/internal/loader/classpath/FragmentClasspath
instanceKlass org/eclipse/osgi/internal/loader/classpath/ClasspathManager
instanceKlass org/eclipse/osgi/internal/loader/ModuleClassLoader$ClassNameLock$1
instanceKlass org/eclipse/osgi/internal/loader/ModuleClassLoader$ClassNameLock
instanceKlass org/eclipse/osgi/internal/container/KeyBasedLockStore
instanceKlass org/eclipse/osgi/internal/loader/BundleLoaderSources
instanceKlass org/eclipse/osgi/internal/loader/BundleLoader$1
instanceKlass org/eclipse/osgi/internal/loader/sources/PackageSource
instanceKlass java/lang/ApplicationShutdownHooks$1
instanceKlass java/lang/ApplicationShutdownHooks
instanceKlass java/util/concurrent/ForkJoinPool$2
instanceKlass jdk/internal/access/JavaUtilConcurrentFJPAccess
instanceKlass java/util/concurrent/ForkJoinPool$DefaultForkJoinWorkerThreadFactory
instanceKlass java/util/concurrent/ForkJoinPool$WorkQueue
instanceKlass java/util/concurrent/ForkJoinPool$ForkJoinWorkerThreadFactory
instanceKlass org/eclipse/osgi/internal/framework/StorageSaver$StorageSaverTask
instanceKlass org/eclipse/osgi/internal/framework/StorageSaver
instanceKlass java/util/concurrent/Executors$RunnableAdapter
instanceKlass java/util/concurrent/FutureTask$WaitNode
instanceKlass java/util/concurrent/FutureTask
instanceKlass jdk/internal/vm/ThreadContainers
instanceKlass jdk/internal/vm/StackableScope
instanceKlass java/util/concurrent/RunnableScheduledFuture
instanceKlass java/util/concurrent/ScheduledFuture
instanceKlass java/util/concurrent/Delayed
instanceKlass java/util/concurrent/RunnableFuture
instanceKlass java/util/concurrent/Future
instanceKlass java/util/concurrent/ThreadPoolExecutor$AbortPolicy
instanceKlass java/util/concurrent/AbstractExecutorService
instanceKlass java/util/concurrent/ScheduledExecutorService
instanceKlass java/util/concurrent/ExecutorService
instanceKlass java/util/concurrent/Executors
instanceKlass java/util/HashMap$HashMapSpliterator
instanceKlass  @bci java/lang/SecurityManager nonExportedPkgs (Ljava/lang/module/ModuleDescriptor;)Ljava/util/Set; 92 <appendix> member <vmtarget> ; # java/lang/SecurityManager$$Lambda+0x0000016faf0c6300
instanceKlass  @bci java/lang/SecurityManager nonExportedPkgs (Ljava/lang/module/ModuleDescriptor;)Ljava/util/Set; 76 <appendix> argL0 ; # java/lang/SecurityManager$$Lambda+0x0000016faf0c60c0
instanceKlass  @bci java/lang/SecurityManager nonExportedPkgs (Ljava/lang/module/ModuleDescriptor;)Ljava/util/Set; 66 <appendix> argL0 ; # java/lang/SecurityManager$$Lambda+0x0000016faf0c5e70
instanceKlass  @bci java/lang/SecurityManager nonExportedPkgs (Ljava/lang/module/ModuleDescriptor;)Ljava/util/Set; 47 <appendix> member <vmtarget> ; # java/lang/SecurityManager$$Lambda+0x0000016faf0c5c38
instanceKlass  @bci java/lang/SecurityManager nonExportedPkgs (Ljava/lang/module/ModuleDescriptor;)Ljava/util/Set; 31 <appendix> argL0 ; # java/lang/SecurityManager$$Lambda+0x0000016faf0c59f8
instanceKlass  @bci java/lang/SecurityManager nonExportedPkgs (Ljava/lang/module/ModuleDescriptor;)Ljava/util/Set; 21 <appendix> argL0 ; # java/lang/SecurityManager$$Lambda+0x0000016faf0c57a8
instanceKlass  @cpi com/google/inject/internal/KotlinSupport$KotlinUnsupported 71 form vmentry <vmtarget> ; # java/lang/invoke/LambdaForm$DMH+0x0000016faf0bc800
instanceKlass  @bci java/lang/SecurityManager addNonExportedPackages (Ljava/lang/ModuleLayer;)V 59 <appendix> argL0 ; # java/lang/SecurityManager$$Lambda+0x0000016faf0c5578
instanceKlass  @cpi org/eclipse/core/internal/net/Policy 113 form vmentry <vmtarget> ; # java/lang/invoke/LambdaForm$DMH+0x0000016faf0bc400
instanceKlass  @bci java/lang/SecurityManager addNonExportedPackages (Ljava/lang/ModuleLayer;)V 49 <appendix> argL0 ; # java/lang/SecurityManager$$Lambda+0x0000016faf0c5338
instanceKlass  @bci java/lang/SecurityManager addNonExportedPackages (Ljava/lang/ModuleLayer;)V 39 <appendix> argL0 ; # java/lang/SecurityManager$$Lambda+0x0000016faf0c50f8
instanceKlass  @bci java/lang/SecurityManager addNonExportedPackages (Ljava/lang/ModuleLayer;)V 29 <appendix> member <vmtarget> ; # java/lang/SecurityManager$$Lambda+0x0000016faf0c4ea0
instanceKlass  @cpi java/lang/SecurityManager 518 form vmentry <vmtarget> ; # java/lang/invoke/LambdaForm$DMH+0x0000016faf0bc000
instanceKlass  @bci java/lang/SecurityManager addNonExportedPackages (Ljava/lang/ModuleLayer;)V 17 <appendix> argL0 ; # java/lang/SecurityManager$$Lambda+0x0000016faf0c4c60
instanceKlass org/eclipse/osgi/internal/framework/ContextFinder$1
instanceKlass org/osgi/framework/ServiceObjects
instanceKlass org/eclipse/osgi/internal/framework/BundleContextImpl
instanceKlass org/osgi/framework/hooks/weaving/WovenClassListener
instanceKlass org/osgi/framework/hooks/weaving/WeavingHook
instanceKlass org/osgi/framework/hooks/service/FindHook
instanceKlass org/osgi/framework/hooks/service/EventListenerHook
instanceKlass org/osgi/framework/hooks/service/EventHook
instanceKlass org/osgi/framework/hooks/bundle/FindHook
instanceKlass org/osgi/framework/hooks/bundle/EventHook
instanceKlass org/osgi/framework/hooks/bundle/CollisionHook
instanceKlass org/eclipse/osgi/internal/serviceregistry/ServiceRegistry$FrameworkHookHolder
instanceKlass org/osgi/framework/hooks/service/ListenerHook
instanceKlass org/eclipse/osgi/internal/serviceregistry/ServiceRegistrationImpl
instanceKlass org/osgi/framework/ServiceRegistration
instanceKlass org/eclipse/osgi/internal/serviceregistry/ServiceRegistry
instanceKlass org/eclipse/osgi/framework/eventmgr/EventManager
instanceKlass org/eclipse/osgi/internal/framework/EquinoxEventPublisher
# instanceKlass java/lang/invoke/LambdaForm$MH+0x0000016faf0b5c00
# instanceKlass java/lang/invoke/LambdaForm$MH+0x0000016faf0b5800
# instanceKlass java/lang/invoke/LambdaForm$MH+0x0000016faf0b5400
instanceKlass org/eclipse/osgi/storage/bundlefile/BundleEntry
instanceKlass org/eclipse/osgi/container/ModuleDatabase$2
instanceKlass java/util/ArrayList$SubList$1
# instanceKlass java/lang/invoke/LambdaForm$MH+0x0000016faf0b5000
# instanceKlass java/lang/invoke/LambdaForm$MH+0x0000016faf0b4c00
# instanceKlass java/lang/invoke/LambdaForm$MH+0x0000016faf0b4800
instanceKlass  @bci org/eclipse/m2e/core/internal/project/registry/MavenProjectCache$CacheKey hashCode ()I 1 <appendix> argL1 form vmentry <vmtarget> ; # java/lang/invoke/LambdaForm$MH+0x0000016faf0b4400
instanceKlass  @cpi org/eclipse/core/internal/jobs/JobManager 1509 form vmentry <vmtarget> ; # java/lang/invoke/LambdaForm$DMH+0x0000016faf0b4000
instanceKlass java/lang/reflect/AnnotatedType
instanceKlass java/lang/reflect/TypeVariable
instanceKlass org/eclipse/osgi/container/ModuleWiring$LoaderInitializer
instanceKlass org/eclipse/osgi/container/ModuleWiring
instanceKlass org/eclipse/osgi/container/ModuleWire
instanceKlass org/osgi/framework/wiring/BundleWire
instanceKlass java/util/Collections$UnmodifiableMap$UnmodifiableEntrySet$UnmodifiableEntry
instanceKlass java/util/Collections$UnmodifiableMap$UnmodifiableEntrySet$1
instanceKlass org/eclipse/osgi/internal/container/Capabilities$NamespaceSet
instanceKlass org/eclipse/osgi/container/ModuleRequirement
instanceKlass org/osgi/framework/wiring/BundleRequirement
instanceKlass org/eclipse/osgi/container/ModuleRevision$2
instanceKlass org/eclipse/osgi/internal/container/NamespaceList$Builder$8
instanceKlass org/eclipse/osgi/container/ModuleCapability
instanceKlass org/osgi/framework/wiring/BundleCapability
instanceKlass org/osgi/resource/Capability
instanceKlass org/eclipse/osgi/internal/container/NamespaceList$3
instanceKlass org/eclipse/osgi/internal/container/NamespaceList$2
instanceKlass org/eclipse/osgi/internal/container/NamespaceList$1
instanceKlass org/eclipse/osgi/internal/container/NamespaceList
instanceKlass org/eclipse/osgi/container/ModuleRevision$1
instanceKlass org/osgi/framework/wiring/BundleWiring
instanceKlass org/osgi/resource/Wiring
instanceKlass org/eclipse/osgi/container/ModuleRevision
instanceKlass org/eclipse/osgi/container/ModuleRevisions
instanceKlass org/osgi/framework/wiring/BundleRevisions
instanceKlass org/lombokweb/asm/Opcodes
instanceKlass org/lombokweb/asm/Handler
instanceKlass lombok/patcher/MethodLogistics
instanceKlass org/lombokweb/asm/Label
instanceKlass org/lombokweb/asm/Type
instanceKlass org/lombokweb/asm/Frame
instanceKlass org/lombokweb/asm/Context
instanceKlass org/lombokweb/asm/Attribute
instanceKlass lombok/patcher/scripts/ExitFromMethodEarlyScript$1
instanceKlass org/lombokweb/asm/ByteVector
instanceKlass org/lombokweb/asm/Symbol
instanceKlass org/lombokweb/asm/SymbolTable
instanceKlass org/lombokweb/asm/FieldVisitor
instanceKlass org/lombokweb/asm/MethodVisitor
instanceKlass org/lombokweb/asm/AnnotationVisitor
instanceKlass org/lombokweb/asm/ModuleVisitor
instanceKlass org/lombokweb/asm/RecordComponentVisitor
instanceKlass org/lombokweb/asm/ClassReader
instanceKlass org/eclipse/osgi/internal/framework/EquinoxBundle
instanceKlass org/eclipse/osgi/internal/container/NamespaceList$Builder$2
instanceKlass org/eclipse/osgi/container/ModuleRevisionBuilder$GenericInfo$1
instanceKlass org/eclipse/osgi/container/ModuleRevisionBuilder$GenericInfo
instanceKlass org/eclipse/osgi/container/ModuleRevisionBuilder
instanceKlass org/osgi/resource/Wire
instanceKlass org/eclipse/osgi/container/ModuleDatabase$Persistence
instanceKlass org/eclipse/osgi/container/ModuleContainer$ContainerStartLevel
instanceKlass org/eclipse/osgi/container/ModuleContainer$ContainerWiring
instanceKlass org/eclipse/osgi/container/ModuleResolver
instanceKlass org/eclipse/osgi/container/ModuleContainer$ResolutionLock
instanceKlass org/eclipse/osgi/internal/container/LockSet
instanceKlass org/osgi/framework/startlevel/FrameworkStartLevel
instanceKlass org/osgi/framework/wiring/FrameworkWiring
instanceKlass org/osgi/resource/Requirement
instanceKlass org/eclipse/osgi/report/resolution/ResolutionReport
instanceKlass org/eclipse/osgi/container/ModuleContainer
instanceKlass org/eclipse/osgi/internal/container/Capabilities
instanceKlass org/eclipse/osgi/container/Module
instanceKlass org/osgi/framework/startlevel/BundleStartLevel
instanceKlass org/eclipse/osgi/container/ModuleDatabase
instanceKlass java/util/concurrent/LinkedBlockingQueue$Node
instanceKlass java/util/concurrent/RejectedExecutionHandler
instanceKlass org/eclipse/osgi/internal/framework/EquinoxContainerAdaptor$1
instanceKlass java/util/concurrent/LinkedTransferQueue$DualNode
instanceKlass java/util/concurrent/TransferQueue
instanceKlass java/util/concurrent/atomic/AtomicReference
instanceKlass org/eclipse/osgi/internal/container/AtomicLazyInitializer
instanceKlass org/eclipse/osgi/internal/framework/OSGiFrameworkHooks$BundleCollisionHook
instanceKlass org/osgi/framework/ServiceReference
instanceKlass org/osgi/framework/hooks/resolver/ResolverHook
instanceKlass org/eclipse/osgi/internal/framework/OSGiFrameworkHooks$CoreResolverHookFactory
instanceKlass org/osgi/framework/hooks/resolver/ResolverHookFactory
instanceKlass org/eclipse/osgi/container/ModuleCollisionHook
instanceKlass org/eclipse/osgi/internal/framework/OSGiFrameworkHooks
instanceKlass org/eclipse/osgi/container/ModuleContainerAdaptor$1
instanceKlass java/util/concurrent/Callable
instanceKlass org/eclipse/osgi/container/ModuleLoader
instanceKlass java/util/concurrent/BlockingQueue
instanceKlass java/util/concurrent/Executor
instanceKlass org/eclipse/osgi/internal/permadmin/SecurityRow
instanceKlass org/eclipse/osgi/internal/permadmin/PermissionAdminTable
instanceKlass org/osgi/service/permissionadmin/PermissionInfo
instanceKlass org/osgi/service/condpermadmin/ConditionalPermissionUpdate
instanceKlass org/osgi/service/condpermadmin/ConditionalPermissionInfo
instanceKlass org/eclipse/osgi/internal/permadmin/SecurityAdmin
instanceKlass org/osgi/service/condpermadmin/ConditionalPermissionAdmin
instanceKlass org/osgi/service/permissionadmin/PermissionAdmin
instanceKlass org/eclipse/osgi/storage/PermissionData
instanceKlass  @bci org/eclipse/osgi/storage/Storage connectPersistentBundles (Ljava/util/List;)V 2 <appendix> member <vmtarget> ; # org/eclipse/osgi/storage/Storage$$Lambda+0x0000016faf0a0c30
instanceKlass  @cpi org/eclipse/ltk/internal/core/refactoring/history/RefactoringHistoryService 915 form vmentry <vmtarget> ; # java/lang/invoke/LambdaForm$DMH+0x0000016faf0a4000
instanceKlass org/eclipse/osgi/storage/BundleInfo$Generation
instanceKlass org/eclipse/osgi/storage/BundleInfo
instanceKlass org/eclipse/osgi/framework/util/ObjectPool
instanceKlass jdk/internal/util/ByteArray
instanceKlass org/eclipse/osgi/storagemanager/StorageManager$Entry
instanceKlass org/eclipse/osgi/framework/internal/reliablefile/ReliableFile$CacheInfo
instanceKlass java/util/ComparableTimSort
instanceKlass java/lang/Shutdown$Lock
instanceKlass java/lang/Shutdown
instanceKlass java/io/DeleteOnExitHook$1
instanceKlass java/io/DeleteOnExitHook
instanceKlass  @bci org/eclipse/osgi/framework/internal/reliablefile/ReliableFile createTempFile (Ljava/lang/String;Ljava/lang/String;Ljava/io/File;)Ljava/io/File; 61 <appendix> argL0 ; # org/eclipse/osgi/framework/internal/reliablefile/ReliableFile$$Lambda+0x0000016faf099270
instanceKlass org/eclipse/osgi/framework/internal/reliablefile/ReliableFile
instanceKlass sun/nio/ch/FileKey
instanceKlass sun/nio/ch/FileLockTable
instanceKlass sun/nio/ch/NativeThread
instanceKlass java/nio/channels/FileLock
instanceKlass sun/nio/ch/NativeThreadSet
instanceKlass sun/nio/ch/IOUtil
instanceKlass sun/nio/ch/NativeDispatcher
instanceKlass java/nio/file/attribute/FileAttribute
instanceKlass java/nio/channels/spi/AbstractInterruptibleChannel
instanceKlass java/nio/channels/InterruptibleChannel
instanceKlass java/nio/channels/ScatteringByteChannel
instanceKlass java/nio/channels/GatheringByteChannel
instanceKlass java/nio/channels/SeekableByteChannel
instanceKlass java/nio/channels/ByteChannel
instanceKlass java/nio/channels/WritableByteChannel
instanceKlass java/nio/channels/ReadableByteChannel
instanceKlass java/nio/channels/Channel
instanceKlass org/eclipse/osgi/internal/location/Locker_JavaNio
instanceKlass org/eclipse/osgi/storagemanager/StorageManager
instanceKlass org/eclipse/osgi/storage/FrameworkExtensionInstaller
instanceKlass org/eclipse/osgi/storage/bundlefile/MRUBundleFileList
instanceKlass org/eclipse/osgi/framework/eventmgr/EventDispatcher
instanceKlass org/eclipse/osgi/storage/ContentProvider
instanceKlass org/eclipse/osgi/storage/bundlefile/BundleFile
instanceKlass org/osgi/framework/Filter
instanceKlass org/eclipse/osgi/container/ModuleContainerAdaptor
instanceKlass org/eclipse/osgi/storage/Storage
instanceKlass  @bci org/eclipse/osgi/internal/cds/CDSHookConfigurator addHooks (Lorg/eclipse/osgi/internal/hookregistry/HookRegistry;)V 77 <appendix> argL0 ; # org/eclipse/osgi/internal/cds/CDSHookConfigurator$$Lambda+0x0000016faf09def8
instanceKlass org/eclipse/osgi/signedcontent/SignedContent
# instanceKlass java/lang/invoke/LambdaForm$DMH+0x0000016faf098400
instanceKlass java/lang/invoke/MethodHandle$1
instanceKlass org/eclipse/osgi/internal/hookregistry/StorageHookFactory$StorageHook
instanceKlass org/osgi/framework/BundleActivator
instanceKlass org/eclipse/osgi/internal/hookregistry/StorageHookFactory
instanceKlass org/eclipse/osgi/internal/cds/CDSHookConfigurator
instanceKlass org/eclipse/osgi/internal/signedcontent/SignedBundleHook
instanceKlass org/eclipse/osgi/signedcontent/SignedContentFactory
instanceKlass org/eclipse/osgi/internal/hookregistry/ActivatorHookFactory
instanceKlass org/osgi/framework/wiring/BundleRevision
instanceKlass org/osgi/resource/Resource
instanceKlass org/eclipse/osgi/internal/connect/ConnectHookConfigurator
instanceKlass org/eclipse/osgi/internal/hookregistry/HookConfigurator
instanceKlass java/net/URLClassLoader$3$1
instanceKlass java/net/URLClassLoader$3
instanceKlass org/eclipse/osgi/internal/framework/EquinoxContainer$ConnectModules
instanceKlass  @bci org/eclipse/osgi/internal/log/ExtendedLogServiceImpl applyLogLevels (Lorg/eclipse/osgi/internal/log/ExtendedLogServiceFactory$EquinoxLoggerContext;)V 20 <appendix> member <vmtarget> ; # org/eclipse/osgi/internal/log/ExtendedLogServiceImpl$$Lambda+0x0000016faf097518
instanceKlass  @bci org/eclipse/osgi/internal/log/ExtendedLogServiceImpl applyLogLevels (Lorg/eclipse/osgi/internal/log/ExtendedLogServiceFactory$EquinoxLoggerContext;)V 5 <appendix> member <vmtarget> ; # org/eclipse/osgi/internal/log/ExtendedLogServiceImpl$$Lambda+0x0000016faf0972e0
instanceKlass  @cpi org/eclipse/lsp4j/jsonrpc/services/ServiceEndpoints 160 form vmentry <vmtarget> ; # java/lang/invoke/LambdaForm$DMH+0x0000016faf098000
instanceKlass org/eclipse/osgi/internal/log/ExtendedLogServiceFactory$EquinoxLoggerContext
instanceKlass org/eclipse/osgi/internal/log/EquinoxLogFactory$1
instanceKlass org/eclipse/osgi/framework/log/FrameworkLog
instanceKlass org/eclipse/osgi/internal/log/EquinoxLogFactory
instanceKlass org/osgi/service/log/FormatterLogger
instanceKlass org/eclipse/osgi/internal/log/LoggerImpl
instanceKlass org/eclipse/osgi/internal/log/ExtendedLogServiceImpl
instanceKlass org/eclipse/osgi/internal/log/ExtendedLogServiceFactory$EquinoxLoggerAdmin
instanceKlass org/osgi/service/log/admin/LoggerContext
instanceKlass org/eclipse/osgi/internal/log/LoggerContextTargetMap
instanceKlass org/eclipse/osgi/internal/log/LogServiceManager$MockSystemBundle
instanceKlass org/osgi/service/log/admin/LoggerAdmin
instanceKlass org/eclipse/osgi/internal/log/ExtendedLogServiceFactory
instanceKlass org/eclipse/osgi/framework/util/ArrayMap
instanceKlass java/util/concurrent/locks/ReentrantReadWriteLock$WriteLock
instanceKlass java/util/concurrent/locks/ReentrantReadWriteLock$ReadLock
instanceKlass java/util/concurrent/locks/ReentrantReadWriteLock
instanceKlass java/util/concurrent/locks/ReadWriteLock
instanceKlass org/eclipse/osgi/internal/log/ExtendedLogReaderServiceFactory$1
instanceKlass org/osgi/service/log/LogEntry
instanceKlass org/eclipse/osgi/internal/log/ExtendedLogReaderServiceFactory
instanceKlass org/osgi/framework/ServiceFactory
instanceKlass org/eclipse/equinox/log/ExtendedLogReaderService
instanceKlass org/osgi/service/log/LogReaderService
instanceKlass org/eclipse/equinox/log/ExtendedLogService
instanceKlass org/eclipse/equinox/log/Logger
instanceKlass org/osgi/service/log/Logger
instanceKlass org/osgi/service/log/LogService
instanceKlass org/osgi/service/log/LoggerFactory
instanceKlass org/eclipse/osgi/internal/log/LogServiceManager
instanceKlass org/osgi/framework/AllServiceListener
instanceKlass org/osgi/framework/ServiceListener
instanceKlass org/eclipse/osgi/internal/log/EquinoxLogWriter
instanceKlass org/eclipse/equinox/log/LogFilter
instanceKlass org/eclipse/equinox/log/SynchronousLogListener
instanceKlass org/osgi/service/log/LogListener
instanceKlass org/eclipse/osgi/internal/log/EquinoxLogServices
instanceKlass org/eclipse/osgi/util/ManifestElement
instanceKlass org/eclipse/osgi/internal/debug/Debug
instanceKlass org/eclipse/osgi/service/debug/DebugOptionsListener
instanceKlass org/eclipse/osgi/service/debug/DebugTrace
instanceKlass org/eclipse/osgi/internal/debug/FrameworkDebugOptions
instanceKlass org/osgi/util/tracker/ServiceTrackerCustomizer
instanceKlass java/nio/file/FileVisitor
instanceKlass org/eclipse/osgi/storage/StorageUtil
instanceKlass org/eclipse/osgi/internal/location/BasicLocation
instanceKlass org/eclipse/osgi/internal/location/EquinoxLocations
instanceKlass java/util/concurrent/atomic/AtomicBoolean
instanceKlass java/util/UUID
instanceKlass java/util/Random
instanceKlass java/util/random/RandomGenerator
instanceKlass org/eclipse/osgi/internal/container/InternalUtils
instanceKlass org/osgi/framework/Version
instanceKlass org/eclipse/osgi/internal/location/Locker
instanceKlass org/eclipse/osgi/internal/location/LocationHelper
instanceKlass org/eclipse/osgi/internal/framework/EquinoxConfiguration$ConfigValues
instanceKlass org/eclipse/osgi/internal/util/Tokenizer
instanceKlass java/nio/charset/CoderResult
instanceKlass sun/util/logging/PlatformLogger
instanceKlass sun/util/logging/PlatformLogger$ConfigurableBridge$LoggerConfiguration
instanceKlass jdk/internal/logger/BootstrapLogger$RedirectedLoggers
instanceKlass jdk/internal/logger/LazyLoggers$LazyLoggerAccessor
instanceKlass jdk/internal/logger/LazyLoggers$LoggerAccessor
instanceKlass jdk/internal/logger/AbstractLoggerWrapper
instanceKlass java/util/ServiceLoader$ProviderImpl
instanceKlass java/util/ServiceLoader$Provider
instanceKlass java/util/ServiceLoader$1
instanceKlass sun/util/logging/internal/LoggingProviderImpl$LogManagerAccess
instanceKlass java/util/concurrent/CopyOnWriteArrayList$COWIterator
instanceKlass jdk/internal/logger/BootstrapLogger$DetectBackend$1
instanceKlass jdk/internal/logger/BootstrapLogger$DetectBackend
instanceKlass jdk/internal/logger/BootstrapLogger
instanceKlass sun/util/logging/PlatformLogger$ConfigurableBridge
instanceKlass sun/util/logging/PlatformLogger$Bridge
instanceKlass jdk/internal/logger/DefaultLoggerFinder$1
instanceKlass java/lang/System$LoggerFinder
instanceKlass jdk/internal/logger/LazyLoggers$LazyLoggerFactories
instanceKlass jdk/internal/logger/LazyLoggers$1
instanceKlass jdk/internal/logger/LazyLoggers
instanceKlass jdk/internal/event/EventHelper$ThreadTrackHolder
instanceKlass java/net/URLClassLoader$2
instanceKlass org/eclipse/osgi/internal/framework/AliasMapper
instanceKlass org/eclipse/osgi/framework/util/KeyedElement
instanceKlass org/eclipse/osgi/internal/hookregistry/ClassLoaderHook
instanceKlass org/eclipse/osgi/internal/hookregistry/HookRegistry
instanceKlass org/eclipse/osgi/service/datalocation/Location
instanceKlass org/eclipse/osgi/service/debug/DebugOptions
instanceKlass org/eclipse/osgi/internal/framework/EquinoxConfiguration
instanceKlass org/eclipse/osgi/service/environment/EnvironmentInfo
# instanceKlass org/eclipse/osgi/internal/framework/EquinoxContainer$$InjectedInvoker+0x0000016faf08c400
instanceKlass java/lang/invoke/MethodHandleImpl$BindCaller$InjectedInvokerHolder
instanceKlass java/lang/invoke/MethodHandleImpl$BindCaller
# instanceKlass java/lang/invoke/LambdaForm$MH+0x0000016faf08c000
# instanceKlass java/lang/invoke/LambdaForm$MH+0x0000016faf08ac00
instanceKlass java/lang/annotation/Target
instanceKlass java/lang/reflect/Proxy$ProxyBuilder$1
instanceKlass jdk/internal/org/objectweb/asm/Edge
instanceKlass  @bci java/lang/reflect/ProxyGenerator addProxyMethod (Ljava/lang/reflect/Method;Ljava/lang/Class;)V 23 <appendix> argL0 ; # java/lang/reflect/ProxyGenerator$$Lambda+0x0000016faf032938
instanceKlass  @bci java/lang/reflect/ProxyGenerator addProxyMethod (Ljava/lang/reflect/ProxyGenerator$ProxyMethod;)V 10 <appendix> argL0 ; # java/lang/reflect/ProxyGenerator$$Lambda+0x0000016faf0326f8
instanceKlass java/lang/reflect/ProxyGenerator$ProxyMethod
instanceKlass  @bci java/lang/reflect/Proxy getLoader (Ljava/lang/Module;)Ljava/lang/ClassLoader; 6 <appendix> member <vmtarget> ; # java/lang/reflect/Proxy$$Lambda+0x0000016faf031fa0
instanceKlass  @bci java/lang/module/ModuleDescriptor$Builder packages (Ljava/util/Set;)Ljava/lang/module/ModuleDescriptor$Builder; 17 <appendix> argL0 ; # java/lang/module/ModuleDescriptor$Builder$$Lambda+0x800000002
instanceKlass java/lang/module/ModuleDescriptor$Builder
instanceKlass  @bci java/lang/reflect/Proxy$ProxyBuilder getDynamicModule (Ljava/lang/ClassLoader;)Ljava/lang/Module; 4 <appendix> argL0 ; # java/lang/reflect/Proxy$ProxyBuilder$$Lambda+0x0000016faf031b60
instanceKlass java/lang/PublicMethods
instanceKlass java/lang/reflect/Proxy$ProxyBuilder
instanceKlass  @bci java/lang/reflect/Proxy getProxyConstructor (Ljava/lang/Class;Ljava/lang/ClassLoader;[Ljava/lang/Class;)Ljava/lang/reflect/Constructor; 35 <appendix> argL0 ; # java/lang/reflect/Proxy$$Lambda+0x0000016faf0312c8
instanceKlass java/lang/reflect/Proxy
instanceKlass sun/reflect/annotation/AnnotationInvocationHandler
instanceKlass java/lang/reflect/InvocationHandler
instanceKlass sun/reflect/annotation/AnnotationParser$1
instanceKlass sun/reflect/annotation/ExceptionProxy
instanceKlass java/lang/annotation/Inherited
instanceKlass java/lang/annotation/Retention
instanceKlass sun/reflect/annotation/AnnotationType$1
instanceKlass sun/reflect/annotation/AnnotationType
instanceKlass java/lang/reflect/GenericArrayType
instanceKlass sun/reflect/generics/visitor/Reifier
instanceKlass sun/reflect/generics/visitor/TypeTreeVisitor
instanceKlass sun/reflect/generics/factory/CoreReflectionFactory
instanceKlass sun/reflect/generics/factory/GenericsFactory
instanceKlass sun/reflect/generics/scope/AbstractScope
instanceKlass sun/reflect/generics/scope/Scope
instanceKlass sun/reflect/generics/tree/ClassTypeSignature
instanceKlass sun/reflect/generics/tree/SimpleClassTypeSignature
instanceKlass sun/reflect/generics/tree/FieldTypeSignature
instanceKlass sun/reflect/generics/tree/BaseType
instanceKlass sun/reflect/generics/tree/TypeSignature
instanceKlass sun/reflect/generics/tree/ReturnType
instanceKlass sun/reflect/generics/tree/TypeArgument
instanceKlass sun/reflect/generics/tree/TypeTree
instanceKlass sun/reflect/generics/tree/Tree
instanceKlass sun/reflect/generics/parser/SignatureParser
instanceKlass org/eclipse/osgi/framework/util/SecureAction$1
instanceKlass org/eclipse/osgi/framework/util/SecureAction
instanceKlass org/eclipse/osgi/internal/framework/EquinoxContainer
instanceKlass org/eclipse/osgi/launch/Equinox
# instanceKlass java/lang/invoke/LambdaForm$MH+0x0000016faf08a800
# instanceKlass java/lang/invoke/LambdaForm$MH+0x0000016faf08a400
# instanceKlass java/lang/invoke/LambdaForm$MH+0x0000016faf08a000
instanceKlass org/eclipse/core/runtime/adaptor/EclipseStarter$InitialBundle
instanceKlass org/eclipse/core/runtime/adaptor/EclipseStarter$StartupEventListener
instanceKlass org/osgi/framework/FrameworkListener
instanceKlass org/osgi/framework/SynchronousBundleListener
instanceKlass java/util/concurrent/Semaphore
instanceKlass org/osgi/framework/BundleContext
instanceKlass org/osgi/framework/BundleReference
instanceKlass java/util/EventObject
instanceKlass org/osgi/framework/BundleListener
instanceKlass java/util/EventListener
instanceKlass org/osgi/framework/launch/Framework
instanceKlass org/osgi/framework/Bundle
instanceKlass org/eclipse/equinox/plurl/PlurlStreamHandler
instanceKlass org/eclipse/core/runtime/adaptor/EclipseStarter
instanceKlass  @bci java/io/FilePermissionCollection add (Ljava/security/Permission;)V 68 <appendix> argL0 ; # java/io/FilePermissionCollection$$Lambda+0x0000016faf02b2d0
instanceKlass sun/security/util/SecurityProperties
instanceKlass sun/security/util/FilePermCompat
instanceKlass java/io/FilePermission$1
instanceKlass jdk/internal/access/JavaIOFilePermissionAccess
instanceKlass java/net/URLClassLoader$1
instanceKlass  @bci org/eclipse/equinox/launcher/Main basicRun ([Ljava/lang/String;)V 162 <appendix> argL0 ; # org/eclipse/equinox/launcher/Main$$Lambda+0x0000016faf084b88
instanceKlass java/nio/file/FileStore
instanceKlass sun/nio/fs/WindowsSecurity
instanceKlass sun/nio/fs/AbstractAclFileAttributeView
instanceKlass java/nio/file/attribute/AclFileAttributeView
instanceKlass java/nio/file/attribute/FileOwnerAttributeView
instanceKlass sun/nio/fs/WindowsLinkSupport
instanceKlass sun/nio/fs/WindowsFileSystemProvider$1
instanceKlass org/eclipse/equinox/launcher/JNIBridge
instanceKlass  @bci java/util/stream/MatchOps makeRef (Ljava/util/function/Predicate;Ljava/util/stream/MatchOps$MatchKind;)Ljava/util/stream/TerminalOp; 20 <appendix> member <vmtarget> ; # java/util/stream/MatchOps$$Lambda+0x0000016faf028a20
instanceKlass java/util/stream/MatchOps$BooleanTerminalSink
instanceKlass java/util/stream/MatchOps$MatchOp
instanceKlass java/util/stream/MatchOps
instanceKlass  @bci org/eclipse/equinox/launcher/Main extractFromJAR (Ljava/lang/String;Ljava/lang/String;)Ljava/lang/String; 146 <appendix> member <vmtarget> ; # org/eclipse/equinox/launcher/Main$$Lambda+0x0000016faf0846e0
instanceKlass java/util/AbstractList$RandomAccessSpliterator
instanceKlass  @bci org/eclipse/equinox/launcher/Main getLibraryFromFragment (Ljava/lang/String;Ljava/lang/String;)Ljava/lang/String; 96 <appendix> argL0 ; # org/eclipse/equinox/launcher/Main$$Lambda+0x0000016faf084490
instanceKlass  @bci org/eclipse/equinox/launcher/Main getLibraryFromFragment (Ljava/lang/String;Ljava/lang/String;)Ljava/lang/String; 86 <appendix> argL0 ; # org/eclipse/equinox/launcher/Main$$Lambda+0x0000016faf084250
instanceKlass  @bci java/util/zip/ZipFile stream ()Ljava/util/stream/Stream; 25 <appendix> member <vmtarget> ; # java/util/zip/ZipFile$$Lambda+0x0000016faf027cb8
instanceKlass java/util/Spliterators$AbstractSpliterator
instanceKlass  @bci java/util/stream/StreamSpliterators$WrappingSpliterator initPartialTraversalState ()V 37 <appendix> member <vmtarget> ; # java/util/stream/StreamSpliterators$WrappingSpliterator$$Lambda+0x0000016faf027a90
instanceKlass java/util/function/BooleanSupplier
instanceKlass java/util/stream/Sink$ChainedInt
instanceKlass java/util/stream/Sink$OfInt
instanceKlass java/util/function/IntConsumer
instanceKlass  @bci java/util/stream/StreamSpliterators$WrappingSpliterator initPartialTraversalState ()V 24 <appendix> member <vmtarget> ; # java/util/stream/StreamSpliterators$WrappingSpliterator$$Lambda+0x0000016faf026ab0
instanceKlass java/util/stream/StreamSpliterators
instanceKlass  @bci org/eclipse/equinox/launcher/Main getLibraryPath (Ljava/lang/String;Ljava/util/List;)Ljava/lang/String; 190 <appendix> argL0 ; # org/eclipse/equinox/launcher/Main$$Lambda+0x0000016faf084000
instanceKlass  @bci org/eclipse/equinox/launcher/Main getLibraryPath (Ljava/lang/String;Ljava/util/List;)Ljava/lang/String; 180 <appendix> member <vmtarget> ; # org/eclipse/equinox/launcher/Main$$Lambda+0x0000016faf01bcc0
instanceKlass java/util/stream/Stream$Builder
instanceKlass java/util/stream/Streams$AbstractStreamBuilderImpl
instanceKlass java/util/stream/Streams$2
instanceKlass java/util/stream/Streams
instanceKlass java/util/stream/StreamSpliterators$AbstractWrappingSpliterator
instanceKlass  @bci java/util/stream/AbstractPipeline spliterator ()Ljava/util/Spliterator; 103 <appendix> member <vmtarget> ; # java/util/stream/AbstractPipeline$$Lambda+0x0000016faf025f20
instanceKlass java/util/stream/Streams$ConcatSpliterator
instanceKlass  @bci org/eclipse/equinox/launcher/Main getLibraryPath (Ljava/lang/String;Ljava/util/List;)Ljava/lang/String; 143 <appendix> argL0 ; # org/eclipse/equinox/launcher/Main$$Lambda+0x0000016faf01ba80
instanceKlass  @bci org/eclipse/equinox/launcher/Main getLibraryPath (Ljava/lang/String;Ljava/util/List;)Ljava/lang/String; 133 <appendix> member <vmtarget> ; # org/eclipse/equinox/launcher/Main$$Lambda+0x0000016faf01b858
instanceKlass  @cpi org/eclipse/equinox/launcher/Main 2078 form vmentry <vmtarget> ; # java/lang/invoke/LambdaForm$DMH+0x0000016faf082c00
instanceKlass  @bci org/eclipse/equinox/launcher/Main getLibraryPath (Ljava/lang/String;Ljava/util/List;)Ljava/lang/String; 117 <appendix> member <vmtarget> ; # org/eclipse/equinox/launcher/Main$$Lambda+0x0000016faf01b610
instanceKlass java/util/function/IntUnaryOperator
instanceKlass java/util/stream/Streams$RangeIntSpliterator
instanceKlass java/util/stream/IntStream
instanceKlass  @bci org/eclipse/jdt/internal/core/index/DiskIndex readChunk ([Ljava/lang/String;Ljava/io/InputStream;II)V 180 <appendix> form vmentry <vmtarget> ; # java/lang/invoke/LambdaForm$MH+0x0000016faf082800
# instanceKlass java/lang/invoke/LambdaForm$MH+0x0000016faf082400
instanceKlass  @bci org/eclipse/jdt/internal/core/index/DiskIndex readChunk ([Ljava/lang/String;Ljava/io/InputStream;II)V 180 <appendix> argL3 form vmentry <vmtarget> ; # java/lang/invoke/LambdaForm$MH+0x0000016faf082000
# instanceKlass java/lang/invoke/LambdaForm$MH+0x0000016faf081c00
# instanceKlass java/lang/invoke/LambdaForm$MH+0x0000016faf081800
# instanceKlass java/lang/invoke/LambdaForm$MH+0x0000016faf081400
# instanceKlass java/lang/invoke/LambdaForm$MH+0x0000016faf081000
instanceKlass  @bci org/eclipse/jdt/internal/core/index/DiskIndex readChunk ([Ljava/lang/String;Ljava/io/InputStream;II)V 180 <appendix> argL1 form vmentry <vmtarget> ; # java/lang/invoke/LambdaForm$MH+0x0000016faf080c00
# instanceKlass java/lang/invoke/LambdaForm$MH+0x0000016faf080800
# instanceKlass java/lang/invoke/LambdaForm$MH+0x0000016faf080400
# instanceKlass java/lang/invoke/LambdaForm$MH+0x0000016faf080000
instanceKlass java/io/RandomAccessFile$1
instanceKlass  @bci org/eclipse/jdt/internal/compiler/util/Messages initializeMessages (Ljava/lang/String;Ljava/lang/Class;)V 68 <appendix> form vmentry <vmtarget> ; # java/lang/invoke/LambdaForm$MH+0x0000016faf01fc00
instanceKlass java/lang/invoke/LambdaFormEditor$1
# instanceKlass java/lang/invoke/LambdaForm$MH+0x0000016faf01f800
instanceKlass  @bci org/eclipse/jdt/internal/compiler/util/Messages initializeMessages (Ljava/lang/String;Ljava/lang/Class;)V 68 <appendix> argL3 form vmentry <vmtarget> ; # java/lang/invoke/LambdaForm$MH+0x0000016faf01f400
# instanceKlass java/lang/invoke/LambdaForm$MH+0x0000016faf01f000
# instanceKlass java/lang/invoke/LambdaForm$MH+0x0000016faf01ec00
# instanceKlass java/lang/invoke/LambdaForm$MH+0x0000016faf01e800
# instanceKlass java/lang/invoke/LambdaForm$MH+0x0000016faf01e400
instanceKlass  @bci org/eclipse/jdt/internal/compiler/util/Messages initializeMessages (Ljava/lang/String;Ljava/lang/Class;)V 68 <appendix> argL1 form vmentry <vmtarget> ; # java/lang/invoke/LambdaForm$MH+0x0000016faf01e000
# instanceKlass java/lang/invoke/LambdaForm$MH+0x0000016faf01dc00
# instanceKlass java/lang/invoke/LambdaForm$MH+0x0000016faf01d800
# instanceKlass java/lang/invoke/LambdaForm$MH+0x0000016faf01d400
instanceKlass  @bci org/eclipse/equinox/launcher/Main searchFor (Ljava/lang/String;Ljava/lang/String;)Ljava/lang/String; 95 <appendix> member <vmtarget> ; # org/eclipse/equinox/launcher/Main$$Lambda+0x0000016faf01b3c8
instanceKlass  @bci org/eclipse/equinox/launcher/Main findMax (Ljava/lang/String;Ljava/util/List;)Ljava/util/Optional; 34 <appendix> argL0 ; # org/eclipse/equinox/launcher/Main$$Lambda+0x0000016faf01b188
instanceKlass java/util/stream/ReduceOps$2ReducingSink
instanceKlass  @bci java/util/function/BinaryOperator maxBy (Ljava/util/Comparator;)Ljava/util/function/BinaryOperator; 6 <appendix> member <vmtarget> ; # java/util/function/BinaryOperator$$Lambda+0x0000016faf0231c8
instanceKlass  @bci java/util/Comparator comparing (Ljava/util/function/Function;Ljava/util/Comparator;)Ljava/util/Comparator; 12 <appendix> member <vmtarget> ; # java/util/Comparator$$Lambda+0x0000016faf022f28
instanceKlass  @cpi java/util/Comparator 256 form vmentry <vmtarget> ; # java/lang/invoke/LambdaForm$DMH+0x0000016faf01d000
instanceKlass  @bci java/util/Comparator comparing (Ljava/util/function/Function;)Ljava/util/Comparator; 6 <appendix> member <vmtarget> ; # java/util/Comparator$$Lambda+0x0000016faf022c88
instanceKlass  @bci org/eclipse/equinox/launcher/Main$Identifier <clinit> ()V 34 <appendix> argL0 ; # org/eclipse/equinox/launcher/Main$Identifier$$Lambda+0x0000016faf01af48
instanceKlass  @bci org/eclipse/equinox/launcher/Main$Identifier <clinit> ()V 18 <appendix> argL0 ; # org/eclipse/equinox/launcher/Main$Identifier$$Lambda+0x0000016faf01ad28
instanceKlass  @bci java/util/Comparator thenComparing (Ljava/util/Comparator;)Ljava/util/Comparator; 7 <appendix> member <vmtarget> ; # java/util/Comparator$$Lambda+0x0000016faf0229e8
instanceKlass  @cpi java/util/Comparator 251 form vmentry <vmtarget> ; # java/lang/invoke/LambdaForm$DMH+0x0000016faf01cc00
instanceKlass  @bci org/eclipse/equinox/launcher/Main$Identifier <clinit> ()V 8 <appendix> argL0 ; # org/eclipse/equinox/launcher/Main$Identifier$$Lambda+0x0000016faf01ab08
instanceKlass  @bci java/util/Comparator comparingInt (Ljava/util/function/ToIntFunction;)Ljava/util/Comparator; 6 <appendix> member <vmtarget> ; # java/util/Comparator$$Lambda+0x0000016faf022748
instanceKlass  @bci java/lang/invoke/BootstrapMethodInvoker invoke (Ljava/lang/Class;Ljava/lang/invoke/MethodHandle;Ljava/lang/String;Ljava/lang/Object;Ljava/lang/Object;Ljava/lang/Class;)Ljava/lang/Object; 462 <adapter> ; # java/lang/invoke/LambdaForm$MH+0x0000016faf01c800
instanceKlass  @cpi org/eclipse/core/internal/runtime/AdapterManager 563 form vmentry <vmtarget> ; # java/lang/invoke/LambdaForm$DMH+0x0000016faf01c400
instanceKlass  @bci org/eclipse/equinox/launcher/Main$Identifier <clinit> ()V 0 <appendix> argL0 ; # org/eclipse/equinox/launcher/Main$Identifier$$Lambda+0x0000016faf01a8e8
instanceKlass java/util/function/ToIntFunction
instanceKlass  @bci org/eclipse/equinox/launcher/Main findMax (Ljava/lang/String;Ljava/util/List;)Ljava/util/Optional; 18 <appendix> argL0 ; # org/eclipse/equinox/launcher/Main$$Lambda+0x0000016faf01a6a8
instanceKlass  @cpi org/eclipse/jdt/ls/core/internal/commands/ProjectCommand 1175 form vmentry <vmtarget> ; # java/lang/invoke/LambdaForm$DMH+0x0000016faf01c000
instanceKlass  @bci org/eclipse/equinox/launcher/Main findMax (Ljava/lang/String;Ljava/util/List;)Ljava/util/Optional; 8 <appendix> member <vmtarget> ; # org/eclipse/equinox/launcher/Main$$Lambda+0x0000016faf01a250
instanceKlass java/util/ArrayList$ArrayListSpliterator
instanceKlass  @bci org/eclipse/jdt/launching/IJavaLaunchConfigurationConstants <clinit> ()V 3 <appendix> form vmentry <vmtarget> ; # java/lang/invoke/LambdaForm$MH+0x0000016faf019c00
instanceKlass java/util/stream/AbstractSpinedBuffer
instanceKlass java/util/stream/Node$Builder
instanceKlass java/util/stream/Node$OfDouble
instanceKlass java/util/stream/Node$OfLong
instanceKlass java/util/stream/Node$OfInt
instanceKlass java/util/stream/Node$OfPrimitive
instanceKlass java/util/stream/Nodes$EmptyNode
instanceKlass java/util/stream/Node
instanceKlass java/util/stream/Nodes
instanceKlass  @bci java/util/stream/ReferencePipeline toArray ()[Ljava/lang/Object; 1 <appendix> argL0 ; # java/util/stream/ReferencePipeline$$Lambda+0x0000016faf0218c8
instanceKlass java/util/ImmutableCollections$Access$1
instanceKlass jdk/internal/access/JavaUtilCollectionAccess
instanceKlass java/util/ImmutableCollections$Access
instanceKlass  @bci org/eclipse/equinox/launcher/Main getArrayFromList (Ljava/lang/String;)Ljava/util/List; 32 <appendix> argL0 ; # org/eclipse/equinox/launcher/Main$$Lambda+0x0000016faf01a000
instanceKlass  @bci org/eclipse/equinox/launcher/Main getArrayFromList (Ljava/lang/String;)Ljava/util/List; 22 <appendix> argL0 ; # org/eclipse/equinox/launcher/Main$$Lambda+0x0000016faf015d00
instanceKlass java/util/regex/Pattern$1MatcherIterator
instanceKlass sun/net/www/MimeEntry
instanceKlass java/util/Hashtable$Enumerator
instanceKlass java/util/Collections$SynchronizedCollection
instanceKlass java/util/Properties$EntrySet
instanceKlass sun/net/www/MimeTable$DefaultInstanceHolder$1
instanceKlass sun/net/www/MimeTable$DefaultInstanceHolder
instanceKlass sun/net/www/MimeTable$2
instanceKlass sun/net/www/MimeTable$1
instanceKlass sun/net/www/MimeTable
instanceKlass java/net/URLConnection$1
instanceKlass java/net/FileNameMap
instanceKlass  @bci org/eclipse/equinox/launcher/Main getInstallLocation ()Ljava/net/URL; 287 <appendix> form vmentry <vmtarget> ; # java/lang/invoke/LambdaForm$MH+0x0000016faf019800
# instanceKlass java/lang/invoke/LambdaForm$MH+0x0000016faf019400
instanceKlass  @bci org/eclipse/equinox/launcher/Main getInstallLocation ()Ljava/net/URL; 287 <appendix> argL3 form vmentry <vmtarget> ; # java/lang/invoke/LambdaForm$MH+0x0000016faf019000
# instanceKlass java/lang/invoke/LambdaForm$MH+0x0000016faf018c00
# instanceKlass java/lang/invoke/LambdaForm$MH+0x0000016faf018800
# instanceKlass java/lang/invoke/LambdaForm$MH+0x0000016faf018400
# instanceKlass java/lang/invoke/LambdaForm$MH+0x0000016faf018000
instanceKlass  @bci org/eclipse/equinox/launcher/Main getInstallLocation ()Ljava/net/URL; 287 <appendix> argL1 form vmentry <vmtarget> ; # java/lang/invoke/LambdaForm$MH+0x0000016faf017c00
instanceKlass  @bci org/eclipse/jdt/internal/compiler/util/Messages initializeMessages (Ljava/lang/String;Ljava/lang/Class;)V 68 <appendix> argL1 argL0 form vmentry <vmtarget> ; # java/lang/invoke/LambdaForm$MH+0x0000016faf017800
# instanceKlass java/lang/invoke/LambdaForm$MH+0x0000016faf017400
instanceKlass  @bci org/eclipse/jdt/ls/core/internal/managers/ProgressiveProjectReporter reportNewProjects ()V 146 <appendix> argL1 form vmentry <vmtarget> ; # java/lang/invoke/LambdaForm$MH+0x0000016faf017000
# instanceKlass java/lang/invoke/LambdaForm$MH+0x0000016faf016c00
# instanceKlass java/lang/invoke/LambdaForm$MH+0x0000016faf016800
instanceKlass java/lang/Long$LongCache
# instanceKlass java/lang/invoke/LambdaForm$MH+0x0000016faf016400
instanceKlass java/util/Collections$3
instanceKlass jdk/internal/loader/URLClassPath$1
instanceKlass java/lang/CompoundEnumeration
instanceKlass jdk/internal/loader/BuiltinClassLoader$1
instanceKlass java/util/Collections$EmptyEnumeration
instanceKlass java/util/ServiceLoader$3
instanceKlass java/util/ServiceLoader$2
instanceKlass java/util/ServiceLoader$LazyClassPathLookupIterator
instanceKlass java/util/Spliterators$1Adapter
instanceKlass java/util/Spliterators$ArraySpliterator
instanceKlass java/util/ServiceLoader$ModuleServicesLookupIterator
instanceKlass java/util/ServiceLoader
instanceKlass java/net/spi/URLStreamHandlerProvider
instanceKlass java/net/URL$1
instanceKlass java/net/URL$2
instanceKlass java/net/URL$ThreadTrackHolder
instanceKlass  @bci org/eclipse/equinox/launcher/Main basicRun ([Ljava/lang/String;)V 29 <appendix> argL0 ; # org/eclipse/equinox/launcher/Main$$Lambda+0x0000016faf015ae0
instanceKlass java/util/function/IntFunction
instanceKlass  @bci org/eclipse/equinox/launcher/Main processCommandLine (Ljava/util/List;)Ljava/util/List; 832 <appendix> argL0 ; # org/eclipse/equinox/launcher/Main$$Lambda+0x0000016faf0158b0
instanceKlass  @cpi sun/nio/ch/NioSocketImpl 908 form vmentry <vmtarget> ; # java/lang/invoke/LambdaForm$DMH+0x0000016faf016000
instanceKlass  @bci java/util/ArrayDeque copyElements (Ljava/util/Collection;)V 2 <appendix> member <vmtarget> ; # java/util/ArrayDeque$$Lambda+0x0000016faf07ef20
instanceKlass java/lang/Thread$ThreadNumbering
instanceKlass java/nio/file/attribute/PosixFilePermissions
instanceKlass java/security/Policy
instanceKlass jdk/internal/misc/PreviewFeatures
instanceKlass jdk/internal/misc/MainMethodFinder
instanceKlass org/eclipse/equinox/launcher/Main
instanceKlass sun/security/util/ManifestEntryVerifier$SunProviderHolder
instanceKlass java/util/Base64$Encoder
instanceKlass java/util/Base64$Decoder
instanceKlass java/util/Base64
instanceKlass javax/crypto/SecretKey
instanceKlass sun/security/util/Length
instanceKlass sun/security/util/KeyUtil
instanceKlass java/security/interfaces/XECKey
instanceKlass java/security/interfaces/ECKey
instanceKlass sun/security/util/JarConstraintsParameters
instanceKlass sun/security/util/ConstraintsParameters
instanceKlass java/security/CodeSigner
instanceKlass java/security/Timestamp
instanceKlass sun/security/timestamp/TimestampToken
instanceKlass java/security/cert/CertPath
# instanceKlass java/lang/invoke/LambdaForm$MH+0x0000016faf014c00
instanceKlass java/math/MutableBigInteger
instanceKlass sun/security/rsa/RSAPadding
instanceKlass sun/security/rsa/RSACore
instanceKlass java/security/interfaces/RSAPrivateCrtKey
instanceKlass sun/security/pkcs/PKCS8Key
instanceKlass sun/security/util/InternalPrivateKey
instanceKlass java/security/interfaces/RSAPrivateKey
instanceKlass java/security/PrivateKey
instanceKlass javax/security/auth/Destroyable
instanceKlass jdk/internal/icu/util/CodePointTrie$Data
instanceKlass jdk/internal/icu/util/CodePointMap
instanceKlass jdk/internal/icu/util/VersionInfo
instanceKlass  @bci jdk/internal/module/SystemModuleFinders$SystemModuleReader open (Ljava/lang/String;)Ljava/util/Optional; 6 <appendix> member <vmtarget> ; # jdk/internal/module/SystemModuleFinders$SystemModuleReader$$Lambda+0x0000016faf076f30
instanceKlass jdk/internal/jimage/decompressor/ZipDecompressor
instanceKlass jdk/internal/jimage/decompressor/ResourceDecompressor
instanceKlass jdk/internal/jimage/decompressor/ResourceDecompressorFactory
instanceKlass jdk/internal/jimage/decompressor/ResourceDecompressorRepository
instanceKlass jdk/internal/jimage/decompressor/CompressedResourceHeader
instanceKlass  @bci jdk/internal/jimage/BasicImageReader getResourceBuffer (Ljdk/internal/jimage/ImageLocation;)Ljava/nio/ByteBuffer; 168 <appendix> member <vmtarget> ; # jdk/internal/jimage/BasicImageReader$$Lambda+0x0000016faf075e70
instanceKlass jdk/internal/jimage/decompressor/ResourceDecompressor$StringsProvider
instanceKlass java/util/TimSort
instanceKlass java/util/Arrays$LegacyMergeSort
instanceKlass java/util/AbstractMap$SimpleEntry
instanceKlass jdk/internal/jimage/ImageBufferCache$2
instanceKlass jdk/internal/jimage/ImageBufferCache
instanceKlass jdk/internal/module/Checks
instanceKlass jdk/internal/icu/impl/ICUBinary$1
instanceKlass jdk/internal/icu/impl/ICUBinary
instanceKlass jdk/internal/icu/impl/NormalizerImpl$IsAcceptable
instanceKlass jdk/internal/icu/impl/ICUBinary$Authenticate
instanceKlass jdk/internal/icu/impl/NormalizerImpl
instanceKlass jdk/internal/icu/impl/Norm2AllModes$Norm2AllModesSingleton
instanceKlass jdk/internal/icu/impl/Norm2AllModes$NFKCSingleton
instanceKlass jdk/internal/icu/impl/Norm2AllModes
instanceKlass jdk/internal/icu/text/Normalizer2
instanceKlass jdk/internal/icu/text/NormalizerBase$ModeImpl
instanceKlass jdk/internal/icu/text/NormalizerBase$NFKDModeImpl
instanceKlass jdk/internal/icu/text/NormalizerBase$1
instanceKlass jdk/internal/icu/text/NormalizerBase$Mode
instanceKlass jdk/internal/icu/text/NormalizerBase
instanceKlass java/text/Normalizer
instanceKlass sun/security/x509/AVAKeyword
instanceKlass java/util/StringJoiner
instanceKlass sun/security/jca/ServiceId
instanceKlass java/security/Signature$1
instanceKlass jdk/internal/access/JavaSecuritySignatureAccess
instanceKlass java/security/SignatureSpi
instanceKlass sun/security/util/SignatureUtil
instanceKlass java/lang/invoke/VarHandle$AccessDescriptor
instanceKlass sun/security/provider/ByteArrayAccess$BE
instanceKlass sun/security/provider/ByteArrayAccess
instanceKlass sun/security/util/MessageDigestSpi2
instanceKlass java/security/MessageDigestSpi
instanceKlass sun/security/pkcs/SigningCertificateInfo$ESSCertId
instanceKlass sun/security/pkcs/SigningCertificateInfo
instanceKlass sun/security/pkcs/PKCS9Attribute
instanceKlass sun/security/pkcs/PKCS9Attributes
instanceKlass java/time/Instant
instanceKlass java/time/zone/ZoneOffsetTransition
instanceKlass java/time/LocalTime
instanceKlass java/time/temporal/ValueRange
instanceKlass java/time/Duration
instanceKlass java/time/temporal/TemporalAmount
instanceKlass java/time/temporal/TemporalUnit
instanceKlass java/time/temporal/TemporalField
instanceKlass java/time/LocalDate
instanceKlass java/time/chrono/ChronoLocalDate
instanceKlass java/time/ZonedDateTime
instanceKlass java/time/chrono/ChronoZonedDateTime
instanceKlass java/time/LocalDateTime
instanceKlass java/time/chrono/ChronoLocalDateTime
instanceKlass java/time/temporal/Temporal
instanceKlass java/time/zone/ZoneOffsetTransitionRule
instanceKlass java/time/zone/ZoneRules
instanceKlass  @bci java/time/ZoneOffset ofTotalSeconds (I)Ljava/time/ZoneOffset; 37 <appendix> argL0 ; # java/time/ZoneOffset$$Lambda+0x80000000c
instanceKlass java/time/temporal/TemporalAdjuster
instanceKlass java/time/temporal/TemporalAccessor
instanceKlass java/time/ZoneId
instanceKlass  @bci java/util/regex/CharPredicates ASCII_DIGIT ()Ljava/util/regex/Pattern$BmpCharPredicate; 0 <appendix> argL0 ; # java/util/regex/CharPredicates$$Lambda+0x800000025
instanceKlass  @bci java/util/regex/CharPredicates ASCII_SPACE ()Ljava/util/regex/Pattern$BmpCharPredicate; 0 <appendix> argL0 ; # java/util/regex/CharPredicates$$Lambda+0x800000026
instanceKlass java/util/regex/CharPredicates
instanceKlass sun/security/util/DisabledAlgorithmConstraints$Constraints$Holder
instanceKlass sun/security/util/DisabledAlgorithmConstraints$Constraint
instanceKlass java/util/StringTokenizer
instanceKlass java/security/spec/ECFieldF2m
instanceKlass java/security/spec/ECParameterSpec
instanceKlass java/security/spec/ECPoint
instanceKlass java/security/spec/EllipticCurve
instanceKlass java/security/spec/ECFieldFp
instanceKlass java/security/spec/ECField
instanceKlass sun/security/util/CurveDB
instanceKlass sun/security/util/DisabledAlgorithmConstraints$Constraints
instanceKlass java/util/TreeMap$PrivateEntryIterator
instanceKlass java/util/NavigableSet
instanceKlass java/util/SortedSet
instanceKlass sun/security/util/AbstractAlgorithmConstraints$1
instanceKlass sun/security/util/AlgorithmDecomposer
instanceKlass sun/security/util/DisabledAlgorithmConstraints$JarHolder
instanceKlass  @bci java/util/regex/Pattern DOT ()Ljava/util/regex/Pattern$CharPredicate; 0 <appendix> argL0 ; # java/util/regex/Pattern$$Lambda+0x0000016faf068548
instanceKlass java/util/regex/ASCII
instanceKlass sun/security/util/AbstractAlgorithmConstraints
instanceKlass java/security/AlgorithmConstraints
instanceKlass sun/security/pkcs/SignerInfo
instanceKlass java/security/cert/PolicyQualifierInfo
instanceKlass sun/security/x509/CertificatePolicyId
instanceKlass sun/security/x509/PolicyInformation
instanceKlass sun/security/x509/DistributionPoint
instanceKlass sun/security/x509/DNSName
instanceKlass sun/security/x509/URIName
instanceKlass sun/security/x509/GeneralName
instanceKlass sun/security/x509/AccessDescription
instanceKlass sun/security/x509/GeneralNames
instanceKlass java/lang/invoke/VarForm
instanceKlass java/lang/invoke/VarHandleGuards
instanceKlass java/lang/invoke/VarHandles
instanceKlass java/lang/System$Logger
instanceKlass jdk/internal/event/EventHelper
instanceKlass sun/security/jca/JCAUtil
instanceKlass sun/security/util/MemoryCache$CacheEntry
instanceKlass sun/security/x509/KeyIdentifier
instanceKlass java/util/TreeMap$Entry
# instanceKlass java/lang/invoke/LambdaForm$MH+0x0000016faf014800
instanceKlass sun/security/x509/OIDMap$OIDInfo
instanceKlass sun/security/x509/PKIXExtensions
instanceKlass sun/security/x509/OIDMap
instanceKlass sun/security/x509/Extension
instanceKlass java/security/cert/Extension
instanceKlass java/util/Collections$SynchronizedMap
instanceKlass java/util/NavigableMap
instanceKlass java/util/SortedMap
instanceKlass sun/security/x509/CertificateExtensions
instanceKlass sun/security/rsa/RSAUtil
instanceKlass java/security/interfaces/RSAPublicKey
instanceKlass java/security/interfaces/RSAKey
instanceKlass java/security/spec/PSSParameterSpec
instanceKlass java/security/spec/AlgorithmParameterSpec
instanceKlass java/security/spec/RSAPrivateKeySpec
instanceKlass java/security/spec/RSAPublicKeySpec
instanceKlass java/security/KeyFactorySpi
instanceKlass sun/security/rsa/SunRsaSignEntries
instanceKlass sun/security/jca/ProviderList$ServiceList$1
instanceKlass java/security/KeyFactory
instanceKlass  @bci java/security/spec/EncodedKeySpec <clinit> ()V 0 <appendix> argL0 ; # java/security/spec/EncodedKeySpec$$Lambda+0x0000016faf05eb40
instanceKlass  @cpi javax/crypto/spec/SecretKeySpec 165 form vmentry <vmtarget> ; # java/lang/invoke/LambdaForm$DMH+0x0000016faf014400
instanceKlass jdk/internal/access/JavaSecuritySpecAccess
instanceKlass java/security/spec/EncodedKeySpec
instanceKlass java/security/spec/KeySpec
instanceKlass sun/security/util/BitArray
instanceKlass sun/security/x509/X509Key
instanceKlass java/security/PublicKey
instanceKlass java/security/Key
instanceKlass sun/security/x509/CertificateX509Key
instanceKlass java/util/Date
instanceKlass sun/util/calendar/CalendarUtils
instanceKlass sun/util/calendar/CalendarDate
instanceKlass sun/util/calendar/CalendarSystem$GregorianHolder
instanceKlass sun/util/calendar/CalendarSystem
instanceKlass sun/security/x509/CertificateValidity
instanceKlass sun/security/x509/AVA
instanceKlass sun/security/x509/RDN
instanceKlass javax/security/auth/x500/X500Principal
instanceKlass  @bci sun/security/x509/X500Name <clinit> ()V 153 <appendix> argL0 ; # sun/security/x509/X500Name$$Lambda+0x0000016faf05c638
instanceKlass sun/security/x509/X500Name
instanceKlass sun/security/x509/GeneralNameInterface
instanceKlass sun/security/x509/CertificateAlgorithmId
instanceKlass sun/security/x509/SerialNumber
instanceKlass sun/security/x509/CertificateSerialNumber
instanceKlass sun/security/x509/CertificateVersion
instanceKlass sun/security/x509/X509CertInfo
instanceKlass sun/security/util/Cache$EqualByteArray
instanceKlass java/security/cert/X509Extension
instanceKlass java/lang/Byte$ByteCache
instanceKlass  @bci sun/security/util/DerInputStream seeOptionalContextSpecific (I)Z 2 <appendix> member <vmtarget> ; # sun/security/util/DerInputStream$$Lambda+0x0000016faf059f68
instanceKlass  @cpi sun/security/util/DerInputStream 295 form vmentry <vmtarget> ; # java/lang/invoke/LambdaForm$DMH+0x0000016faf014000
instanceKlass sun/security/jca/GetInstance$Instance
instanceKlass sun/security/util/Cache
instanceKlass jdk/internal/event/Event
instanceKlass sun/security/jca/GetInstance
instanceKlass java/security/cert/CertificateFactorySpi
instanceKlass java/security/cert/CertificateFactory
instanceKlass sun/security/x509/AlgorithmId
instanceKlass sun/security/util/ByteArrayTagOrder
instanceKlass sun/security/util/ByteArrayLexOrder
instanceKlass sun/security/util/DerValue
instanceKlass sun/security/util/ObjectIdentifier
instanceKlass sun/security/pkcs/ContentInfo
instanceKlass sun/security/util/DerEncoder
instanceKlass sun/security/util/DerInputStream
instanceKlass sun/security/pkcs/PKCS7
instanceKlass java/util/Collections$EmptyIterator
instanceKlass java/util/LinkedHashMap$LinkedHashIterator
instanceKlass sun/security/util/SecurityProviderConstants
instanceKlass java/security/Provider$UString
instanceKlass java/security/Provider$Service
instanceKlass sun/security/provider/NativePRNG$NonBlocking
instanceKlass sun/security/provider/NativePRNG$Blocking
instanceKlass sun/security/provider/NativePRNG
instanceKlass sun/security/provider/SunEntries$1
instanceKlass sun/security/provider/SunEntries
instanceKlass sun/security/util/SecurityConstants
instanceKlass java/security/Security$1
instanceKlass jdk/internal/access/JavaSecurityPropertiesAccess
instanceKlass java/util/concurrent/ConcurrentHashMap$MapEntry
instanceKlass java/io/FileInputStream$1
instanceKlass java/util/Properties$LineReader
instanceKlass  @bci java/security/Security <clinit> ()V 9 <appendix> argL0 ; # java/security/Security$$Lambda+0x80000000b
instanceKlass java/security/Security
instanceKlass sun/security/jca/ProviderList$2
instanceKlass jdk/internal/math/FloatingDecimal$ASCIIToBinaryBuffer
instanceKlass jdk/internal/math/FloatingDecimal$PreparedASCIIToBinaryBuffer
instanceKlass jdk/internal/math/FloatingDecimal$ASCIIToBinaryConverter
instanceKlass jdk/internal/math/FloatingDecimal$BinaryToASCIIBuffer
instanceKlass jdk/internal/math/FloatingDecimal$ExceptionalBinaryToASCIIBuffer
instanceKlass jdk/internal/math/FloatingDecimal$BinaryToASCIIConverter
instanceKlass jdk/internal/math/FloatingDecimal
instanceKlass javax/security/auth/login/Configuration$Parameters
instanceKlass java/security/Policy$Parameters
instanceKlass java/security/cert/CertStoreParameters
instanceKlass java/security/SecureRandomParameters
instanceKlass java/security/Provider$EngineDescription
instanceKlass java/security/Provider$ServiceKey
instanceKlass sun/security/jca/ProviderConfig
instanceKlass sun/security/jca/ProviderList
instanceKlass sun/security/jca/Providers
instanceKlass  @bci sun/security/util/ManifestDigester <init> ([B)V 350 <appendix> argL0 ; # sun/security/util/ManifestDigester$$Lambda+0x0000016faf04d980
instanceKlass sun/security/util/ManifestDigester$Section
instanceKlass sun/security/util/ManifestDigester$Entry
instanceKlass sun/security/util/ManifestDigester$Position
instanceKlass sun/security/util/ManifestDigester
instanceKlass sun/security/util/ManifestEntryVerifier
instanceKlass jdk/internal/misc/ThreadTracker
instanceKlass java/util/jar/JarFile$ThreadTrackHolder
instanceKlass java/util/jar/JarVerifier
instanceKlass sun/nio/cs/ArrayDecoder
instanceKlass java/nio/charset/CharsetDecoder
instanceKlass sun/launcher/LauncherHelper
instanceKlass lombok/patcher/scripts/ScriptBuilder$SetSymbolDuringMethodCallBuilder
instanceKlass lombok/patcher/scripts/ScriptBuilder$ReplaceMethodCallBuilder
instanceKlass lombok/eclipse/agent/EclipsePatcher$4
instanceKlass lombok/eclipse/agent/EclipsePatcher$3
instanceKlass lombok/patcher/scripts/ScriptBuilder$WrapMethodCallBuilder
instanceKlass lombok/patcher/ScriptManager$WitnessAction
instanceKlass lombok/patcher/scripts/ScriptBuilder$WrapReturnValueBuilder
instanceKlass lombok/patcher/ClassRootFinder
instanceKlass lombok/patcher/scripts/ScriptBuilder$AddFieldBuilder
instanceKlass java/util/Collections$1
instanceKlass lombok/patcher/PatchScript$MethodPatcherFactory
instanceKlass org/lombokweb/asm/ClassVisitor
instanceKlass lombok/patcher/Hook
instanceKlass  @bci java/util/regex/Pattern negate (Ljava/util/regex/Pattern$CharPredicate;)Ljava/util/regex/Pattern$CharPredicate; 1 <appendix> member <vmtarget> ; # java/util/regex/Pattern$$Lambda+0x800000031
instanceKlass java/util/regex/Pattern$BitClass
instanceKlass lombok/patcher/MethodTarget
instanceKlass lombok/patcher/scripts/ScriptBuilder$ExitEarlyBuilder
instanceKlass lombok/patcher/scripts/ScriptBuilder
instanceKlass lombok/eclipse/agent/EclipseLoaderPatcher
instanceKlass lombok/eclipse/agent/EclipsePatcher$2
instanceKlass lombok/eclipse/agent/EclipsePatcher$1
# instanceKlass java/lang/invoke/LambdaForm$MH+0x0000016faf00d800
# instanceKlass java/lang/invoke/LambdaForm$MH+0x0000016faf00d400
# instanceKlass java/lang/invoke/LambdaForm$MH+0x0000016faf00d000
# instanceKlass java/lang/invoke/LambdaForm$MH+0x0000016faf00cc00
# instanceKlass java/lang/invoke/LambdaForm$BMH+0x0000016faf00c800
# instanceKlass java/lang/invoke/LambdaForm$DMH+0x0000016faf00c400
# instanceKlass java/lang/invoke/LambdaForm$DMH+0x0000016faf00c000
instanceKlass java/lang/instrument/ClassDefinition
instanceKlass lombok/patcher/ScriptManager$OurClassFileTransformer
instanceKlass lombok/patcher/Filter$1
instanceKlass lombok/patcher/TransplantMapper$1
instanceKlass java/lang/instrument/ClassFileTransformer
instanceKlass lombok/patcher/ScriptManager
instanceKlass lombok/patcher/TransplantMapper
instanceKlass lombok/patcher/Filter
instanceKlass lombok/patcher/PatchScript
instanceKlass lombok/patcher/TargetMatcher
instanceKlass lombok/eclipse/agent/EclipsePatcher
instanceKlass lombok/core/AgentLauncher$AgentLaunchable
# instanceKlass java/lang/invoke/LambdaForm$MH+0x0000016faf008c00
# instanceKlass java/lang/invoke/LambdaForm$MH+0x0000016faf008800
# instanceKlass java/lang/invoke/LambdaForm$MH+0x0000016faf008400
# instanceKlass java/lang/invoke/LambdaForm$MH+0x0000016faf008000
# instanceKlass java/lang/invoke/LambdaForm$DMH+0x0000016faf007c00
# instanceKlass java/lang/invoke/LambdaForm$DMH+0x0000016faf007800
# instanceKlass java/lang/invoke/LambdaForm$DMH+0x0000016faf007400
instanceKlass java/lang/ClassValue$Version
instanceKlass java/lang/ClassValue$Identity
instanceKlass java/lang/ClassValue
instanceKlass java/lang/invoke/MethodHandleImpl$ArrayAccessor
instanceKlass java/lang/invoke/MethodHandleImpl$LoopClauses
instanceKlass java/lang/invoke/MethodHandleImpl$CasesHolder
# instanceKlass java/lang/invoke/LambdaForm$MH+0x0000016faf007000
instanceKlass  @cpi org/eclipse/aether/internal/impl/collect/bf/DependencyResolutionSkipper$DefaultDependencyResolutionSkipper 234 form vmentry <vmtarget> ; # java/lang/invoke/LambdaForm$DMH+0x0000016faf006c00
# instanceKlass java/lang/invoke/LambdaForm$MH+0x0000016faf006800
# instanceKlass java/lang/invoke/LambdaForm$MH+0x0000016faf006400
# instanceKlass java/lang/invoke/LambdaForm$MH+0x0000016faf006000
# instanceKlass java/lang/invoke/LambdaForm$BMH+0x0000016faf005c00
# instanceKlass java/lang/invoke/LambdaForm$DMH+0x0000016faf005800
# instanceKlass java/lang/invoke/LambdaForm$MH+0x0000016faf005400
# instanceKlass java/lang/invoke/LambdaForm$DMH+0x0000016faf005000
instanceKlass java/lang/invoke/ClassSpecializer$Factory$1Var
instanceKlass java/lang/invoke/MethodHandles$1
# instanceKlass java/lang/invoke/LambdaForm$DMH+0x0000016faf004c00
instanceKlass sun/invoke/util/ValueConversions$1
instanceKlass sun/invoke/util/ValueConversions$WrapperCache
# instanceKlass java/lang/invoke/LambdaForm$DMH+0x0000016faf004800
instanceKlass jdk/internal/foreign/MemorySessionImpl
instanceKlass java/lang/foreign/MemorySegment$Scope
instanceKlass lombok/core/AgentLauncher$AgentInfo
instanceKlass lombok/core/AgentLauncher
instanceKlass java/util/IdentityHashMap$IdentityHashMapIterator
instanceKlass lombok/launch/ClassFileMetaData
instanceKlass sun/net/www/MessageHeader
instanceKlass sun/net/www/protocol/jar/JarFileFactory
instanceKlass sun/net/www/protocol/jar/URLJarFile$URLJarFileCloseController
instanceKlass java/net/URLConnection
instanceKlass java/util/zip/ZipFile$ZipEntryIterator
instanceKlass java/util/WeakHashMap$HashIterator
instanceKlass java/net/URLDecoder
instanceKlass java/util/regex/IntHashSet
instanceKlass java/util/regex/Matcher
instanceKlass java/util/regex/MatchResult
instanceKlass java/util/regex/Pattern$TreeInfo
instanceKlass  @bci java/util/regex/Pattern Single (I)Ljava/util/regex/Pattern$BmpCharPredicate; 1 <appendix> member <vmtarget> ; # java/util/regex/Pattern$$Lambda+0x800000029
instanceKlass java/util/regex/Pattern$BmpCharPredicate
instanceKlass java/util/regex/Pattern$CharPredicate
instanceKlass java/util/regex/Pattern$Node
instanceKlass java/util/regex/Pattern
instanceKlass jdk/internal/jimage/ImageLocation
instanceKlass jdk/internal/jimage/decompressor/Decompressor
instanceKlass jdk/internal/jimage/ImageStringsReader
instanceKlass jdk/internal/jimage/ImageStrings
instanceKlass jdk/internal/jimage/ImageHeader
instanceKlass jdk/internal/jimage/NativeImageBuffer$1
instanceKlass jdk/internal/jimage/NativeImageBuffer
instanceKlass jdk/internal/jimage/BasicImageReader$1
instanceKlass jdk/internal/jimage/BasicImageReader
instanceKlass jdk/internal/jimage/ImageReader
instanceKlass jdk/internal/jimage/ImageReaderFactory$1
instanceKlass java/net/URI$Parser
instanceKlass java/nio/file/FileSystems$DefaultFileSystemHolder$1
instanceKlass java/nio/file/FileSystems$DefaultFileSystemHolder
instanceKlass java/nio/file/FileSystems
instanceKlass java/nio/file/Paths
instanceKlass jdk/internal/jimage/ImageReaderFactory
instanceKlass jdk/internal/module/SystemModuleFinders$SystemImage
instanceKlass jdk/internal/module/SystemModuleFinders$SystemModuleReader
instanceKlass java/lang/module/ModuleReader
instanceKlass jdk/internal/loader/BuiltinClassLoader$5
instanceKlass jdk/internal/loader/BuiltinClassLoader$2
instanceKlass jdk/internal/module/Resources
instanceKlass java/util/Arrays$ArrayItr
instanceKlass lombok/launch/PackageShader
instanceKlass java/io/Reader
instanceKlass java/lang/Readable
instanceKlass lombok/launch/Main
instanceKlass  @bci jdk/internal/reflect/DirectMethodHandleAccessor invokeImpl (Ljava/lang/Object;[Ljava/lang/Object;Ljava/lang/Class;)Ljava/lang/Object; 136 <adapter> ; # java/lang/invoke/LambdaForm$MH+0x0000016faf002c00
# instanceKlass java/lang/invoke/LambdaForm$MH+0x0000016faf002800
# instanceKlass java/lang/invoke/LambdaForm$MH+0x0000016faf002400
# instanceKlass java/lang/invoke/LambdaForm$MH+0x0000016faf002000
instanceKlass  @bci org/eclipse/jdt/internal/compiler/classfmt/ClassFileReader toUri (Ljava/lang/String;)Ljava/net/URI; 21 <appendix> form vmentry <vmtarget> ; # java/lang/invoke/LambdaForm$MH+0x0000016faf001c00
# instanceKlass java/lang/invoke/LambdaForm$MH+0x0000016faf001800
instanceKlass sun/instrument/InstrumentationImpl$1
instanceKlass lombok/launch/Agent
instanceKlass java/security/SecureClassLoader$DebugHolder
instanceKlass java/security/Permission
instanceKlass java/security/Guard
instanceKlass java/security/PermissionCollection
instanceKlass java/security/SecureClassLoader$1
instanceKlass java/util/zip/Checksum$1
instanceKlass java/util/zip/CRC32
instanceKlass java/util/zip/Checksum
instanceKlass sun/nio/ByteBuffered
instanceKlass java/lang/Package$VersionInfo
instanceKlass java/lang/NamedPackage
instanceKlass java/util/jar/Attributes$Name
instanceKlass java/util/jar/Attributes
instanceKlass jdk/internal/loader/Resource
instanceKlass sun/security/action/GetIntegerAction
instanceKlass sun/security/util/Debug
instanceKlass sun/security/util/SignatureFileVerifier
instanceKlass java/util/zip/ZipFile$InflaterCleanupAction
instanceKlass java/util/zip/Inflater$InflaterZStreamRef
instanceKlass java/util/zip/Inflater
instanceKlass java/util/zip/ZipEntry
instanceKlass java/util/zip/ZipFile$2
instanceKlass java/nio/Bits$1
instanceKlass jdk/internal/misc/VM$BufferPool
instanceKlass java/nio/Bits
instanceKlass sun/nio/ch/DirectBuffer
instanceKlass jdk/internal/perf/PerfCounter$CoreCounters
instanceKlass jdk/internal/perf/Perf
instanceKlass jdk/internal/perf/Perf$GetPerfAction
instanceKlass jdk/internal/perf/PerfCounter
instanceKlass sun/util/locale/LocaleUtils
instanceKlass sun/util/locale/BaseLocale
instanceKlass java/util/Locale
instanceKlass java/nio/file/attribute/FileTime
instanceKlass java/lang/StringCoding
instanceKlass java/util/zip/ZipUtils
instanceKlass java/util/zip/ZipFile$Source$End
instanceKlass java/io/RandomAccessFile$2
instanceKlass jdk/internal/access/JavaIORandomAccessFileAccess
instanceKlass java/io/RandomAccessFile
instanceKlass java/io/DataInput
instanceKlass java/io/DataOutput
instanceKlass sun/nio/fs/WindowsNativeDispatcher$CompletionStatus
instanceKlass sun/nio/fs/WindowsNativeDispatcher$AclInformation
instanceKlass sun/nio/fs/WindowsNativeDispatcher$Account
instanceKlass sun/nio/fs/WindowsNativeDispatcher$DiskFreeSpace
instanceKlass sun/nio/fs/WindowsNativeDispatcher$VolumeInformation
instanceKlass sun/nio/fs/WindowsNativeDispatcher$FirstStream
instanceKlass sun/nio/fs/WindowsNativeDispatcher$FirstFile
instanceKlass java/util/Enumeration
instanceKlass java/util/concurrent/ConcurrentHashMap$Traverser
instanceKlass sun/nio/fs/WindowsNativeDispatcher
instanceKlass sun/nio/fs/NativeBuffer$Deallocator
instanceKlass sun/nio/fs/NativeBuffer
instanceKlass java/lang/ThreadLocal$ThreadLocalMap
instanceKlass java/lang/ThreadLocal
instanceKlass sun/nio/fs/NativeBuffers
instanceKlass sun/nio/fs/WindowsFileAttributes
instanceKlass java/nio/file/attribute/DosFileAttributes
instanceKlass sun/nio/fs/AbstractBasicFileAttributeView
instanceKlass sun/nio/fs/DynamicFileAttributeView
instanceKlass sun/nio/fs/WindowsFileAttributeViews
instanceKlass sun/nio/fs/Util
instanceKlass java/nio/file/attribute/BasicFileAttributeView
instanceKlass java/nio/file/attribute/FileAttributeView
instanceKlass java/nio/file/attribute/AttributeView
instanceKlass java/nio/file/Files
instanceKlass java/nio/file/CopyOption
instanceKlass java/nio/file/attribute/BasicFileAttributes
instanceKlass sun/nio/fs/WindowsPath
instanceKlass java/util/zip/ZipFile$Source$Key
instanceKlass sun/nio/fs/WindowsPathParser$Result
instanceKlass java/util/concurrent/ForkJoinPool$ManagedBlocker
instanceKlass java/util/concurrent/locks/AbstractQueuedSynchronizer$Node
instanceKlass sun/nio/fs/WindowsPathParser
instanceKlass java/nio/file/FileSystem
instanceKlass java/nio/file/OpenOption
instanceKlass java/nio/file/spi/FileSystemProvider
instanceKlass sun/nio/fs/DefaultFileSystemProvider
instanceKlass java/util/zip/ZipFile$Source
instanceKlass java/lang/ref/Cleaner$Cleanable
instanceKlass jdk/internal/ref/CleanerImpl
instanceKlass java/lang/ref/Cleaner$1
instanceKlass java/lang/ref/Cleaner
instanceKlass jdk/internal/ref/CleanerFactory$1
instanceKlass java/util/concurrent/ThreadFactory
instanceKlass jdk/internal/ref/CleanerFactory
instanceKlass java/util/zip/ZipCoder
instanceKlass java/util/zip/ZipFile$CleanableResource
instanceKlass java/lang/Runtime$Version
instanceKlass java/util/jar/JavaUtilJarAccessImpl
instanceKlass jdk/internal/access/JavaUtilJarAccess
instanceKlass jdk/internal/loader/FileURLMapper
instanceKlass jdk/internal/loader/URLClassPath$JarLoader$1
instanceKlass java/util/zip/ZipFile$1
instanceKlass jdk/internal/access/JavaUtilZipFileAccess
instanceKlass java/util/zip/ZipFile
instanceKlass java/util/zip/ZipConstants
instanceKlass jdk/internal/loader/URLClassPath$Loader
instanceKlass jdk/internal/loader/URLClassPath$3
instanceKlass java/security/PrivilegedExceptionAction
instanceKlass sun/net/util/URLUtil
instanceKlass sun/instrument/TransformerManager$TransformerInfo
instanceKlass sun/instrument/TransformerManager
instanceKlass jdk/internal/loader/NativeLibraries$3
instanceKlass jdk/internal/loader/NativeLibrary
instanceKlass java/util/ArrayDeque$DeqIterator
instanceKlass jdk/internal/loader/NativeLibraries$NativeLibraryContext$1
instanceKlass jdk/internal/loader/NativeLibraries$NativeLibraryContext
instanceKlass jdk/internal/loader/NativeLibraries$2
instanceKlass jdk/internal/loader/NativeLibraries$1
instanceKlass jdk/internal/loader/NativeLibraries$LibraryPaths
instanceKlass  @bci sun/instrument/InstrumentationImpl <clinit> ()V 16 <appendix> argL0 ; # sun/instrument/InstrumentationImpl$$Lambda+0x0000016faf042df0
instanceKlass sun/instrument/InstrumentationImpl
instanceKlass java/lang/instrument/Instrumentation
instanceKlass java/lang/invoke/StringConcatFactory
instanceKlass jdk/internal/module/ModuleBootstrap$SafeModuleFinder
instanceKlass  @bci java/lang/WeakPairMap computeIfAbsent (Ljava/lang/Object;Ljava/lang/Object;Ljava/util/function/BiFunction;)Ljava/lang/Object; 18 <appendix> member <vmtarget> ; # java/lang/WeakPairMap$$Lambda+0x0000016faf042678
instanceKlass  @bci java/lang/Module implAddExportsOrOpens (Ljava/lang/String;Ljava/lang/Module;ZZ)V 145 <appendix> argL0 ; # java/lang/Module$$Lambda+0x0000016faf041d20
instanceKlass  @bci jdk/internal/module/ModuleBootstrap decode (Ljava/lang/String;Ljava/lang/String;Z)Ljava/util/Map; 193 <appendix> argL0 ; # jdk/internal/module/ModuleBootstrap$$Lambda+0x0000016faf041ae0
instanceKlass java/lang/ModuleLayer$Controller
instanceKlass java/util/concurrent/CopyOnWriteArrayList
instanceKlass jdk/internal/module/ServicesCatalog$ServiceProvider
instanceKlass jdk/internal/loader/AbstractClassLoaderValue$Memoizer
instanceKlass jdk/internal/module/ModuleLoaderMap$Modules
instanceKlass jdk/internal/module/ModuleLoaderMap$Mapper
instanceKlass jdk/internal/module/ModuleLoaderMap
instanceKlass java/lang/module/ResolvedModule
instanceKlass java/util/Collections$UnmodifiableCollection$1
instanceKlass java/util/SequencedMap
instanceKlass java/util/SequencedSet
instanceKlass java/lang/ModuleLayer
instanceKlass java/util/ImmutableCollections$ListItr
instanceKlass java/util/ListIterator
instanceKlass java/lang/module/ModuleFinder$1
instanceKlass java/nio/file/Path
instanceKlass java/nio/file/Watchable
instanceKlass java/lang/module/Resolver
instanceKlass java/lang/module/Configuration
instanceKlass java/util/stream/ForEachOps$ForEachOp
instanceKlass java/util/stream/ForEachOps
instanceKlass  @bci jdk/internal/module/ModuleBootstrap boot2 ()Ljava/lang/ModuleLayer; 791 <appendix> member <vmtarget> ; # jdk/internal/module/ModuleBootstrap$$Lambda+0x0000016faf0410b0
instanceKlass  @cpi org/eclipse/jdt/ls/core/internal/managers/GradleBuildSupport 1422 form vmentry <vmtarget> ; # java/lang/invoke/LambdaForm$DMH+0x0000016faf000c00
instanceKlass  @bci jdk/internal/module/ModuleBootstrap boot2 ()Ljava/lang/ModuleLayer; 779 <appendix> member <vmtarget> ; # jdk/internal/module/ModuleBootstrap$$Lambda+0x0000016faf040e58
instanceKlass  @bci jdk/internal/module/ModuleBootstrap boot2 ()Ljava/lang/ModuleLayer; 767 <appendix> argL0 ; # jdk/internal/module/ModuleBootstrap$$Lambda+0x0000016faf040c18
instanceKlass  @bci jdk/internal/module/ModuleBootstrap boot2 ()Ljava/lang/ModuleLayer; 757 <appendix> argL0 ; # jdk/internal/module/ModuleBootstrap$$Lambda+0x0000016faf0409d8
instanceKlass  @bci java/util/stream/FindOps$FindSink$OfRef <clinit> ()V 43 <appendix> argL0 ; # java/util/stream/FindOps$FindSink$OfRef$$Lambda+0x800000048
instanceKlass  @bci java/util/stream/FindOps$FindSink$OfRef <clinit> ()V 38 <appendix> argL0 ; # java/util/stream/FindOps$FindSink$OfRef$$Lambda+0x80000004a
instanceKlass  @bci java/util/stream/FindOps$FindSink$OfRef <clinit> ()V 16 <appendix> argL0 ; # java/util/stream/FindOps$FindSink$OfRef$$Lambda+0x800000049
instanceKlass  @bci java/util/stream/FindOps$FindSink$OfRef <clinit> ()V 11 <appendix> argL0 ; # java/util/stream/FindOps$FindSink$OfRef$$Lambda+0x80000004b
instanceKlass java/util/stream/FindOps$FindOp
instanceKlass java/util/stream/FindOps$FindSink
instanceKlass java/util/stream/FindOps
instanceKlass  @bci jdk/internal/module/DefaultRoots exportsAPI (Ljava/lang/module/ModuleDescriptor;)Z 9 <appendix> argL0 ; # jdk/internal/module/DefaultRoots$$Lambda+0x800000051
instanceKlass java/util/stream/Sink$ChainedReference
instanceKlass java/util/stream/ReduceOps$AccumulatingSink
instanceKlass java/util/stream/TerminalSink
instanceKlass java/util/stream/Sink
instanceKlass java/util/function/Consumer
instanceKlass java/util/stream/ReduceOps$Box
instanceKlass java/util/stream/ReduceOps$ReduceOp
instanceKlass java/util/stream/TerminalOp
instanceKlass java/util/stream/ReduceOps
instanceKlass  @bci java/util/stream/Collectors castingIdentity ()Ljava/util/function/Function; 0 <appendix> argL0 ; # java/util/stream/Collectors$$Lambda+0x800000042
instanceKlass  @bci java/util/stream/Collectors toSet ()Ljava/util/stream/Collector; 14 <appendix> argL0 ; # java/util/stream/Collectors$$Lambda+0x800000040
instanceKlass java/util/function/BinaryOperator
instanceKlass  @bci java/util/stream/Collectors toSet ()Ljava/util/stream/Collector; 9 <appendix> argL0 ; # java/util/stream/Collectors$$Lambda+0x800000039
instanceKlass java/util/function/BiConsumer
instanceKlass  @bci java/util/stream/Collectors toSet ()Ljava/util/stream/Collector; 4 <appendix> argL0 ; # java/util/stream/Collectors$$Lambda+0x800000045
instanceKlass java/util/stream/Collector
instanceKlass java/util/Collections$UnmodifiableCollection
instanceKlass java/util/stream/Collectors
instanceKlass  @bci jdk/internal/module/DefaultRoots compute (Ljava/lang/module/ModuleFinder;Ljava/lang/module/ModuleFinder;)Ljava/util/Set; 42 <appendix> argL0 ; # jdk/internal/module/DefaultRoots$$Lambda+0x80000004e
instanceKlass  @bci jdk/internal/module/DefaultRoots compute (Ljava/lang/module/ModuleFinder;Ljava/lang/module/ModuleFinder;)Ljava/util/Set; 32 <appendix> member <vmtarget> ; # jdk/internal/module/DefaultRoots$$Lambda+0x800000052
instanceKlass  @bci jdk/internal/module/DefaultRoots compute (Ljava/lang/module/ModuleFinder;Ljava/lang/module/ModuleFinder;)Ljava/util/Set; 21 <appendix> argL0 ; # jdk/internal/module/DefaultRoots$$Lambda+0x80000004f
instanceKlass  @bci org/eclipse/aether/internal/impl/collect/bf/DependencyResolutionSkipper$DefaultDependencyResolutionSkipper$CoordinateManager createCoordinate (Lorg/eclipse/aether/graph/DependencyNode;I)Lorg/eclipse/aether/internal/impl/collect/bf/DependencyResolutionSkipper$DefaultDependencyResolutionSkipper$Coordinate; 8 <appendix> form vmentry <vmtarget> ; # java/lang/invoke/LambdaForm$MH+0x0000016faf000800
instanceKlass  @bci jdk/internal/module/DefaultRoots compute (Ljava/lang/module/ModuleFinder;Ljava/lang/module/ModuleFinder;)Ljava/util/Set; 11 <appendix> argL0 ; # jdk/internal/module/DefaultRoots$$Lambda+0x800000050
instanceKlass java/lang/invoke/LambdaProxyClassArchive
instanceKlass java/lang/invoke/InfoFromMemberName
instanceKlass java/lang/invoke/MethodHandleInfo
instanceKlass jdk/internal/org/objectweb/asm/ConstantDynamic
instanceKlass jdk/internal/org/objectweb/asm/Handle
instanceKlass sun/security/action/GetBooleanAction
instanceKlass java/lang/invoke/AbstractValidatingLambdaMetafactory
instanceKlass java/lang/invoke/BootstrapMethodInvoker
instanceKlass java/util/function/Predicate
instanceKlass java/lang/WeakPairMap$Pair$Lookup
instanceKlass java/lang/WeakPairMap$Pair
instanceKlass java/lang/WeakPairMap
instanceKlass java/lang/Module$ReflectionData
instanceKlass java/lang/invoke/LambdaMetafactory
# instanceKlass java/lang/invoke/LambdaForm$MH+0x0000016faf000400
instanceKlass java/lang/invoke/MethodHandles$Lookup$ClassDefiner
instanceKlass java/lang/invoke/MethodHandles$Lookup$ClassFile
instanceKlass jdk/internal/org/objectweb/asm/Handler
instanceKlass jdk/internal/org/objectweb/asm/Attribute
instanceKlass jdk/internal/org/objectweb/asm/FieldVisitor
instanceKlass java/util/ArrayList$Itr
instanceKlass sun/invoke/empty/Empty
instanceKlass sun/invoke/util/VerifyType
instanceKlass java/lang/invoke/InvokerBytecodeGenerator$ClassData
instanceKlass jdk/internal/org/objectweb/asm/AnnotationVisitor
instanceKlass jdk/internal/org/objectweb/asm/Frame
instanceKlass jdk/internal/org/objectweb/asm/Label
instanceKlass jdk/internal/org/objectweb/asm/Type
instanceKlass jdk/internal/org/objectweb/asm/MethodVisitor
instanceKlass sun/invoke/util/BytecodeDescriptor
instanceKlass jdk/internal/org/objectweb/asm/ByteVector
instanceKlass jdk/internal/org/objectweb/asm/Symbol
instanceKlass jdk/internal/org/objectweb/asm/SymbolTable
instanceKlass jdk/internal/org/objectweb/asm/ClassVisitor
instanceKlass java/lang/invoke/LambdaFormBuffer
instanceKlass java/lang/invoke/LambdaFormEditor$TransformKey
instanceKlass java/lang/invoke/LambdaFormEditor
instanceKlass java/lang/invoke/Invokers$Holder
instanceKlass java/lang/invoke/DelegatingMethodHandle$Holder
instanceKlass java/lang/invoke/DirectMethodHandle$2
instanceKlass java/lang/invoke/ClassSpecializer$Factory
instanceKlass java/lang/invoke/ClassSpecializer$SpeciesData
instanceKlass java/lang/invoke/ClassSpecializer$1
instanceKlass java/lang/invoke/ClassSpecializer
instanceKlass java/lang/invoke/InvokerBytecodeGenerator$1
instanceKlass java/lang/invoke/InvokerBytecodeGenerator
instanceKlass java/lang/invoke/LambdaForm$Holder
instanceKlass java/lang/invoke/LambdaForm$Name
instanceKlass java/lang/reflect/Array
instanceKlass java/lang/invoke/Invokers
instanceKlass sun/invoke/util/ValueConversions
instanceKlass java/lang/invoke/DirectMethodHandle$Holder
instanceKlass java/lang/Void
instanceKlass sun/invoke/util/Wrapper$Format
instanceKlass java/lang/invoke/MethodHandleImpl$1
instanceKlass jdk/internal/access/JavaLangInvokeAccess
instanceKlass java/lang/invoke/LambdaForm$NamedFunction
instanceKlass java/lang/invoke/MethodHandleImpl
instanceKlass jdk/internal/reflect/MethodHandleAccessorFactory$LazyStaticHolder
instanceKlass java/lang/invoke/MethodTypeForm
instanceKlass jdk/internal/util/StrongReferenceKey
instanceKlass jdk/internal/util/ReferenceKey
instanceKlass jdk/internal/util/ReferencedKeyMap
instanceKlass java/lang/invoke/MethodType$1
instanceKlass sun/reflect/annotation/AnnotationParser
instanceKlass java/lang/Class$3
instanceKlass java/lang/PublicMethods$Key
instanceKlass java/lang/PublicMethods$MethodList
instanceKlass java/util/EnumMap$1
instanceKlass java/util/stream/StreamOpFlag$MaskBuilder
instanceKlass java/util/stream/Stream
instanceKlass java/util/stream/BaseStream
instanceKlass java/util/stream/PipelineHelper
instanceKlass java/util/stream/StreamSupport
instanceKlass java/util/Spliterators$IteratorSpliterator
instanceKlass java/util/Spliterator$OfDouble
instanceKlass java/util/Spliterator$OfLong
instanceKlass java/util/Spliterator$OfInt
instanceKlass java/util/Spliterator$OfPrimitive
instanceKlass java/util/Spliterator
instanceKlass java/util/Spliterators$EmptySpliterator
instanceKlass java/util/Spliterators
instanceKlass jdk/internal/module/DefaultRoots
instanceKlass jdk/internal/loader/BuiltinClassLoader$LoadedModule
instanceKlass jdk/internal/loader/AbstractClassLoaderValue
instanceKlass jdk/internal/module/ServicesCatalog
instanceKlass java/util/Deque
instanceKlass java/util/Queue
instanceKlass sun/net/util/IPAddressUtil$MASKS
instanceKlass sun/net/util/IPAddressUtil
instanceKlass java/net/URLStreamHandler
instanceKlass sun/net/www/ParseUtil
instanceKlass java/net/URL$3
instanceKlass jdk/internal/access/JavaNetURLAccess
instanceKlass java/net/URL$DefaultFactory
instanceKlass java/net/URLStreamHandlerFactory
instanceKlass jdk/internal/loader/URLClassPath
instanceKlass java/security/Principal
instanceKlass java/security/ProtectionDomain$Key
instanceKlass java/security/ProtectionDomain$JavaSecurityAccessImpl
instanceKlass jdk/internal/access/JavaSecurityAccess
instanceKlass java/lang/ClassLoader$ParallelLoaders
instanceKlass java/security/cert/Certificate
instanceKlass jdk/internal/loader/ArchivedClassLoaders
instanceKlass java/util/concurrent/ConcurrentHashMap$CollectionView
instanceKlass jdk/internal/loader/ClassLoaderHelper
instanceKlass jdk/internal/loader/NativeLibraries
instanceKlass java/lang/Module$EnableNativeAccess
instanceKlass jdk/internal/loader/BootLoader
instanceKlass java/util/Optional
instanceKlass jdk/internal/module/SystemModuleFinders$SystemModuleFinder
instanceKlass java/lang/module/ModuleFinder
instanceKlass jdk/internal/module/SystemModuleFinders$3
instanceKlass jdk/internal/module/ModuleHashes$HashSupplier
instanceKlass jdk/internal/module/SystemModuleFinders$2
instanceKlass java/util/function/Supplier
instanceKlass java/lang/module/ModuleReference
instanceKlass jdk/internal/module/ModuleResolution
instanceKlass java/util/Collections$UnmodifiableMap
instanceKlass jdk/internal/module/ModuleHashes$Builder
instanceKlass jdk/internal/module/ModuleHashes
instanceKlass jdk/internal/module/ModuleTarget
instanceKlass java/util/ImmutableCollections$Set12$1
instanceKlass java/lang/reflect/AccessFlag$18
instanceKlass java/lang/reflect/AccessFlag$17
instanceKlass java/lang/reflect/AccessFlag$16
instanceKlass java/lang/reflect/AccessFlag$15
instanceKlass java/lang/reflect/AccessFlag$14
instanceKlass java/lang/reflect/AccessFlag$13
instanceKlass java/lang/reflect/AccessFlag$12
instanceKlass java/lang/reflect/AccessFlag$11
instanceKlass java/lang/reflect/AccessFlag$10
instanceKlass java/lang/reflect/AccessFlag$9
instanceKlass java/lang/reflect/AccessFlag$8
instanceKlass java/lang/reflect/AccessFlag$7
instanceKlass java/lang/reflect/AccessFlag$6
instanceKlass java/lang/reflect/AccessFlag$5
instanceKlass java/lang/reflect/AccessFlag$4
instanceKlass java/lang/reflect/AccessFlag$3
instanceKlass java/lang/reflect/AccessFlag$2
instanceKlass java/lang/reflect/AccessFlag$1
instanceKlass java/lang/module/ModuleDescriptor$Version
instanceKlass java/lang/module/ModuleDescriptor$Provides
instanceKlass java/lang/module/ModuleDescriptor$Opens
instanceKlass java/util/ImmutableCollections$SetN$SetNIterator
instanceKlass java/lang/module/ModuleDescriptor$Exports
instanceKlass java/lang/module/ModuleDescriptor$Requires
instanceKlass jdk/internal/module/Builder
instanceKlass jdk/internal/module/SystemModules$all
instanceKlass jdk/internal/module/SystemModules
instanceKlass jdk/internal/module/SystemModulesMap
instanceKlass java/net/URI$1
instanceKlass jdk/internal/access/JavaNetUriAccess
instanceKlass java/net/URI
instanceKlass jdk/internal/module/SystemModuleFinders
instanceKlass jdk/internal/module/ArchivedModuleGraph
instanceKlass jdk/internal/module/ArchivedBootLayer
instanceKlass jdk/internal/module/ModuleBootstrap$Counters
instanceKlass jdk/internal/module/ModulePatcher
instanceKlass java/io/FileSystem
instanceKlass java/io/DefaultFileSystem
instanceKlass java/io/File
instanceKlass java/lang/module/ModuleDescriptor$1
instanceKlass jdk/internal/access/JavaLangModuleAccess
instanceKlass sun/invoke/util/VerifyAccess
instanceKlass java/util/KeyValueHolder
instanceKlass java/util/ImmutableCollections$MapN$MapNIterator
instanceKlass java/lang/StrictMath
instanceKlass java/lang/invoke/MethodHandles$Lookup
instanceKlass java/lang/invoke/MemberName$Factory
instanceKlass java/lang/invoke/MethodHandles
instanceKlass java/lang/module/ModuleDescriptor
instanceKlass jdk/internal/module/ModuleBootstrap
instanceKlass java/lang/Character$CharacterCache
instanceKlass java/util/HexFormat
instanceKlass jdk/internal/util/ClassFileDumper
instanceKlass sun/security/action/GetPropertyAction
instanceKlass java/lang/invoke/MethodHandleStatics
instanceKlass jdk/internal/misc/Blocker
instanceKlass java/util/concurrent/locks/AbstractQueuedSynchronizer$ConditionObject
instanceKlass java/util/concurrent/locks/Condition
instanceKlass java/util/Collections
instanceKlass java/lang/Thread$ThreadIdentifiers
instanceKlass sun/io/Win32ErrorMode
instanceKlass jdk/internal/misc/OSEnvironment
instanceKlass java/lang/Integer$IntegerCache
instanceKlass jdk/internal/misc/Signal$NativeHandler
instanceKlass java/util/Hashtable$Entry
instanceKlass jdk/internal/misc/Signal
instanceKlass java/lang/Terminator$1
instanceKlass jdk/internal/misc/Signal$Handler
instanceKlass java/lang/Terminator
instanceKlass java/nio/ByteOrder
instanceKlass java/nio/Buffer$2
instanceKlass jdk/internal/access/JavaNioAccess
instanceKlass java/nio/Buffer$1
instanceKlass jdk/internal/misc/ScopedMemoryAccess
instanceKlass java/nio/charset/CodingErrorAction
instanceKlass sun/nio/cs/SingleByte
instanceKlass java/lang/StringUTF16
instanceKlass sun/nio/cs/MS1252$Holder
instanceKlass sun/nio/cs/ArrayEncoder
instanceKlass java/nio/charset/CharsetEncoder
instanceKlass java/io/Writer
instanceKlass java/io/PrintStream$1
instanceKlass jdk/internal/access/JavaIOPrintStreamAccess
instanceKlass jdk/internal/misc/InternalLock
instanceKlass java/io/OutputStream
instanceKlass java/io/Flushable
instanceKlass java/io/FileDescriptor$1
instanceKlass jdk/internal/access/JavaIOFileDescriptorAccess
instanceKlass java/io/FileDescriptor
instanceKlass jdk/internal/util/StaticProperty
instanceKlass jdk/internal/reflect/MethodHandleAccessorFactory
instanceKlass java/lang/reflect/Modifier
instanceKlass java/lang/Class$1
instanceKlass java/lang/Class$Atomic
instanceKlass java/lang/Class$ReflectionData
instanceKlass java/nio/charset/StandardCharsets
instanceKlass sun/nio/cs/HistoricallyNamedCharset
instanceKlass java/nio/charset/spi/CharsetProvider
instanceKlass java/nio/charset/Charset
instanceKlass java/util/HashMap$HashIterator
instanceKlass java/util/concurrent/locks/LockSupport
instanceKlass java/util/concurrent/ConcurrentHashMap$Node
instanceKlass java/util/concurrent/ConcurrentHashMap$CounterCell
instanceKlass java/util/concurrent/locks/ReentrantLock
instanceKlass java/util/concurrent/locks/Lock
instanceKlass java/lang/CharacterData
instanceKlass java/util/Arrays
instanceKlass jdk/internal/util/Preconditions$3
instanceKlass jdk/internal/util/Preconditions$2
instanceKlass jdk/internal/util/Preconditions$4
instanceKlass java/util/function/BiFunction
instanceKlass jdk/internal/util/Preconditions$1
instanceKlass java/util/function/Function
instanceKlass jdk/internal/util/Preconditions
instanceKlass java/lang/Runtime
instanceKlass java/lang/VersionProps
instanceKlass java/lang/StringConcatHelper
instanceKlass java/util/HashMap$Node
instanceKlass java/util/Map$Entry
instanceKlass jdk/internal/util/ArraysSupport
instanceKlass jdk/internal/util/SystemProps$Raw
instanceKlass jdk/internal/util/SystemProps
instanceKlass java/lang/System$2
instanceKlass jdk/internal/access/JavaLangAccess
instanceKlass java/lang/ref/NativeReferenceQueue$Lock
instanceKlass java/lang/ref/ReferenceQueue
instanceKlass java/lang/ref/Reference$1
instanceKlass jdk/internal/access/JavaLangRefAccess
instanceKlass jdk/internal/reflect/ReflectionFactory
instanceKlass java/lang/Math
instanceKlass java/lang/StringLatin1
instanceKlass jdk/internal/reflect/Reflection
instanceKlass jdk/internal/reflect/ReflectionFactory$GetReflectionFactoryAction
instanceKlass java/security/PrivilegedAction
instanceKlass jdk/internal/access/SharedSecrets
instanceKlass java/lang/reflect/ReflectAccess
instanceKlass jdk/internal/access/JavaLangReflectAccess
instanceKlass java/util/ImmutableCollections
instanceKlass java/util/Objects
instanceKlass java/util/Set
instanceKlass jdk/internal/misc/CDS
instanceKlass java/lang/Module$ArchivedData
instanceKlass jdk/internal/misc/VM
instanceKlass java/lang/String$CaseInsensitiveComparator
instanceKlass java/util/Comparator
instanceKlass java/io/ObjectStreamField
instanceKlass jdk/internal/vm/FillerObject
instanceKlass jdk/internal/vm/vector/VectorSupport$VectorPayload
instanceKlass jdk/internal/vm/vector/VectorSupport
instanceKlass java/lang/reflect/RecordComponent
instanceKlass java/util/Iterator
instanceKlass java/lang/Number
instanceKlass java/lang/Character
instanceKlass java/lang/Boolean
instanceKlass java/util/concurrent/locks/AbstractOwnableSynchronizer
instanceKlass java/lang/LiveStackFrame
instanceKlass java/lang/StackFrameInfo
instanceKlass java/lang/StackWalker$StackFrame
instanceKlass java/lang/StackStreamFactory$AbstractStackWalker
instanceKlass java/lang/StackWalker
instanceKlass java/nio/Buffer
instanceKlass java/lang/StackTraceElement
instanceKlass java/util/RandomAccess
instanceKlass java/util/List
instanceKlass java/util/SequencedCollection
instanceKlass java/util/AbstractCollection
instanceKlass java/util/Collection
instanceKlass java/lang/Iterable
instanceKlass java/util/concurrent/ConcurrentMap
instanceKlass java/util/AbstractMap
instanceKlass java/security/CodeSource
instanceKlass jdk/internal/loader/ClassLoaders
instanceKlass java/util/jar/Manifest
instanceKlass java/lang/Enum
instanceKlass java/net/URL
instanceKlass java/io/InputStream
instanceKlass java/io/Closeable
instanceKlass java/lang/AutoCloseable
instanceKlass jdk/internal/module/Modules
instanceKlass jdk/internal/misc/Unsafe
instanceKlass jdk/internal/misc/UnsafeConstants
instanceKlass java/lang/AbstractStringBuilder
instanceKlass java/lang/Appendable
instanceKlass java/lang/AssertionStatusDirectives
instanceKlass jdk/internal/foreign/abi/ABIDescriptor
instanceKlass jdk/internal/foreign/abi/NativeEntryPoint
instanceKlass java/lang/invoke/CallSite
instanceKlass java/lang/invoke/MethodType
instanceKlass java/lang/invoke/TypeDescriptor$OfMethod
instanceKlass java/lang/invoke/LambdaForm
instanceKlass java/lang/invoke/MethodHandleNatives
instanceKlass java/lang/invoke/ResolvedMethodName
instanceKlass java/lang/invoke/MemberName
instanceKlass java/lang/invoke/VarHandle
instanceKlass java/lang/invoke/MethodHandle
instanceKlass jdk/internal/reflect/CallerSensitive
instanceKlass java/lang/annotation/Annotation
instanceKlass jdk/internal/reflect/FieldAccessor
instanceKlass jdk/internal/reflect/ConstantPool
instanceKlass jdk/internal/reflect/ConstructorAccessor
instanceKlass jdk/internal/reflect/MethodAccessor
instanceKlass jdk/internal/reflect/MagicAccessorImpl
instanceKlass jdk/internal/vm/StackChunk
instanceKlass jdk/internal/vm/Continuation
instanceKlass jdk/internal/vm/ContinuationScope
instanceKlass java/lang/reflect/Parameter
instanceKlass java/lang/reflect/Member
instanceKlass java/lang/reflect/AccessibleObject
instanceKlass java/lang/Module
instanceKlass java/util/Map
instanceKlass java/util/Dictionary
instanceKlass java/lang/ThreadGroup
instanceKlass java/lang/Thread$UncaughtExceptionHandler
instanceKlass java/lang/Thread$Constants
instanceKlass java/lang/Thread$FieldHolder
instanceKlass java/lang/Thread
instanceKlass java/lang/Runnable
instanceKlass java/lang/ref/Reference
instanceKlass java/lang/Record
instanceKlass java/security/AccessController
instanceKlass java/security/AccessControlContext
instanceKlass java/security/ProtectionDomain
instanceKlass java/lang/SecurityManager
instanceKlass java/lang/Throwable
instanceKlass java/lang/System
instanceKlass java/lang/ClassLoader
instanceKlass java/lang/Cloneable
instanceKlass java/lang/Class
instanceKlass java/lang/invoke/TypeDescriptor$OfField
instanceKlass java/lang/invoke/TypeDescriptor
instanceKlass java/lang/reflect/Type
instanceKlass java/lang/reflect/GenericDeclaration
instanceKlass java/lang/reflect/AnnotatedElement
instanceKlass java/lang/String
instanceKlass java/lang/constant/ConstantDesc
instanceKlass java/lang/constant/Constable
instanceKlass java/lang/CharSequence
instanceKlass java/lang/Comparable
instanceKlass java/io/Serializable
ciInstanceKlass java/lang/Object 1 1 124 7 1 10 12 1 1 10 7 12 1 1 1 10 7 12 1 1 1 10 12 1 1 8 1 10 12 1 1 10 7 12 1 1 1 10 12 1 10 12 1 1 10 7 12 1 1 1 10 12 1 10 12 1 7 1 10 7 12 1 1 1 10 12 1 1 10 12 1 100 1 8 1 10 12 1 3 8 1 7 1 5 0 1 1 1 1 1 1 1 1 1 1 1 1 1 1 1 1 7 1 1 1 1 1 1 1 1 1 1 7 1 1 1 1 1 1 1 1 1 1 3 1 1
ciInstanceKlass java/io/Serializable 1 0 7 100 1 100 1 1 1
ciInstanceKlass java/lang/System 1 1 834 10 7 12 1 1 1 9 7 12 1 1 1 10 12 1 10 12 1 1 10 12 1 1 10 12 1 9 12 1 1 10 7 12 1 1 1 11 100 12 1 1 1 10 100 12 1 1 1 10 12 1 1 10 12 1 1 100 1 8 1 10 12 1 10 7 12 1 1 1 10 7 12 1 1 1 18 12 1 1 10 7 12 1 1 1 7 1 10 12 1 1 10 7 12 1 1 1 10 12 1 10 7 12 1 1 1 9 100 12 1 1 1 10 7 12 1 1 1 11 7 12 1 1 1 10 12 1 1 10 7 12 1 1 1 7 1 10 10 12 1 1 8 1 10 12 1 8 1 10 12 1 9 12 1 1 8 1 10 7 12 1 1 1 10 12 1 1 100 1 8 1 10 9 12 1 1 8 1 10 12 1 1 10 100 12 1 1 1 8 1 10 12 1 7 1 10 12 1 8 1 10 12 1 10 12 1 1 100 1 10 12 10 12 1 9 12 1 1 9 12 1 1 10 7 12 1 1 1 10 7 12 1 1 1 10 12 1 1 10 12 1 10 12 1 10 7 12 1 1 1 10 12 1 100 1 100 1 8 1 10 12 1 10 12 1 1 7 1 10 12 1 100 1 8 1 10 10 12 1 100 1 8 1 10 8 1 10 7 12 1 1 8 1 10 12 100 1 8 1 10 10 12 1 1 10 7 12 1 1 1 100 1 18 12 1 100 1 9 100 12 1 1 1 10 12 1 100 1 10 12 1 1 10 12 1 1 10 7 12 1 1 1 10 12 1 1 10 12 1 10 12 1 10 12 1 1 10 12 1 7 1 10 12 1 9 7 12 1 1 1 10 7 12 1 1 1 10 12 1 10 12 1 10 7 12 1 1 1 7 1 8 1 10 9 12 1 9 12 1 10 12 1 10 7 12 1 1 10 12 1 10 12 1 1 8 1 10 12 1 1 8 1 11 12 1 10 12 11 12 1 1 11 7 12 1 1 1 11 7 12 1 1 11 12 1 1 7 1 11 12 1 10 12 1 8 1 10 12 1 1 8 1 8 1 8 1 8 1 11 12 1 10 12 1 10 12 1 10 12 1 8 1 10 12 1 1 8 1 9 12 1 8 1 10 7 12 1 1 8 1 7 1 9 7 12 1 1 1 10 12 1 7 1 9 12 10 9 12 7 1 10 12 9 12 1 1 8 1 10 12 1 1 8 1 10 7 12 1 1 10 12 1 10 12 1 1 11 7 12 1 1 10 12 10 7 12 1 1 1 9 12 1 1 7 1 8 1 10 12 1 1 10 7 12 1 1 1 7 1 10 12 1 1 10 12 1 8 1 8 1 10 8 1 8 1 8 1 8 1 10 10 7 12 1 1 10 12 1 10 12 1 1 10 12 1 1 10 12 1 10 100 12 1 1 1 10 7 1 8 1 10 10 10 12 1 1 10 12 1 1 8 1 10 12 1 8 1 8 1 10 12 1 10 7 12 1 1 1 10 12 1 1 7 1 10 10 12 1 10 12 1 9 12 1 1 3 1 3 1 1 1 1 1 1 1 1 1 1 1 1 100 1 1 100 1 1 1 1 1 1 1 1 1 1 1 100 1 7 1 1 1 1 1 1 1 1 1 1 1 1 1 1 1 1 1 1 1 1 1 1 1 1 1 1 1 1 1 1 1 1 1 1 1 1 1 1 1 1 1 1 1 1 1 1 1 1 1 1 1 1 1 1 1 1 1 1 100 1 1 1 1 1 1 1 1 1 1 1 1 1 1 1 1 1 1 1 1 1 1 1 1 1 1 1 1 1 1 1 1 1 100 1 1 16 15 10 12 1 1 16 15 10 12 16 1 15 10 100 12 1 1 1 1 1 1 1 1 1 100 1 100 1 1
staticfield java/lang/System in Ljava/io/InputStream; java/io/ByteArrayInputStream
staticfield java/lang/System out Ljava/io/PrintStream; java/io/PrintStream
staticfield java/lang/System err Ljava/io/PrintStream; java/io/PrintStream
instanceKlass com/sun/jna/Native$6
instanceKlass org/eclipse/osgi/internal/permadmin/EquinoxSecurityManager
instanceKlass org/eclipse/osgi/internal/loader/BundleLoader$ClassContext
instanceKlass org/eclipse/osgi/internal/framework/ContextFinder$Finder
ciInstanceKlass java/lang/SecurityManager 1 1 576 10 7 12 1 1 1 9 7 12 1 1 1 10 7 12 1 1 1 100 1 8 1 10 12 1 10 12 1 1 10 7 12 1 1 1 10 7 1 10 100 1 10 9 100 12 1 1 1 10 7 12 1 1 1 10 12 1 1 10 7 12 1 1 100 1 8 1 10 9 12 1 1 9 12 1 8 1 9 12 1 7 1 10 8 1 10 12 1 1 10 12 1 10 12 1 1 100 1 10 10 12 1 1 100 1 8 1 10 12 1 8 1 8 1 8 1 8 1 8 1 8 1 10 12 1 8 1 8 1 8 1 8 1 8 1 10 7 12 1 1 1 10 12 1 1 8 1 100 1 8 1 10 8 1 8 1 8 1 8 1 8 1 10 100 12 1 1 8 1 100 1 8 1 8 1 10 8 1 10 12 1 100 1 8 1 10 10 12 1 1 10 12 1 10 12 1 10 12 1 10 7 12 1 1 1 10 12 1 10 7 12 1 1 11 7 12 1 1 1 18 12 1 1 11 7 12 1 1 1 18 12 1 1 11 12 1 1 18 18 11 12 1 18 12 1 11 12 1 1 9 12 1 1 9 12 1 9 12 1 9 12 1 7 1 10 7 12 1 1 10 12 1 10 12 1 18 12 1 18 10 7 12 1 1 1 18 12 1 10 12 1 18 18 8 1 10 12 1 9 12 1 1 11 7 12 1 1 1 8 1 100 1 10 12 1 10 12 1 1 10 12 1 1 9 12 1 1 10 12 1 10 12 1 1 8 1 100 1 10 9 12 1 8 1 10 12 1 8 1 100 1 10 10 7 12 1 1 10 7 1 9 7 12 1 1 1 11 12 1 1 10 12 1 11 12 1 10 12 1 7 1 10 10 12 1 1 10 12 1 1 1 1 1 1 1 1 1 1 1 7 1 1 1 1 1 1 1 1 1 1 1 1 1 1 1 1 1 1 1 1 1 1 1 1 1 1 1 1 1 1 1 1 1 1 1 1 1 1 1 1 1 1 1 1 1 1 1 1 1 1 1 1 1 1 1 1 3 1 1 1 1 1 1 1 1 1 1 100 1 1 1 1 1 1 1 1 1 1 1 1 1 1 1 1 1 1 1 1 1 1 1 1 1 1 1 1 1 1 1 1 1 1 1 1 1 1 16 15 10 7 12 1 1 1 16 1 16 15 10 12 16 1 15 10 12 16 15 11 7 1 16 1 16 1 15 10 12 16 15 10 12 16 15 10 12 1 16 1 15 11 12 1 15 10 12 16 15 10 16 1 15 10 7 12 1 1 1 1 1 1 100 1 100 1 1
staticfield java/lang/SecurityManager packageAccessLock Ljava/lang/Object; java/lang/Object
staticfield java/lang/SecurityManager packageDefinitionLock Ljava/lang/Object; java/lang/Object
staticfield java/lang/SecurityManager nonExportedPkgs Ljava/util/Map; java/util/concurrent/ConcurrentHashMap
ciInstanceKlass java/security/AccessController 1 1 295 10 7 12 1 1 1 10 7 12 1 1 1 10 7 12 1 1 1 10 12 1 1 10 12 1 1 10 7 12 1 1 1 10 12 1 1 10 12 1 10 12 1 1 10 12 1 100 1 8 1 10 12 1 10 12 1 10 12 1 1 10 12 1 7 1 7 1 10 12 1 1 10 12 1 10 12 1 10 12 1 1 10 7 12 1 1 1 10 12 1 1 9 100 12 1 1 1 10 7 12 1 1 1 10 12 1 10 12 1 9 100 12 1 1 1 10 12 1 10 12 1 1 9 12 1 1 10 100 1 10 11 7 12 1 1 1 10 7 12 1 1 11 7 1 100 1 10 12 1 10 12 1 10 12 1 8 1 10 12 1 1 8 1 10 100 12 1 1 1 8 1 7 1 10 10 12 1 1 10 12 1 10 7 12 1 1 1 10 12 1 8 1 10 7 12 1 1 8 1 8 1 10 12 1 8 1 10 12 1 10 12 1 1 10 12 1 1 1 1 1 1 1 1 1 1 1 1 1 1 1 1 1 1 1 1 1 1 1 1 1 1 1 1 100 1 1 1 1 1 1 1 1 1 1 1 1 1 1 1 1 1 1 1 1 1 1 1 1 1 1 1 1 1 1 1 1 1 1 100 1 100 1 1 1 1 1 1 1 1 1 3 1 1 1
staticfield java/security/AccessController $assertionsDisabled Z 1
instanceKlass org/eclipse/osgi/internal/loader/ModuleClassLoader$GenerationProtectionDomain
ciInstanceKlass java/security/ProtectionDomain 1 1 348 10 7 12 1 1 1 9 7 12 1 1 1 7 1 10 9 12 1 1 9 12 1 1 9 12 1 1 10 7 12 1 1 7 1 9 12 1 9 12 1 1 7 1 9 12 1 1 9 12 1 10 100 12 1 1 10 100 12 1 1 1 10 12 1 1 10 12 1 9 12 1 9 100 12 1 1 10 12 1 1 10 100 1 10 12 1 1 8 1 7 1 8 1 10 12 1 10 11 10 7 12 1 1 1 10 12 1 1 8 1 11 8 1 10 12 1 8 1 8 1 10 12 1 1 10 12 1 10 12 1 1 10 12 1 8 1 10 12 1 8 1 8 1 10 7 12 1 1 1 9 100 12 1 1 1 10 12 1 1 9 100 12 1 1 1 10 7 12 1 1 1 100 1 18 12 1 1 10 7 12 1 1 1 10 7 1 10 12 1 10 12 1 1 11 100 12 1 1 11 12 1 100 1 11 7 12 1 1 1 10 12 1 10 11 12 1 1 11 12 1 1 10 12 1 10 7 12 1 1 10 100 12 1 1 11 12 1 10 12 10 12 1 8 1 8 1 10 7 12 1 1 1 7 1 10 10 7 12 1 1 1 1 1 1 1 1 1 1 7 1 1 7 1 1 1 1 1 1 1 1 1 1 1 1 1 1 1 1 1 1 1 1 1 1 1 1 1 1 1 1 1 1 1 1 1 1 1 1 1 1 1 1 1 1 1 1 7 1 1 1 1 1 1 100 1 1 16 15 10 12 16 15 10 100 12 1 1 1 1 1 1 1 100 1 100 1 1
staticfield java/security/ProtectionDomain filePermCompatInPD Z 0
ciInstanceKlass java/security/CodeSource 1 1 398 10 7 12 1 1 1 9 7 12 1 1 1 9 12 1 1 9 12 1 1 9 12 1 1 10 7 12 1 1 1 9 12 1 1 10 7 12 1 1 10 7 10 7 12 1 1 1 10 100 12 1 1 1 10 12 1 1 7 1 10 10 7 12 1 1 1 10 7 12 1 1 1 10 12 1 1 7 1 10 12 1 1 10 12 1 1 10 12 1 1 10 12 1 10 10 10 12 1 1 10 7 12 1 1 1 10 12 1 10 12 1 10 12 1 8 1 10 12 1 10 12 1 10 12 1 1 10 12 1 8 1 10 12 1 1 10 7 1 10 10 12 1 1 8 1 10 12 1 10 12 1 10 12 1 8 1 8 1 9 12 1 1 100 1 8 1 10 12 1 10 12 1 1 8 1 10 12 1 8 1 8 1 8 1 10 100 12 1 1 10 12 1 1 10 12 1 10 12 1 1 10 12 1 1 10 12 1 1 100 1 100 1 10 12 1 10 12 10 12 1 1 10 100 12 1 1 10 12 1 7 1 10 12 10 100 12 1 1 1 10 8 1 10 12 1 10 12 1 10 12 1 1 100 1 10 12 1 1 100 1 7 1 8 1 8 1 10 10 12 1 1 10 100 12 1 1 1 7 1 10 12 10 12 1 1 11 7 12 1 1 10 10 12 1 11 10 12 1 8 1 100 1 10 12 1 10 12 1 1 10 12 1 11 12 1 1 7 1 1 1 1 5 0 1 1 1 1 1 1 1 1 1 1 1 1 1 1 1 1 1 1 1 1 1 1 1 1 1 1 1 1 1 1 1 1 1 1 1 1 1 1 1 1 1 1 1 1 1 1 1 1 1 1 1 1 1 1 1 1 1 1 1 1 1 1 1 1 1 1 100 1 1 1 1 1 1 1
ciInstanceKlass java/lang/Boolean 1 1 152 10 7 12 1 1 1 9 7 12 1 1 1 10 12 1 1 10 12 1 8 1 10 7 12 1 1 9 12 1 1 9 12 1 10 12 1 1 10 12 1 1 10 12 1 1 10 7 12 1 1 1 100 1 100 1 10 12 1 1 9 100 12 1 1 9 12 10 100 12 1 1 1 10 12 1 1 8 1 10 7 12 1 1 1 9 12 1 1 7 1 7 1 7 1 1 1 1 1 1 5 0 1 1 1 1 1 1 1 1 1 1 3 1 1 1 1 1 1 1 1 1 1 1 1 1 1 1 1 1 1 7 1 1 1 1 1 1 1 1 1 1 100 1 1 1 1 1 1 1 1 1
staticfield java/lang/Boolean TRUE Ljava/lang/Boolean; java/lang/Boolean
staticfield java/lang/Boolean FALSE Ljava/lang/Boolean; java/lang/Boolean
staticfield java/lang/Boolean TYPE Ljava/lang/Class; java/lang/Class
ciInstanceKlass java/lang/Comparable 1 0 12 100 1 100 1 1 1 1 1 1 1 1
ciInstanceKlass java/lang/constant/Constable 1 0 11 100 1 100 1 1 1 1 1 1 1
ciInstanceKlass java/util/Map 1 1 263 11 7 12 1 1 1 11 12 1 1 10 7 12 1 1 11 12 1 1 11 7 12 1 1 1 11 7 12 1 1 1 11 12 1 1 7 1 11 12 1 11 12 1 100 1 100 1 10 12 1 1 11 7 12 1 1 1 11 100 12 1 1 1 11 12 1 11 12 1 10 12 1 1 11 12 1 11 7 12 1 9 7 12 1 1 1 7 1 10 12 7 1 7 1 10 12 1 7 1 10 7 1 11 12 1 11 12 1 1 11 12 1 1 7 1 11 12 1 1 1 1 1 1 1 1 1 1 1 1 1 1 1 1 1 1 1 1 1 1 1 1 1 1 1 1 1 1 1 1 1 1 1 1 1 1 1 1 1 1 1 1 1 1 1 1 1 1 1 1 1 1 1 1 1 1 1 1 1 1 1 1 1 1 1 1 1 1 1 1 1 1 1 1 1 1 1 1 1 1 1 1 1 1 1 1 1 1 1 1 1 1 1 1 1 1 1 1 1 1 1 1 1 1 1 1 1 1 1 1 1 1 1 1 1 1 1 1 1 1 1 1 1 1 100 1 1 1 1 1 1 1 1 1 1 1 1 1 1 1 1 1 1
ciInstanceKlass java/lang/Class 1 1 1687 10 7 12 1 1 1 9 7 12 1 1 1 9 12 1 1 10 12 1 1 8 1 10 12 1 8 1 8 1 10 12 1 1 10 7 12 1 1 1 10 12 1 7 1 10 10 12 1 10 12 1 1 10 12 1 1 10 12 1 1 10 7 12 1 1 10 12 1 10 12 1 10 12 1 8 1 10 12 1 8 1 10 12 1 8 1 8 1 10 12 1 1 10 7 12 1 1 1 18 12 1 1 11 7 12 1 1 1 8 1 8 1 8 1 10 7 12 1 1 1 11 12 1 1 8 1 10 12 1 10 11 100 12 1 1 1 11 7 12 1 1 1 11 8 1 18 8 1 10 12 1 10 7 12 1 1 10 12 1 1 10 7 12 1 1 1 10 12 1 1 10 12 1 1 10 7 12 1 1 1 10 12 9 100 12 1 1 1 10 7 12 1 1 1 10 12 1 10 7 12 1 1 1 10 12 1 1 18 12 1 1 10 7 12 1 1 1 10 7 12 1 10 12 1 1 10 7 1 7 1 10 12 1 1 9 12 1 1 7 1 8 1 10 12 1 10 12 1 1 10 12 1 1 10 7 12 1 1 1 7 1 10 12 1 7 1 7 1 10 10 12 1 1 10 12 1 1 100 1 10 7 12 1 1 1 10 12 1 1 10 12 1 1 9 12 1 1 10 12 1 10 12 1 1 9 12 1 1 9 12 1 1 10 12 1 1 10 7 1 10 12 1 10 12 1 10 12 1 1 10 9 12 1 10 12 1 8 1 10 12 1 1 10 12 1 1 10 12 1 10 12 1 1 10 12 1 1 10 12 1 1 9 7 12 1 1 1 10 7 12 1 1 10 12 10 12 1 10 12 1 10 12 1 10 12 1 9 100 12 1 1 1 9 12 1 10 12 1 10 100 12 1 1 1 10 12 1 1 10 100 12 1 1 10 12 1 10 12 1 1 10 100 12 1 1 1 10 12 1 10 12 1 1 10 12 1 10 12 1 10 12 1 1 10 7 1 10 10 10 12 1 1 10 12 1 1 10 12 10 10 12 1 1 7 1 8 1 10 10 12 1 1 10 12 1 100 1 11 12 1 10 100 12 1 1 10 12 1 10 12 1 10 100 12 1 1 10 10 12 1 1 8 1 10 12 1 10 12 1 1 8 1 10 12 1 9 12 1 10 12 1 10 12 1 10 12 1 10 12 7 1 9 12 1 10 12 1 9 12 1 10 12 1 10 12 1 10 12 1 10 10 12 1 10 12 1 10 7 12 1 1 10 12 1 10 12 1 10 12 1 1 10 12 1 10 12 1 10 12 1 100 1 10 12 1 10 12 1 1 10 12 1 1 10 12 1 1 10 12 1 1 10 12 1 1 10 12 1 1 7 1 10 10 12 1 1 10 12 1 1 10 12 1 1 10 10 12 1 10 12 1 1 10 12 1 1 10 12 1 1 10 12 1 1 7 1 10 10 12 11 7 12 1 1 10 12 1 10 12 1 10 7 12 1 1 1 10 12 1 1 10 10 12 1 1 7 1 10 10 12 1 1 10 7 12 1 1 1 100 1 7 1 10 12 1 1 10 12 1 10 10 12 1 1 10 12 1 10 12 1 10 12 1 10 100 12 1 1 1 11 7 12 1 1 10 12 1 10 12 1 9 12 1 10 12 1 1 10 12 1 9 7 12 1 1 1 9 12 1 10 100 12 1 1 1 10 12 1 10 12 1 10 100 12 1 1 1 10 12 1 10 12 10 12 1 1 100 1 10 8 1 10 12 1 11 11 12 1 1 11 7 12 1 1 11 12 1 8 1 10 12 1 10 12 1 1 9 12 1 9 12 1 1 10 7 12 1 1 9 12 1 10 12 1 1 10 10 12 1 10 7 12 1 1 1 10 7 12 1 1 10 7 12 1 1 9 12 1 1 10 12 1 9 12 1 10 12 1 10 12 1 1 9 12 1 1 9 12 1 10 12 1 10 12 1 1 9 12 1 100 1 10 10 12 1 1 7 1 10 12 1 1 100 11 7 1 9 12 1 1 9 12 1 7 1 10 12 1 9 12 1 1 9 12 1 10 12 1 10 12 1 1 9 12 1 7 1 10 10 12 1 1 10 10 12 1 10 12 10 10 12 1 9 12 1 10 12 1 1 10 7 12 1 1 1 10 12 1 1 10 12 1 8 10 7 8 1 18 8 1 8 1 10 12 1 9 12 1 9 12 1 1 10 12 1 7 1 7 1 10 12 1 9 12 1 1 7 1 10 10 12 1 10 7 1 9 12 1 8 1 10 12 1 7 1 10 12 1 10 12 1 1 100 1 7 1 9 12 1 100 1 8 1 10 10 7 12 1 1 1 10 12 11 7 12 1 1 1 10 12 1 10 12 1 1 10 8 1 8 1 10 12 1 1 9 7 12 1 1 11 12 7 1 11 7 12 1 1 9 12 1 10 100 12 1 1 1 10 7 12 1 1 10 12 1 1 9 12 1 9 10 12 1 1 10 12 1 1 10 12 1 1 10 12 1 1 10 12 1 1 11 12 1 7 1 11 12 1 10 7 12 1 1 1 10 12 1 11 12 1 10 7 12 1 1 1 10 12 1 10 7 12 1 1 1 11 12 1 11 12 1 1 10 12 1 10 12 1 1 9 12 1 1 9 7 12 1 1 10 12 1 10 7 12 1 1 1 10 12 1 1 10 12 1 10 12 1 10 12 1 10 7 12 1 1 1 10 12 1 8 1 10 12 1 10 12 1 10 12 1 100 1 10 12 10 100 12 1 1 1 11 100 12 1 1 1 10 12 1 1 10 12 1 18 12 1 1 11 12 1 1 18 11 12 1 18 12 1 11 12 1 10 12 1 1 10 12 1 10 12 1 10 12 1 10 12 1 10 12 10 12 1 8 1 10 12 1 7 1 9 12 1 1 7 1 7 1 7 1 7 1 1 1 3 1 3 1 3 1 1 1 1 1 1 1 5 0 1 1 1 1 1 1 1 1 1 1 1 1 1 1 1 1 1 1 1 1 1 1 1 1 100 1 1 1 1 1 1 1 100 1 1 1 1 1 7 1 1 1 1 1 1 1 1 1 1 1 1 1 1 1 1 1 1 1 1 1 1 1 1 1 1 1 1 1 1 1 1 1 1 1 1 1 1 1 1 1 1 100 1 1 1 1 1 1 1 1 1 1 1 1 1 1 1 1 1 1 1 1 1 1 1 1 1 1 1 1 1 1 1 100 1 1 1 1 1 1 1 1 1 1 1 1 1 1 1 1 1 1 1 1 3 1 1 1 1 1 1 1 1 1 1 1 1 1 1 1 1 1 1 1 1 1 1 1 1 1 1 1 1 1 1 1 1 1 1 1 7 1 7 1 1 1 1 1 1 1 7 1 1 1 1 1 1 1 1 1 1 1 1 1 1 1 1 1 1 1 1 1 1 1 1 1 1 1 1 1 1 1 1 1 1 1 1 1 1 1 1 1 1 1 1 1 1 1 1 1 1 1 1 1 1 1 1 1 1 1 1 1 1 1 1 1 1 1 1 1 1 1 1 1 1 1 1 1 1 1 1 1 1 1 1 1 1 1 1 1 1 1 1 1 1 1 1 1 1 1 1 1 1 1 1 1 1 1 1 1 1 1 1 1 1 1 1 1 1 1 1 1 1 1 1 16 15 10 12 16 15 11 12 16 1 16 15 16 15 10 12 16 16 15 10 12 16 15 16 1 15 10 12 16 15 10 7 12 1 1 1 1 1 1 1 1 1 1 1 1 1 7 1 1 100 1 100 1 1 100 1 100 1 1 100 1 100 1 1
staticfield java/lang/Class EMPTY_CLASS_ARRAY [Ljava/lang/Class; 0 [Ljava/lang/Class;
staticfield java/lang/Class serialPersistentFields [Ljava/io/ObjectStreamField; 0 [Ljava/io/ObjectStreamField;
ciInstanceKlass java/lang/reflect/AnnotatedElement 1 1 164 11 7 12 1 1 1 11 12 1 1 7 1 10 100 12 1 1 1 10 12 1 1 10 12 1 1 10 12 1 10 100 12 1 1 1 11 12 1 1 11 7 12 1 1 10 7 12 1 1 1 10 12 1 10 100 12 1 1 1 18 12 1 1 11 100 12 1 1 18 12 1 18 12 1 1 10 100 12 1 1 1 11 100 12 1 1 1 7 1 10 100 12 1 1 1 1 1 1 1 1 1 1 1 1 1 1 1 1 1 1 1 1 1 1 1 1 1 100 1 1 1 1 1 1 1 1 1 1 1 16 15 16 1 16 1 15 11 12 16 16 1 15 10 100 12 1 1 1 16 1 15 10 100 12 1 1 1 1 100 1 100 1 1
ciInstanceKlass java/lang/invoke/TypeDescriptor 1 0 17 100 1 100 1 1 1 1 1 1 100 1 100 1 1 1 1
ciInstanceKlass java/lang/reflect/GenericDeclaration 1 0 30 7 1 7 1 7 1 1 1 1 1 1 1 1 100 1 8 1 1 12 10 1 1 1 8 1 1 1 8 1
ciInstanceKlass java/lang/reflect/Type 1 1 17 11 100 12 1 1 1 100 1 1 1 1 1 1 1 1 1
ciInstanceKlass java/lang/invoke/TypeDescriptor$OfField 1 0 21 100 1 100 1 100 1 1 1 1 1 1 1 1 1 1 1 1 1 1 1
ciMethod java/lang/Class isPrimitive ()Z 256 0 128 0 -1
ciInstanceKlass java/lang/StringBuilder 1 1 422 10 7 12 1 1 1 10 12 1 10 12 1 10 12 1 1 10 7 12 1 1 1 10 7 12 1 1 1 10 12 1 10 12 1 10 12 1 10 12 1 10 12 1 10 12 1 10 12 1 10 12 1 10 12 1 10 12 1 10 12 1 10 12 1 10 12 1 10 12 1 1 10 12 1 10 12 1 1 10 12 1 1 10 12 1 10 12 1 10 12 1 10 12 1 10 12 1 10 12 1 10 12 1 10 12 10 12 1 10 12 1 10 12 1 10 12 1 1 10 12 1 10 12 1 10 12 10 12 1 1 10 12 1 10 12 1 10 12 1 10 100 12 1 1 1 9 12 1 1 10 12 1 10 12 1 1 10 12 1 1 9 12 1 1 10 100 12 1 1 1 10 100 1 10 12 1 1 10 100 12 1 1 10 12 1 10 12 1 1 100 1 100 1 8 1 10 10 12 1 1 10 12 1 10 12 1 10 12 1 1 10 12 1 10 12 1 10 12 1 10 12 1 10 12 1 10 12 10 12 1 10 12 1 10 12 1 10 12 1 10 12 1 10 12 1 10 12 1 10 12 1 10 12 1 1 10 12 1 1 10 12 1 10 12 1 10 12 1 10 12 10 12 10 12 1 10 12 1 10 12 1 10 12 10 12 1 10 12 1 10 12 1 10 12 1 10 12 1 10 12 1 10 12 1 10 12 1 10 12 1 1 10 12 1 10 12 1 1 10 12 1 10 12 1 1 10 12 1 10 12 1 1 10 12 1 10 12 1 10 12 1 10 10 12 1 10 12 1 7 1 7 1 7 1 7 1 1 1 1 5 0 1 1 1 1 1 1 1 1 1 1 1 1 1 1 1 1 1 1 1 1 1 1 1 1 1 1 1 1 1 1 1 1 1 1 1 1 1 1 1 1 1 1 1 1 100 1 1 1 7 1 1 1 1 1 1 1 1 1 1 1
instanceKlass java/lang/StringBuilder
instanceKlass java/lang/StringBuffer
ciInstanceKlass java/lang/AbstractStringBuilder 1 1 607 7 1 10 7 12 1 1 1 9 7 12 1 1 1 9 12 1 9 12 1 1 9 12 1 1 10 7 12 1 1 1 10 12 1 1 7 1 3 3 10 12 1 10 12 1 1 11 7 1 100 1 7 1 10 8 1 10 12 1 10 12 1 10 12 1 1 10 12 1 10 12 1 9 12 1 10 12 1 9 12 1 1 10 12 1 1 10 7 12 1 1 1 10 10 12 1 10 12 1 10 12 1 1 10 12 1 1 10 7 12 1 1 1 10 7 12 1 1 1 7 1 8 1 10 10 12 1 1 100 1 10 12 10 12 1 1 10 10 12 1 1 10 12 1 1 10 12 1 1 10 12 1 1 10 10 7 12 1 1 1 10 12 1 100 1 10 10 7 12 1 1 1 9 12 1 1 9 12 1 10 12 1 1 10 10 12 1 1 10 12 10 12 1 10 12 1 1 10 12 1 1 10 12 1 1 10 12 1 10 12 1 1 10 12 1 1 10 12 1 10 12 1 1 8 1 10 12 1 1 10 12 1 10 12 1 10 12 1 10 12 1 10 12 1 10 12 1 10 7 12 1 1 10 12 1 10 12 1 10 7 12 1 1 1 100 1 100 1 10 12 1 10 100 12 1 1 10 12 1 10 12 1 1 10 12 1 10 12 1 1 10 12 1 10 12 1 1 10 12 1 1 10 10 7 12 1 1 1 10 12 1 10 12 1 10 12 1 1 10 12 1 10 12 1 10 12 1 10 12 1 10 12 1 10 12 1 10 12 1 10 12 1 1 10 12 1 10 12 1 10 12 10 12 1 1 18 12 1 1 100 1 10 100 12 1 1 1 18 10 12 1 1 10 12 1 1 10 12 1 10 12 1 1 11 12 1 1 10 12 1 10 12 1 10 12 10 10 10 12 1 10 5 0 10 10 12 1 1 100 1 8 1 10 10 12 1 1 10 100 12 1 1 1 10 12 1 10 12 1 1 100 1 10 12 100 1 10 100 1 10 7 1 1 1 1 1 1 1 1 1 1 1 100 1 1 1 1 1 1 1 1 1 1 1 1 1 1 1 1 1 1 1 1 1 1 1 1 1 1 1 1 1 1 1 1 1 1 1 1 1 1 1 1 1 1 1 1 1 1 1 1 1 1 1 1 1 1 1 1 1 1 1 1 1 1 1 1 1 1 1 1 1 1 1 1 1 1 1 1 1 1 1 1 1 1 1 1 1 1 1 1 1 1 1 1 1 1 1 1 1 1 1 1 100 1 1 1 1 1 1 1 1 1 1 1 1 1 1 1 1 1 100 1 1 1 1 1 1 7 1 1 16 1 15 10 12 16 15 10 12 15 10 100 12 1 1 1 1 1 1 1 100 1 100 1 1
staticfield java/lang/AbstractStringBuilder EMPTYVALUE [B 0
ciMethod java/lang/StringBuilder toString ()Ljava/lang/String; 14 0 165811 0 -1
ciMethod java/lang/StringBuilder setLength (I)V 2 0 1993 0 -1
ciInstanceKlass java/lang/Appendable 1 0 14 100 1 100 1 1 1 1 100 1 1 1 1 1
ciInstanceKlass java/lang/CharSequence 1 1 131 11 7 12 1 1 1 18 12 1 1 100 1 10 100 12 1 1 1 18 10 100 12 1 1 1 11 12 1 1 11 7 1 11 12 1 1 10 100 12 1 1 1 11 12 1 1 100 1 10 12 1 1 10 100 12 1 1 1 100 1 10 10 12 1 1 7 1 1 1 1 1 1 1 1 1 1 1 1 1 1 1 1 1 1 1 1 1 1 1 1 1 1 1 1 1 1 1 1 1 16 1 15 11 12 16 15 11 12 15 10 100 12 1 1 1 1 1 100 1 100 1 1 100 1 1 100 1 100 1 1
ciInstanceKlass java/io/PrintStream 1 1 413 100 1 10 12 1 1 8 1 10 7 12 1 1 1 10 7 12 1 1 1 100 1 100 1 100 1 10 10 7 12 1 1 9 12 1 1 9 12 1 9 12 1 10 12 1 1 10 12 1 9 12 1 7 1 10 12 1 9 12 1 1 7 1 10 12 1 9 12 1 1 10 7 12 1 1 1 10 7 12 1 1 1 9 12 1 1 10 12 1 10 12 1 8 1 7 1 10 12 1 10 12 1 100 1 10 10 12 1 8 10 12 1 9 12 1 1 100 1 8 1 10 10 12 1 10 12 1 10 12 1 10 12 1 10 12 1 10 12 1 10 12 1 10 10 10 12 1 1 10 12 1 1 100 1 10 7 12 1 1 1 10 12 1 10 12 1 10 12 1 10 12 10 10 12 1 10 12 10 12 1 10 10 12 1 10 12 1 10 12 10 12 10 7 12 1 1 1 10 12 10 12 1 10 12 1 1 10 10 12 1 10 12 1 10 12 1 10 12 1 10 12 1 10 10 12 1 10 10 12 1 10 12 1 1 10 12 1 10 12 10 12 1 10 12 1 10 12 1 10 12 10 12 10 12 10 12 1 1 10 12 1 10 12 1 1 9 12 1 1 10 100 12 1 1 1 9 100 12 1 1 1 10 100 12 1 1 1 10 12 1 10 12 1 10 12 1 10 12 1 8 1 11 7 12 1 1 1 10 12 1 1 10 12 1 10 12 1 7 1 10 12 10 7 12 1 1 1 7 1 7 1 1 1 1 1 1 1 1 1 1 1 1 1 1 1 1 100 1 1 1 1 1 1 1 1 100 1 1 1 1 1 1 1 7 1 1 1 1 1 1 1 1 1 1 1 1 100 1 1 1 100 1 1 1 1 1 1 1 1 1 1 1 1 1 1 1 1 100 1 1 1 1 1 1 1 1 1 1 1 1 1 1
ciInstanceKlass java/lang/AutoCloseable 1 0 12 100 1 100 1 1 1 1 100 1 1 1
ciInstanceKlass java/io/Closeable 1 0 14 100 1 100 1 100 1 1 1 1 100 1 1 1
instanceKlass org/codehaus/plexus/interpolation/reflection/MethodMap$AmbiguousException
instanceKlass org/eclipse/jface/text/BadPartitioningException
instanceKlass org/eclipse/jface/text/BadPositionCategoryException
instanceKlass org/eclipse/core/commands/common/CommandException
instanceKlass org/apache/commons/codec/EncoderException
instanceKlass org/apache/commons/codec/DecoderException
instanceKlass org/apache/maven/model/resolution/InvalidRepositoryException
instanceKlass org/apache/maven/model/resolution/UnresolvableModelException
instanceKlass org/apache/maven/toolchain/building/ToolchainsBuildingException
instanceKlass org/codehaus/plexus/component/composition/CycleDetectedInComponentGraphException
instanceKlass org/codehaus/plexus/configuration/PlexusConfigurationException
instanceKlass org/apache/maven/lifecycle/internal/builder/BuilderNotFoundException
instanceKlass org/apache/maven/lifecycle/NoGoalSpecifiedException
instanceKlass org/apache/maven/artifact/repository/metadata/RepositoryMetadataReadException
instanceKlass org/apache/maven/artifact/repository/metadata/RepositoryMetadataStoreException
instanceKlass org/sonatype/plexus/components/sec/dispatcher/SecDispatcherException
instanceKlass org/sonatype/plexus/components/cipher/PlexusCipherException
instanceKlass org/apache/maven/artifact/installer/ArtifactInstallationException
instanceKlass org/apache/maven/lifecycle/MissingProjectException
instanceKlass org/apache/maven/configuration/BeanConfigurationException
instanceKlass org/apache/maven/lifecycle/LifecycleExecutionException
instanceKlass org/apache/maven/model/building/ModelBuildingException
instanceKlass org/apache/maven/repository/ArtifactDoesNotExistException
instanceKlass org/apache/maven/repository/ArtifactTransferFailedException
instanceKlass org/apache/maven/repository/metadata/MetadataResolutionException
instanceKlass org/apache/http/HttpException
instanceKlass sun/security/pkcs11/wrapper/PKCS11Exception
instanceKlass org/apache/maven/plugin/version/PluginVersionNotFoundException
instanceKlass org/apache/maven/plugin/InvalidPluginException
instanceKlass org/apache/maven/repository/metadata/MetadataGraphTransformationException
instanceKlass org/apache/maven/repository/metadata/GraphConflictResolutionException
instanceKlass org/codehaus/plexus/component/repository/exception/ComponentLifecycleException
instanceKlass org/apache/maven/wagon/WagonException
instanceKlass org/apache/maven/toolchain/MisconfiguredToolchainException
instanceKlass org/apache/maven/lifecycle/LifecycleNotFoundException
instanceKlass org/apache/maven/lifecycle/LifecyclePhaseNotFoundException
instanceKlass org/apache/maven/plugin/prefix/NoPluginFoundForPrefixException
instanceKlass org/codehaus/plexus/personality/plexus/lifecycle/phase/InitializationException
instanceKlass org/apache/maven/project/interpolation/ModelInterpolationException
instanceKlass org/apache/maven/repository/legacy/resolver/conflict/ConflictResolverNotFoundException
instanceKlass org/apache/maven/BuildFailureException
instanceKlass org/apache/maven/MavenExecutionException
instanceKlass org/apache/commons/cli/ParseException
instanceKlass org/codehaus/plexus/interpolation/InterpolationException
instanceKlass org/apache/maven/cli/MavenCli$ExitException
instanceKlass org/apache/maven/artifact/deployer/ArtifactDeploymentException
instanceKlass org/apache/maven/project/DependencyResolutionException
instanceKlass org/apache/maven/artifact/repository/metadata/RepositoryMetadataResolutionException
instanceKlass org/apache/maven/repository/legacy/metadata/ArtifactMetadataRetrievalException
instanceKlass sun/security/ec/ECOperations$IntermediateValueException
instanceKlass sun/nio/fs/WindowsException
instanceKlass org/eclipse/equinox/security/storage/StorageException
instanceKlass javax/xml/transform/TransformerException
instanceKlass org/eclipse/jface/text/templates/TemplateException
instanceKlass com/google/common/collect/RegularImmutableMap$BucketOverflowException
instanceKlass com/google/inject/internal/ErrorsException
instanceKlass lombok/eclipse/agent/PatchDelegate$CantMakeDelegates
instanceKlass com/google/inject/internal/InternalProvisionException
instanceKlass org/codehaus/plexus/context/ContextException
instanceKlass org/codehaus/plexus/PlexusContainerException
instanceKlass org/codehaus/plexus/util/xml/pull/XmlPullParserException
instanceKlass org/eclipse/jface/text/BadLocationException
instanceKlass org/eclipse/jdt/core/compiler/InvalidInputException
instanceKlass org/eclipse/jdt/internal/compiler/classfmt/ClassFormatException
instanceKlass org/apache/maven/artifact/versioning/InvalidVersionSpecificationException
instanceKlass java/text/ParseException
instanceKlass org/codehaus/plexus/component/configurator/expression/ExpressionEvaluationException
instanceKlass org/codehaus/plexus/classworlds/ClassWorldException
instanceKlass org/apache/maven/cli/internal/ExtensionResolutionException
instanceKlass org/codehaus/plexus/component/configurator/ComponentConfigurationException
instanceKlass org/apache/maven/plugin/InvalidPluginDescriptorException
instanceKlass org/apache/maven/plugin/MojoNotFoundException
instanceKlass org/apache/maven/plugin/PluginDescriptorParsingException
instanceKlass org/apache/maven/artifact/resolver/AbstractArtifactResolutionException
instanceKlass org/apache/maven/plugin/version/PluginVersionResolutionException
instanceKlass org/apache/maven/artifact/InvalidRepositoryException
instanceKlass org/apache/maven/plugin/AbstractMojoExecutionException
instanceKlass org/apache/maven/plugin/PluginResolutionException
instanceKlass org/apache/maven/plugin/PluginConfigurationException
instanceKlass org/apache/maven/plugin/PluginManagerException
instanceKlass org/apache/maven/settings/building/SettingsBuildingException
instanceKlass org/apache/maven/execution/MavenExecutionRequestPopulationException
instanceKlass org/apache/maven/project/ProjectBuildingException
instanceKlass org/eclipse/aether/RepositoryException
instanceKlass org/codehaus/plexus/component/repository/exception/ComponentLookupException
instanceKlass org/apache/maven/project/DuplicateProjectException
instanceKlass org/codehaus/plexus/util/dag/CycleDetectedException
instanceKlass ch/qos/logback/core/util/DynamicClassLoadingException
instanceKlass ch/qos/logback/core/util/IncompatibleClassException
instanceKlass ch/qos/logback/core/joran/spi/JoranException
instanceKlass java/util/concurrent/TimeoutException
instanceKlass org/osgi/service/application/ApplicationException
instanceKlass org/eclipse/core/runtime/CoreException
instanceKlass org/osgi/service/prefs/BackingStoreException
instanceKlass org/apache/felix/scr/impl/inject/methods/SuitableMethodNotAccessibleException
instanceKlass org/xml/sax/SAXException
instanceKlass java/util/concurrent/ExecutionException
instanceKlass java/lang/CloneNotSupportedException
instanceKlass javax/xml/parsers/ParserConfigurationException
instanceKlass org/osgi/service/resolver/ResolutionException
instanceKlass java/security/GeneralSecurityException
instanceKlass org/eclipse/osgi/container/ModuleContainer$ResolutionLockException
instanceKlass java/security/PrivilegedActionException
instanceKlass org/osgi/framework/InvalidSyntaxException
instanceKlass java/lang/InterruptedException
instanceKlass org/osgi/framework/BundleException
instanceKlass java/net/URISyntaxException
instanceKlass java/lang/instrument/UnmodifiableClassException
instanceKlass java/io/IOException
instanceKlass java/lang/ReflectiveOperationException
instanceKlass java/lang/RuntimeException
ciInstanceKlass java/lang/Exception 1 1 40 10 7 12 1 1 1 10 12 1 10 12 1 10 12 1 10 12 1 100 1 1 1 1 5 0 1 1 1 1 1 1 1 1 1 1 1 1 1 1
instanceKlass org/apache/maven/artifact/repository/metadata/RepositoryMetadataDeploymentException
instanceKlass org/apache/maven/artifact/repository/metadata/RepositoryMetadataInstallationException
instanceKlass lombok/eclipse/agent/PatchDelegate$DelegateRecursion
instanceKlass java/lang/Exception
instanceKlass java/lang/Error
ciInstanceKlass java/lang/Throwable 1 1 404 10 7 12 1 1 1 9 7 12 1 1 1 9 12 1 1 9 12 1 9 12 1 1 9 12 1 10 12 1 1 9 12 1 1 10 12 1 1 10 12 1 100 1 7 1 10 8 1 10 12 1 1 8 1 10 100 12 1 1 10 10 12 1 100 1 8 1 10 10 12 1 1 10 7 12 1 1 10 12 1 8 1 9 7 12 1 1 1 10 12 1 1 100 1 10 12 10 12 1 10 7 12 1 1 1 7 1 10 12 10 12 1 10 12 1 7 1 10 10 7 12 1 1 1 11 7 12 1 1 1 10 12 1 1 10 12 1 1 8 1 10 12 1 10 12 1 1 8 1 8 1 10 12 1 1 10 12 1 8 1 8 1 9 12 1 1 10 12 1 1 100 1 10 11 12 1 8 1 8 1 10 7 12 1 1 8 1 10 12 1 8 1 7 1 10 12 1 9 12 1 1 10 12 1 10 7 12 1 9 12 1 1 10 12 1 1 100 1 8 1 10 12 1 10 100 12 1 1 10 12 1 1 7 1 10 100 12 1 1 1 10 12 1 11 7 12 1 1 1 11 7 12 1 1 11 12 1 8 1 10 12 1 1 8 1 10 10 9 100 12 1 1 1 8 1 10 12 1 1 11 10 100 1 8 1 10 11 12 1 1 8 1 9 12 1 10 100 12 1 1 11 9 12 1 1 11 12 1 1 100 10 12 1 10 12 1 1 7 1 1 1 1 5 0 1 1 1 1 1 1 1 1 1 1 1 1 1 7 1 1 1 1 1 1 1 1 1 1 1 1 1 1 1 1 1 1 1 1 1 1 1 1 1 1 1 1 1 1 1 1 1 1 1 1 1 1 1 1 1 1 1 1 100 1 7 1 1 1 1 1 1 1 1 1 1 1 1 1 1 1 1 1 1
staticfield java/lang/Throwable UNASSIGNED_STACK [Ljava/lang/StackTraceElement; 0 [Ljava/lang/StackTraceElement;
staticfield java/lang/Throwable SUPPRESSED_SENTINEL Ljava/util/List; java/util/Collections$EmptyList
staticfield java/lang/Throwable EMPTY_THROWABLE_ARRAY [Ljava/lang/Throwable; 0 [Ljava/lang/Throwable;
staticfield java/lang/Throwable $assertionsDisabled Z 1
ciMethod java/lang/Throwable printStackTrace (Ljava/io/PrintStream;)V 0 0 1 0 -1
instanceKlass org/eclipse/jdt/internal/compiler/util/Messages$MessagesProperties
instanceKlass org/eclipse/core/internal/resources/SaveManager$MasterTable
instanceKlass org/eclipse/osgi/util/NLS$MessagesProperties
instanceKlass org/eclipse/core/internal/preferences/SortedProperties
instanceKlass java/security/Provider
ciInstanceKlass java/util/Properties 1 1 690 10 7 12 1 1 1 100 1 10 7 12 1 1 7 1 10 12 1 9 12 1 1 9 12 1 1 9 12 1 1 10 7 12 1 1 1 10 12 1 1 8 1 10 7 12 1 1 1 7 1 10 12 1 10 12 1 1 8 1 10 12 1 7 1 10 12 10 12 1 1 9 12 1 1 10 12 1 1 7 1 10 12 1 10 12 1 10 12 1 1 100 1 8 1 10 12 1 10 12 1 10 12 1 1 10 12 1 7 1 3 10 10 100 12 1 1 1 10 12 1 10 12 1 1 8 1 10 12 1 10 12 1 1 8 1 10 100 12 1 1 10 12 1 1 10 12 1 10 12 1 1 100 1 10 12 1 10 12 1 1 100 1 9 100 12 1 1 1 10 12 1 10 12 1 1 10 12 1 1 10 12 1 1 100 1 9 12 1 1 7 1 7 1 10 12 1 7 1 11 7 12 1 1 1 11 12 1 1 11 7 12 1 1 1 11 7 12 1 1 1 11 12 1 1 11 12 1 11 12 1 10 12 1 1 8 1 10 12 1 10 100 12 1 1 10 12 1 100 1 10 10 12 1 10 12 1 100 1 10 10 12 1 1 10 7 12 1 1 9 100 12 1 1 10 12 1 1 10 100 12 1 1 1 100 1 100 1 100 1 10 8 1 8 1 10 12 1 10 12 1 10 12 1 1 10 10 12 1 1 10 12 1 1 7 1 10 10 12 1 11 7 12 1 1 10 7 12 1 1 1 8 1 10 100 12 1 1 11 11 7 1 8 1 10 100 1 11 10 12 1 10 10 12 1 10 12 1 1 10 12 1 1 10 12 1 1 10 12 1 10 12 1 10 10 12 1 10 12 1 10 12 1 10 10 12 1 1 10 12 1 1 10 10 12 1 10 12 1 10 12 1 10 12 1 10 12 1 1 10 12 1 1 10 12 1 10 12 1 10 12 1 1 10 12 10 12 1 1 10 12 1 1 10 12 1 10 12 1 1 10 12 1 1 10 12 10 11 12 1 4 11 10 12 1 1 10 100 12 1 1 11 12 1 10 12 1 1 10 100 12 1 1 10 12 1 100 1 8 1 10 12 1 10 10 100 12 1 1 1 100 1 6 0 10 12 1 1 11 100 12 1 1 1 10 12 1 10 12 1 1 1 1 1 5 0 1 1 1 1 1 1 1 1 1 1 1 1 1 1 1 1 1 1 1 1 1 1 1 1 1 1 1 1 1 1 1 1 1 1 1 1 1 1 1 100 1 1 1 1 1 1 1 1 1 1 1 1 1 1 1 1 1 1 1 1 100 1 1 1 1 1 1 1 1 1 1 1 1 7 1 7 1 1 1 1 1 100 1 1 1 1 1 1 1 1 1 1 1 1 1 1 1 1 1 1 1 1 1 1 1 1 1 1 1 1 1 1 1 1 1 1 1 1 1 1 1 1 1 1 1 1 1 1 1 1 1 1 1 1 1 1 1 1 1 1 1 1 1 1 1 1 1 1 1 1 1 1 1 1 1 1 1 1 1 7 1 1 1 1 1 1 1 1 1 1 1 100 1 1
staticfield java/util/Properties UNSAFE Ljdk/internal/misc/Unsafe; jdk/internal/misc/Unsafe
instanceKlass org/apache/felix/scr/impl/helper/ReadOnlyDictionary
instanceKlass org/osgi/framework/FrameworkUtil$MapAsDictionary
instanceKlass org/eclipse/osgi/framework/util/CaseInsensitiveDictionaryMap$UnmodifiableDictionary
instanceKlass org/eclipse/osgi/framework/util/CaseInsensitiveDictionaryMap
instanceKlass org/eclipse/osgi/internal/framework/EquinoxBundle$SystemBundle$SystemBundleHeaders
instanceKlass org/eclipse/osgi/storage/BundleInfo$CachedManifest
instanceKlass java/util/Hashtable
ciInstanceKlass java/util/Dictionary 1 1 36 10 7 12 1 1 1 100 1 1 1 1 1 1 1 1 1 1 1 1 1 1 1 1 1 1 1 1 1 1 1 1 1 1 1 1
instanceKlass java/util/Properties
ciInstanceKlass java/util/Hashtable 1 1 516 7 1 10 7 12 1 1 1 9 7 12 1 1 1 100 1 7 1 10 8 1 10 12 1 1 10 12 1 10 12 1 1 10 12 1 10 7 12 1 1 1 8 1 10 12 1 9 12 1 1 7 1 9 12 1 1 4 10 7 12 1 1 1 9 12 1 4 10 12 1 11 7 12 1 1 1 10 12 1 1 10 12 1 1 9 12 1 10 12 1 1 100 1 10 9 12 1 1 10 7 12 1 1 1 9 12 1 1 10 12 1 10 12 1 3 9 12 1 9 12 1 3 10 12 1 10 12 1 10 12 1 1 11 12 1 1 11 7 12 1 1 1 11 7 12 1 1 1 11 12 1 7 1 11 12 1 11 12 1 10 12 1 1 10 12 1 1 10 12 1 9 12 1 1 9 12 9 12 1 1 10 100 1 7 1 10 12 1 10 8 1 10 10 12 1 8 1 10 8 1 10 7 12 1 1 1 7 1 10 12 1 10 12 1 7 1 10 12 1 10 12 1 1 7 1 10 7 1 10 10 12 1 1 11 12 1 1 11 12 1 7 1 10 10 10 100 12 1 1 11 100 12 1 1 1 100 1 10 11 100 12 1 1 11 100 12 1 10 12 1 10 12 1 1 10 100 12 1 1 10 12 1 1 10 12 1 1 10 12 1 1 10 100 12 1 1 1 8 10 100 12 1 1 100 1 8 1 10 4 4 10 12 1 1 10 12 1 8 1 4 10 12 10 100 12 1 1 1 100 1 11 100 12 1 1 1 10 100 12 1 1 1 10 12 1 10 12 1 1 10 7 1 7 1 1 1 1 1 1 5 0 1 1 1 1 1 3 1 3 1 3 1 1 1 1 1 1 1 1 1 1 1 1 1 1 1 1 1 1 1 1 1 1 1 1 1 100 1 1 1 1 1 1 1 1 1 1 1 1 1 1 1 1 1 1 1 1 1 1 1 1 1 1 1 1 1 7 1 1 1 1 1 1 1 1 1 1 1 1 1 1 7 1 1 1 1 1 1 1 1 1 1 1 1 1 1 1 1 1 1 1 1 1 1 1 1 1 1 1 1 1 1 1 1 1 1 1 1 1 1 1 1 1 1 1 1 100 1 1 1 7 1 1 1 1 1 7 1 1 1 1 1 1 1 1 1 1 1 1 1 1 1 1 1 1
ciMethod java/util/Properties put (Ljava/lang/Object;Ljava/lang/Object;)Ljava/lang/Object; 512 0 6520 0 632
ciInstanceKlass java/lang/String 1 1 1451 10 7 12 1 1 1 8 1 9 7 12 1 1 1 9 12 1 1 9 12 1 1 9 12 1 1 10 12 1 10 12 1 1 10 12 1 1 9 12 1 10 7 12 1 1 1 10 12 1 1 10 12 1 10 7 12 1 1 1 10 12 1 1 10 12 1 1 10 12 1 10 12 1 1 10 12 1 10 7 12 1 1 1 7 1 9 7 12 1 1 1 10 7 12 1 1 1 10 12 1 1 10 12 1 1 10 7 12 1 1 1 10 12 1 1 9 7 12 1 1 10 12 9 7 12 1 1 10 12 1 1 3 10 12 1 1 7 1 11 12 1 1 11 12 1 11 12 1 1 10 7 12 1 1 1 10 12 1 1 9 7 12 1 1 1 10 12 1 1 10 12 1 11 12 1 1 10 12 1 10 12 10 12 1 1 10 7 12 1 1 1 10 7 12 1 1 1 10 12 1 1 100 1 7 1 10 12 1 10 12 1 10 12 1 1 10 12 1 1 100 1 10 12 1 1 100 1 10 12 1 1 10 12 1 1 10 12 1 10 10 12 1 100 1 100 1 100 1 10 12 1 10 12 1 1 10 12 1 1 10 12 1 10 12 1 1 10 12 1 1 10 100 12 1 1 100 1 11 10 7 12 1 1 11 12 1 11 12 1 10 12 1 1 10 12 1 10 12 10 12 1 1 10 10 7 12 1 1 1 10 7 12 1 1 10 12 1 1 10 7 12 1 1 10 12 1 10 12 1 1 10 12 1 1 10 12 1 10 12 1 10 12 1 1 100 1 10 12 1 1 10 12 10 12 1 10 12 1 1 10 12 1 1 10 7 12 1 1 1 10 12 1 10 12 1 1 10 12 1 10 12 1 3 3 10 12 1 1 10 12 1 10 12 1 1 10 12 1 1 10 12 1 1 10 12 1 10 12 1 1 10 12 1 1 10 12 1 10 12 1 10 12 1 10 12 1 1 10 12 1 10 12 1 10 12 1 10 12 1 10 12 1 10 12 1 10 7 1 10 8 1 10 12 1 1 10 12 1 8 1 10 12 1 1 10 12 10 12 1 8 1 10 10 12 1 1 10 12 1 1 10 12 1 1 10 7 1 10 10 12 1 10 12 1 10 12 1 10 10 12 1 10 12 1 10 12 1 10 12 1 10 12 1 10 12 1 10 12 1 1 10 12 1 1 10 12 1 1 10 10 12 1 1 10 10 12 1 100 1 10 10 12 1 1 10 12 1 1 10 7 1 10 12 1 10 12 1 10 7 12 1 1 1 10 12 1 10 12 1 1 10 12 1 11 7 1 11 12 10 12 1 10 12 1 1 10 12 1 1 10 10 12 1 10 12 1 9 12 1 1 11 7 12 1 1 1 10 12 10 10 12 1 10 12 1 1 10 10 12 1 10 12 1 10 12 1 1 10 12 1 1 10 10 12 1 1 10 12 1 10 10 12 1 10 12 10 10 12 10 10 12 1 10 12 1 10 10 12 10 7 12 1 1 1 10 12 10 10 12 10 12 1 10 12 10 12 10 10 12 1 10 12 1 1 10 12 1 1 10 10 12 1 10 7 12 1 1 1 10 12 1 1 10 10 7 12 1 1 1 11 10 12 1 10 12 1 1 10 12 1 1 10 7 12 1 1 1 10 12 1 10 12 1 10 12 1 10 12 1 10 12 1 10 12 1 100 1 7 1 8 1 10 10 10 12 1 10 12 1 1 8 1 10 12 1 3 3 10 12 1 10 12 1 1 10 12 7 1 10 10 12 1 1 10 12 1 10 12 1 10 12 1 1 10 12 1 1 11 7 12 1 1 1 7 1 10 12 1 10 12 1 1 8 1 10 12 1 1 10 12 1 11 7 12 1 1 1 11 7 12 1 1 11 12 1 10 12 1 10 12 1 1 10 10 7 12 1 1 1 10 12 1 10 12 1 10 10 12 10 12 1 1 10 10 12 1 10 10 12 1 10 10 12 1 10 10 12 1 10 12 1 1 10 10 12 1 8 1 10 12 1 1 18 12 1 1 11 100 12 1 1 1 7 1 3 18 12 1 18 12 1 8 1 10 100 12 1 1 1 11 12 1 1 10 12 10 10 12 1 10 11 12 1 1 10 12 1 1 11 12 1 18 3 11 10 12 1 11 11 10 12 1 10 12 1 1 8 1 10 12 1 10 12 1 10 12 1 1 10 10 12 1 11 100 12 1 100 1 100 1 10 12 100 1 10 10 100 12 1 1 1 100 1 10 7 1 10 10 12 1 10 10 12 1 8 1 10 10 12 1 8 1 8 1 10 12 1 10 12 1 10 10 12 10 7 12 1 1 10 7 12 1 1 10 7 12 1 1 8 1 10 12 1 10 12 1 10 9 12 1 10 12 9 7 12 1 1 1 10 12 1 10 12 1 10 12 1 10 12 10 12 1 10 12 1 8 1 10 100 12 1 1 1 10 12 10 12 1 1 10 12 10 10 12 10 12 7 1 9 12 1 1 7 1 10 7 1 7 1 7 1 7 1 1 1 1 1 1 5 0 1 1 1 1 1 3 1 3 1 1 1 1 1 1 1 1 1 1 1 1 1 1 1 100 1 1 1 1 1 1 1 1 1 1 1 1 1 1 1 1 1 1 1 1 1 1 1 1 1 1 1 1 1 1 1 100 1 1 1 1 1 1 1 1 1 1 1 1 7 1 1 1 1 1 1 1 1 1 1 1 1 1 1 1 1 1 1 1 1 1 1 1 1 1 1 1 1 1 1 1 1 1 1 1 1 1 1 1 1 1 1 1 1 1 1 1 1 1 1 1 1 1 1 1 1 1 1 1 1 1 1 1 1 1 1 1 1 1 1 1 1 1 1 1 1 1 1 1 1 1 1 1 1 1 1 1 1 1 1 1 1 1 1 1 1 1 1 1 1 1 1 1 1 1 1 1 1 1 1 1 1 1 1 1 1 1 1 1 1 1 1 1 1 1 1 1 1 1 1 1 1 1 1 1 1 1 1 1 1 1 1 1 1 1 1 1 1 1 1 1 1 1 1 1 1 1 1 1 1 1 1 1 1 1 1 1 1 1 1 1 1 1 1 100 1 1 1 1 1 1 1 1 1 1 1 1 1 1 1 1 1 1 1 1 1 1 1 100 1 1 1 1 1 1 1 1 1 1 1 1 1 1 1 7 1 1 1 1 1 1 1 1 1 1 1 1 1 1 1 16 15 10 12 16 15 10 12 15 10 12 15 10 12 15 10 100 12 1 1 1 1 1 1 1 100 1 100 1 1 1
staticfield java/lang/String COMPACT_STRINGS Z 1
staticfield java/lang/String serialPersistentFields [Ljava/io/ObjectStreamField; 0 [Ljava/io/ObjectStreamField;
staticfield java/lang/String CASE_INSENSITIVE_ORDER Ljava/util/Comparator; java/lang/String$CaseInsensitiveComparator
ciMethod java/lang/String equals (Ljava/lang/Object;)Z 524 0 7162 0 416
ciInstanceKlass java/lang/constant/ConstantDesc 1 0 37 100 1 100 1 1 1 1 100 1 1 1 1 100 1 100 1 100 1 100 1 100 1 100 1 100 1 100 1 100 1 1 100 1 100 1 1
ciInstanceKlass jdk/internal/misc/VM 1 1 320 10 7 12 1 1 1 9 7 12 1 1 1 9 12 1 1 7 1 7 1 10 8 1 10 12 1 1 10 12 1 10 12 1 1 10 12 1 10 12 1 10 12 1 9 12 1 1 8 1 10 12 1 9 12 1 1 9 12 1 9 12 1 3 10 7 12 1 1 1 9 12 1 1 100 1 8 1 10 11 7 12 1 1 1 7 1 10 100 12 1 1 1 10 12 1 8 1 8 1 10 12 1 1 8 1 10 12 1 1 10 7 12 1 1 1 10 12 1 1 10 7 12 1 1 1 5 0 8 1 8 1 8 1 10 12 1 1 10 12 1 1 10 7 12 1 1 1 10 12 1 9 12 1 100 1 10 12 1 10 7 12 1 1 9 12 1 9 12 1 9 7 12 1 1 1 9 12 1 9 12 1 9 12 1 9 12 1 9 12 1 10 12 1 10 12 1 10 12 1 10 12 1 10 12 1 9 100 12 1 1 1 5 0 10 1 1 3 1 3 1 3 1 3 1 3 1 1 1 1 1 1 1 1 1 3 1 3 1 3 1 1 1 1 1 1 1 7 1 1 1 100 1 1 1 1 1 1 1 1 1 1 1 1 1 1 1 1 1 1 1 1 1 1 1 1 1 1 1 1 1 1 1 1 1 1 1 1 1 1 1 1 1 1 1 1 1 1 1 1 1 1 1 1 1 1 1 1 1 1 1 1 100 1 1 7 1 1 1 1
staticfield jdk/internal/misc/VM lock Ljava/lang/Object; java/lang/Object
ciInstanceKlass java/lang/InternalError 1 1 34 10 7 12 1 1 1 10 12 1 10 12 1 10 12 1 100 1 1 1 1 5 0 1 1 1 1 1 1 1 1 1 1 1
instanceKlass java/io/IOError
instanceKlass org/apache/maven/BuildAbort
instanceKlass javax/xml/parsers/FactoryConfigurationError
instanceKlass com/google/common/util/concurrent/ExecutionError
instanceKlass java/util/ServiceConfigurationError
instanceKlass java/lang/ThreadDeath
instanceKlass java/lang/AssertionError
instanceKlass java/lang/VirtualMachineError
instanceKlass java/lang/LinkageError
ciInstanceKlass java/lang/Error 1 1 40 10 7 12 1 1 1 10 12 1 10 12 1 10 12 1 10 12 1 100 1 1 1 1 5 0 1 1 1 1 1 1 1 1 1 1 1 1 1 1
instanceKlass java/lang/StackOverflowError
instanceKlass java/lang/OutOfMemoryError
instanceKlass java/lang/InternalError
ciInstanceKlass java/lang/VirtualMachineError 1 1 34 10 7 12 1 1 1 10 12 1 10 12 1 10 12 1 100 1 1 1 1 5 0 1 1 1 1 1 1 1 1 1 1 1
ciInstanceKlass java/util/Iterator 1 1 53 100 1 8 1 10 12 1 1 10 7 12 1 1 1 11 7 12 1 1 1 11 12 1 1 11 7 12 1 1 1 7 1 1 1 1 1 1 1 1 1 1 1 1 1 1 1 1 1 1 1 1 1
ciInstanceKlass java/io/FileInputStream 1 1 298 7 1 10 12 1 1 10 7 12 1 1 10 7 12 1 1 7 1 10 9 12 1 1 10 12 1 1 10 7 12 1 1 1 10 7 12 1 1 100 1 10 10 12 1 1 100 1 8 1 10 7 1 10 9 12 1 1 10 12 1 1 9 12 1 1 10 12 1 10 7 12 1 1 1 10 12 10 7 12 1 1 1 10 12 1 10 12 1 1 10 12 1 1 10 12 1 1 10 12 1 10 12 1 10 12 1 1 7 1 5 0 8 1 10 7 12 1 1 1 10 7 12 1 1 1 7 1 10 10 12 1 10 12 10 100 12 1 1 1 10 100 12 1 1 1 10 100 12 1 1 1 100 1 8 1 10 10 12 1 1 10 12 1 1 100 1 10 12 1 1 10 100 1 5 0 10 10 12 1 1 10 12 1 10 12 1 10 12 1 10 12 1 100 1 10 12 1 10 12 1 10 12 1 1 10 12 1 9 12 1 1 9 12 1 1 10 12 1 7 1 10 12 1 10 12 1 100 1 10 10 100 12 1 1 7 1 10 12 1 10 12 1 1 1 1 3 1 1 1 1 1 1 1 1 1 1 1 1 1 1 1 7 1 1 1 1 100 1 1 1 1 1 1 1 1 1 1 1 1 1 1 1 1 1 1 1 1 1 1 1 1 1 1 1 1 1 1
instanceKlass java/io/SequenceInputStream
instanceKlass sun/nio/ch/NioSocketImpl$1
instanceKlass java/net/Socket$SocketInputStream
instanceKlass sun/security/ssl/SSLSocketImpl$AppInputStream
instanceKlass org/eclipse/jdt/ls/core/internal/ConnectionStreamFactory$NamedPipeInputStream
instanceKlass sun/nio/ch/ChannelInputStream
instanceKlass java/io/ObjectInputStream$PeekInputStream
instanceKlass java/io/ObjectInputStream$BlockDataInputStream
instanceKlass org/eclipse/core/internal/resources/ContentDescriptionManager$LazyFileInputStream
instanceKlass java/io/ObjectInputStream
instanceKlass org/eclipse/core/internal/localstore/SafeChunkyInputStream
instanceKlass org/eclipse/core/internal/registry/BufferedRandomInputStream
instanceKlass com/sun/org/apache/xerces/internal/impl/XMLEntityManager$RewindableInputStream
instanceKlass org/eclipse/osgi/storage/url/reference/ReferenceInputStream
instanceKlass java/util/jar/JarVerifier$VerifierStream
instanceKlass java/util/zip/ZipFile$ZipFileInputStream
instanceKlass java/io/FilterInputStream
instanceKlass java/io/FileInputStream
instanceKlass java/io/ByteArrayInputStream
ciInstanceKlass java/io/InputStream 1 1 195 7 1 10 7 12 1 1 1 100 1 10 10 7 12 1 1 1 10 7 12 1 1 1 10 12 1 100 1 3 10 12 1 1 100 1 8 1 10 12 1 10 7 12 1 1 1 3 7 1 8 1 10 10 7 12 1 1 1 7 1 10 11 7 12 1 1 1 10 12 1 1 11 12 1 1 11 7 12 1 1 1 11 12 1 1 7 1 10 7 12 1 1 1 5 0 10 12 1 10 12 1 1 100 1 10 8 1 10 8 1 8 1 10 12 1 1 10 100 12 1 1 1 7 1 5 0 10 12 1 100 1 7 1 1 1 1 3 1 3 1 1 1 1 1 1 1 1 1 1 1 1 1 1 1 1 1 1 1 1 1 1 1 1 1 1 1 1 1 1 1 1 1 1 1 1 1 1 1 1 1 1 1 1 1 1 1 1 1 1 1 1 1 1 1
ciInstanceKlass jdk/internal/misc/Unsafe 1 1 1287 10 7 12 1 1 1 9 7 12 1 1 1 9 12 1 1 10 12 1 1 10 7 12 1 1 1 10 12 1 1 10 12 1 1 10 12 1 1 10 12 1 1 10 12 1 1 10 12 1 1 10 12 1 1 10 12 1 1 10 12 1 1 10 12 1 1 10 12 1 1 10 12 1 1 10 12 1 1 10 12 1 10 12 1 100 1 10 10 12 1 1 10 12 1 1 5 0 10 12 1 1 10 12 1 1 10 7 12 1 1 1 10 12 1 1 10 12 1 10 12 1 10 12 1 1 10 12 1 1 10 12 1 10 12 1 7 1 7 1 10 8 1 10 12 1 1 10 12 1 8 1 10 12 1 1 10 12 1 10 12 1 10 12 1 1 10 12 1 10 12 1 1 10 12 1 1 10 12 1 10 12 1 10 12 1 10 12 1 1 10 12 1 10 12 1 10 12 1 1 10 12 1 5 0 5 0 5 0 10 12 1 10 12 1 10 12 1 10 12 1 10 12 1 10 12 1 10 12 1 10 12 1 10 12 1 1 10 12 1 10 12 1 7 1 8 1 10 100 1 10 10 12 1 1 10 12 1 1 10 12 1 10 12 1 1 10 12 1 1 10 12 1 10 12 1 1 10 12 1 9 7 12 1 1 9 12 1 100 1 10 10 12 1 1 8 1 10 8 1 8 1 10 12 1 1 9 7 12 1 1 1 9 7 1 9 7 1 9 7 1 9 9 7 1 9 7 1 9 7 1 10 12 1 1 10 12 1 1 10 12 1 1 10 12 1 1 5 0 5 0 9 12 1 1 10 12 1 10 12 1 10 12 1 1 10 12 1 1 10 12 1 8 1 3 10 12 1 1 10 12 1 1 10 12 1 10 12 1 1 10 12 1 1 10 12 1 10 12 1 10 12 1 10 12 1 10 12 1 10 12 1 1 10 12 1 1 10 12 1 10 12 1 10 12 1 10 12 1 10 12 1 10 12 1 1 10 12 1 1 10 12 1 10 12 1 10 12 1 10 12 1 10 12 1 10 12 1 1 10 12 1 1 10 12 1 1 10 12 1 1 10 12 1 10 12 1 10 12 1 10 12 1 10 12 1 10 12 1 10 12 1 1 10 12 1 1 10 12 1 10 12 1 10 12 1 10 12 1 10 12 1 10 12 1 10 12 1 1 10 12 1 1 10 12 1 10 12 1 10 12 1 10 12 1 10 12 1 10 12 1 10 12 1 10 12 1 1 10 12 1 10 12 1 10 12 1 10 12 1 10 12 1 1 10 12 1 10 12 1 10 12 1 10 12 1 10 12 1 10 12 1 10 12 1 10 12 1 1 10 12 1 10 12 1 10 12 1 10 12 1 10 12 1 10 12 1 1 10 12 1 10 12 1 10 12 1 1 10 12 1 10 12 1 10 12 1 10 12 1 10 12 1 10 12 1 10 12 1 10 12 1 10 12 1 10 12 1 10 12 1 10 12 1 10 12 1 10 12 1 10 12 1 10 12 1 10 12 1 10 12 1 10 12 1 10 12 1 10 12 1 10 12 1 10 12 1 100 1 10 100 1 10 9 12 1 5 0 10 12 1 1 5 0 10 12 1 5 0 10 12 1 10 12 1 10 12 1 1 10 12 1 1 10 12 1 10 12 1 10 12 1 10 12 1 1 10 12 1 10 12 1 10 12 1 10 12 1 10 12 1 1 10 12 1 10 12 1 10 12 1 10 12 1 1 10 12 1 10 12 1 10 12 1 1 10 12 1 10 12 1 10 12 1 10 12 1 1 10 12 1 10 10 12 1 1 10 12 1 10 12 1 1 10 12 1 10 12 5 0 5 0 5 0 10 12 1 1 10 12 1 10 12 1 10 12 10 100 12 1 1 8 1 100 1 11 12 1 1 8 1 11 12 1 1 10 100 12 1 1 10 12 1 10 12 1 10 12 1 10 12 1 10 12 1 1 10 12 1 10 12 1 10 12 1 10 12 1 10 12 1 10 12 1 10 7 1 10 12 1 9 12 1 7 1 9 12 1 7 1 9 12 1 7 1 9 12 1 7 1 9 12 1 7 1 9 12 1 7 1 9 12 1 7 1 9 12 1 7 1 9 12 1 10 12 1 9 12 1 9 12 1 9 12 1 9 12 1 9 12 1 9 12 1 9 12 1 9 12 1 9 12 1 9 12 1 1 1 3 1 1 1 1 1 1 1 1 1 1 1 1 1 1 1 1 1 1 1 1 1 1 1 1 1 1 1 1 1 1 1 1 1 1 1 1 1 1 1 1 1 1 1 1 1 1 1 1 1 1 1 1 1 1 1 1 1 1 1 1 1 1 1 1 1 1 1 1 1 1 1 1 1 1 1 1 1 1 1 1 1 1 1 1 1 1 1 1 1 100 1 1 1 1 1 1 1 1 1 1 1 1 1 1 1 1 1 1 1 1 1 1 1 1 1 1 1 1 1 1 1 1 1 1 1 1 1 1 1 1 1 1 1 1 1 1 1 1 1 1 1 1 1 1 1 1 1 1 1 1 1 1 1 1 1 1 1 1 1 1 1 1 1 1 1 1 1 1 1 1 1 1 1 1 1 1 1 1 1 1 1 1 1 1 1 1 1 1 1 1 1 1 1 1 1 1 1 1 1 1 1 1 1 1 1 1 1 1 1 1 1 1 1 1 1 1 1 1 1 1 1 1 1 1 1 1 1 1 1 1 1 1 1 1 1 1 1 1 1 1 1 1 1 1 1 1 1 1 1 1 1 1 1 1 1 1 1 1 1 1 1 1 1 1 1 1 1 1 1 1 1 1 1 1 1 1 1 1 1 1 1 1 1 1 1 1 1 1 1 1 1 1 1 1 1 1 3 1 1 1 1 1 1 1 1 1 1 1 1 1 1 1 1 1 1 1 1 1
staticfield jdk/internal/misc/Unsafe theUnsafe Ljdk/internal/misc/Unsafe; jdk/internal/misc/Unsafe
staticfield jdk/internal/misc/Unsafe ARRAY_BOOLEAN_BASE_OFFSET I 16
staticfield jdk/internal/misc/Unsafe ARRAY_BYTE_BASE_OFFSET I 16
staticfield jdk/internal/misc/Unsafe ARRAY_SHORT_BASE_OFFSET I 16
staticfield jdk/internal/misc/Unsafe ARRAY_CHAR_BASE_OFFSET I 16
staticfield jdk/internal/misc/Unsafe ARRAY_INT_BASE_OFFSET I 16
staticfield jdk/internal/misc/Unsafe ARRAY_LONG_BASE_OFFSET I 16
staticfield jdk/internal/misc/Unsafe ARRAY_FLOAT_BASE_OFFSET I 16
staticfield jdk/internal/misc/Unsafe ARRAY_DOUBLE_BASE_OFFSET I 16
staticfield jdk/internal/misc/Unsafe ARRAY_OBJECT_BASE_OFFSET I 16
staticfield jdk/internal/misc/Unsafe ARRAY_BOOLEAN_INDEX_SCALE I 1
staticfield jdk/internal/misc/Unsafe ARRAY_BYTE_INDEX_SCALE I 1
staticfield jdk/internal/misc/Unsafe ARRAY_SHORT_INDEX_SCALE I 2
staticfield jdk/internal/misc/Unsafe ARRAY_CHAR_INDEX_SCALE I 2
staticfield jdk/internal/misc/Unsafe ARRAY_INT_INDEX_SCALE I 4
staticfield jdk/internal/misc/Unsafe ARRAY_LONG_INDEX_SCALE I 8
staticfield jdk/internal/misc/Unsafe ARRAY_FLOAT_INDEX_SCALE I 4
staticfield jdk/internal/misc/Unsafe ARRAY_DOUBLE_INDEX_SCALE I 8
staticfield jdk/internal/misc/Unsafe ARRAY_OBJECT_INDEX_SCALE I 4
staticfield jdk/internal/misc/Unsafe ADDRESS_SIZE I 8
instanceKlass lombok/launch/ShadowClassLoader
instanceKlass org/eclipse/sisu/space/CloningClassSpace$CloningClassLoader
instanceKlass org/apache/aries/spifly/Util$WrapperCL
instanceKlass org/apache/aries/spifly/MultiDelegationClassloader
instanceKlass lombok/launch/ShadowClassLoader
instanceKlass org/eclipse/osgi/internal/loader/ModuleClassLoader
instanceKlass org/eclipse/osgi/internal/framework/ContextFinder
instanceKlass org/eclipse/osgi/internal/framework/EquinoxContainer$1
instanceKlass lombok/launch/ShadowClassLoader
instanceKlass jdk/internal/reflect/DelegatingClassLoader
instanceKlass java/security/SecureClassLoader
ciInstanceKlass java/lang/ClassLoader 1 1 1108 9 7 12 1 1 1 10 7 12 1 1 1 9 12 1 1 10 7 12 1 1 1 7 1 10 12 1 1 10 12 1 1 9 12 1 1 10 12 1 1 100 1 10 12 1 10 12 1 1 10 7 12 1 1 1 100 1 8 1 10 12 1 10 7 12 1 1 1 10 7 12 1 10 7 1 10 7 1 7 1 7 1 10 12 1 10 12 1 9 12 1 1 10 10 7 12 1 1 1 9 12 1 1 9 12 1 9 12 1 1 9 12 1 9 12 1 1 9 12 1 1 7 1 10 12 1 9 12 1 1 10 12 1 1 10 7 12 1 1 1 9 12 1 9 12 1 1 9 12 1 10 12 1 1 9 12 10 12 1 1 7 1 10 8 1 10 12 1 1 10 12 1 10 7 1 7 1 10 12 1 1 10 7 12 1 1 1 8 1 10 12 1 10 12 1 10 12 1 1 10 12 1 1 10 12 1 1 10 12 1 1 10 12 1 1 10 12 1 7 1 10 12 1 10 7 12 1 1 1 10 12 1 1 10 12 1 10 12 1 10 12 1 10 12 1 10 12 1 1 10 10 12 1 10 12 1 10 100 12 1 1 10 12 1 1 10 12 1 1 10 12 1 100 1 10 12 1 7 1 10 12 1 10 7 12 1 1 1 10 10 12 1 1 10 12 1 1 7 1 8 1 10 8 1 10 12 1 10 12 1 100 1 8 1 10 12 1 1 10 12 1 1 10 10 12 1 1 10 12 1 1 10 12 1 1 10 7 1 10 12 1 1 10 12 1 1 10 12 1 1 10 12 1 1 10 12 1 1 10 12 1 1 10 12 1 10 7 12 1 1 1 10 12 1 10 12 1 10 12 1 1 10 12 1 10 12 1 10 12 1 10 12 1 1 10 12 1 10 12 1 1 8 1 9 12 1 10 12 1 1 8 1 8 1 10 7 12 1 1 100 1 10 10 12 10 12 1 10 12 1 10 12 1 10 12 1 1 10 7 12 1 1 10 12 1 10 7 1 7 1 10 12 1 1 10 12 1 10 7 1 10 12 1 100 1 18 12 1 10 100 12 1 1 1 10 7 12 1 1 1 10 7 12 1 1 10 12 1 10 12 1 100 1 10 12 1 8 1 10 10 12 1 1 10 12 1 10 12 1 1 7 1 10 12 1 10 12 1 1 10 7 12 1 1 10 12 1 8 1 100 1 10 10 12 1 9 12 1 10 7 12 1 1 10 12 1 7 1 8 1 10 12 1 10 8 1 8 1 10 12 1 1 10 12 1 1 10 12 1 1 10 7 12 1 1 7 1 100 1 10 12 1 1 7 1 7 1 10 7 12 1 1 10 12 1 10 12 1 1 10 12 1 10 12 1 1 10 12 1 1 9 100 12 1 1 1 10 12 1 1 10 12 1 10 12 1 10 12 1 1 10 12 1 8 1 7 1 18 12 1 1 10 12 1 1 10 12 1 10 12 1 10 12 1 8 1 10 12 1 10 12 1 18 12 1 11 100 12 1 1 1 100 1 10 12 1 1 10 12 1 10 11 12 1 1 10 18 10 12 1 1 11 7 12 1 18 12 1 11 12 1 1 10 12 10 12 1 1 10 12 1 1 100 1 8 1 10 10 12 1 8 1 8 1 10 100 12 1 1 10 12 1 100 1 10 10 12 1 8 1 8 1 8 1 10 12 1 10 12 1 1 10 12 1 10 7 12 1 1 1 11 7 12 1 1 100 1 10 11 10 12 1 10 12 1 10 12 1 1 9 7 12 1 1 9 12 1 1 9 12 9 12 1 9 12 1 9 12 1 8 10 12 1 1 10 7 12 1 1 1 10 12 1 1 10 12 1 1 10 12 1 10 10 12 1 11 12 1 1 10 100 12 1 1 1 100 1 10 12 1 10 12 1 10 12 1 1 1 1 1 1 1 1 1 1 1 1 1 1 1 1 1 1 1 1 1 1 1 1 1 1 1 1 100 1 1 1 1 1 1 1 1 1 1 1 1 1 1 1 1 1 1 1 1 1 100 1 1 1 1 1 1 1 1 1 1 100 1 1 1 1 1 1 1 1 1 1 1 1 1 1 1 1 1 1 1 1 1 1 1 1 1 1 1 1 1 1 1 1 1 1 1 1 1 1 1 1 1 100 1 1 1 1 1 1 1 1 1 1 1 1 1 1 1 1 1 1 1 7 1 1 1 1 1 1 1 1 1 1 1 1 1 1 1 1 1 1 1 1 1 1 1 1 1 1 1 1 1 1 1 1 1 1 1 1 1 1 1 1 1 1 1 1 1 1 1 1 1 1 100 1 1 1 1 1 1 1 1 1 1 1 1 1 1 1 1 1 1 1 1 1 1 1 1 1 1 1 1 1 1 1 1 1 1 1 1 1 1 1 1 1 1 1 1 1 1 16 1 15 10 12 16 1 16 15 10 12 16 1 16 1 15 10 12 16 15 10 12 16 15 10 12 16 15 10 100 12 1 1 1 1 1 100 1 100 1 1
staticfield java/lang/ClassLoader nocerts [Ljava/security/cert/Certificate; 0 [Ljava/security/cert/Certificate;
staticfield java/lang/ClassLoader $assertionsDisabled Z 1
ciInstanceKlass java/lang/reflect/Constructor 1 1 439 10 7 12 1 1 1 10 7 12 1 1 9 7 12 1 1 1 10 12 1 1 10 12 1 1 10 7 12 1 1 9 12 1 1 10 7 12 1 1 1 9 12 1 1 9 12 1 1 9 12 1 9 12 1 1 9 12 1 9 12 1 1 9 12 1 1 9 12 1 100 1 8 1 10 12 1 10 12 1 9 12 1 1 10 7 12 1 1 10 7 12 1 1 1 10 12 1 1 10 12 1 1 10 12 1 7 1 100 1 8 1 10 10 12 1 10 12 1 10 12 1 1 10 12 1 1 9 100 12 1 1 1 10 7 12 1 1 10 12 1 1 10 12 1 10 12 1 1 10 7 12 1 1 1 10 100 12 1 1 10 12 1 1 10 12 1 10 7 12 1 1 1 8 1 10 10 12 1 100 1 8 1 10 12 1 10 12 1 1 10 12 1 1 10 12 1 10 12 1 10 12 1 1 10 12 1 1 9 12 1 1 10 12 1 1 10 12 1 1 10 12 1 1 11 7 12 1 1 1 10 12 1 1 10 12 1 10 12 1 10 12 1 8 1 9 12 1 1 10 7 12 1 1 1 10 7 12 1 1 10 12 1 1 10 12 1 1 10 12 1 1 10 12 1 1 10 12 1 9 7 12 1 1 10 12 1 10 12 1 10 12 1 100 1 8 1 10 10 12 1 1 10 12 1 10 10 12 1 1 10 12 1 1 10 100 12 1 1 1 11 100 12 1 1 1 10 12 1 1 9 100 12 1 1 1 10 100 12 1 1 1 10 12 1 1 1 1 1 1 1 1 1 1 1 1 1 1 1 1 1 1 1 1 1 1 1 1 1 1 1 1 1 1 1 1 1 1 1 1 1 1 1 1 1 1 1 1 1 1 1 1 1 1 1 1 100 1 100 1 100 1 100 1 1 1 1 1 1 1 1 1 1 1 1 1 1 1 1 1 1 1 1 1 1 1 1 1 1 1 1 1 1 1 1 1 100 1 1
instanceKlass java/lang/reflect/Executable
instanceKlass java/lang/reflect/Field
ciInstanceKlass java/lang/reflect/AccessibleObject 1 1 400 10 7 12 1 1 1 9 100 12 1 1 1 10 7 12 1 1 1 10 7 12 1 1 10 7 12 1 1 1 10 7 12 1 1 1 10 12 1 1 10 12 1 1 9 12 1 1 7 1 10 7 12 1 1 1 11 12 1 7 1 10 12 1 7 1 100 1 10 12 1 10 12 1 1 10 12 1 1 10 12 1 1 10 12 1 1 7 1 10 7 12 1 1 1 10 12 1 1 11 10 7 12 1 1 1 10 12 1 1 10 12 1 10 12 1 10 12 1 1 10 12 1 8 1 7 1 7 1 10 10 12 1 1 8 1 10 12 1 10 12 1 8 1 8 1 8 1 8 1 8 1 8 1 8 1 8 1 8 1 7 1 10 12 1 10 12 1 9 12 1 1 10 12 1 1 10 12 1 10 7 1 100 1 8 1 10 8 1 10 12 1 8 1 10 12 1 10 12 1 1 10 100 1 8 1 10 11 7 12 1 1 1 10 12 1 1 10 12 1 1 10 12 1 1 9 12 1 1 100 1 10 12 1 7 1 10 12 1 10 12 1 1 10 100 1 10 12 1 10 12 10 12 1 10 12 1 10 12 1 1 10 12 1 9 12 1 10 7 12 1 1 8 1 10 7 12 1 1 1 8 1 10 7 12 1 1 1 9 12 1 7 1 10 7 1 10 10 7 12 1 1 1 7 1 10 10 7 12 1 1 1 7 1 9 12 1 1 1 1 1 1 1 1 1 1 1 1 1 1 1 1 1 1 1 1 1 1 1 1 1 1 1 1 1 1 1 1 1 1 1 1 1 1 1 1 1 1 1 1 1 1 1 1 1 1 1 1 1 1 1 1 1 1 1 1 1 1 1 1 1 1 1 1 1 1 1 1 1 1 1 1 1 1 1 1 1 1 1 1
staticfield java/lang/reflect/AccessibleObject reflectionFactory Ljdk/internal/reflect/ReflectionFactory; jdk/internal/reflect/ReflectionFactory
instanceKlass java/lang/reflect/Constructor
instanceKlass java/lang/reflect/Method
ciInstanceKlass java/lang/reflect/Executable 1 1 581 10 7 12 1 1 1 10 7 12 1 1 1 10 7 12 1 1 1 11 7 12 1 1 1 10 7 12 1 1 1 10 12 1 1 10 7 12 1 1 1 10 7 12 1 1 1 10 12 1 8 1 10 10 12 1 1 10 12 1 1 10 7 12 1 1 1 18 12 1 1 11 7 12 1 1 1 8 1 8 1 8 1 10 7 12 1 1 1 11 12 1 1 7 1 8 1 8 1 10 12 1 7 1 8 1 10 12 1 8 1 11 100 12 1 1 1 7 1 11 7 12 1 1 1 11 12 1 8 1 18 8 1 10 12 1 10 12 1 1 18 8 1 10 12 1 100 1 10 12 1 10 12 1 11 12 1 10 12 1 1 8 1 8 1 10 12 1 1 10 12 1 1 10 10 12 1 9 100 12 1 1 1 10 100 12 1 1 1 10 12 1 10 12 1 1 10 7 12 1 1 10 12 1 10 12 1 10 12 1 10 7 12 1 1 7 1 10 100 12 1 1 1 10 12 1 1 10 7 12 1 1 10 12 1 10 12 1 1 9 7 12 1 1 1 10 7 10 12 1 8 1 10 12 1 10 12 1 3 100 1 8 1 10 12 1 10 12 1 10 10 12 1 10 12 1 1 8 1 8 1 8 1 9 12 1 1 9 12 1 10 12 1 100 1 8 1 10 12 1 10 12 1 10 12 1 1 10 12 1 1 10 12 1 10 12 10 12 1 7 1 10 12 1 10 12 1 1 100 1 10 7 12 1 1 1 7 1 10 7 12 1 1 1 10 12 1 1 11 7 12 1 1 10 12 1 10 100 12 1 1 1 10 12 1 1 9 12 1 10 12 1 1 10 12 1 10 12 1 1 9 7 12 1 1 1 10 7 12 1 1 1 10 12 1 10 12 1 1 9 12 1 10 10 10 10 100 12 1 1 1 10 12 1 9 12 1 10 12 1 1 9 12 1 7 1 7 1 1 1 1 1 1 1 1 1 1 1 1 1 1 1 1 1 1 1 1 1 1 1 1 1 1 1 1 1 1 1 1 1 1 1 1 100 1 1 1 1 1 1 1 1 1 1 1 1 1 1 1 1 1 1 1 100 1 1 1 1 1 1 1 1 1 1 1 1 1 1 1 1 1 1 1 1 1 1 1 1 1 1 1 1 1 1 1 1 1 1 1 1 1 1 1 1 1 1 1 7 1 1 1 1 1 1 1 1 1 1 1 1 1 1 1 1 1 1 1 1 1 1 7 1 1 16 15 16 1 16 1 15 10 12 16 15 10 7 12 1 1 1 1 1 1 100 1 1 100 1 100 1 1
ciMethod java/lang/reflect/AccessibleObject isAccessible ()Z 258 0 129 0 0
ciInstanceKlass java/lang/reflect/Member 1 1 37 100 1 10 12 1 1 100 1 100 1 1 1 1 3 1 3 1 1 1 1 1 1 1 1 1 1 1 1 1 1 1 1 1 1 1 1
instanceKlass com/sun/jna/internal/Cleaner$CleanerThread
instanceKlass org/eclipse/core/internal/jobs/InternalWorker
instanceKlass org/eclipse/core/internal/jobs/Worker
instanceKlass java/util/logging/LogManager$Cleaner
instanceKlass org/eclipse/osgi/framework/eventmgr/EventManager$EventThread
instanceKlass org/eclipse/equinox/launcher/Main$SplashHandler
instanceKlass jdk/internal/misc/InnocuousThread
instanceKlass java/util/concurrent/ForkJoinWorkerThread
instanceKlass java/lang/ref/Finalizer$FinalizerThread
instanceKlass java/lang/ref/Reference$ReferenceHandler
instanceKlass java/lang/BaseVirtualThread
ciInstanceKlass java/lang/Thread 1 1 870 10 7 12 1 1 1 9 12 1 1 10 7 12 1 1 10 12 1 10 100 12 1 1 100 1 8 1 10 12 1 1 9 12 1 9 12 1 1 9 12 1 1 7 1 10 12 1 1 10 12 1 10 7 12 1 1 1 10 12 9 12 1 1 10 12 1 7 1 10 12 1 100 1 8 1 10 9 7 12 1 1 1 10 12 1 1 10 12 1 1 10 12 1 1 10 12 1 10 12 1 1 3 8 1 7 1 5 0 10 7 12 1 1 1 9 12 1 10 12 1 1 10 7 12 1 1 1 10 7 12 1 1 1 10 12 1 1 10 12 1 1 9 12 1 1 10 7 1 8 1 10 7 1 10 12 1 9 12 1 1 10 7 12 1 1 1 10 10 12 1 1 9 100 12 1 1 1 10 12 1 1 10 12 1 1 10 7 12 1 1 10 12 1 10 12 1 10 7 12 1 1 9 12 1 10 7 12 1 1 1 10 12 1 1 9 12 1 1 9 12 1 1 10 7 12 1 1 1 9 12 1 1 10 7 12 1 1 10 7 12 1 1 1 10 12 1 10 12 1 10 7 12 1 1 9 12 1 8 1 9 7 12 1 1 9 12 1 1 5 0 100 1 10 100 1 10 100 1 10 7 1 10 8 1 10 12 1 1 10 7 12 1 10 12 1 10 12 1 100 1 8 1 10 10 12 1 10 12 1 1 10 100 12 1 1 1 10 100 12 1 1 1 10 12 1 7 1 9 12 1 1 100 1 10 10 12 1 9 12 1 1 10 12 1 1 10 12 1 1 10 12 1 10 12 1 9 12 1 1 10 10 12 1 1 10 12 1 1 11 7 12 1 1 10 7 12 1 1 9 12 1 9 12 1 1 9 12 1 1 10 100 12 1 1 10 12 1 1 9 100 12 1 1 1 10 100 12 1 1 10 12 1 10 12 1 100 1 10 10 12 9 12 1 1 10 12 1 11 100 12 1 1 10 12 1 10 12 1 10 12 1 9 12 1 10 10 12 1 10 12 1 1 9 12 1 9 12 10 12 1 8 1 10 12 1 10 12 1 10 12 1 10 12 1 10 12 1 1 10 12 1 10 12 1 1 10 12 1 10 12 1 10 12 1 10 12 1 10 12 1 1 9 7 12 1 1 1 8 1 10 9 12 1 10 12 1 7 1 8 1 10 10 12 1 8 1 10 12 1 1 9 12 10 12 8 1 10 10 12 1 10 12 1 8 1 10 12 1 10 8 1 10 100 12 1 1 10 12 1 1 100 1 8 1 10 9 12 1 9 12 1 1 10 12 1 1 10 10 12 1 10 12 1 100 10 7 12 1 1 1 9 12 1 10 12 1 1 10 12 1 1 10 100 12 1 1 1 11 7 12 1 1 1 9 100 12 1 1 1 10 100 12 1 1 1 7 1 10 12 1 100 1 10 12 1 10 12 1 1 10 12 1 1 8 1 9 12 1 10 12 1 10 12 1 1 11 7 12 1 1 1 10 12 1 1 1 1 3 1 3 1 3 1 3 1 1 1 1 1 1 1 1 1 1 1 1 1 1 1 1 1 1 1 1 1 7 1 1 1 1 1 1 1 1 1 1 1 1 1 1 1 1 1 1 1 1 1 1 7 1 1 1 1 1 1 1 1 1 1 1 1 1 1 1 1 7 1 7 1 1 1 1 1 1 1 1 1 1 1 1 1 1 1 1 1 1 1 1 1 1 1 1 1 1 1 1 1 1 1 1 1 1 1 1 1 1 1 1 1 1 1 1 1 1 1 1 1 1 1 1 1 1 1 1 1 1 1 1 1 1 1 1 1 1 1 1 1 1 1 1 1 1 1 1 100 100 1 1 1 1 1 1 1 1 1 1 1 1 1 1 1 1 1 1 1 1 1 1 1 1 1 1 100 1 100 1 100 1 100 1 100 1 1 100 1 1 1 1 1 1 1 1 1 1 1 1 1 1 1
staticfield java/lang/Thread NEW_THREAD_BINDINGS Ljava/lang/Object; java/lang/Class
staticfield java/lang/Thread EMPTY_STACK_TRACE [Ljava/lang/StackTraceElement; 0 [Ljava/lang/StackTraceElement;
ciInstanceKlass java/lang/Runnable 1 0 11 100 1 100 1 1 1 1 1 1 1
ciInstanceKlass java/net/URL 1 1 771 10 7 12 1 1 1 10 12 1 10 7 12 1 1 9 12 1 1 9 12 1 10 7 12 1 1 1 10 12 1 1 10 12 1 1 9 12 1 1 10 7 12 1 1 1 8 1 10 12 1 1 7 1 10 10 12 1 1 8 1 10 12 1 1 9 12 1 7 1 8 1 10 12 1 10 12 1 8 1 9 12 1 10 12 1 1 9 12 1 10 12 1 10 12 1 9 12 1 9 12 1 8 1 9 12 1 10 12 1 1 8 1 9 12 1 1 10 12 1 1 10 7 12 1 1 1 8 1 10 12 1 7 1 10 12 1 10 12 1 10 12 1 10 12 1 1 10 12 1 1 8 1 10 12 1 1 10 12 1 8 1 9 12 1 8 1 10 12 1 10 7 12 1 1 1 7 1 10 12 1 10 12 1 1 10 7 12 1 1 1 100 1 8 1 10 10 12 1 8 1 10 12 1 1 10 12 1 10 12 1 10 12 1 10 12 1 10 12 1 10 12 1 8 1 10 12 1 8 1 10 10 100 1 10 10 12 1 8 1 10 7 12 1 1 1 10 12 1 9 100 12 1 1 1 10 7 12 1 1 1 9 12 1 1 10 12 1 10 100 12 1 1 1 100 1 100 1 10 12 1 10 12 1 10 12 1 10 12 1 10 12 1 10 12 10 10 12 1 10 12 1 10 12 1 1 8 1 9 100 12 1 1 1 10 100 12 1 1 1 10 12 1 1 9 100 12 1 1 1 10 12 1 1 100 1 10 12 1 10 12 1 10 10 12 1 1 10 12 1 1 10 12 1 10 12 1 10 12 1 10 7 12 1 1 1 10 12 1 1 10 12 1 9 12 1 1 9 12 1 1 7 1 8 1 10 10 12 1 9 12 1 1 10 7 12 1 1 8 1 10 7 12 1 1 8 1 10 12 1 1 10 12 1 8 1 8 1 10 7 12 1 1 1 7 1 10 7 12 1 1 1 10 12 1 10 12 1 7 1 10 9 7 12 1 1 1 10 7 12 1 1 10 12 1 1 10 12 1 8 1 7 1 10 10 7 12 1 1 1 10 12 1 8 9 100 12 1 1 1 10 12 1 1 10 12 1 10 12 1 1 10 7 12 1 1 11 7 12 1 1 10 12 1 10 12 1 9 12 1 10 12 1 1 10 100 12 1 1 10 100 12 1 1 1 8 10 100 12 1 1 100 1 10 8 8 10 12 1 8 8 8 100 1 10 12 1 9 12 1 1 10 12 1 10 12 1 1 10 12 1 10 12 10 12 1 1 10 12 1 1 10 10 10 12 1 10 12 1 10 12 1 10 12 1 10 12 1 10 10 12 1 100 1 8 1 10 10 10 12 1 1 10 12 1 10 12 1 1 8 1 7 1 10 10 7 1 10 12 1 9 7 12 1 1 1 9 12 1 1 7 1 10 10 7 12 1 1 1 7 1 1 1 1 1 5 0 1 1 1 1 1 1 1 1 1 1 1 1 1 1 1 1 1 1 1 1 1 1 1 1 1 1 1 1 1 1 1 1 1 1 1 1 1 1 1 1 1 1 1 1 1 1 1 1 7 1 1 1 1 1 1 1 1 1 1 1 1 1 1 1 1 1 1 1 1 1 1 1 1 1 1 1 1 1 1 1 1 1 1 1 1 1 100 1 1 1 1 1 1 1 1 1 1 1 1 1 1 1 1 1 100 1 1 1 1 1 1 1 1 1 1 1 1 1 1 1 1 1 1 1
staticfield java/net/URL defaultFactory Ljava/net/URLStreamHandlerFactory; java/net/URL$DefaultFactory
staticfield java/net/URL streamHandlerLock Ljava/lang/Object; java/lang/Object
staticfield java/net/URL serialPersistentFields [Ljava/io/ObjectStreamField; 7 [Ljava/io/ObjectStreamField;
ciMethod java/lang/System arraycopy (Ljava/lang/Object;ILjava/lang/Object;II)V 256 0 128 0 -1
ciInstanceKlass java/lang/Module 1 1 1070 10 7 12 1 1 1 9 7 12 1 1 1 10 7 12 1 1 1 9 12 1 9 12 1 1 9 12 1 1 10 12 1 1 10 12 1 10 12 1 1 10 7 12 1 1 1 7 1 10 7 12 1 1 1 10 12 1 1 11 7 12 1 1 1 10 12 1 1 10 7 12 1 1 1 10 12 1 1 10 7 12 1 1 1 9 100 12 1 1 1 10 7 12 1 1 1 10 12 1 8 1 10 7 12 1 1 1 10 7 12 1 1 1 10 7 12 1 1 1 10 12 1 10 12 1 9 12 1 1 10 100 12 1 1 100 1 7 1 10 8 1 10 12 1 1 10 12 1 10 12 10 12 1 10 7 12 1 1 8 1 8 1 10 8 1 8 1 9 12 1 1 8 1 10 100 12 1 1 1 10 12 1 9 12 1 1 11 12 1 9 7 12 1 1 10 7 12 1 1 1 10 7 12 1 1 1 10 12 1 1 8 1 10 12 1 1 10 12 1 10 12 1 1 9 7 12 1 1 1 10 12 1 1 10 12 1 1 9 12 1 10 12 1 10 12 1 9 12 1 1 11 7 12 1 1 10 12 1 1 9 12 1 9 12 1 10 12 1 10 12 1 100 1 8 1 10 10 12 1 1 10 12 1 8 1 10 12 1 1 8 1 8 1 10 12 1 1 10 12 1 10 12 1 1 18 12 1 1 10 12 1 1 11 12 1 9 12 1 11 12 10 100 12 1 1 100 1 8 1 10 11 12 1 1 10 7 12 1 1 1 10 12 1 10 12 1 1 11 12 1 1 11 7 12 1 1 11 12 1 1 9 12 1 11 12 1 10 12 1 1 10 12 1 1 9 12 1 10 12 10 7 12 1 1 10 7 1 18 12 1 1 11 100 12 1 1 1 18 12 1 11 12 1 1 10 100 12 1 1 1 11 12 1 1 10 7 12 1 1 7 1 11 12 1 7 1 7 1 10 12 1 10 7 12 1 1 1 10 11 7 12 1 8 1 10 10 12 1 1 10 7 12 1 1 10 12 1 10 12 1 7 1 10 12 1 10 11 12 1 1 10 12 10 12 1 1 9 12 1 1 100 1 10 10 12 1 1 11 7 1 10 12 1 1 11 12 1 10 10 12 1 11 10 12 1 1 10 12 1 1 10 12 1 1 10 7 12 1 1 10 12 1 10 12 1 1 10 10 12 1 1 10 12 1 18 12 1 11 12 1 18 12 1 10 12 1 10 12 1 10 12 7 1 10 12 1 10 12 1 10 12 1 9 12 1 7 1 10 10 10 10 12 1 10 12 1 10 12 1 10 12 1 1 10 12 1 1 10 12 1 9 12 1 18 12 1 1 10 7 12 1 1 1 100 1 8 1 10 12 1 1 10 12 1 1 10 7 12 1 1 7 1 10 12 1 1 7 1 8 1 10 12 1 1 100 1 11 12 1 1 10 100 12 1 1 1 18 12 1 1 11 100 12 1 1 1 100 1 10 12 1 10 12 1 1 7 1 7 1 10 12 8 1 10 12 1 1 10 12 1 1 10 7 12 1 1 10 12 1 1 10 12 1 10 12 10 12 1 1 7 1 10 10 12 1 1 10 7 12 1 1 1 100 1 10 12 1 1 10 7 12 1 1 8 1 18 12 1 1 100 1 100 1 9 12 1 1 9 12 1 9 12 1 11 100 12 1 1 1 100 1 11 12 1 1 100 1 10 12 1 8 1 10 12 1 10 12 10 12 1 8 1 10 10 100 12 1 1 7 1 10 10 12 1 10 7 12 1 1 9 12 1 9 12 1 9 12 1 9 12 1 10 12 11 12 1 10 12 1 7 1 1 1 1 1 1 1 1 1 1 1 1 1 1 1 1 1 1 1 100 1 1 1 1 1 1 1 1 1 1 1 1 1 1 1 1 1 1 1 1 1 1 1 1 1 1 1 1 1 1 1 1 1 1 1 1 1 1 1 1 1 1 1 1 1 1 1 1 1 1 1 1 1 1 1 1 1 1 1 1 1 1 1 1 1 1 1 1 1 1 1 1 1 1 1 1 1 1 1 1 1 1 1 1 1 1 1 1 1 1 1 1 1 1 1 100 100 1 1 1 1 1 1 1 1 1 1 1 1 1 1 1 1 1 1 1 1 1 1 1 1 1 1 1 100 1 7 1 1 1 1 1 1 1 1 1 1 1 1 1 1 1 1 1 1 1 1 100 1 1 1 1 1 1 1 1 1 1 1 1 1 1 1 1 1 1 1 1 1 1 1 16 15 10 12 16 16 15 10 12 16 16 15 10 16 1 15 10 12 16 1 15 10 12 16 1 16 15 10 12 16 16 1 15 10 12 16 15 10 7 12 1 1 1 15 10 100 12 1 1 1 1 1 1 1 1 1 1 1 100 1 100 1 1 100 1 100 1 1
staticfield java/lang/Module ALL_UNNAMED_MODULE Ljava/lang/Module; java/lang/Module
staticfield java/lang/Module ALL_UNNAMED_MODULE_SET Ljava/util/Set; java/util/ImmutableCollections$Set12
staticfield java/lang/Module EVERYONE_MODULE Ljava/lang/Module; java/lang/Module
staticfield java/lang/Module EVERYONE_SET Ljava/util/Set; java/util/ImmutableCollections$Set12
staticfield java/lang/Module $assertionsDisabled Z 1
ciInstanceKlass java/lang/StringLatin1 1 1 395 7 1 10 7 12 1 1 1 10 12 1 1 10 7 12 1 1 1 10 7 12 1 1 1 10 12 1 10 7 12 1 1 1 10 12 1 1 10 7 12 1 1 1 10 7 12 1 1 1 10 12 1 1 10 12 1 1 10 10 12 1 10 12 1 10 9 7 12 1 1 1 10 12 1 1 10 7 12 1 1 1 10 12 10 12 1 1 10 12 1 1 10 12 1 10 12 1 1 10 12 1 1 10 12 1 10 7 12 1 1 1 10 12 1 10 12 1 1 9 12 1 1 100 1 10 10 12 1 1 10 7 12 1 1 1 10 12 1 10 12 1 100 1 7 1 8 1 10 12 1 8 1 10 12 1 1 100 1 10 10 12 10 7 12 1 1 1 8 1 8 1 8 1 10 12 1 1 10 100 12 1 1 10 12 1 10 12 1 1 10 12 1 1 10 12 1 1 10 12 1 10 12 10 12 10 12 1 10 12 10 10 12 1 10 12 1 10 12 1 10 100 12 1 1 1 10 100 12 1 1 1 10 12 1 1 10 12 1 1 10 10 7 12 1 1 1 1 1 1 1 1 1 1 1 1 1 1 1 1 1 1 1 1 1 1 1 1 1 1 1 1 1 1 1 1 1 1 1 1 1 1 1 1 1 1 1 1 1 1 1 1 1 1 1 1 100 1 1 1 1 1 1 1 1 1 1 1 1 1 1 1 1 1 1 1 1 1 1 1 1 1 1 1 1 1 1 1 1 1 1 1 1 1 1 1 1 1 1 100 1 1 1 1 1 1 1 1 1 1 1 1 1 1 1 1 1 1 1 1 1 1 1 100 1 1 1 1 1 1 1 1 1 1 1 1 1 1 1 1 1 1 1 1 1 1 1 1 1 1 100 1 1 1 1
staticfield java/lang/StringLatin1 $assertionsDisabled Z 1
ciInstanceKlass jdk/internal/util/ArraysSupport 1 1 378 7 1 7 1 8 1 10 12 1 1 10 12 1 1 10 7 12 1 1 9 7 12 1 1 1 9 12 1 1 10 7 12 1 1 1 9 12 1 1 10 7 12 1 1 1 9 12 1 10 12 9 12 1 10 12 1 1 10 12 7 1 10 12 1 1 10 12 1 100 1 10 12 1 1 10 12 100 1 10 12 1 100 1 10 12 1 100 1 7 1 10 8 1 10 12 1 1 10 12 1 10 12 1 1 10 9 12 1 1 11 7 12 1 1 1 9 12 1 9 12 1 10 12 1 1 9 12 1 9 12 1 9 12 1 9 12 1 9 12 1 9 12 1 9 12 1 10 12 1 1 10 7 12 1 1 1 9 12 1 9 12 1 10 12 1 1 10 12 1 9 12 1 10 12 1 10 7 12 1 1 1 9 12 1 9 12 1 10 12 1 10 12 1 10 7 12 1 1 1 3 10 12 1 7 1 8 1 8 1 8 1 10 10 100 12 1 1 1 11 7 12 1 1 1 10 12 1 10 7 12 1 1 1 10 12 1 1 10 12 1 1 9 12 1 10 12 1 9 12 1 9 12 1 9 12 1 9 12 1 9 12 1 9 12 1 9 12 1 7 1 10 7 12 1 1 1 1 1 3 1 3 1 3 1 3 1 3 1 3 1 3 1 3 1 1 1 1 1 1 1 1 1 1 1 1 1 1 1 1 1 1 1 1 1 1 1 1 1 1 1 1 1 1 1 1 1 1 1 1 1 1 1 1 1 1 1 1 1 1 1 1 1 1 1 1 1 1 1 1 1 1 1 1 1 1 1 1 1 1 1 1 1 1 1 1 1 1 1 1 1 1 1 100 1 1 1 1
staticfield jdk/internal/util/ArraysSupport U Ljdk/internal/misc/Unsafe; jdk/internal/misc/Unsafe
staticfield jdk/internal/util/ArraysSupport BIG_ENDIAN Z 0
staticfield jdk/internal/util/ArraysSupport LOG2_ARRAY_BOOLEAN_INDEX_SCALE I 0
staticfield jdk/internal/util/ArraysSupport LOG2_ARRAY_BYTE_INDEX_SCALE I 0
staticfield jdk/internal/util/ArraysSupport LOG2_ARRAY_CHAR_INDEX_SCALE I 1
staticfield jdk/internal/util/ArraysSupport LOG2_ARRAY_SHORT_INDEX_SCALE I 1
staticfield jdk/internal/util/ArraysSupport LOG2_ARRAY_INT_INDEX_SCALE I 2
staticfield jdk/internal/util/ArraysSupport LOG2_ARRAY_LONG_INDEX_SCALE I 3
staticfield jdk/internal/util/ArraysSupport LOG2_ARRAY_FLOAT_INDEX_SCALE I 2
staticfield jdk/internal/util/ArraysSupport LOG2_ARRAY_DOUBLE_INDEX_SCALE I 3
staticfield jdk/internal/util/ArraysSupport LOG2_BYTE_BIT_SIZE I 3
staticfield jdk/internal/util/ArraysSupport JLA Ljdk/internal/access/JavaLangAccess; java/lang/System$2
ciInstanceKlass java/lang/Character 1 1 604 7 1 7 1 100 1 9 12 1 1 8 1 9 12 1 1 7 1 9 12 1 1 10 7 12 1 1 1 10 100 12 1 1 1 10 100 12 1 1 1 10 7 12 1 1 1 9 7 12 1 1 1 10 12 1 10 12 1 1 10 12 1 1 10 7 12 1 1 10 12 1 1 3 3 3 3 3 10 12 1 1 10 12 1 3 11 7 12 1 1 1 11 12 1 1 10 12 1 1 10 12 1 1 100 1 10 10 12 1 3 10 12 1 1 10 12 1 10 12 1 1 100 1 8 1 10 12 1 1 10 12 1 10 12 1 10 12 1 10 100 12 1 1 1 10 12 1 10 12 1 10 12 1 1 10 12 1 10 7 12 1 1 10 10 12 1 10 10 12 1 10 12 1 1 10 12 1 10 10 12 1 10 12 1 10 12 1 10 12 1 10 12 1 10 12 1 10 12 1 10 12 10 10 12 10 10 12 1 10 10 12 1 10 10 12 1 10 10 12 1 10 12 1 10 12 1 10 12 1 10 12 1 10 12 1 10 12 1 10 10 12 1 10 10 12 1 10 10 12 1 1 10 10 12 1 10 5 0 10 12 1 10 12 1 10 10 12 1 10 10 12 1 1 10 10 12 1 10 10 12 1 9 12 1 1 100 1 10 10 12 1 10 12 1 1 3 10 100 12 1 1 1 10 12 1 10 100 12 1 1 7 1 10 10 12 1 1 10 12 1 1 10 12 1 1 8 1 10 12 1 9 100 12 1 1 1 10 12 1 10 10 12 1 10 12 1 1 10 12 1 10 10 12 1 1 10 10 12 1 1 7 1 8 1 10 12 1 1 10 7 12 1 1 1 8 1 10 12 1 1 9 12 1 1 7 1 7 1 7 1 1 1 1 3 1 3 1 3 1 3 1 1 1 1 1 3 1 1 3 1 3 1 3 1 3 1 3 1 3 1 3 1 3 1 3 1 3 1 3 1 3 1 3 1 3 1 3 1 3 1 3 1 3 1 3 1 3 1 3 1 3 1 3 1 3 1 3 1 3 1 3 1 3 1 1 1 1 1 1 1 1 1 1 1 1 1 1 1 1 1 1 1 3 1 1 1 1 1 1 1 3 1 1 3 1 1 1 1 1 3 1 1 5 0 1 1 1 1 1 1 1 1 1 1 1 1 1 1 1 1 1 1 1 1 1 1 1 1 1 1 1 1 1 1 1 1 1 1 1 1 1 1 1 1 1 1 1 1 1 1 1 1 1 1 1 1 1 1 1 1 1 1 1 1 1 1 1 1 1 1 1 1 1 1 1 1 1 1 1 1 1 1 1 1 1 1 1 1 1 1 1 1 1 1 100 1 100 1 1 1 1 1 1
staticfield java/lang/Character TYPE Ljava/lang/Class; java/lang/Class
staticfield java/lang/Character $assertionsDisabled Z 1
ciInstanceKlass java/util/Arrays 1 1 1029 10 7 12 1 1 1 10 7 12 1 1 1 10 7 12 1 1 1 10 12 1 10 12 1 10 12 1 10 12 1 10 12 1 10 12 1 10 100 12 1 1 1 100 1 7 1 10 8 1 10 12 1 1 10 12 1 8 1 8 1 10 12 1 1 10 12 1 100 1 10 12 1 9 100 12 1 1 1 10 7 12 1 1 100 1 10 12 1 1 10 7 12 1 1 10 7 12 1 1 1 100 1 10 12 1 10 12 1 1 7 1 9 7 12 1 1 1 10 12 1 1 10 7 12 1 1 10 12 1 10 12 1 1 10 12 1 10 12 1 1 7 1 11 12 1 1 10 12 1 10 7 12 1 1 1 10 12 10 12 1 10 12 1 10 12 10 12 1 11 7 12 1 1 1 10 7 12 1 1 1 100 1 10 12 1 10 100 1 10 12 1 10 100 1 10 12 1 10 100 1 10 12 1 10 10 12 1 1 10 12 1 10 12 1 10 12 1 10 12 1 10 12 1 10 7 12 1 1 1 10 12 1 10 7 12 1 1 1 10 12 1 10 12 1 10 7 12 1 1 1 10 12 1 10 12 1 10 12 1 10 12 1 10 12 1 10 12 1 10 12 1 10 12 1 10 12 1 10 12 1 10 12 1 10 12 1 10 12 1 10 12 1 10 12 1 10 12 1 1 10 12 1 1 10 7 12 1 1 1 10 7 1 10 100 1 10 7 1 10 100 1 10 7 1 10 100 1 10 100 1 10 100 1 10 12 1 8 1 10 12 1 1 10 12 1 1 10 12 1 1 10 12 1 1 10 12 1 1 10 12 1 1 10 12 1 1 10 12 1 1 10 12 1 1 7 1 10 12 10 12 1 1 10 12 1 10 12 1 1 10 12 1 1 9 7 12 1 1 1 10 12 1 9 7 1 10 12 1 9 7 1 10 12 1 9 7 1 10 12 1 9 7 1 10 12 1 9 7 1 10 12 1 9 10 12 1 10 12 1 10 12 1 9 12 1 100 1 10 10 12 1 1 10 12 1 10 12 1 10 12 1 10 12 1 10 12 1 10 12 1 10 12 1 10 12 1 10 12 1 8 1 8 1 10 12 1 10 12 1 8 1 10 12 1 10 12 1 10 12 1 10 7 12 1 1 1 3 10 100 1 10 10 12 1 1 11 100 12 1 1 10 12 1 1 10 12 1 10 12 1 10 12 1 10 12 1 10 12 1 10 12 1 10 12 1 10 12 1 11 12 1 8 1 10 11 12 1 11 7 12 1 1 1 11 100 12 1 1 1 11 12 1 1 18 12 1 1 11 12 1 1 11 100 12 1 1 1 18 12 1 11 100 12 1 1 1 18 12 1 11 100 12 1 1 1 18 12 1 100 1 10 7 12 1 1 1 10 12 1 10 12 1 10 12 1 10 12 1 10 12 1 10 12 1 10 12 1 10 12 1 1 10 12 1 10 7 12 1 1 10 12 1 10 12 1 10 12 1 1 10 12 1 10 12 1 10 12 1 1 10 12 1 10 12 1 10 12 1 1 10 12 1 10 12 1 10 12 1 10 12 1 10 12 10 12 1 10 12 10 12 10 12 1 10 12 10 12 1 10 12 1 10 12 1 1 1 1 3 1 3 1 1 1 1 1 1 1 1 1 1 1 1 1 1 1 1 1 1 1 1 1 1 1 1 1 1 1 1 1 1 1 1 1 1 1 1 1 1 1 1 1 1 1 1 1 1 1 1 1 1 1 1 1 1 1 1 1 1 1 1 1 1 1 1 1 1 1 1 1 1 1 1 1 1 1 1 1 1 1 1 1 1 1 1 1 1 1 1 1 1 1 1 1 1 1 1 1 1 1 1 1 1 1 1 1 1 1 1 1 1 1 1 1 1 1 1 1 1 1 1 1 1 1 1 1 1 1 1 1 1 1 1 1 1 1 1 1 1 1 1 1 1 1 1 1 1 1 1 1 1 1 1 1 1 1 1 1 1 1 1 1 1 1 1 1 1 1 1 1 1 1 1 1 1 1 1 1 1 1 1 1 1 1 1 1 1 1 1 1 1 1 1 1 1 1 1 1 1 1 1 1 1 1 1 1 1 1 1 1 1 1 1 1 1 1 1 1 1 1 1 1 1 1 1 1 1 1 1 1 1 1 1 1 1 1 1 1 1 1 1 1 1 1 1 1 1 1 1 1 1 1 1 1 1 100 1 1 16 15 10 12 15 10 12 15 10 12 15 10 12 15 10 100 12 1 1 1 1 1 100 1 100 1 1 1 1 100 1 1 1 1 1 1 100 1 1 100 1 1 100 1 1 1 100 1 100 1 1
staticfield java/util/Arrays $assertionsDisabled Z 1
ciInstanceKlass java/lang/OutOfMemoryError 1 1 26 10 100 12 1 1 1 10 12 1 100 1 1 1 1 5 0 1 1 1 1 1 1 1 1 1
ciMethod java/lang/StringLatin1 equals ([B[B)Z 496 462 6392 0 -1
ciInstanceKlass java/lang/StringUTF16 1 1 635 7 1 7 1 10 7 12 1 1 1 10 7 12 1 1 1 100 1 10 3 7 1 7 1 10 8 1 10 12 1 1 10 12 1 8 1 10 12 1 1 10 12 1 9 12 1 1 10 12 1 1 100 1 8 1 10 12 1 9 12 1 1 9 12 1 10 10 12 1 1 10 12 1 1 10 7 12 1 1 1 10 12 1 10 12 1 1 10 12 1 1 10 12 1 1 10 12 1 1 10 12 1 10 12 1 1 10 12 1 1 10 12 1 1 10 12 1 1 10 12 1 1 10 12 1 10 7 12 1 1 1 10 12 1 1 10 7 12 1 1 1 10 12 1 1 10 12 1 10 12 1 1 10 12 1 1 10 12 1 1 10 12 1 10 12 1 100 1 10 12 1 10 10 12 1 10 12 1 1 10 12 1 10 7 12 1 1 1 10 12 1 1 10 12 10 12 1 1 10 12 1 10 12 1 1 10 12 1 10 12 1 10 12 1 10 12 1 7 1 10 12 1 1 10 12 1 3 10 12 1 1 10 12 1 10 12 1 10 12 1 10 12 1 10 12 1 10 12 1 1 9 12 1 10 12 1 10 12 10 12 1 1 10 12 1 10 12 1 10 12 1 10 10 12 10 12 10 10 12 1 1 10 12 1 10 12 1 10 12 1 100 1 8 1 8 1 10 12 1 1 100 1 10 10 7 12 1 1 1 10 7 12 1 1 8 1 8 1 8 1 10 12 1 1 10 12 1 1 10 12 10 100 12 1 1 10 12 1 1 10 12 1 1 10 12 1 10 12 10 12 10 12 1 10 12 10 12 1 10 12 1 10 12 1 10 12 1 10 100 12 1 1 1 10 100 12 1 1 1 10 12 1 1 10 12 1 1 11 7 12 1 1 10 12 1 10 12 1 10 12 1 1 9 12 1 1 9 12 1 5 0 5 0 10 12 1 10 12 10 12 10 7 12 1 1 1 10 12 1 1 1 1 1 1 1 1 1 1 1 1 1 1 1 1 1 1 1 1 1 1 1 1 1 1 1 1 1 100 1 1 1 1 1 1 1 1 1 1 1 1 1 1 1 1 1 1 1 1 1 1 1 1 1 1 1 1 1 1 1 1 1 1 1 1 1 1 1 1 1 1 1 1 1 1 1 1 1 1 1 1 1 1 1 1 1 1 1 1 1 1 1 1 1 1 1 1 1 1 1 1 1 1 1 1 1 1 1 1 1 1 1 1 1 1 1 1 1 1 100 1 1 1 1 1 1 1 1 1 1 1 1 1 1 1 1 1 100 1 1 1 1 1 1 1 1 1 1 1 1 1 1 1 1 1 1 1 1 1 1 1 1 1 1 1 1 1 1 1 1 1 1 1 1 1 1 1 1 1 1 1 1 1 1 1 1 1 1 1 1 1 1 1 1 1 1 1 100 1 100 1 1 1 1 1
staticfield java/lang/StringUTF16 HI_BYTE_SHIFT I 0
staticfield java/lang/StringUTF16 LO_BYTE_SHIFT I 8
staticfield java/lang/StringUTF16 $assertionsDisabled Z 1
ciInstanceKlass java/lang/Integer 1 1 453 7 1 7 1 7 1 7 1 10 12 1 1 9 12 1 1 9 12 1 1 10 100 12 1 1 1 10 12 1 1 10 100 12 1 1 1 10 10 12 1 1 10 7 12 1 1 1 10 12 1 10 12 1 1 10 7 12 1 1 1 10 12 1 1 10 12 1 1 10 12 1 10 12 1 10 12 1 1 10 10 12 1 9 12 1 1 9 12 1 7 1 8 1 10 12 1 7 1 10 12 1 8 1 10 12 1 1 10 12 1 8 1 10 12 1 8 1 10 12 1 1 3 10 12 1 1 3 10 12 1 1 10 12 1 1 10 7 12 1 1 1 11 7 1 10 12 1 1 11 10 12 1 1 8 1 10 12 1 1 8 1 7 1 10 12 1 1 10 12 1 1 5 0 8 1 10 12 1 10 12 1 10 12 1 10 12 1 1 7 1 9 12 1 1 9 12 1 1 10 12 1 10 7 1 9 12 1 10 12 1 10 12 1 10 12 1 1 10 7 12 1 1 1 100 1 100 1 10 12 1 1 10 12 1 1 8 1 8 1 10 12 1 1 8 1 8 1 8 1 8 1 8 1 8 1 10 12 1 10 12 1 5 0 3 3 3 3 10 12 1 10 12 1 3 10 12 1 10 100 12 1 1 1 10 12 1 1 10 12 1 1 8 1 10 7 12 1 1 1 9 12 1 1 7 1 7 1 7 1 1 1 1 3 1 1 1 3 1 3 1 1 5 0 1 1 1 1 1 1 1 1 1 100 1 1 1 1 1 1 1 1 1 1 1 1 1 1 1 1 1 1 1 1 1 1 1 1 1 1 1 1 1 1 1 1 1 1 1 1 1 1 1 1 3 1 1 1 1 1 1 1 1 1 1 1 1 1 1 1 1 7 1 1 1 1 1 1 1 1 1 1 1 1 1 1 1 1 1 1 1 1 1 1 1 1 1 1 1 1 1 1 1 1 1 1 1 1 1 1 1 1 1 1 1 1 1 1 7 1 1 1 1 1 1 1 1 1 100 1 100 1 1
staticfield java/lang/Integer TYPE Ljava/lang/Class; java/lang/Class
staticfield java/lang/Integer digits [C 36
staticfield java/lang/Integer DigitTens [B 100
staticfield java/lang/Integer DigitOnes [B 100
instanceKlass java/math/BigDecimal
instanceKlass com/google/gson/internal/LazilyParsedNumber
instanceKlass com/sun/jna/IntegerType
instanceKlass java/util/concurrent/atomic/Striped64
instanceKlass java/math/BigInteger
instanceKlass java/util/concurrent/atomic/AtomicLong
instanceKlass java/util/concurrent/atomic/AtomicInteger
instanceKlass java/lang/Long
instanceKlass java/lang/Integer
instanceKlass java/lang/Short
instanceKlass java/lang/Byte
instanceKlass java/lang/Double
instanceKlass java/lang/Float
ciInstanceKlass java/lang/Number 1 1 37 10 7 12 1 1 1 10 100 12 1 1 1 100 1 1 1 1 5 0 1 1 1 1 1 1 1 1 1 1 1 1 1 1 1 1 1
ciMethod java/lang/StringUTF16 newBytesFor (I)[B 0 0 269 0 -1
ciInstanceKlass java/lang/Thread$FieldHolder 1 1 48 10 7 12 1 1 1 9 7 12 1 1 1 9 12 1 1 9 12 1 1 9 12 1 1 9 12 1 1 1 1 1 1 1 1 1 1 100 1 100 1 1 1 1 100 1 1 1
ciInstanceKlass java/lang/Thread$Constants 0 0 59 7 1 10 7 12 1 1 1 100 1 10 10 7 12 1 1 1 7 1 8 1 10 12 1 9 7 12 1 1 1 7 1 7 1 10 12 1 10 12 1 9 12 1 1 1 1 1 1 1 1 1 1 1 1 1 1 1 1
ciInstanceKlass java/lang/ThreadGroup 1 1 411 10 7 12 1 1 1 9 7 12 1 1 1 8 1 9 12 1 1 7 1 9 12 1 1 9 12 1 1 10 7 12 1 1 1 10 12 1 1 10 12 1 10 12 1 10 12 1 10 12 1 1 10 12 1 1 10 12 1 10 12 1 1 10 12 1 10 12 1 10 100 12 1 1 1 10 12 1 1 18 12 1 1 11 7 12 1 1 1 10 7 12 1 1 1 10 7 12 1 10 12 1 1 10 12 1 1 10 12 1 1 10 100 12 1 1 1 10 12 1 11 12 1 1 11 7 12 1 1 11 12 1 1 10 12 1 1 10 12 1 10 12 1 11 12 1 11 12 1 1 100 1 10 10 12 1 100 1 10 18 12 1 1 11 7 12 1 1 1 11 12 1 1 9 12 1 1 10 12 1 1 8 1 10 7 12 1 1 1 10 100 12 1 1 1 10 12 1 1 11 12 10 12 1 1 10 12 1 1 11 7 1 9 12 1 7 1 10 8 1 10 12 1 1 10 12 1 1 8 1 10 12 1 10 7 12 1 1 1 10 12 1 1 10 7 1 8 1 10 8 1 10 12 1 10 12 1 8 1 9 12 1 1 9 12 1 10 100 12 1 1 1 100 9 12 1 1 7 1 9 12 1 10 12 10 12 1 1 100 10 12 9 12 1 10 12 1 100 1 10 11 12 1 1 7 1 10 10 12 1 10 12 1 1 1 1 1 1 1 1 1 1 1 1 1 1 1 1 1 1 3 1 1 1 1 1 1 1 1 1 1 1 1 100 1 1 1 1 1 1 1 1 1 1 1 1 1 1 1 1 1 1 1 1 1 1 1 1 1 1 1 1 1 1 1 1 1 1 1 1 1 1 1 1 1 1 1 16 15 10 12 16 16 15 10 12 16 15 10 100 12 1 1 1 1 1 100 1 100 1 1
staticfield java/lang/ThreadGroup $assertionsDisabled Z 1
ciInstanceKlass java/lang/Thread$UncaughtExceptionHandler 1 0 16 100 1 100 1 1 1 1 1 1 1 1 100 1 1 1
ciInstanceKlass java/security/AccessControlContext 1 1 374 9 7 12 1 1 1 9 12 1 1 10 100 12 1 1 1 8 1 10 100 12 1 1 1 10 7 12 1 1 1 9 12 1 9 12 1 1 9 12 1 1 10 7 12 1 1 7 1 10 12 1 11 7 12 1 1 1 11 12 1 11 12 1 11 12 1 1 7 1 11 12 1 1 10 12 1 10 7 12 1 1 1 9 100 12 1 1 1 10 7 12 1 1 1 11 100 12 1 1 1 10 7 1 100 1 8 1 10 12 1 10 12 1 1 7 1 10 7 12 1 1 1 9 12 1 9 12 1 9 12 1 9 12 1 1 9 12 1 1 9 12 1 9 12 1 10 7 12 1 1 1 9 12 1 10 12 1 1 10 12 1 1 8 1 10 12 1 1 10 12 1 1 10 7 12 1 1 1 7 1 10 10 12 1 1 10 7 12 1 1 1 10 8 1 10 7 12 1 1 8 1 10 7 12 1 1 8 1 8 1 10 12 1 8 1 10 12 1 8 1 10 12 1 10 12 1 10 12 1 1 8 1 8 1 100 1 10 12 1 10 12 1 1 100 1 10 12 1 8 1 10 12 1 10 12 1 10 8 1 10 12 1 1 10 12 1 1 10 12 1 1 10 12 1 1 10 12 1 10 12 1 11 10 12 1 10 12 1 1 10 10 10 12 1 1 1 1 1 1 1 1 1 1 1 1 1 1 1 1 1 1 1 1 1 1 1 1 100 1 1 1 1 1 1 1 1 1 1 1 1 1 1 1 1 1 1 1 1 1 1 1 1 1 1 1 1 1 1 1 1 1 1 1 1 1 1 1 1 1 1 1 1 1 1 1 1 1 1 1 1 3 1 1
instanceKlass java/lang/ThreadBuilders$BoundVirtualThread
instanceKlass java/lang/VirtualThread
ciInstanceKlass java/lang/BaseVirtualThread 0 0 36 10 100 12 1 1 1 100 1 1 1 1 1 1 1 1 1 1 1 1 1 1 1 1 1 1 1 1 100 1 100 1 1 100 1 1
ciInstanceKlass java/lang/VirtualThread 0 0 907 9 7 12 1 1 1 10 7 12 1 1 1 10 100 12 1 1 1 10 7 12 1 1 1 9 12 1 1 9 12 1 1 100 1 10 12 1 9 12 1 1 18 12 1 1 9 12 1 1 10 12 1 1 100 1 10 12 1 10 12 1 1 10 12 1 1 10 12 1 1 10 12 1 10 7 12 1 10 12 1 10 12 1 10 12 1 10 12 1 11 100 12 1 1 1 100 1 10 12 1 1 10 100 12 1 1 1 10 100 12 1 1 1 10 12 1 100 1 10 10 12 1 10 12 1 1 9 12 1 1 10 12 1 1 9 12 1 1 10 12 1 9 12 1 1 9 12 1 100 1 10 10 12 1 10 100 12 1 1 10 9 10 10 12 1 1 10 12 1 1 10 100 12 1 1 10 100 1 10 9 10 10 12 1 7 1 10 12 1 1 10 12 1 10 12 1 10 12 1 1 9 12 1 10 12 1 10 12 1 9 12 1 1 10 12 1 10 12 1 9 12 1 1 10 12 1 10 12 1 10 12 1 11 100 12 1 1 10 12 1 1 10 12 1 1 10 12 1 1 9 12 1 10 100 1 10 12 1 1 10 12 1 1 10 12 1 10 12 1 10 12 1 10 12 9 12 1 1 10 100 12 1 1 10 12 1 10 12 1 1 10 100 12 1 1 10 12 1 100 1 8 1 10 12 1 10 12 1 1 10 12 1 10 12 1 10 100 12 1 1 10 12 1 10 12 1 1 10 12 1 10 12 1 1 10 7 12 1 1 10 12 1 1 10 12 1 1 100 1 10 10 12 1 7 1 9 12 1 1 10 7 12 1 1 10 9 12 1 1 18 9 100 12 1 1 1 11 100 12 1 1 1 11 100 1 11 12 10 12 1 10 12 1 1 10 12 1 100 1 10 10 12 1 10 12 1 1 10 12 1 1 10 12 1 10 12 1 10 12 1 9 12 1 1 11 100 12 1 1 10 12 9 100 12 1 1 1 9 12 1 10 12 1 1 9 12 1 9 12 1 9 12 1 7 1 10 10 12 1 1 10 12 1 10 12 7 1 7 1 10 8 1 10 12 1 1 10 12 1 10 12 1 10 10 12 1 8 1 10 10 12 1 10 12 1 10 7 12 1 1 8 1 8 1 10 9 100 12 1 1 1 10 12 1 1 10 12 1 10 10 10 12 9 12 1 10 12 1 1 9 12 1 10 12 1 1 9 12 1 10 12 1 1 18 12 1 1 18 12 1 10 7 12 1 1 1 8 1 10 100 12 1 1 1 10 7 12 1 1 1 18 12 1 10 100 12 1 1 1 100 1 10 12 1 8 1 10 12 1 8 1 10 12 1 1 8 1 8 1 10 100 12 1 1 8 1 10 12 1 8 1 8 1 10 100 12 1 1 1 10 12 1 10 12 1 1 10 12 1 18 12 1 1 18 12 1 1 5 0 9 12 1 10 12 1 18 12 1 100 1 10 12 10 7 12 1 1 10 12 1 1 7 1 8 1 10 10 12 1 10 12 1 1 10 12 1 9 12 1 8 10 12 1 1 8 8 9 12 1 8 10 12 1 1 3 1 3 1 3 1 3 1 3 1 3 1 3 1 3 1 3 1 3 1 3 1 3 3 1 3 1 1 1 1 1 1 1 1 1 1 1 1 1 1 7 1 1 1 1 1 1 1 1 1 1 1 1 1 1 7 1 1 1 1 1 1 1 1 1 1 1 7 1 1 1 1 1 1 1 1 1 1 1 1 1 1 1 1 1 1 1 1 1 1 1 1 1 1 1 1 1 1 1 1 1 1 1 1 1 1 1 100 1 1 1 1 1 1 1 1 1 1 1 1 1 1 1 1 1 1 1 1 1 1 1 1 1 1 1 1 1 1 1 1 1 1 1 100 1 1 1 1 1 1 1 1 1 1 1 1 1 1 100 1 1 16 15 10 12 15 16 15 10 12 16 15 10 12 16 16 15 10 12 16 15 10 12 16 15 10 12 16 15 10 12 16 1 15 10 100 12 1 1 1 1 1 1 1 7 1 1 100 1 100 1 1
ciInstanceKlass java/lang/ThreadBuilders$BoundVirtualThread 0 0 132 10 7 12 1 1 1 9 7 12 1 1 1 10 7 12 1 1 1 9 12 1 1 10 12 1 1 10 12 1 1 9 12 1 1 10 7 12 1 1 1 10 12 1 1 7 1 8 1 10 12 1 10 12 1 1 10 12 1 1 10 12 1 1 10 7 12 1 1 1 8 1 10 12 1 8 1 10 12 1 1 10 100 12 1 1 9 100 12 1 1 1 10 12 1 1 10 10 12 1 1 1 1 1 1 1 1 1 1 1 1 1 1 1 1 1 1 1 1 1 1 1 1 1 1 1 1 100 1 1 1 1
ciInstanceKlass jdk/internal/vm/ContinuationScope 0 0 50 10 100 12 1 1 1 10 100 12 1 1 1 100 1 9 100 12 1 1 1 10 12 1 1 10 100 12 1 1 1 10 12 1 1 10 12 1 1 1 1 1 1 1 1 1 1 1 1 1
ciInstanceKlass jdk/internal/vm/StackChunk 0 0 32 10 100 12 1 1 1 9 100 12 1 1 1 9 12 1 1 9 12 1 1 1 1 1 1 1 1 1 1 1 1 1
ciInstanceKlass java/lang/Float 1 1 279 7 1 7 1 10 7 12 1 1 1 10 100 12 1 1 1 4 7 1 10 12 1 1 10 12 1 1 8 1 8 1 10 7 12 1 1 1 10 12 1 1 10 12 1 1 10 100 1 4 10 7 12 1 1 9 12 1 1 10 12 1 1 10 12 1 10 10 12 1 1 10 12 1 10 12 1 3 3 100 1 4 4 4 3 10 12 1 1 9 12 1 1 100 1 10 3 3 4 4 10 12 1 3 3 3 10 12 1 1 10 12 1 1 10 12 1 10 100 12 1 1 1 10 12 1 1 10 12 1 1 10 7 12 1 1 1 8 1 10 12 1 1 9 12 1 1 7 1 7 1 7 1 1 1 1 4 1 4 1 1 1 4 1 1 3 1 3 1 3 1 3 1 3 1 1 1 1 5 0 1 1 1 1 1 1 1 1 1 1 7 1 1 1 1 1 1 1 1 1 1 1 1 1 3 1 1 1 1 1 1 1 1 1 1 1 1 1 1 1 1 1 1 1 1 1 1 1 1 1 1 1 1 1 1 1 1 1 1 1 1 1 1 1 1 1 1 1 1 1 1 1 1 1 1 1 1 1 1 1 1 1 1 1 1 1 7 1 1 1 1 1 1 1 100 1 100 1 1
staticfield java/lang/Float TYPE Ljava/lang/Class; java/lang/Class
staticfield java/lang/Float $assertionsDisabled Z 1
ciInstanceKlass java/lang/Double 1 1 290 7 1 7 1 10 7 12 1 1 1 10 12 1 1 10 7 1 10 12 1 1 10 7 12 1 1 1 6 0 8 1 10 12 1 1 8 1 10 12 1 1 8 1 6 0 10 12 1 1 100 1 5 0 5 0 8 1 8 1 10 7 12 1 1 1 10 7 12 1 1 1 8 1 10 12 1 1 8 1 8 1 8 1 10 12 1 1 10 12 1 10 12 1 1 10 12 1 10 12 1 10 12 1 1 10 12 1 10 7 1 6 0 10 7 12 1 1 9 12 1 1 10 12 1 10 12 1 10 12 1 10 12 1 10 12 1 5 0 10 12 1 1 10 12 1 10 12 1 10 100 12 1 1 1 10 12 1 1 10 12 1 1 8 1 10 7 12 1 1 1 9 12 1 1 7 1 7 1 7 1 1 1 6 0 1 6 0 1 6 0 1 1 1 6 0 1 1 3 1 3 1 3 1 3 1 3 1 1 1 1 5 0 1 1 1 1 1 1 1 1 1 1 1 1 1 1 1 1 7 1 1 1 1 1 1 1 1 1 1 1 1 3 1 1 1 1 1 1 1 1 1 1 1 1 1 1 1 1 1 1 1 1 1 1 1 1 1 1 1 1 1 1 1 1 1 1 7 1 1 1 1 1 1 1 100 1 100 1 1
staticfield java/lang/Double TYPE Ljava/lang/Class; java/lang/Class
ciInstanceKlass java/lang/Byte 1 1 213 7 1 100 1 10 7 12 1 1 1 9 12 1 1 8 1 9 12 1 1 7 1 10 12 1 1 10 12 1 1 10 100 12 1 1 1 10 100 12 1 1 1 9 7 12 1 1 1 10 12 1 1 7 1 7 1 10 12 1 1 8 1 10 12 1 1 8 1 10 12 1 10 12 1 10 12 1 10 12 1 1 10 12 1 10 12 1 10 12 1 1 10 8 1 8 1 10 7 1 9 12 1 1 10 12 1 1 10 12 1 1 10 12 1 1 10 12 1 5 0 10 12 1 1 8 1 10 7 12 1 1 1 9 12 1 1 7 1 7 1 1 1 3 1 3 1 1 1 1 3 1 3 1 1 5 0 1 1 1 1 1 1 1 1 1 1 1 1 1 1 1 1 1 1 1 1 1 1 1 1 1 1 1 1 1 1 1 1 1 1 1 1 1 1 1 1 1 1 1 1 1 1 1 1 1 1 1 1 1 1 1 1
staticfield java/lang/Byte TYPE Ljava/lang/Class; java/lang/Class
ciInstanceKlass java/lang/Short 1 1 222 7 1 7 1 100 1 10 7 12 1 1 1 10 12 1 1 7 1 7 1 10 12 1 1 8 1 10 12 1 1 8 1 10 12 1 10 12 1 10 12 1 10 12 1 1 10 12 1 1 10 12 1 9 12 1 1 8 1 9 12 1 1 7 1 10 12 1 1 10 12 1 10 100 12 1 1 1 10 100 12 1 1 1 9 7 12 1 1 1 10 12 1 10 12 1 1 10 8 1 8 1 10 7 1 9 12 1 1 10 12 1 1 10 12 1 1 10 12 1 1 10 12 1 3 3 5 0 10 12 1 1 8 1 10 7 12 1 1 1 9 12 1 1 7 1 7 1 1 1 3 1 3 1 1 1 1 3 1 3 1 1 5 0 1 1 1 1 1 1 1 1 1 1 1 1 1 1 1 1 1 1 1 1 1 1 1 1 1 1 1 3 1 1 1 1 1 1 1 1 1 1 1 1 1 1 1 1 1 1 1 1 1 1 1 1 1 1 1 1 1 1
staticfield java/lang/Short TYPE Ljava/lang/Class; java/lang/Class
ciInstanceKlass java/lang/Long 1 1 524 7 1 7 1 7 1 7 1 10 12 1 1 9 12 1 1 9 7 12 1 1 1 10 100 12 1 1 1 10 12 1 1 10 100 12 1 1 1 10 10 12 10 12 1 10 12 1 10 12 1 5 0 5 0 7 1 10 12 1 1 10 12 1 1 10 12 1 10 12 1 10 12 1 10 12 1 1 10 100 12 1 1 10 12 1 10 12 1 1 10 12 1 1 10 12 1 1 10 12 1 1 10 7 12 1 1 1 10 12 1 1 10 12 1 10 12 1 10 12 1 10 12 1 1 10 10 12 1 5 0 5 0 9 12 1 1 9 12 1 5 0 7 1 8 1 10 12 1 8 1 10 12 1 8 1 8 1 10 12 1 1 5 0 10 12 1 1 5 0 10 12 1 1 10 12 1 1 10 100 12 1 1 1 11 7 1 10 12 1 1 11 10 12 1 1 8 1 10 12 1 1 8 1 7 1 10 12 1 1 10 12 1 8 1 8 1 11 12 1 1 10 12 1 10 12 1 10 12 1 5 0 5 0 9 7 12 1 1 1 10 12 1 10 12 1 1 8 1 8 1 10 12 1 1 8 1 8 1 8 1 8 1 8 1 8 1 10 12 1 10 7 1 9 12 1 1 10 12 1 10 12 1 1 10 12 1 1 10 7 12 1 1 1 100 1 100 1 10 12 1 1 10 12 1 1 5 0 10 12 1 10 12 1 5 0 5 0 5 0 10 12 1 1 10 12 1 5 0 5 0 10 12 1 10 12 1 10 100 12 1 1 1 10 12 1 1 10 12 1 1 8 1 10 7 12 1 1 1 9 12 1 1 7 1 7 1 7 1 1 1 1 5 0 1 1 1 1 3 1 3 1 5 0 1 1 1 1 1 1 1 1 1 100 1 1 1 1 1 1 1 1 1 1 1 1 1 1 1 1 1 1 1 1 1 1 1 1 1 1 1 1 1 1 1 1 1 1 1 1 1 1 1 1 1 1 1 1 1 1 1 1 1 1 1 1 1 1 1 3 1 1 1 1 1 1 1 1 1 1 1 1 1 1 1 7 1 1 1 1 1 1 1 1 1 1 1 1 1 1 1 1 1 1 1 1 1 1 1 1 1 1 1 1 1 1 1 1 1 1 1 1 1 1 1 1 1 1 1 7 1 1 1 1 1 1 1 1 1 100 1 100 1 1
staticfield java/lang/Long TYPE Ljava/lang/Class; java/lang/Class
ciInstanceKlass jdk/internal/vm/vector/VectorSupport 0 0 573 100 1 10 100 12 1 1 1 9 12 1 1 10 12 1 1 100 1 10 12 1 11 100 12 1 1 1 11 100 12 1 1 1 11 100 12 1 1 11 100 12 1 1 11 100 12 1 1 1 11 100 12 1 1 11 100 12 1 1 11 100 12 1 1 11 100 12 1 1 11 100 12 1 1 11 100 12 1 1 11 100 12 1 1 1 11 100 12 1 1 11 100 12 1 1 1 11 100 12 1 1 1 11 100 12 1 1 11 100 12 1 1 1 11 100 12 1 1 100 1 10 12 1 1 11 100 12 1 1 11 100 12 1 1 11 100 12 1 1 11 100 12 1 1 11 100 12 1 1 11 100 12 1 1 9 12 1 1 10 100 12 1 1 11 100 12 1 1 10 12 1 1 10 100 12 1 1 1 10 12 1 10 12 1 1 10 12 1 1 1 1 1 3 1 3 1 3 1 3 1 3 1 3 1 3 1 3 1 3 1 3 1 3 1 3 1 3 1 3 1 3 1 3 1 3 1 3 1 3 1 3 1 3 1 3 1 3 1 3 1 3 1 3 1 3 1 3 1 3 1 3 1 3 1 3 1 3 1 3 1 3 1 3 1 3 1 3 1 3 1 3 1 3 1 3 1 3 1 3 1 3 1 3 1 3 1 3 1 3 1 3 1 3 1 3 1 3 1 1 1 1 1 1 1 1 1 1 1 1 1 1 1 1 1 1 1 1 1 1 1 1 1 1 1 1 1 1 1 1 1 1 1 1 1 1 1 1 1 1 1 1 1 1 1 1 1 1 1 1 1 1 1 1 1 1 1 1 1 1 1 1 1 1 1 1 1 1 1 1 1 1 1 1 1 1 1 1 1 1 1 1 1 1 1 1 1 1 1 1 1 1 1 1 1 1 1 1 1 1 1 1 1 1 1 1 1 1 1 1 1 1 1 1 1 1 1 1 1 1 1 1 1 1 1 1 1 1 1 1 1 1 1 1 1 1 1 1 1 1 1 1 1 1 1 1 1 1 1 1 1 1 1 1 1 1 1 1 1 1 1 1 1 1 1 1 1 1 1 1 1 1 1 1 1 1 1 1 1 1 1 1 1 1 1 1 1 1 1 1 1 1 1 1 1 1 1 1 1 1 1 1 1 1 1 1 1 1 1 1 1 1 1 1 1 1 1 1 1 1 1 1 1 1 1 1 1 1 1 1 1 1 1 100 1 100 1 100 1 100 1 100 1 1 1 1 1 1 1 1 1 1 1 1 1 1 1 1 1 1 1 1 1 1 1 1 1 1 1 1 1 1 1
instanceKlass jdk/internal/vm/vector/VectorSupport$VectorShuffle
instanceKlass jdk/internal/vm/vector/VectorSupport$VectorMask
instanceKlass jdk/internal/vm/vector/VectorSupport$Vector
ciInstanceKlass jdk/internal/vm/vector/VectorSupport$VectorPayload 0 0 32 10 100 12 1 1 1 9 100 12 1 1 1 10 100 12 1 1 1 1 1 1 1 1 1 1 1 1 1 1 1 1
ciInstanceKlass jdk/internal/vm/vector/VectorSupport$Vector 0 0 28 10 100 12 1 1 1 100 1 1 1 1 1 1 1 1 1 1 1 1 1 1 1 100 1 1 1 1
ciInstanceKlass jdk/internal/vm/vector/VectorSupport$VectorMask 0 0 28 10 100 12 1 1 1 100 1 1 1 1 1 1 1 1 1 1 1 1 1 1 1 100 1 1 1 1
ciInstanceKlass jdk/internal/vm/vector/VectorSupport$VectorShuffle 0 0 28 10 100 12 1 1 1 100 1 1 1 1 1 1 1 1 1 1 1 1 1 1 1 100 1 1 1 1
ciInstanceKlass jdk/internal/vm/FillerObject 0 0 16 10 100 12 1 1 1 100 1 1 1 1 1 1 1 1
instanceKlass java/lang/ref/PhantomReference
instanceKlass java/lang/ref/FinalReference
instanceKlass java/lang/ref/WeakReference
instanceKlass java/lang/ref/SoftReference
ciInstanceKlass java/lang/ref/Reference 1 1 190 9 7 12 1 1 1 9 7 12 1 1 10 12 1 1 10 12 1 1 9 12 1 1 10 12 1 1 9 12 1 1 9 12 1 1 7 1 10 12 1 10 7 12 1 1 10 12 1 10 12 1 1 10 12 1 7 1 8 1 10 12 1 1 7 1 10 12 1 1 10 12 1 1 10 12 1 9 12 1 10 12 1 1 10 12 1 10 12 1 9 12 1 7 1 100 1 10 12 9 12 1 9 12 1 100 1 10 10 12 1 10 10 7 12 1 1 7 1 10 10 7 12 1 1 1 1 1 1 1 1 1 1 1 1 1 1 1 1 1 1 1 7 1 1 1 100 1 1 1 1 1 1 1 1 1 1 1 1 1 1 1 1 1 1 1 1 1 1 1 1 1 1 1 1 1 1 1 1 1 1 1 7 1 7 1 7 1 1 1
staticfield java/lang/ref/Reference processPendingLock Ljava/lang/Object; java/lang/Object
staticfield java/lang/ref/Reference $assertionsDisabled Z 1
instanceKlass org/eclipse/sisu/inject/MildElements$Soft
instanceKlass java/io/ClassCache$CacheRef
instanceKlass org/eclipse/sisu/inject/MildKeys$Soft
instanceKlass org/eclipse/core/internal/registry/ReferenceMap$SoftRef
instanceKlass sun/util/locale/provider/LocaleResources$ResourceReference
instanceKlass sun/util/resources/Bundles$BundleReference
instanceKlass java/util/ResourceBundle$BundleReference
instanceKlass sun/util/locale/LocaleObjectCache$CacheEntry
instanceKlass sun/security/util/MemoryCache$SoftCacheEntry
instanceKlass java/lang/invoke/LambdaFormEditor$Transform
ciInstanceKlass java/lang/ref/SoftReference 1 1 47 10 7 12 1 1 1 9 7 12 1 1 1 9 12 1 10 12 1 10 12 1 1 1 1 1 1 1 1 1 1 1 1 1 1 1 1 1 1 1 1 100 1 1 1 1 1
ciMethod java/lang/ref/SoftReference get ()Ljava/lang/Object; 510 0 10499 0 -1
ciMethod java/lang/ref/SoftReference <init> (Ljava/lang/Object;)V 504 0 3344 0 -1
instanceKlass org/eclipse/sisu/inject/MildElements$Weak
instanceKlass com/google/common/collect/MapMakerInternalMap$AbstractWeakKeyEntry
instanceKlass javax/crypto/JceSecurity$WeakIdentityWrapper
instanceKlass org/eclipse/jdt/internal/core/util/WeakHashSetOfCharArray$HashableWeakReference
instanceKlass org/eclipse/jdt/internal/core/util/WeakHashSet$HashableWeakReference
instanceKlass com/google/common/cache/LocalCache$WeakEntry
instanceKlass org/eclipse/sisu/inject/MildKeys$Weak
instanceKlass com/sun/jna/CallbackReference
instanceKlass java/util/ResourceBundle$KeyElementReference
instanceKlass java/util/logging/LogManager$LoggerWeakRef
instanceKlass java/util/logging/Level$KnownLevel
instanceKlass org/eclipse/osgi/internal/container/KeyBasedLockStore$LockWeakRef
instanceKlass sun/nio/ch/FileLockTable$FileLockReference
instanceKlass java/lang/ClassValue$Entry
instanceKlass java/lang/ThreadLocal$ThreadLocalMap$Entry
instanceKlass java/lang/WeakPairMap$WeakRefPeer
instanceKlass jdk/internal/util/WeakReferenceKey
instanceKlass java/util/WeakHashMap$Entry
ciInstanceKlass java/lang/ref/WeakReference 1 1 31 10 7 12 1 1 1 10 12 1 100 1 1 1 1 1 1 1 1 1 1 1 1 1 1 1 1 1 1 1 1
instanceKlass java/lang/ref/Finalizer
ciInstanceKlass java/lang/ref/FinalReference 1 1 50 10 7 12 1 1 1 10 7 12 1 1 1 10 12 1 1 7 1 8 1 10 12 1 1 1 1 1 1 1 1 1 1 1 1 1 1 1 1 1 1 1 1 1 1 1 1 1 7 1
instanceKlass com/sun/jna/internal/Cleaner$CleanerRef
instanceKlass jdk/internal/ref/PhantomCleanable
instanceKlass jdk/internal/ref/Cleaner
ciInstanceKlass java/lang/ref/PhantomReference 1 1 39 10 100 12 1 1 1 10 7 12 1 1 1 1 1 1 1 1 1 1 1 1 1 1 1 1 1 1 1 1 1 1 1 1 1 1 1 1 1
ciInstanceKlass java/lang/ref/Finalizer 1 1 155 9 7 12 1 1 1 10 7 12 1 1 1 9 12 1 1 9 12 1 1 9 12 1 9 12 1 9 12 1 1 10 12 1 7 1 8 1 10 12 1 10 12 1 1 9 12 1 100 1 10 12 1 7 1 11 100 12 1 1 10 12 1 7 1 10 12 1 100 1 10 12 1 10 7 12 1 1 1 10 100 12 1 1 1 100 1 10 10 12 1 7 1 10 12 1 7 1 10 12 1 1 10 12 1 1 10 12 1 10 7 12 1 1 1 7 1 10 7 1 10 10 12 1 1 1 1 1 1 1 1 1 1 1 1 1 1 1 1 1 1 1 1 1 1 1 1 1 1 1 1 1 1 1 1
staticfield java/lang/ref/Finalizer lock Ljava/lang/Object; java/lang/Object
staticfield java/lang/ref/Finalizer ENABLED Z 1
staticfield java/lang/ref/Finalizer $assertionsDisabled Z 1
instanceKlass org/eclipse/aether/util/graph/transformer/ConflictResolver$Verbosity
instanceKlass com/google/common/io/FileWriteMode
instanceKlass org/eclipse/aether/RepositoryEvent$EventType
instanceKlass org/eclipse/aether/named/support/ReadWriteLockNamedLock$Step
instanceKlass org/apache/maven/project/ProjectBuildingRequest$RepositoryMerging
instanceKlass org/eclipse/jdt/ls/core/internal/managers/InternalBuildSupports
instanceKlass com/google/common/cache/LocalCache$NullEntry
instanceKlass org/eclipse/jdt/internal/core/JavaModelManager$ArchiveValidity
instanceKlass org/eclipse/jdt/internal/compiler/lookup/Scope$MatchPhase
instanceKlass org/eclipse/jdt/internal/compiler/parser/Parser$LocalTypeKind
instanceKlass org/eclipse/jdt/internal/compiler/ast/ExpressionContext
instanceKlass lombok/core/AST$Kind
instanceKlass org/eclipse/jdt/internal/compiler/ast/TypeReference$AnnotationPosition
instanceKlass lombok/eclipse/TransformationState
instanceKlass lombok/core/configuration/CapitalizationStrategy
instanceKlass lombok/core/configuration/NullCheckExceptionType
instanceKlass lombok/core/configuration/CallSuperType
instanceKlass lombok/core/configuration/FlagUsageType
instanceKlass org/eclipse/jdt/internal/compiler/impl/JavaFeature
instanceKlass org/eclipse/jdt/internal/compiler/parser/Scanner$ScanContext
instanceKlass org/eclipse/osgi/container/Module$StopOptions
instanceKlass org/eclipse/jdt/internal/compiler/parser/TerminalToken
instanceKlass com/microsoft/jdtls/ext/core/model/NodeKind
instanceKlass org/eclipse/jdt/ls/core/internal/EventType
instanceKlass javax/net/ssl/SSLEngineResult$HandshakeStatus
instanceKlass sun/security/ssl/Finished$VerifyDataScheme
instanceKlass sun/security/ssl/SSLTrafficKeyDerivation
instanceKlass sun/security/ssl/SSLMasterKeyDerivation
instanceKlass sun/security/util/DomainName$Rule$Type
instanceKlass sun/security/util/RegisteredDomain$Type
instanceKlass java/time/Month
instanceKlass sun/security/validator/CADistrustPolicy
instanceKlass java/nio/file/FileVisitResult
instanceKlass java/nio/file/FileTreeWalker$EventType
instanceKlass java/nio/file/FileVisitOption
instanceKlass org/eclipse/lsp4j/jsonrpc/messages/ResponseErrorCode
instanceKlass org/eclipse/lsp4j/WorkDoneProgressKind
instanceKlass sun/security/ssl/X509Authentication
instanceKlass org/eclipse/jdt/ls/core/internal/semantictokens/TokenModifier
instanceKlass org/eclipse/jdt/ls/core/internal/semantictokens/TokenType
instanceKlass org/eclipse/lsp4j/TextDocumentSyncKind
instanceKlass org/eclipse/lsp4j/MessageType
instanceKlass sun/security/ssl/ContentType
instanceKlass sun/security/ssl/SSLKeyExchange$T12KeyAgreement
instanceKlass sun/security/ssl/PskKeyExchangeModesExtension$PskKeyExchangeMode
instanceKlass sun/security/ssl/ECPointFormatsExtension$ECPointFormat
instanceKlass sun/security/ssl/CertStatusExtension$CertStatusRequestType
instanceKlass sun/security/ssl/SSLExtension
instanceKlass org/eclipse/sisu/inject/QualifyingStrategy
instanceKlass com/google/common/base/CaseFormat
instanceKlass com/google/inject/internal/InjectorImpl$JitLimitation
instanceKlass org/eclipse/sisu/bean/DeclaredMembers$View
instanceKlass com/google/inject/internal/Initializer$InjectableReferenceState
instanceKlass com/google/common/collect/MapMakerInternalMap$Strength
instanceKlass org/apache/maven/settings/building/SettingsProblem$Severity
instanceKlass org/eclipse/aether/metadata/Metadata$Nature
instanceKlass org/apache/maven/model/building/ModelProblem$Version
instanceKlass org/apache/maven/building/Problem$Severity
instanceKlass org/apache/maven/plugin/internal/DefaultPluginValidationManager$ValidationReportLevel
instanceKlass org/apache/maven/plugin/PluginValidationManager$IssueLocality
instanceKlass org/apache/maven/classrealm/ClassRealmRequest$RealmType
instanceKlass org/eclipse/lsp4j/DiagnosticTag
instanceKlass org/eclipse/lsp4j/PrepareSupportDefaultBehavior
instanceKlass org/apache/maven/execution/ExecutionEvent$Type
instanceKlass org/eclipse/lsp4j/CompletionItemKind
instanceKlass org/eclipse/lsp4j/CompletionItemTag
instanceKlass org/eclipse/lsp4j/InsertTextMode
instanceKlass org/eclipse/lsp4j/SymbolTag
instanceKlass org/eclipse/lsp4j/SymbolKind
instanceKlass java/net/StandardProtocolFamily
instanceKlass jdk/internal/util/OperatingSystem
instanceKlass com/google/gson/ReflectionAccessFilter$FilterResult
instanceKlass com/google/gson/stream/JsonToken
instanceKlass sun/security/ssl/SignatureScheme$SigAlgParamSpec
instanceKlass com/google/gson/Strictness
instanceKlass sun/security/ssl/SignatureScheme
instanceKlass sun/security/ssl/ClientAuthType
instanceKlass org/apache/maven/artifact/ArtifactScopeEnum
instanceKlass sun/security/ssl/SSLHandshake
instanceKlass java/net/Proxy$Type
instanceKlass org/eclipse/jdt/ls/core/internal/javafx/FXVersion
instanceKlass sun/net/www/protocol/http/HttpURLConnection$TunnelState
instanceKlass com/google/gson/ToNumberPolicy
instanceKlass com/google/gson/FieldNamingPolicy
instanceKlass com/google/gson/LongSerializationPolicy
instanceKlass org/eclipse/jdt/ls/core/internal/BuildWorkspaceStatus
instanceKlass org/eclipse/m2e/jdt/JreSystemVersion
instanceKlass org/eclipse/jdt/ls/core/internal/ServiceStatus
instanceKlass sun/security/ssl/NamedGroup
instanceKlass sun/security/ssl/NamedGroup$NamedGroupSpec
instanceKlass sun/security/ssl/CipherSuite$KeyExchange
instanceKlass sun/security/ssl/CipherSuite$MacAlg
instanceKlass sun/security/ssl/CipherSuite$HashAlg
instanceKlass sun/security/ssl/CipherType
instanceKlass sun/security/ssl/SSLCipher
instanceKlass sun/security/ssl/CipherSuite
instanceKlass java/security/CryptoPrimitive
instanceKlass sun/security/ssl/SSLScope
instanceKlass sun/security/ssl/ProtocolVersion
instanceKlass org/eclipse/buildship/core/internal/util/gradle/PublishedGradleVersions$LookupStrategy
instanceKlass org/eclipse/buildship/core/internal/CoreTraceScopes
instanceKlass org/eclipse/jdt/ls/core/internal/DiagnosticsState$ErrorLevel
instanceKlass javax/xml/catalog/CatalogFeatures$State
instanceKlass com/sun/org/apache/xalan/internal/utils/XMLSecurityPropertyManager$Property
instanceKlass com/sun/org/apache/xalan/internal/utils/FeaturePropertyBase$State
instanceKlass jdk/xml/internal/JdkProperty$ImplPropMap
instanceKlass jdk/xml/internal/JdkXmlFeatures$XmlFeature
instanceKlass org/eclipse/jdt/ls/core/internal/preferences/CodeGenerationTemplate
instanceKlass org/eclipse/jdt/ls/core/internal/preferences/Preferences$SearchScope
instanceKlass org/eclipse/jdt/ls/core/internal/handlers/ProjectEncodingMode
instanceKlass org/eclipse/jdt/ls/core/internal/handlers/InlayHintsParameterMode
instanceKlass org/eclipse/jdt/ls/core/internal/handlers/CompletionGuessMethodArgumentsMode
instanceKlass org/eclipse/jdt/ls/core/internal/handlers/CompletionMatchCaseMode
instanceKlass org/eclipse/jdt/ls/core/internal/preferences/Preferences$FeatureStatus
instanceKlass ch/qos/logback/core/spi/FilterReply
instanceKlass com/google/inject/spi/InjectionPoint$Position
instanceKlass com/google/common/util/concurrent/AbstractFutureState$VarHandleAtomicHelperMaker
instanceKlass java/lang/annotation/ElementType
instanceKlass com/google/inject/internal/InternalFlags$ColorizeOption
instanceKlass com/google/inject/internal/InternalFlags$BytecodeGenOption
instanceKlass com/google/inject/internal/InternalFlags$NullableProvidesOption
instanceKlass com/google/inject/internal/InternalFlags$CustomClassLoadingOption
instanceKlass com/google/inject/internal/InternalFlags$IncludeStackTraceOption
instanceKlass com/google/inject/Key$NullAnnotationStrategy
instanceKlass sun/reflect/annotation/TypeAnnotation$TypeAnnotationTarget
instanceKlass lombok/eclipse/agent/PatchDelegate$DelegateReceiver
instanceKlass com/google/inject/Stage
instanceKlass org/eclipse/sisu/space/BeanScanning
instanceKlass org/apache/maven/model/building/ModelProblem$Severity
instanceKlass com/google/common/cache/LocalCache$EntryFactory
instanceKlass com/google/common/cache/CacheBuilder$NullListener
instanceKlass com/google/common/cache/CacheBuilder$OneWeigher
instanceKlass com/google/common/cache/LocalCache$Strength
instanceKlass org/eclipse/m2e/core/internal/preferences/ProblemSeverity
instanceKlass org/eclipse/m2e/core/lifecyclemapping/model/PluginExecutionAction
instanceKlass org/slf4j/helpers/Reporter$Level
instanceKlass org/slf4j/helpers/Reporter$TargetChoice
instanceKlass ch/qos/logback/classic/spi/Configurator$ExecutionStatus
instanceKlass org/apache/felix/scr/impl/inject/field/FieldHandler$METHOD_TYPE
instanceKlass java/security/DrbgParameters$Capability
instanceKlass jdk/xml/internal/XMLSecurityManager$NameMap
instanceKlass jdk/xml/internal/XMLSecurityManager$Processor
instanceKlass jdk/xml/internal/XMLSecurityManager$Limit
instanceKlass java/nio/file/StandardCopyOption
instanceKlass java/math/RoundingMode
instanceKlass java/time/format/TextStyle
instanceKlass java/time/format/DateTimeFormatterBuilder$SettingsParser
instanceKlass java/time/format/ResolverStyle
instanceKlass java/time/format/SignStyle
instanceKlass java/time/temporal/JulianFields$Field
instanceKlass java/time/temporal/IsoFields$Unit
instanceKlass java/time/temporal/IsoFields$Field
instanceKlass org/apache/felix/scr/impl/inject/ValueUtils$ValueType
instanceKlass org/apache/felix/scr/impl/manager/RegistrationManager$RegState
instanceKlass org/apache/felix/scr/impl/manager/AbstractComponentManager$State
instanceKlass org/osgi/util/promise/PromiseFactory$Option
instanceKlass org/apache/felix/scr/impl/metadata/ReferenceMetadata$ReferenceScope
instanceKlass org/apache/felix/scr/impl/metadata/ServiceMetadata$Scope
instanceKlass org/apache/felix/scr/impl/metadata/DSVersion
instanceKlass com/sun/org/apache/xerces/internal/impl/XMLScanner$NameType
instanceKlass com/sun/org/apache/xerces/internal/util/Status
instanceKlass javax/xml/catalog/CatalogFeatures$Feature
instanceKlass com/sun/org/apache/xerces/internal/utils/XMLSecurityPropertyManager$Property
instanceKlass com/sun/org/apache/xerces/internal/utils/XMLSecurityPropertyManager$State
instanceKlass com/sun/org/apache/xerces/internal/utils/XMLSecurityManager$NameMap
instanceKlass jdk/xml/internal/JdkProperty$State
instanceKlass com/sun/org/apache/xerces/internal/utils/XMLSecurityManager$Limit
instanceKlass org/apache/felix/scr/impl/logger/InternalLogger$Level
instanceKlass sun/util/locale/provider/LocaleProviderAdapter$Type
instanceKlass java/util/Locale$Category
instanceKlass java/lang/StackStreamFactory$WalkerState
instanceKlass java/lang/StackWalker$ExtendedOption
instanceKlass aQute/bnd/header/Attrs$Type
instanceKlass org/apache/aries/spifly/ProviderBundleTrackerCustomizer$DiscoveryMode
instanceKlass org/eclipse/osgi/container/Module$StartOptions
instanceKlass org/eclipse/osgi/container/ModuleContainerAdaptor$ContainerEvent
instanceKlass org/eclipse/osgi/report/resolution/ResolutionReport$Entry$Type
instanceKlass java/util/Comparators$NaturalOrderComparator
instanceKlass org/apache/felix/resolver/PermutationType
instanceKlass java/lang/StackWalker$Option
instanceKlass org/eclipse/equinox/plurl/impl/PlurlImpl$SetFactories
instanceKlass org/eclipse/osgi/container/ModuleDatabase$Sort
instanceKlass org/eclipse/osgi/container/Module$Settings
instanceKlass org/eclipse/osgi/container/ModuleContainerAdaptor$ModuleEvent
instanceKlass org/eclipse/osgi/storage/ContentProvider$Type
instanceKlass org/eclipse/osgi/container/Module$State
instanceKlass org/osgi/service/log/LogLevel
instanceKlass sun/util/logging/PlatformLogger$Level
instanceKlass jdk/internal/logger/BootstrapLogger$LoggingBackend
instanceKlass java/lang/reflect/ProxyGenerator$PrimitiveTypeInfo
instanceKlass java/lang/annotation/RetentionPolicy
instanceKlass java/nio/file/AccessMode
instanceKlass java/util/stream/MatchOps$MatchKind
instanceKlass java/nio/file/attribute/PosixFilePermission
instanceKlass jdk/internal/icu/util/CodePointTrie$ValueWidth
instanceKlass jdk/internal/icu/util/CodePointTrie$Type
instanceKlass java/text/Normalizer$Form
instanceKlass java/time/temporal/ChronoUnit
instanceKlass java/time/temporal/ChronoField
instanceKlass sun/security/util/DisabledAlgorithmConstraints$Constraint$Operator
instanceKlass java/lang/System$Logger$Level
instanceKlass sun/security/rsa/RSAUtil$KeyType
instanceKlass sun/security/util/KnownOIDs
instanceKlass lombok/patcher/StackRequest
instanceKlass java/util/regex/Pattern$Qtype
instanceKlass java/lang/invoke/MethodHandleImpl$ArrayAccess
instanceKlass java/util/zip/ZipCoder$Comparison
instanceKlass java/nio/file/LinkOption
instanceKlass sun/nio/fs/WindowsPathType
instanceKlass java/util/concurrent/TimeUnit
instanceKlass java/nio/file/StandardOpenOption
instanceKlass java/util/stream/Collector$Characteristics
instanceKlass java/util/stream/StreamShape
instanceKlass java/lang/invoke/MethodHandles$Lookup$ClassOption
instanceKlass java/lang/invoke/VarHandle$AccessType
instanceKlass java/lang/invoke/VarHandle$AccessMode
instanceKlass java/lang/invoke/MethodHandleImpl$Intrinsic
instanceKlass java/lang/invoke/LambdaForm$BasicType
instanceKlass java/lang/invoke/LambdaForm$Kind
instanceKlass sun/invoke/util/Wrapper
instanceKlass java/util/stream/StreamOpFlag$Type
instanceKlass java/util/stream/StreamOpFlag
instanceKlass java/io/File$PathStatus
instanceKlass java/lang/module/ModuleDescriptor$Requires$Modifier
instanceKlass java/lang/reflect/AccessFlag$Location
instanceKlass java/lang/reflect/AccessFlag
instanceKlass java/lang/module/ModuleDescriptor$Modifier
instanceKlass java/lang/reflect/ClassFileFormatVersion
instanceKlass java/lang/Thread$State
ciInstanceKlass java/lang/Enum 1 1 204 9 7 12 1 1 1 9 12 1 1 10 7 12 1 1 1 9 12 1 10 7 12 1 1 1 100 1 10 10 12 1 1 10 12 1 7 1 10 10 7 12 1 1 10 12 1 1 18 12 1 1 10 100 12 1 1 1 10 12 1 1 11 7 12 1 1 1 100 1 8 1 10 12 1 100 1 7 1 10 8 1 10 12 1 1 10 12 1 1 8 1 10 12 1 10 100 1 8 1 10 10 12 1 1 10 100 12 1 1 1 7 1 7 1 7 1 1 1 1 1 1 1 1 1 1 1 1 1 1 1 1 1 1 1 1 1 1 1 1 1 1 1 1 1 1 1 1 1 1 1 1 1 1 1 1 1 1 1 1 1 1 1 3 1 1 1 1 100 1 7 1 1 100 1 1 1 1 1 1 1 1 1 1 1 16 15 10 12 16 15 10 100 12 1 1 1 1 1 100 1 100 1 1
ciInstanceKlass java/lang/reflect/Method 1 1 472 9 7 12 1 1 1 10 7 12 1 1 1 10 7 12 1 1 9 12 1 1 10 12 1 1 10 12 1 1 10 7 12 1 1 10 7 12 1 1 1 9 12 1 1 9 12 1 9 12 1 1 9 12 1 9 12 1 9 12 1 1 9 12 1 9 12 1 1 9 12 1 9 12 1 9 12 1 1 100 1 8 1 10 12 1 10 12 1 9 12 1 1 8 1 10 7 12 1 1 10 7 12 1 1 1 10 12 1 1 10 12 1 1 10 12 1 10 12 1 1 10 12 1 1 9 7 12 1 1 1 10 12 1 1 10 12 10 7 12 1 1 10 12 1 1 10 12 1 10 12 1 10 12 1 10 7 12 1 1 1 10 12 1 1 10 7 1 10 7 12 1 1 1 10 7 12 1 1 10 12 1 1 10 12 1 1 10 12 1 10 7 12 1 1 1 10 12 1 10 8 1 10 12 1 10 12 1 7 1 8 1 8 1 8 1 10 12 1 10 12 1 1 10 12 1 1 10 10 12 1 1 10 12 1 11 7 1 10 12 1 9 12 1 1 10 12 1 1 10 12 1 10 12 1 1 10 12 1 1 11 7 12 1 1 1 11 12 1 9 12 1 1 10 12 1 10 12 1 10 12 1 10 12 1 10 12 1 10 12 1 9 12 1 1 10 7 12 1 1 1 10 7 12 1 1 10 12 1 1 10 7 12 1 1 1 10 7 12 1 1 1 10 7 12 1 1 1 11 7 12 1 1 1 10 7 12 1 1 1 7 1 100 1 100 1 10 12 1 10 12 1 1 10 12 1 100 1 8 1 10 12 1 10 10 12 1 1 10 12 1 1 10 12 1 1 10 12 1 1 8 1 10 12 1 1 1 1 1 1 1 1 1 1 1 1 1 1 1 1 1 1 1 1 1 1 1 1 1 1 1 1 1 1 1 1 1 1 1 1 1 1 1 1 1 1 1 1 1 1 1 1 1 1 1 1 1 100 1 7 1 7 1 1 1 1 1 1 1 1 1 1 1 1 1 1 1 1 1 1 1 1 1 1 1 1 1 1 1 1 1 1
ciInstanceKlass java/lang/reflect/Field 1 1 457 9 7 12 1 1 1 10 12 1 1 10 100 12 1 1 1 10 100 12 1 1 9 12 1 1 10 12 1 1 10 12 1 1 10 7 12 1 1 10 7 12 1 1 1 9 12 1 1 9 12 1 9 12 1 9 12 1 1 9 12 1 1 9 12 1 9 12 1 1 9 12 1 1 100 1 8 1 10 12 1 10 12 1 9 12 1 1 9 12 1 10 12 1 10 7 12 1 1 10 12 1 1 10 12 1 1 10 12 1 10 12 1 1 9 100 12 1 1 1 10 100 12 1 1 1 7 1 10 12 1 1 10 12 1 1 10 12 1 1 10 12 1 10 12 1 10 7 1 10 7 12 1 1 7 1 10 8 1 10 12 1 1 10 12 1 1 8 1 10 12 10 12 1 8 1 8 1 10 11 7 1 9 12 1 10 12 1 1 10 12 1 1 11 7 12 1 1 1 10 12 1 11 12 1 1 11 12 1 1 11 12 1 1 11 12 1 1 11 12 1 1 11 12 1 1 11 12 1 1 11 12 1 1 11 12 1 1 11 12 1 1 11 12 1 1 11 12 1 1 11 12 1 1 11 12 1 1 11 12 1 1 11 12 1 1 11 12 1 1 10 12 1 10 7 12 1 1 10 12 1 10 12 1 10 12 1 9 12 1 1 10 7 12 1 1 1 10 12 1 1 10 12 1 10 7 12 1 1 10 12 1 1 11 7 1 10 12 1 7 1 10 100 12 1 1 1 10 7 12 1 1 1 9 12 1 10 7 12 1 1 1 11 7 12 1 1 1 10 12 1 1 10 12 1 1 9 7 12 1 1 10 7 12 1 1 1 10 12 1 1 7 1 1 1 1 1 1 1 1 1 1 1 1 1 1 1 1 1 1 1 1 1 1 1 1 1 1 1 1 1 1 1 1 1 1 1 1 1 1 1 100 1 1 1 1 1 1 1 1 1 1 1 1 1 1 1 1 1 1 1 1 1 1 1 1 1 1 1 1 1 1 1 1 7 1 1 1 1 1 1 1 1 1 100 1 1
ciMethod java/lang/reflect/Field getRoot ()Ljava/lang/reflect/AccessibleObject; 768 0 2235 0 0
ciMethod java/lang/reflect/Field getName ()Ljava/lang/String; 262 0 131 0 0
ciMethod java/lang/reflect/Field getModifiers ()I 384 0 192 0 0
ciMethod java/lang/reflect/Field getDeclaringClass ()Ljava/lang/Class; 260 0 130 0 0
ciMethod java/lang/reflect/Field set (Ljava/lang/Object;Ljava/lang/Object;)V 768 0 2536 0 -1
ciMethod java/lang/reflect/Field checkAccess (Ljava/lang/Class;Ljava/lang/Object;)V 768 0 2014 0 0
ciMethod java/lang/reflect/Field getRoot ()Ljava/lang/reflect/Field; 274 0 137 0 0
ciMethod java/lang/reflect/Field getType ()Ljava/lang/Class; 260 0 130 0 0
ciMethod java/lang/reflect/Field getFieldAccessor ()Ljdk/internal/reflect/FieldAccessor; 768 0 2014 0 0
ciMethod java/lang/reflect/Field getOverrideFieldAccessor ()Ljdk/internal/reflect/FieldAccessor; 0 0 4905 0 -1
ciMethod java/lang/reflect/Field acquireFieldAccessor ()Ljdk/internal/reflect/FieldAccessor; 738 0 1630 0 0
ciMethod java/lang/reflect/Field acquireOverrideFieldAccessor ()Ljdk/internal/reflect/FieldAccessor; 0 0 643 0 -1
ciMethod java/lang/reflect/Field setFieldAccessor (Ljdk/internal/reflect/FieldAccessor;)V 1024 0 3260 0 -1
ciInstanceKlass java/lang/reflect/Parameter 1 1 243 10 7 12 1 1 1 9 7 12 1 1 1 9 12 1 1 9 12 1 1 9 12 1 10 12 1 1 10 12 1 1 10 7 12 1 1 1 7 1 10 10 12 1 1 11 7 12 1 1 1 10 12 1 10 100 12 1 1 1 10 12 1 1 10 12 1 10 12 1 8 1 8 1 10 7 12 1 1 1 10 12 1 10 12 9 100 12 1 1 1 10 100 12 1 1 1 10 12 1 8 1 10 12 1 9 12 1 1 10 12 1 1 9 12 1 1 10 12 1 1 10 12 1 1 10 12 1 1 10 12 1 10 10 12 1 10 100 12 1 1 1 10 12 1 1 11 7 12 1 1 10 7 12 1 1 7 1 10 100 12 1 1 1 10 12 1 1 10 12 1 1 10 12 1 1 10 12 1 1 9 12 1 100 1 10 11 12 1 1 11 12 1 1 7 1 1 1 1 1 1 1 1 1 1 1 1 1 1 1 1 1 1 1 1 1 1 1 1 1 1 1 1 1 1 1 1 1 1 1 1 1 1 1 1 1 100 1 1 1 1 1 1
ciInstanceKlass java/lang/reflect/RecordComponent 1 1 196 10 7 12 1 1 1 9 7 12 1 1 1 9 12 1 1 9 12 1 10 12 1 1 10 12 1 1 10 100 12 1 1 1 10 12 1 1 9 12 1 1 10 12 1 1 10 12 1 1 10 12 1 10 100 12 1 1 10 100 12 1 1 9 12 1 1 10 100 12 1 1 1 11 100 12 1 1 1 10 9 100 12 1 1 1 10 100 12 1 1 1 9 12 1 1 10 100 12 1 1 1 10 12 1 1 11 7 12 1 1 10 7 12 1 1 7 1 9 12 1 9 12 1 1 9 12 1 10 100 12 1 1 1 10 12 1 1 10 12 1 1 7 1 10 10 12 1 10 12 1 1 8 1 10 12 1 10 12 1 9 12 1 7 1 1 1 1 1 1 1 1 1 1 1 1 1 1 1 1 1 1 1 1 1 1 7 1 1 1 1 1 1 100 1 1
ciInstanceKlass java/lang/StringBuffer 1 1 483 10 7 12 1 1 1 10 12 1 10 12 1 10 12 1 1 9 7 12 1 1 1 10 12 1 1 10 12 1 10 12 1 1 9 12 1 1 10 12 1 10 12 1 1 10 12 1 1 10 12 1 10 12 1 1 10 12 1 10 12 1 1 10 12 1 1 10 7 12 1 1 1 10 12 1 1 10 12 1 10 12 1 10 12 1 10 12 1 10 12 1 10 12 1 10 12 1 10 12 1 10 12 1 10 12 1 10 12 1 10 12 1 10 12 1 10 12 1 1 10 12 1 10 12 1 1 10 12 1 1 10 10 12 1 1 10 12 1 10 12 1 10 12 1 10 12 1 10 12 1 10 12 1 10 12 10 12 1 10 12 1 10 12 1 10 12 1 1 10 12 1 10 12 1 10 10 12 1 1 10 12 1 10 12 1 10 12 1 10 10 100 12 1 1 1 10 10 12 1 1 9 12 1 1 10 100 12 1 1 10 100 1 8 10 100 12 1 1 1 8 10 12 1 8 1 10 12 1 10 12 1 10 100 12 1 1 1 10 100 12 1 1 1 7 1 10 12 100 1 8 1 10 10 12 1 1 10 12 1 1 10 12 1 10 12 1 10 12 1 1 10 12 1 10 12 1 10 12 1 10 12 1 10 12 1 10 12 10 12 1 10 12 1 10 12 1 10 12 1 10 12 1 10 12 1 10 12 1 10 12 1 10 12 1 10 12 1 10 12 10 12 10 12 1 10 12 1 10 12 1 10 12 10 12 1 10 12 1 10 12 1 10 12 1 10 12 1 10 12 1 10 12 1 10 12 1 10 12 1 10 12 1 10 12 1 7 1 10 12 1 9 7 12 1 1 1 9 7 1 9 12 1 1 7 1 7 1 7 1 7 1 1 1 1 5 0 1 1 1 1 1 1 1 1 1 1 1 1 1 1 1 1 1 1 1 1 1 1 1 1 1 1 1 1 1 1 1 1 1 1 1 1 1 1 1 1 1 1 1 1 1 1 1 1 1 1 1 1 1 1 1 1 1 1 1 1 1 100 1 1 1 1 1 7 1 1 1 1 1 1 1 1 1 1 1 1 1 1 1 1 1 1
staticfield java/lang/StringBuffer serialPersistentFields [Ljava/io/ObjectStreamField; 3 [Ljava/io/ObjectStreamField;
instanceKlass java/net/URLClassLoader
instanceKlass jdk/internal/loader/BuiltinClassLoader
ciInstanceKlass java/security/SecureClassLoader 1 1 102 10 7 12 1 1 1 7 1 10 12 1 9 7 12 1 1 1 10 12 1 10 12 1 10 12 1 1 10 12 1 1 10 12 1 7 1 10 7 1 10 12 1 7 1 10 12 1 11 7 12 1 1 1 7 1 11 12 1 10 12 1 1 1 1 1 1 1 1 1 1 1 1 1 1 1 1 1 1 1 1 1 1 1 1 1 1 1 1 1 1 1 1 1 1 1 1 100 1 1 1 1
ciInstanceKlass java/util/jar/Manifest 1 1 339 10 7 12 1 1 1 7 1 10 9 7 12 1 1 1 7 1 10 9 12 1 1 9 12 1 1 10 12 1 10 12 1 1 10 12 1 1 10 12 1 1 10 12 1 1 11 7 1 11 12 1 1 10 12 1 1 10 100 12 1 1 1 100 1 7 1 10 8 1 10 12 1 1 10 12 1 1 10 12 1 10 12 1 11 100 1 10 12 1 10 12 1 1 11 12 1 1 10 12 1 11 12 1 1 11 100 12 1 1 1 11 7 12 1 1 11 12 1 1 100 1 10 12 1 8 1 11 12 1 7 1 10 12 1 1 11 12 1 10 12 1 10 12 1 10 7 12 1 1 1 8 1 10 12 1 1 10 9 7 12 1 1 1 10 12 1 1 10 100 12 1 10 12 1 10 12 1 9 100 12 1 1 1 8 1 10 12 1 8 1 8 1 7 1 10 12 1 10 12 1 10 12 1 1 100 1 8 1 10 12 1 1 8 1 10 10 12 1 1 8 1 10 12 1 1 10 7 12 1 1 1 10 12 1 10 11 12 1 1 10 12 1 10 7 12 1 1 1 10 12 1 1 10 12 1 10 12 1 1 11 10 12 1 11 10 12 1 7 1 1 1 1 1 1 1 1 1 1 1 1 1 1 1 1 1 1 1 1 1 1 1 1 1 1 1 1 1 1 1 1 1 1 1 1 1 1 1 1 1 1 1 100 1 1 1 1 1 1 1 1 1 1 1 1 1 1 7 1 1 1 1 1 1 1 1 1 1 1
ciInstanceKlass java/io/ByteArrayInputStream 1 1 117 10 7 12 1 1 1 9 7 12 1 1 1 9 12 1 1 9 12 1 9 12 1 10 100 12 1 1 1 10 7 12 1 1 1 10 7 12 1 1 1 10 100 12 1 1 1 10 12 1 1 3 10 100 1 10 100 12 1 1 1 9 12 1 1 100 1 10 10 7 12 1 1 1 1 1 1 1 1 1 1 1 1 1 1 1 1 1 1 1 1 1 1 1 1 1 1 1 1 1 1 1 100 1 1 1 1 1 1 1 1 1 1 1 1 1 1
staticfield java/io/ByteArrayInputStream $assertionsDisabled Z 1
ciMethod java/io/InputStream read ([B)I 512 0 614 0 -1
instanceKlass java/nio/DoubleBuffer
instanceKlass java/nio/FloatBuffer
instanceKlass java/nio/ShortBuffer
instanceKlass java/nio/CharBuffer
instanceKlass java/nio/IntBuffer
instanceKlass java/nio/LongBuffer
instanceKlass java/nio/ByteBuffer
ciInstanceKlass java/nio/Buffer 1 1 256 100 1 10 7 12 1 1 1 9 7 12 1 1 1 9 12 1 9 12 1 1 9 12 1 9 12 1 1 10 12 1 1 10 12 1 1 10 12 100 1 7 1 10 8 1 10 12 1 1 10 12 1 8 1 8 1 10 12 1 1 10 12 1 8 1 9 12 1 1 100 1 8 1 10 12 1 8 1 8 1 9 12 10 12 1 8 1 8 1 8 1 10 12 1 8 1 8 1 8 1 100 1 10 100 1 10 100 1 10 9 12 1 1 10 7 12 1 1 1 100 1 10 12 1 1 10 12 1 10 100 12 1 1 10 7 12 1 1 1 10 7 12 1 1 1 9 12 1 1 10 7 12 1 1 1 9 12 1 1 7 1 10 10 12 1 1 7 1 10 10 7 12 1 1 1 1 1 3 1 1 1 1 1 1 1 1 1 1 1 1 1 1 100 1 1 1 1 1 1 1 7 1 1 1 1 1 1 1 1 1 1 1 1 1 1 1 1 1 1 1 1 1 1 1 1 1 1 1 1 1 1 1 1 1 1 1 1 1 1 1 100 1 100 1 100 1 100 1 100 1 100 1 100 1 1
staticfield java/nio/Buffer UNSAFE Ljdk/internal/misc/Unsafe; jdk/internal/misc/Unsafe
staticfield java/nio/Buffer SCOPED_MEMORY_ACCESS Ljdk/internal/misc/ScopedMemoryAccess; jdk/internal/misc/ScopedMemoryAccess
staticfield java/nio/Buffer IOOBE_FORMATTER Ljava/util/function/BiFunction; jdk/internal/util/Preconditions$4
staticfield java/nio/Buffer $assertionsDisabled Z 1
ciInstanceKlass java/util/Objects 1 1 184 10 7 12 1 1 1 100 1 8 1 10 12 1 10 12 1 1 10 7 12 1 1 1 10 12 1 1 10 12 1 10 7 12 1 1 1 10 12 1 1 10 7 12 1 1 1 7 1 10 10 12 1 1 10 7 12 1 1 10 12 1 1 8 1 10 7 12 1 1 1 10 7 12 1 1 1 10 11 100 12 1 1 1 100 1 10 10 12 1 8 1 10 12 1 8 1 7 1 11 12 1 1 8 1 10 7 12 1 1 1 10 12 1 1 10 12 1 10 12 1 10 12 1 10 12 1 1 1 1 1 1 1 1 1 1 1 1 1 1 1 1 1 1 1 1 1 1 1 1 1 1 1 1 1 1 1 1 1 1 1 1 1 1 1 1 1 1 1 1 1 1 1 1 1 1 1 1 1 1 1 1 1 1
ciMethod java/util/Objects requireNonNull (Ljava/lang/Object;)Ljava/lang/Object; 584 0 435889 0 -1
instanceKlass org/eclipse/aether/util/graph/visitor/Stack
instanceKlass org/apache/maven/model/merge/ModelMerger$MergingList
instanceKlass com/google/common/collect/Lists$TransformingRandomAccessList
instanceKlass java/util/Collections$CopiesList
instanceKlass org/eclipse/osgi/internal/container/InternalUtils$CopyOnFirstWriteList
instanceKlass org/eclipse/osgi/internal/weaving/DynamicImportList
instanceKlass java/util/AbstractSequentialList
instanceKlass java/util/Collections$SingletonList
instanceKlass java/util/Vector
instanceKlass sun/security/jca/ProviderList$ServiceList
instanceKlass sun/security/jca/ProviderList$3
instanceKlass java/util/Arrays$ArrayList
instanceKlass java/util/ArrayList$SubList
instanceKlass java/util/Collections$EmptyList
instanceKlass java/util/ArrayList
ciInstanceKlass java/util/AbstractList 1 1 218 10 7 12 1 1 1 9 7 12 1 1 1 10 12 1 1 10 12 1 1 100 1 10 10 12 1 1 11 7 12 1 1 1 11 12 1 1 11 12 1 10 7 12 1 1 1 10 12 1 11 12 1 11 12 1 11 12 1 10 12 1 1 10 12 1 1 11 7 12 1 1 1 11 7 1 11 7 1 10 12 1 7 1 10 12 1 10 12 1 1 7 1 100 1 10 12 1 100 1 10 100 1 7 1 10 8 1 10 12 1 1 10 12 1 10 12 1 1 10 12 1 8 1 100 1 8 1 8 1 8 1 10 7 1 11 10 10 12 1 11 12 1 10 12 1 1 8 1 8 1 1 1 1 1 1 1 1 1 1 1 1 1 1 1 1 1 1 1 1 1 1 1 1 1 1 1 1 1 1 1 1 1 1 1 1 1 1 1 1 1 1 1 1 1 1 1 1 1 1 1 1 1 1 1 1 1 1 100 1 100 1 1 1 1 1 1 1
ciInstanceKlass java/util/List 1 1 251 10 100 12 1 1 1 11 100 12 1 1 1 11 100 12 1 1 1 11 12 1 1 11 100 12 1 1 11 12 1 1 11 12 1 1 10 100 12 1 1 1 7 1 7 1 10 12 1 1 100 1 10 100 12 1 1 1 11 12 1 1 11 12 1 11 12 1 100 1 10 12 1 11 12 1 1 11 12 1 1 11 12 1 10 100 12 1 1 1 9 7 12 1 1 1 7 1 10 12 10 12 1 7 1 10 12 1 1 10 12 1 10 12 1 1 11 12 1 1 100 1 1 1 1 1 1 1 1 1 1 1 1 1 1 1 1 1 1 1 1 1 1 1 1 1 1 1 1 1 1 1 1 1 1 1 1 1 1 1 1 1 1 1 1 100 1 100 1 1 1 1 1 1 1 1 1 1 1 1 1 1 1 1 1 1 1 1 1 1 1 1 1 1 1 1 1 1 1 1 1 1 1 1 1 1 1 1 1 1 1 1 1 1 1 1 1 1 1 1 1 1 1 1 1 1 1 1 1 1 1 1 1 1 1 1 1 1 1 1 1 1 1 1 100 1 1 100 1 1 1
ciInstanceKlass java/util/SequencedCollection 1 1 109 100 1 10 12 1 1 11 7 12 1 1 1 11 7 12 1 1 1 11 12 1 1 11 12 1 7 1 7 1 1 1 1 1 1 1 1 1 1 1 1 1 1 1 1 1 1 1 1 1 1 1 1 1 1 1 1 1 100 1 8 1 1 12 10 1 1 1 8 1 1 1 8 1 1 1 8 1 1 1 8 1 1 8 1 1 1 8 1 1 8 1 1 1 8 1 1 8 1 1 1 8 1 1 8 1 1 8 1
ciInstanceKlass java/util/Collection 1 1 115 11 7 12 1 1 1 7 1 11 7 12 1 1 1 10 7 12 1 1 1 11 12 1 1 11 7 12 1 1 1 11 12 1 1 11 7 12 1 1 1 11 12 1 1 10 100 12 1 1 1 11 12 1 10 7 12 1 1 1 100 1 100 1 1 1 1 1 1 1 1 1 1 1 1 1 1 1 1 1 1 1 1 1 1 1 1 1 1 1 1 1 1 1 1 1 1 1 1 1 1 1 1 1 1 1 1 1 1 1 1 1 1 1 1
ciInstanceKlass java/lang/Iterable 1 1 62 10 7 12 1 1 1 11 7 12 1 1 1 11 7 12 1 1 1 11 12 1 1 11 7 12 1 1 1 10 100 12 1 1 1 100 1 1 1 1 1 1 1 1 1 1 1 1 1 1 1 1 1 1 1 1 1 1 1 1 1 1
instanceKlass java/util/Hashtable$ValueCollection
instanceKlass org/eclipse/sisu/inject/MildElements
instanceKlass org/eclipse/sisu/inject/MildValues$1
instanceKlass com/google/common/collect/AbstractMapBasedMultimap$WrappedCollection
instanceKlass com/google/common/collect/Maps$Values
instanceKlass com/google/common/collect/AbstractMultimap$Values
instanceKlass com/google/common/collect/ImmutableCollection
instanceKlass org/apache/felix/resolver/util/ArrayMap$1
instanceKlass com/sun/jna/Structure$StructureSet
instanceKlass java/util/AbstractMap$2
instanceKlass java/util/TreeMap$Values
instanceKlass java/util/IdentityHashMap$Values
instanceKlass org/apache/felix/resolver/util/OpenHashMap$AbstractObjectCollection
instanceKlass org/eclipse/osgi/internal/container/NamespaceList$Builder
instanceKlass java/util/AbstractQueue
instanceKlass java/util/LinkedHashMap$LinkedValues
instanceKlass java/util/HashMap$Values
instanceKlass java/util/ArrayDeque
instanceKlass java/util/AbstractSet
instanceKlass java/util/ImmutableCollections$AbstractImmutableCollection
instanceKlass java/util/AbstractList
ciInstanceKlass java/util/AbstractCollection 1 1 160 10 7 12 1 1 1 10 7 12 1 1 1 10 12 1 1 11 7 12 1 1 1 11 12 1 1 10 12 1 1 10 100 12 1 1 1 10 12 1 1 10 12 1 1 10 7 12 1 1 10 7 12 1 1 1 7 1 10 7 12 1 1 1 10 100 12 1 1 1 100 1 10 11 12 1 11 7 1 10 12 1 10 12 1 10 100 12 1 1 1 11 8 1 7 1 10 10 12 1 1 8 1 10 12 1 10 12 1 1 1 1 1 1 1 1 1 1 1 1 1 1 1 1 1 1 1 1 1 1 1 1 1 1 1 1 1 1 1 1 1 1 1 1 1 1 1 1 1 1 1 1 1 1 1 1 1 1 1 1
ciInstanceKlass java/lang/AssertionStatusDirectives 0 0 24 10 100 12 1 1 1 100 1 1 1 1 1 1 1 1 1 1 1 1 1 1 1 1
instanceKlass org/eclipse/aether/named/support/LockUpgradeNotSupportedException
instanceKlass org/eclipse/jdt/internal/compiler/lookup/Scope$MethodClashException
instanceKlass org/eclipse/jdt/internal/compiler/ast/LambdaExpression$1NotPertientToApplicability
instanceKlass org/eclipse/jdt/internal/compiler/ast/LambdaExpression$CopyFailureException
instanceKlass lombok/core/AnnotationValues$AnnotationValueDecodeFail
instanceKlass org/eclipse/jdt/internal/compiler/flow/UnconditionalFlowInfo$AssertionFailedException
instanceKlass org/eclipse/jdt/internal/compiler/problem/ShouldNotImplement
instanceKlass java/nio/file/ProviderNotFoundException
instanceKlass java/nio/file/FileSystemAlreadyExistsException
instanceKlass java/nio/file/FileSystemNotFoundException
instanceKlass java/util/concurrent/CompletionException
instanceKlass com/microsoft/gradle/bs/importer/model/NamedPipeConnectionException
instanceKlass com/google/inject/internal/aop/GlueException
instanceKlass org/eclipse/jdt/internal/core/search/matching/MatchLocator$WrappedCoreException
instanceKlass org/apache/maven/artifact/InvalidArtifactRTException
instanceKlass org/eclipse/lsp4j/jsonrpc/JsonRpcException
instanceKlass org/eclipse/lsp4j/jsonrpc/MessageIssueException
instanceKlass com/google/gson/JsonParseException
instanceKlass java/io/UncheckedIOException
instanceKlass org/eclipse/lsp4j/jsonrpc/ResponseErrorException
instanceKlass java/security/ProviderException
instanceKlass org/gradle/api/UncheckedIOException
instanceKlass org/eclipse/buildship/core/internal/GradlePluginsRuntimeException
instanceKlass com/sun/jna/LastErrorException
instanceKlass java/lang/annotation/IncompleteAnnotationException
instanceKlass org/eclipse/text/edits/MalformedTreeException
instanceKlass com/google/inject/CreationException
instanceKlass com/google/inject/ConfigurationException
instanceKlass com/google/inject/ProvisionException
instanceKlass org/w3c/dom/DOMException
instanceKlass org/eclipse/jdt/internal/codeassist/select/SelectionNodeFound
instanceKlass org/eclipse/jdt/internal/core/DeltaProcessor$1FoundRelevantDeltaException
instanceKlass org/eclipse/jdt/internal/compiler/lookup/ReferenceBinding$DysfunctionalInterfaceException
instanceKlass org/eclipse/jdt/internal/codeassist/complete/InvalidCursorLocation
instanceKlass org/eclipse/jdt/internal/codeassist/complete/CompletionNodeFound
instanceKlass org/eclipse/jdt/internal/compiler/problem/AbortCompilation
instanceKlass org/eclipse/jdt/internal/compiler/lookup/SourceTypeCollisionException
instanceKlass org/eclipse/jdt/internal/core/builder/MissingSourceFileException
instanceKlass org/eclipse/jdt/internal/core/builder/ImageBuilderInternalException
instanceKlass java/lang/NegativeArraySizeException
instanceKlass org/eclipse/jdt/internal/core/ClasspathEntry$AssertionFailedException
instanceKlass com/google/common/cache/CacheLoader$InvalidCacheLoadException
instanceKlass com/google/common/util/concurrent/UncheckedExecutionException
instanceKlass java/time/DateTimeException
instanceKlass com/google/inject/OutOfScopeException
instanceKlass ch/qos/logback/core/LogbackException
instanceKlass org/objectweb/asm/tree/UnsupportedClassVersionException
instanceKlass java/lang/reflect/UndeclaredThrowableException
instanceKlass org/eclipse/core/internal/events/BuildManager$JobManagerSuspendedException
instanceKlass org/eclipse/core/internal/localstore/IsSynchronizedVisitor$ResourceChangedException
instanceKlass java/lang/IllegalCallerException
instanceKlass org/eclipse/core/internal/dtree/ObjectNotFoundException
instanceKlass org/eclipse/core/internal/utils/WrappedRuntimeException
instanceKlass org/eclipse/core/runtime/OperationCanceledException
instanceKlass org/eclipse/equinox/internal/provisional/frameworkadmin/FrameworkAdminRuntimeException
instanceKlass org/osgi/util/promise/FailedPromisesException
instanceKlass org/eclipse/core/runtime/InvalidRegistryObjectException
instanceKlass org/eclipse/core/runtime/AssertionFailedException
instanceKlass org/osgi/service/component/ComponentException
instanceKlass java/util/MissingResourceException
instanceKlass org/osgi/framework/hooks/weaving/WeavingException
instanceKlass java/util/concurrent/RejectedExecutionException
instanceKlass java/lang/reflect/InaccessibleObjectException
instanceKlass java/util/ConcurrentModificationException
instanceKlass org/osgi/framework/ServiceException
instanceKlass java/lang/TypeNotPresentException
instanceKlass java/lang/IndexOutOfBoundsException
instanceKlass org/eclipse/osgi/framework/util/ThreadInfoReport
instanceKlass org/eclipse/osgi/storage/Storage$StorageException
instanceKlass java/util/NoSuchElementException
instanceKlass java/lang/SecurityException
instanceKlass java/lang/invoke/WrongMethodTypeException
instanceKlass java/lang/UnsupportedOperationException
instanceKlass java/lang/IllegalStateException
instanceKlass java/lang/IllegalArgumentException
instanceKlass java/lang/ArithmeticException
instanceKlass java/lang/NullPointerException
instanceKlass java/lang/IllegalMonitorStateException
instanceKlass java/lang/ArrayStoreException
instanceKlass java/lang/ClassCastException
ciInstanceKlass java/lang/RuntimeException 1 1 40 10 7 12 1 1 1 10 12 1 10 12 1 10 12 1 10 12 1 100 1 1 1 1 5 0 1 1 1 1 1 1 1 1 1 1 1 1 1 1
instanceKlass org/eclipse/m2e/core/internal/project/registry/MavenProjectCache$CacheKey
instanceKlass org/eclipse/jdt/internal/core/JarPackageFragmentRootInfo$PackageContent
instanceKlass org/eclipse/jdt/internal/core/JrtPackageFragmentRoot$JrtModuleKey
instanceKlass org/eclipse/jdt/ls/core/internal/handlers/BaseInitHandler$JdtlsInfo
instanceKlass jdk/net/UnixDomainPrincipal
instanceKlass java/lang/reflect/Executable$ParameterData
instanceKlass java/nio/DirectByteBuffer$Deallocator
instanceKlass org/eclipse/jdt/internal/core/JavaModelManager$SecondaryTypesCache
instanceKlass org/eclipse/m2e/core/project/configurator/ProjectConfigurationRequest
instanceKlass org/eclipse/m2e/core/embedder/ArtifactRepositoryRef
instanceKlass org/eclipse/m2e/core/embedder/ArtifactRef
instanceKlass org/eclipse/m2e/core/project/configurator/MojoExecutionKey
instanceKlass org/eclipse/m2e/core/internal/project/registry/VersionlessKey
instanceKlass org/eclipse/m2e/core/embedder/ArtifactKey
instanceKlass org/eclipse/m2e/core/embedder/MavenConfigurationChangeEvent
instanceKlass org/eclipse/m2e/core/embedder/MavenSettingsLocations
instanceKlass java/lang/reflect/Proxy$ProxyBuilder$ProxyClassContext
instanceKlass org/eclipse/equinox/launcher/Main$Identifier
instanceKlass sun/security/pkcs/SignerInfo$AlgorithmInfo
instanceKlass jdk/internal/misc/ThreadTracker$ThreadRef
instanceKlass java/security/SecureClassLoader$CodeSourceKey
instanceKlass jdk/internal/module/ModuleReferenceImpl$CachedHash
instanceKlass java/util/stream/Collectors$CollectorImpl
instanceKlass jdk/internal/reflect/ReflectionFactory$Config
instanceKlass jdk/internal/foreign/abi/UpcallLinker$CallRegs
instanceKlass jdk/internal/foreign/abi/VMStorage
ciInstanceKlass java/lang/Record 1 1 22 10 7 12 1 1 1 100 1 1 1 1 1 1 1 1 1 1 1 1 1 1
ciInstanceKlass sun/invoke/util/ValueConversions 1 1 571 10 7 12 1 1 1 7 1 10 10 7 12 1 1 1 9 7 12 1 1 1 10 7 12 1 1 1 10 7 1 10 7 12 1 1 1 9 12 1 10 10 7 12 1 1 1 9 12 1 10 10 7 12 1 1 1 9 12 1 10 7 12 1 1 1 9 12 1 10 7 12 1 1 1 9 12 1 10 10 7 12 1 1 1 9 12 1 10 10 7 12 1 1 1 9 12 1 10 10 12 1 1 10 12 1 10 7 12 1 1 1 7 1 9 12 1 1 10 12 1 9 12 1 1 10 12 1 1 9 7 12 1 1 1 10 12 1 100 1 7 1 10 8 1 10 12 1 1 10 12 1 10 12 1 1 10 12 1 8 1 10 12 1 10 12 1 1 9 12 1 1 9 12 1 10 7 12 1 1 1 7 1 10 12 1 1 10 7 12 1 1 1 10 7 12 1 1 1 10 12 1 1 8 1 8 1 8 1 8 1 10 12 1 9 12 1 1 9 12 1 10 12 1 10 12 1 10 12 1 1 10 12 1 1 10 12 1 1 10 12 1 1 10 12 1 10 12 1 10 12 1 10 12 1 10 12 1 10 12 1 9 12 1 8 1 10 12 1 1 8 1 9 100 12 1 1 1 10 12 1 1 9 12 1 10 12 1 1 9 12 1 1 10 12 1 100 1 10 10 12 1 8 1 10 12 1 1 10 12 1 1 10 12 1 8 1 8 1 10 12 1 10 12 1 1 10 7 12 1 1 1 10 12 1 1 10 12 1 10 12 1 1 7 1 10 12 1 10 12 1 10 12 1 1 10 12 1 1 1 1 1 1 1 1 1 1 1 1 1 1 100 1 1 1 1 1 1 1 1 1 1 1 1 1 1 1 1 1 1 1 1 1 1 1 1 1 1 1 1 1 1 1 1 1 1 1 1 1 1 1 1 1 1 1 1 1 1 1 1 1 1 1 1 1 1 1 1 1 1 1 1 1 1 1 1 1 1 1 1 1 1 1 1 1 1 1 1 1 1 1 1 1 1 1 1 1 1 1 1 1 1 1 1 1 1 1 1 1 1 1 1 1 1 1 1 1 1 1 1 1 1 1 1 1 1 1 1 1 1 1 1 1 1 1 1 1 1 1 1 1 1 1 1 1 1 1 1 1 1 1 1 1 1 1 1 1 1 1 1 1 1 1 1 1 1 1 1 1 1 1 1 1 1 1 1 1 1 1 1 1 1 1 1 1 1 1 1 1 1 1 1 1 1 1 1 1 1 1 1 1 1 1 1 1 1 1 1 1 1 1
staticfield sun/invoke/util/ValueConversions THIS_CLASS Ljava/lang/Class; java/lang/Class
staticfield sun/invoke/util/ValueConversions IMPL_LOOKUP Ljava/lang/invoke/MethodHandles$Lookup; java/lang/invoke/MethodHandles$Lookup
staticfield sun/invoke/util/ValueConversions UNBOX_CONVERSIONS [Lsun/invoke/util/ValueConversions$WrapperCache; 4 [Lsun/invoke/util/ValueConversions$WrapperCache;
staticfield sun/invoke/util/ValueConversions ZERO_INT Ljava/lang/Integer; java/lang/Integer
staticfield sun/invoke/util/ValueConversions ONE_INT Ljava/lang/Integer; java/lang/Integer
staticfield sun/invoke/util/ValueConversions BOX_CONVERSIONS [Lsun/invoke/util/ValueConversions$WrapperCache; 1 [Lsun/invoke/util/ValueConversions$WrapperCache;
staticfield sun/invoke/util/ValueConversions CONVERT_PRIMITIVE_FUNCTIONS [Lsun/invoke/util/ValueConversions$WrapperCache; 10 [Lsun/invoke/util/ValueConversions$WrapperCache;
staticfield sun/invoke/util/ValueConversions $assertionsDisabled Z 1
ciInstanceKlass java/lang/invoke/MethodType 1 1 780 7 1 10 7 12 1 1 1 9 12 1 1 9 12 1 1 9 12 1 1 10 7 12 1 1 1 9 7 12 1 1 8 1 10 100 12 1 1 1 9 7 1 9 7 1 10 12 1 1 7 1 10 8 1 10 12 1 1 10 12 1 10 12 1 1 7 1 8 1 10 12 1 100 1 10 10 12 1 10 12 1 1 10 12 1 1 11 7 12 1 1 1 9 12 1 11 12 1 1 7 10 12 1 1 10 12 1 1 7 1 7 1 10 7 12 1 1 1 10 12 1 10 12 1 9 12 1 1 10 7 12 1 1 10 12 1 1 10 7 12 1 1 1 10 7 12 1 1 1 10 12 1 9 12 1 1 10 12 1 1 10 12 1 1 10 12 1 1 10 12 1 1 10 12 1 1 10 12 1 10 12 1 10 12 1 1 10 12 1 8 1 8 1 10 12 1 1 9 12 1 1 100 1 10 10 12 1 1 10 12 1 10 12 1 1 10 12 1 1 10 12 1 10 12 1 10 12 1 8 1 10 12 1 1 10 7 12 1 1 1 10 12 1 10 12 1 1 10 12 1 10 12 1 10 12 1 1 10 12 1 10 12 1 9 12 1 10 12 1 10 10 12 1 1 10 12 1 9 12 1 1 10 12 1 1 11 12 1 1 10 12 1 1 10 12 1 10 12 1 7 1 8 1 8 1 8 1 10 12 1 10 12 1 10 12 1 1 10 10 12 1 11 12 1 1 11 12 1 10 100 12 1 1 1 9 12 1 10 12 1 10 12 1 1 10 12 1 1 10 12 1 10 12 1 10 100 12 1 1 1 10 12 1 1 10 12 1 10 12 1 10 12 1 10 9 12 1 1 7 1 10 12 1 10 12 1 1 9 100 12 1 1 1 10 7 12 1 1 1 10 7 12 1 1 1 10 12 1 1 10 7 12 1 1 1 10 12 1 1 8 1 10 7 12 1 1 1 11 12 1 1 9 12 1 1 10 12 1 1 10 12 1 10 12 1 1 10 12 1 1 10 100 12 1 1 100 1 10 12 1 1 11 100 12 1 1 18 12 1 1 11 12 1 1 18 12 1 11 12 1 100 1 11 100 12 1 1 10 12 1 100 1 10 12 1 10 100 12 1 1 10 12 1 1 9 12 1 1 9 100 12 1 1 1 10 7 12 1 1 1 9 12 1 10 100 12 1 1 10 12 1 100 10 12 1 1 10 12 1 7 1 10 10 12 1 1 7 1 7 1 9 12 1 1 7 1 7 1 7 1 1 1 5 0 1 1 1 1 1 1 1 3 1 3 1 3 1 1 1 1 1 1 1 1 1 1 1 1 1 1 1 1 1 1 1 1 1 1 1 1 1 1 1 1 1 1 1 1 1 1 1 1 1 1 1 1 1 1 1 1 1 1 1 1 1 1 1 1 1 1 1 1 1 1 1 1 1 1 1 1 1 1 1 1 1 1 1 1 1 1 1 1 1 1 1 1 1 1 1 1 1 1 1 1 1 1 1 1 1 1 1 1 1 1 1 1 1 1 1 1 1 1 1 1 1 1 1 1 1 1 1 1 1 1 1 1 1 1 1 1 1 1 1 1 1 1 7 1 7 1 1 1 1 1 1 1 1 1 1 1 1 1 7 1 1 1 7 1 1 1 1 1 1 1 1 1 1 1 1 1 1 1 1 1 1 1 1 1 1 16 15 10 12 16 16 15 10 12 16 15 10 100 12 1 1 1 1 1 7 1 1 7 1 1 100 1 100 1 1
staticfield java/lang/invoke/MethodType internTable Ljdk/internal/util/ReferencedKeySet; jdk/internal/util/ReferencedKeySet
staticfield java/lang/invoke/MethodType NO_PTYPES [Ljava/lang/Class; 0 [Ljava/lang/Class;
staticfield java/lang/invoke/MethodType objectOnlyTypes [Ljava/lang/invoke/MethodType; 20 [Ljava/lang/invoke/MethodType;
staticfield java/lang/invoke/MethodType METHOD_HANDLE_ARRAY [Ljava/lang/Class; 1 [Ljava/lang/Class;
staticfield java/lang/invoke/MethodType serialPersistentFields [Ljava/io/ObjectStreamField; 0 [Ljava/io/ObjectStreamField;
staticfield java/lang/invoke/MethodType $assertionsDisabled Z 1
ciMethod java/lang/invoke/MethodType equals (Ljava/lang/Object;)Z 512 0 5930 0 -1
ciInstanceKlass java/lang/invoke/TypeDescriptor$OfMethod 1 0 43 100 1 100 1 100 1 1 1 1 1 1 1 1 1 1 1 1 1 1 1 1 1 1 1 1 1 1 1 1 1 1 1 1 1 1 1 1 1 1 100 1 1
ciMethod java/lang/invoke/MethodType parameterCount ()I 514 0 12297 0 -1
instanceKlass java/lang/InstantiationException
instanceKlass java/lang/IllegalAccessException
instanceKlass java/lang/reflect/InvocationTargetException
instanceKlass java/lang/NoSuchFieldException
instanceKlass java/lang/NoSuchMethodException
instanceKlass java/lang/ClassNotFoundException
ciInstanceKlass java/lang/ReflectiveOperationException 1 1 34 10 7 12 1 1 1 10 12 1 10 12 1 10 12 1 100 1 1 1 1 5 0 1 1 1 1 1 1 1 1 1 1 1
instanceKlass java/lang/invoke/DelegatingMethodHandle
instanceKlass java/lang/invoke/BoundMethodHandle
instanceKlass java/lang/invoke/DirectMethodHandle
ciInstanceKlass java/lang/invoke/MethodHandle 1 1 733 100 1 9 7 12 1 1 1 10 7 12 1 1 1 10 7 12 1 1 1 7 1 7 1 10 12 1 1 9 12 1 1 10 12 1 10 12 1 1 10 12 1 1 10 7 12 1 1 1 10 12 1 1 10 12 1 1 11 7 12 1 1 1 10 12 1 1 10 12 1 10 12 1 10 12 1 1 9 12 1 1 9 12 1 1 10 7 12 1 1 1 10 12 1 1 10 12 1 10 12 1 100 1 7 1 10 8 1 10 12 1 1 10 12 1 8 1 10 12 1 1 10 12 1 10 7 12 1 1 1 10 12 1 1 10 12 1 1 10 12 1 1 10 7 12 1 1 1 10 12 1 1 10 12 1 1 10 12 1 10 12 1 1 10 7 12 1 1 10 7 12 1 1 10 12 1 10 12 1 10 12 1 1 10 12 1 1 10 12 1 1 10 12 1 1 10 7 12 1 1 1 10 7 12 1 1 1 10 12 1 1 10 12 1 1 10 12 1 1 8 1 10 7 12 1 1 1 8 1 10 12 1 10 12 1 1 10 12 1 1 10 12 1 8 1 10 12 1 1 8 1 10 12 1 8 1 10 7 12 1 1 1 9 12 1 1 100 1 10 9 7 12 1 1 1 9 7 1 8 1 10 12 1 1 10 12 1 10 12 1 1 10 12 1 10 12 1 1 10 12 1 10 12 1 1 10 12 1 10 12 1 1 10 12 1 1 8 1 10 12 1 1 8 1 10 12 1 10 12 1 1 10 12 1 10 12 1 10 12 1 1 9 100 12 1 1 1 10 12 1 1 11 12 1 10 12 1 10 12 1 1 10 100 12 1 1 100 1 11 12 1 10 100 1 11 12 1 7 1 10 12 1 11 12 1 9 100 12 1 1 1 11 12 1 1 11 100 12 1 1 1 10 12 1 1 9 12 1 11 12 1 9 12 1 9 12 1 9 12 1 11 12 1 1 9 12 1 9 12 1 9 12 1 9 12 1 9 12 1 9 12 1 9 12 1 8 1 10 12 1 10 12 1 8 1 10 12 1 10 12 1 10 12 1 1 10 10 10 7 12 1 1 10 12 1 1 100 1 7 1 8 1 8 1 10 10 12 1 1 10 12 1 10 12 1 7 1 10 100 12 1 1 1 10 9 7 12 1 1 1 10 12 1 1 10 12 1 1 8 1 8 1 10 7 12 1 1 9 12 1 9 12 1 1 9 12 1 1 10 12 1 7 1 10 12 1 10 12 1 1 9 12 1 1 9 12 1 1 10 7 12 1 1 1 11 7 12 1 1 9 12 1 10 12 1 1 9 12 1 10 12 1 8 10 12 1 1 8 1 1 1 1 1 1 1 1 7 1 1 1 1 1 1 1 1 1 1 1 1 1 1 1 1 1 1 1 1 1 1 1 1 1 1 1 1 1 1 100 1 1 1 1 1 1 1 1 1 1 1 1 1 1 1 1 1 1 1 1 1 1 1 1 1 1 1 1 1 1 1 1 1 1 1 1 1 1 1 1 1 1 1 1 1 1 1 1 1 1 1 1 1 1 1 1 1 1 1 1 1 1 1 1 1 1 1 1 1 1 1 1 1 1 1 1 1 1 1 1 1 1 1 1 1 1 100 1 1 100 1 7 1 100 1 1 100 1 1 100 1 1 1 1
staticfield java/lang/invoke/MethodHandle FORM_OFFSET J 20
staticfield java/lang/invoke/MethodHandle UPDATE_OFFSET J 13
staticfield java/lang/invoke/MethodHandle $assertionsDisabled Z 1
ciMethod java/lang/invoke/MethodHandle type ()Ljava/lang/invoke/MethodType; 262 0 131 0 -1
instanceKlass java/io/ObjectStreamClass$DeserializationConstructorsCache
ciInstanceKlass java/util/concurrent/ConcurrentHashMap 1 1 1210 7 1 7 1 3 10 12 1 1 3 7 1 10 7 12 1 1 1 7 1 10 7 12 1 1 1 100 1 11 12 1 1 11 12 1 11 12 1 1 9 12 1 1 9 12 1 1 9 12 1 10 7 12 1 1 1 7 1 10 12 1 1 10 12 1 1 10 7 12 1 1 1 4 10 12 1 9 12 1 10 12 1 1 100 1 10 5 0 10 12 1 10 12 1 1 5 0 10 12 1 1 10 12 1 9 12 1 1 10 12 1 1 9 12 1 9 12 1 1 10 12 1 1 9 12 1 10 12 1 1 9 12 1 1 10 12 1 1 100 1 10 100 1 10 12 1 10 12 1 1 10 12 1 1 10 12 1 1 10 12 1 10 12 1 1 10 12 1 1 100 1 10 12 1 1 7 1 100 1 8 1 10 12 1 10 12 1 1 10 12 1 1 11 7 12 1 1 10 12 1 1 11 12 1 1 11 7 12 1 1 1 11 7 12 1 1 1 11 12 1 7 1 11 12 1 11 12 1 10 12 1 1 10 12 1 1 9 12 1 1 10 100 12 1 1 1 9 10 12 1 1 9 12 1 10 12 1 1 5 0 9 12 1 1 7 1 10 12 1 9 12 1 1 7 1 10 12 1 9 12 1 7 1 10 7 1 10 10 12 1 1 8 1 10 12 1 10 12 1 1 11 100 1 10 12 1 10 100 12 1 1 1 8 1 10 100 12 1 1 1 8 1 10 12 1 8 1 10 12 1 10 12 1 1 10 100 12 1 1 10 12 1 10 12 1 10 12 1 9 12 1 9 10 12 1 9 12 1 1 11 100 12 1 1 1 11 7 12 1 1 1 100 1 10 12 11 100 12 1 1 10 11 7 12 1 10 12 1 100 1 10 12 1 100 1 10 10 9 7 12 1 1 1 10 12 3 10 7 12 1 1 9 12 1 10 12 1 1 9 12 1 1 9 12 1 10 12 1 1 10 7 12 1 1 9 12 1 9 7 12 1 1 10 12 1 1 10 12 1 3 9 12 1 9 12 1 10 12 1 1 7 1 9 3 9 12 1 7 1 10 12 1 9 12 1 10 12 1 9 12 1 10 12 1 9 12 1 10 100 12 1 1 1 100 10 12 1 7 1 5 0 10 100 12 1 1 100 1 10 12 1 1 10 12 1 10 12 1 100 1 10 12 1 10 100 1 100 1 10 10 12 1 10 100 1 10 12 1 10 100 1 10 12 1 10 7 1 10 12 1 1 100 1 10 12 1 10 10 12 1 100 1 10 12 1 10 10 12 1 100 1 10 12 1 10 100 1 10 12 1 10 100 1 10 12 1 10 100 1 10 12 1 10 100 1 10 12 1 10 100 1 10 12 1 10 100 1 10 12 1 10 100 1 10 12 1 10 100 1 10 10 100 1 10 10 100 1 10 10 100 1 10 12 1 10 100 1 10 12 1 10 100 1 10 12 1 10 100 1 10 12 1 10 100 1 10 12 1 10 100 1 10 10 100 1 10 10 100 1 10 10 100 1 10 12 1 10 100 1 10 12 1 10 100 1 10 12 1 10 100 1 10 12 1 10 100 1 10 12 1 10 10 12 1 10 7 12 1 1 1 10 12 1 7 1 7 1 10 12 1 9 12 1 1 9 12 1 1 10 12 1 1 8 10 12 1 1 8 8 8 8 7 10 12 1 1 10 12 1 100 1 8 1 10 7 1 7 1 7 1 1 1 5 0 1 1 3 1 3 1 1 1 1 3 1 3 1 3 1 1 1 1 1 3 1 3 1 3 1 1 1 1 1 1 1 1 1 1 1 1 1 1 1 1 1 1 1 1 1 1 1 1 1 100 1 1 1 1 1 1 1 1 1 1 1 1 1 1 1 1 1 1 1 1 1 1 1 1 1 1 1 1 1 1 1 1 1 1 1 1 1 1 1 1 1 1 1 1 1 1 1 1 1 1 1 1 1 1 1 1 1 1 1 1 1 1 1 1 1 1 1 1 1 1 1 1 1 1 1 1 1 1 1 1 1 1 1 1 100 1 1 1 1 1 1 1 1 1 1 1 7 1 1 1 1 1 1 1 1 1 1 1 1 1 1 1 1 1 1 1 1 1 1 1 1 1 1 1 1 1 1 1 1 1 1 1 1 1 1 1 1 1 1 1 1 1 1 1 1 1 1 1 1 1 1 1 1 1 1 1 1 1 1 1 1 1 1 1 1 1 1 1 1 1 1 1 1 1 1 1 1 1 1 1 1 1 1 1 1 1 1 1 1 1 1 1 1 1 1 1 1 1 1 1 1 1 1 1 1 1 1 1 1 1 1 1 1 1 1 1 1 1 1 1 1 1 1 1 1 1 1 1 1 1 1 1 1 1 1 1 1 1 1 1 1 1 1 1 1 1 1 1 1 1 1 1 1 1 1 1 1 1 1 1 1 1 1 1 1 1 1 1 1 1 1 1 1 1 1 1 1 1 1 1 1 1 1 1 1 1 1 1 1 1 1 1 1 1 1 1 1 1 1 1 1 1 1 1 1 1 1 1 1 1 1 1 1 1 1 1 1 1 1 1 100 1 100 1 100 1 100 1 100 1 100 1 100 1 100 1 100 1 1 1 1 1 1 1 1 1 1 1 1 1 1 1 1 1 1 1 1 1 1 1 1 1 1 1 1 1 1 1 1 1 1 1 1 1 1 1 1 1 1 1 1 1 1 1 1 1 1 1 1 1 1 1 1 1 1
staticfield java/util/concurrent/ConcurrentHashMap NCPU I 4
staticfield java/util/concurrent/ConcurrentHashMap serialPersistentFields [Ljava/io/ObjectStreamField; 3 [Ljava/io/ObjectStreamField;
staticfield java/util/concurrent/ConcurrentHashMap U Ljdk/internal/misc/Unsafe; jdk/internal/misc/Unsafe
staticfield java/util/concurrent/ConcurrentHashMap SIZECTL J 20
staticfield java/util/concurrent/ConcurrentHashMap TRANSFERINDEX J 32
staticfield java/util/concurrent/ConcurrentHashMap BASECOUNT J 24
staticfield java/util/concurrent/ConcurrentHashMap CELLSBUSY J 36
staticfield java/util/concurrent/ConcurrentHashMap CELLVALUE J 144
staticfield java/util/concurrent/ConcurrentHashMap ABASE I 16
staticfield java/util/concurrent/ConcurrentHashMap ASHIFT I 2
instanceKlass org/apache/maven/project/DefaultProjectBuilder$1
instanceKlass org/eclipse/sisu/wire/EntryMapAdapter
instanceKlass com/google/common/collect/Maps$ViewCachingAbstractMap
instanceKlass com/google/common/collect/MapMakerInternalMap
instanceKlass org/eclipse/sisu/wire/MergedProperties
instanceKlass com/google/gson/internal/LinkedTreeMap
instanceKlass com/google/common/cache/LocalCache
instanceKlass org/apache/felix/resolver/util/ArrayMap
instanceKlass java/util/concurrent/ConcurrentSkipListMap
instanceKlass org/eclipse/osgi/internal/framework/FilterImpl$DictionaryMap
instanceKlass org/eclipse/osgi/internal/framework/FilterImpl$ServiceReferenceMap
instanceKlass org/eclipse/osgi/internal/serviceregistry/ShrinkableValueCollectionMap
instanceKlass java/util/Collections$SingletonMap
instanceKlass java/util/TreeMap
instanceKlass java/util/IdentityHashMap
instanceKlass java/util/EnumMap
instanceKlass java/util/WeakHashMap
instanceKlass java/util/Collections$EmptyMap
instanceKlass sun/util/PreHashedMap
instanceKlass java/util/HashMap
instanceKlass java/util/ImmutableCollections$AbstractImmutableMap
instanceKlass java/util/concurrent/ConcurrentHashMap
ciInstanceKlass java/util/AbstractMap 1 1 196 10 7 12 1 1 1 10 7 12 1 1 1 11 7 12 1 1 1 10 11 12 1 1 11 7 12 1 1 1 11 12 1 1 7 1 11 12 1 10 12 1 1 11 12 1 100 1 10 11 12 1 11 7 1 10 12 1 1 11 12 1 9 12 1 1 7 1 10 12 1 9 12 1 1 7 1 10 11 11 12 1 1 11 12 1 7 1 100 1 11 12 1 8 1 7 1 10 10 12 1 1 8 1 10 12 1 10 12 1 1 10 12 1 1 1 1 1 1 1 1 1 1 1 1 1 1 1 1 1 1 1 1 1 1 1 1 1 1 1 1 1 1 1 1 1 1 1 1 1 1 1 1 7 1 1 1 1 1 1 1 7 1 1 1 1 1 1 1 1 1 7 1 1 1 1 1 1 1 1 1 100 1 100 1 100 1 100 1 100 1 1 1 1 1 1
ciMethod java/util/concurrent/ConcurrentHashMap put (Ljava/lang/Object;Ljava/lang/Object;)Ljava/lang/Object; 514 0 10680 0 104
ciInstanceKlass java/util/concurrent/ConcurrentMap 1 1 208 11 7 12 1 1 1 10 100 12 1 1 11 12 1 1 11 100 12 1 1 1 11 7 12 1 1 1 11 12 1 1 100 1 11 12 1 11 12 1 100 1 11 100 12 1 1 1 18 12 1 11 12 1 1 11 100 12 1 1 11 12 1 1 11 100 12 1 11 12 1 1 11 12 1 1 7 1 7 1 1 1 1 1 1 1 1 1 1 1 1 1 1 1 1 1 1 1 1 1 1 1 1 1 1 1 1 1 1 1 1 1 1 1 1 1 1 1 1 1 1 1 1 1 1 1 1 1 1 1 1 1 1 1 1 1 1 1 1 16 15 11 12 15 10 100 12 1 1 1 1 1 100 1 100 1 1 1 100 1 8 1 1 12 10 1 1 1 8 1 1 1 8 1 1 8 1 1 1 8 1 1 1 8 1 1 1 8 1 1 1 8 1 1 1 8 1 1 1 8 1 1 1 8 1 1 8 1
ciInstanceKlass jdk/internal/loader/ClassLoaders 1 1 183 10 7 12 1 1 1 10 7 12 1 1 1 10 12 1 1 10 100 12 1 1 1 9 7 12 1 1 1 9 12 1 1 9 12 1 1 7 1 11 100 12 1 1 1 100 1 11 12 1 1 11 12 1 1 10 100 12 1 1 1 10 100 12 1 1 1 100 1 100 1 10 7 12 1 1 1 9 12 1 1 10 12 1 1 7 1 10 12 1 1 10 12 1 7 1 8 1 10 7 12 1 1 1 10 12 1 1 7 1 10 12 1 10 12 1 10 12 1 8 1 10 7 12 1 1 8 1 8 1 10 12 1 7 1 10 12 1 10 12 1 10 12 1 1 1 1 1 1 1 1 1 1 1 1 1 1 1 1 1 1 1 1 7 1 1 1 1 1 1 1 1 1 1 1 1 1 1 1 1 1 1 1
staticfield jdk/internal/loader/ClassLoaders JLA Ljdk/internal/access/JavaLangAccess; java/lang/System$2
staticfield jdk/internal/loader/ClassLoaders BOOT_LOADER Ljdk/internal/loader/ClassLoaders$BootClassLoader; jdk/internal/loader/ClassLoaders$BootClassLoader
staticfield jdk/internal/loader/ClassLoaders PLATFORM_LOADER Ljdk/internal/loader/ClassLoaders$PlatformClassLoader; jdk/internal/loader/ClassLoaders$PlatformClassLoader
staticfield jdk/internal/loader/ClassLoaders APP_LOADER Ljdk/internal/loader/ClassLoaders$AppClassLoader; jdk/internal/loader/ClassLoaders$AppClassLoader
instanceKlass jdk/internal/loader/ClassLoaders$BootClassLoader
instanceKlass jdk/internal/loader/ClassLoaders$PlatformClassLoader
instanceKlass jdk/internal/loader/ClassLoaders$AppClassLoader
ciInstanceKlass jdk/internal/loader/BuiltinClassLoader 1 1 737 9 7 12 1 1 1 10 7 12 1 1 1 10 7 12 1 1 1 9 12 1 1 9 12 1 1 7 1 10 12 1 9 12 1 10 12 1 9 12 1 10 7 12 1 1 1 10 7 12 1 1 1 10 7 12 1 1 1 11 7 12 1 1 1 7 1 7 1 10 10 12 1 1 8 1 10 12 1 10 12 7 1 10 12 1 10 12 1 1 11 7 12 1 1 1 11 7 12 1 1 1 11 12 1 1 7 1 8 1 8 1 10 9 12 1 1 10 7 12 1 1 11 12 1 1 10 12 1 1 10 12 1 1 10 12 1 1 10 7 12 1 1 1 10 12 1 10 7 12 1 1 1 10 12 1 1 11 7 12 1 1 1 10 7 12 1 1 7 1 10 7 12 1 1 1 10 12 1 100 1 8 1 10 12 1 1 10 8 1 10 12 1 1 10 12 1 1 10 12 1 1 11 7 12 1 1 11 12 1 7 1 10 11 12 1 1 11 10 12 1 1 7 1 10 12 1 10 7 12 1 10 12 1 7 1 10 12 1 10 7 12 1 1 1 100 1 10 12 1 1 11 12 1 7 1 100 1 10 12 1 10 12 1 1 100 1 100 1 10 12 1 10 12 1 18 12 1 1 10 12 1 10 12 1 1 18 100 1 10 7 12 1 1 1 7 1 10 10 12 1 1 10 12 1 1 10 12 1 1 10 12 1 9 12 1 1 100 1 10 10 12 1 1 10 12 1 1 10 12 1 10 12 10 12 1 1 10 12 1 1 10 12 1 1 10 12 1 10 12 1 1 18 12 1 7 1 10 12 1 1 10 12 1 10 12 1 1 10 12 1 100 1 10 12 1 7 1 10 12 1 10 7 12 1 1 1 10 12 1 11 12 1 7 1 10 12 1 7 1 100 1 10 12 1 10 12 1 11 12 1 1 10 12 1 1 10 12 1 1 10 12 1 1 10 12 1 1 10 12 1 10 12 1 10 12 1 10 12 1 8 1 10 12 1 1 10 7 12 1 1 10 12 1 100 1 8 1 8 1 10 10 12 1 8 1 8 1 10 7 12 1 1 1 11 7 12 1 1 1 9 7 12 1 1 1 10 7 12 1 1 1 9 12 1 9 12 1 9 12 1 9 12 1 9 12 1 9 12 1 10 7 12 1 1 1 8 1 10 12 1 7 1 10 12 1 1 10 12 1 7 1 10 11 12 1 1 10 12 10 12 1 10 12 1 100 1 10 12 1 10 12 1 10 10 12 1 10 7 12 1 1 8 1 10 7 12 1 1 10 12 1 1 1 1 1 1 1 1 1 1 1 1 1 1 1 1 1 1 1 1 1 1 1 1 1 1 1 1 1 1 1 1 1 1 1 1 1 1 1 1 1 1 1 1 1 1 1 1 1 1 1 1 1 1 1 1 7 1 1 1 1 1 1 1 1 1 1 1 1 1 1 1 1 1 1 7 1 7 1 1 1 1 1 1 1 1 1 1 1 1 1 1 1 1 1 1 1 1 1 1 1 1 1 1 1 1 1 1 1 1 1 1 1 1 1 1 1 1 1 1 1 1 1 1 1 1 1 1 1 100 1 1 16 15 10 12 16 15 10 12 16 15 10 12 16 1 15 10 100 12 1 1 1 1 1 100 1 1 1 1 1 100 1 100 1 1
staticfield jdk/internal/loader/BuiltinClassLoader packageToModule Ljava/util/Map; java/util/concurrent/ConcurrentHashMap
staticfield jdk/internal/loader/BuiltinClassLoader $assertionsDisabled Z 1
ciInstanceKlass jdk/internal/loader/ClassLoaders$AppClassLoader 1 1 119 8 1 10 7 12 1 1 1 10 7 12 1 1 1 10 7 12 1 1 1 10 12 1 1 10 7 12 1 1 1 10 12 1 1 10 12 1 1 7 1 8 1 10 12 10 7 12 1 1 1 10 7 12 1 1 10 12 1 1 10 12 1 1 10 7 12 1 1 1 7 1 10 12 1 1 1 1 1 1 1 1 1 1 1 1 1 1 1 1 1 1 1 1 1 7 1 1 1 1 1 1 1 1 1 1 1 1 1 1 1 1 1 1 1 7 1 1 1
ciInstanceKlass jdk/internal/loader/ClassLoaders$PlatformClassLoader 1 1 42 8 1 10 7 12 1 1 1 10 7 12 1 1 1 7 1 10 12 1 7 1 1 1 1 1 1 1 1 1 1 1 1 1 1 7 1 1 1 100 1 1
ciInstanceKlass java/lang/ArithmeticException 1 1 26 10 100 12 1 1 1 10 12 1 100 1 1 1 1 5 0 1 1 1 1 1 1 1 1 1
ciInstanceKlass java/lang/ArrayStoreException 1 1 26 10 100 12 1 1 1 10 12 1 100 1 1 1 1 5 0 1 1 1 1 1 1 1 1 1
ciInstanceKlass java/lang/ClassCastException 1 1 26 10 7 12 1 1 1 10 12 1 100 1 1 1 1 5 0 1 1 1 1 1 1 1 1 1
ciInstanceKlass java/lang/ClassNotFoundException 1 1 96 7 1 10 7 12 1 1 1 10 12 1 10 12 1 1 10 100 12 1 1 1 8 1 10 100 12 1 1 1 10 7 12 1 1 10 100 12 1 1 1 10 100 12 1 1 1 10 12 1 1 7 1 10 12 1 9 12 1 1 1 1 1 5 0 1 1 1 1 1 1 1 1 1 1 1 1 1 1 1 1 1 1 100 1 1 1 1 1 1 1 1 1 1 1 1
staticfield java/lang/ClassNotFoundException serialPersistentFields [Ljava/io/ObjectStreamField; 1 [Ljava/io/ObjectStreamField;
instanceKlass java/nio/file/ProviderMismatchException
instanceKlass java/util/regex/PatternSyntaxException
instanceKlass java/nio/file/InvalidPathException
instanceKlass org/apache/maven/cli/MavenCli$IllegalUseOfUndefinedProperty
instanceKlass java/security/InvalidParameterException
instanceKlass java/nio/charset/UnsupportedCharsetException
instanceKlass java/nio/charset/IllegalCharsetNameException
instanceKlass java/lang/NumberFormatException
ciInstanceKlass java/lang/IllegalArgumentException 1 1 35 10 7 12 1 1 1 10 12 1 10 12 1 10 12 1 100 1 1 1 1 5 0 1 1 1 1 1 1 1 1 1 1 1 1
ciInstanceKlass java/lang/IllegalMonitorStateException 1 1 26 10 100 12 1 1 1 10 12 1 100 1 1 1 1 5 0 1 1 1 1 1 1 1 1 1
ciInstanceKlass java/lang/BootstrapMethodError 0 0 45 10 100 12 1 1 1 10 12 1 10 12 1 10 100 12 1 1 1 10 100 12 1 1 1 1 1 1 5 0 1 1 1 1 1 1 1 1 1 1 1 100 1 1 1
instanceKlass java/lang/ExceptionInInitializerError
instanceKlass java/lang/ClassFormatError
instanceKlass java/lang/UnsatisfiedLinkError
instanceKlass java/lang/IncompatibleClassChangeError
instanceKlass java/lang/BootstrapMethodError
instanceKlass java/lang/NoClassDefFoundError
ciInstanceKlass java/lang/LinkageError 1 1 31 10 7 12 1 1 1 10 12 1 10 12 1 100 1 1 1 1 5 0 1 1 1 1 1 1 1 1 1 1 1
ciInstanceKlass java/lang/NoSuchMethodException 1 1 26 10 7 12 1 1 1 10 12 1 100 1 1 1 1 5 0 1 1 1 1 1 1 1 1 1
ciInstanceKlass java/lang/NullPointerException 1 1 52 10 7 12 1 1 1 10 12 1 9 7 12 1 1 1 10 12 1 1 9 12 1 1 10 12 1 1 10 12 1 1 1 1 5 0 1 1 1 1 1 1 1 1 100 1 100 1 100 1 1 1
ciInstanceKlass java/lang/NoClassDefFoundError 1 1 26 10 7 12 1 1 1 10 12 1 100 1 1 1 1 5 0 1 1 1 1 1 1 1 1 1
ciInstanceKlass java/lang/StackOverflowError 1 1 26 10 100 12 1 1 1 10 12 1 100 1 1 1 1 5 0 1 1 1 1 1 1 1 1 1
ciInstanceKlass java/lang/StackTraceElement 1 1 235 10 7 12 1 1 1 10 7 12 1 1 9 12 1 1 9 12 1 1 9 12 1 9 12 1 8 1 10 100 12 1 1 1 7 1 9 12 1 8 1 9 12 1 9 12 1 9 12 1 1 10 12 1 1 10 12 1 8 1 10 7 12 1 1 1 7 1 10 12 1 10 12 1 1 10 12 1 10 12 1 1 10 12 1 10 12 1 10 10 12 1 8 1 10 12 1 10 12 1 1 10 12 1 1 10 12 1 10 12 1 10 12 1 9 12 1 1 10 7 12 1 1 1 10 12 1 1 7 1 10 12 1 1 10 7 12 1 1 10 7 12 1 1 1 10 7 12 1 1 10 7 12 1 1 10 10 12 1 1 10 12 1 1 10 12 1 1 10 12 1 7 1 1 1 1 1 1 1 3 1 3 1 1 5 0 1 1 1 1 1 1 1 1 1 1 1 1 1 1 1 1 1 1 1 1 1 1 1 1 1 1 1 1 1 7 1 7 1 1 1 1 1 1 1 100 1 1 1 1 1 1 1 1 1
instanceKlass java/util/concurrent/locks/AbstractQueuedSynchronizer
ciInstanceKlass java/util/concurrent/locks/AbstractOwnableSynchronizer 1 1 32 10 7 12 1 1 1 9 7 12 1 1 1 100 1 1 1 1 5 0 1 1 1 1 1 1 1 1 1 1 1 1
ciInstanceKlass jdk/internal/vm/Continuation 0 0 549 9 100 12 1 1 1 9 12 1 9 12 1 100 1 7 1 10 12 1 1 8 1 10 12 1 1 10 12 1 10 12 1 1 10 12 1 9 7 12 1 1 1 11 100 12 1 1 1 10 7 1 9 12 1 1 9 12 1 1 10 8 1 10 12 1 9 12 1 1 10 11 12 1 1 100 1 10 100 12 1 1 1 10 12 1 1 10 12 1 10 12 1 1 11 12 1 1 9 12 1 1 10 12 1 1 18 12 1 1 10 7 12 1 1 1 100 1 10 12 1 11 100 12 1 1 1 10 12 1 9 12 1 10 12 1 1 100 1 8 1 10 12 1 10 12 1 1 9 12 1 1 11 12 1 1 9 12 1 1 8 1 10 11 12 1 1 11 12 1 1 10 12 1 1 10 12 1 1 9 12 1 10 12 1 10 10 12 1 8 1 10 12 1 8 1 8 1 10 7 12 1 1 1 10 7 12 1 1 1 10 12 1 9 12 1 11 12 1 7 1 10 12 1 10 12 1 1 9 12 1 1 7 1 10 12 1 1 9 12 1 1 10 12 1 10 12 1 11 7 12 1 1 10 7 1 10 12 1 8 1 9 12 1 10 12 1 1 9 12 1 1 10 7 12 1 1 8 1 8 1 8 1 8 1 10 12 1 1 10 12 1 10 12 1 10 12 1 10 12 1 1 10 12 1 1 8 1 10 12 1 1 9 12 1 1 10 12 1 1 9 12 1 8 1 10 7 12 1 1 1 10 12 1 8 1 100 1 8 1 10 9 12 1 1 8 1 10 7 12 1 1 10 100 12 1 1 8 1 8 1 10 12 10 100 12 1 1 1 10 7 1 10 7 12 1 1 1 18 11 100 12 1 1 1 18 12 1 11 12 1 1 7 1 10 7 12 1 1 10 12 1 1 8 10 12 1 1 10 100 12 1 1 1 10 100 12 1 1 10 12 1 8 1 10 12 1 7 1 7 1 10 12 1 1 1 1 1 1 1 1 1 1 1 1 1 1 1 1 1 1 1 1 1 1 1 1 1 1 1 1 1 1 1 1 1 1 1 1 1 1 1 1 1 1 1 1 1 1 1 1 1 1 1 1 1 1 1 1 1 1 1 1 1 1 1 1 1 1 1 1 1 1 1 1 1 1 1 100 1 1 16 1 15 10 12 16 15 11 7 12 1 1 1 16 1 16 1 15 10 12 16 15 10 100 12 1 1 1 1 1 1 1 1 100 1 100 1 1
ciInstanceKlass jdk/internal/misc/UnsafeConstants 1 1 34 10 100 12 1 1 1 9 7 12 1 1 1 9 12 1 9 12 1 1 9 12 1 9 12 1 1 1 1 1 1 1 1 1
staticfield jdk/internal/misc/UnsafeConstants ADDRESS_SIZE0 I 8
staticfield jdk/internal/misc/UnsafeConstants PAGE_SIZE I 4096
staticfield jdk/internal/misc/UnsafeConstants BIG_ENDIAN Z 0
staticfield jdk/internal/misc/UnsafeConstants UNALIGNED_ACCESS Z 1
staticfield jdk/internal/misc/UnsafeConstants DATA_CACHE_LINE_FLUSH_SIZE I 0
ciInstanceKlass java/lang/invoke/MethodHandleImpl 1 1 1357 10 7 12 1 1 1 7 1 10 7 12 1 1 1 10 7 12 1 1 1 7 1 10 8 1 10 12 1 1 10 12 1 10 12 1 1 10 7 12 1 1 1 9 7 12 1 1 1 10 7 12 1 1 1 7 1 10 12 1 1 10 12 1 1 10 12 1 1 10 7 12 1 1 1 9 7 12 1 1 1 10 7 12 1 1 1 100 1 10 9 12 1 1 9 12 1 10 12 1 1 10 12 1 10 12 1 1 10 12 1 1 10 12 1 1 8 1 8 1 10 12 1 1 10 12 1 1 10 12 1 1 10 12 1 1 10 12 1 10 12 1 1 10 7 12 1 1 1 10 12 1 7 1 10 7 12 1 1 1 10 12 1 1 10 12 1 1 11 7 12 1 1 1 11 7 12 1 1 11 12 1 1 7 1 11 12 1 10 12 1 1 10 12 1 1 11 12 1 10 7 12 1 1 10 12 1 1 10 7 12 1 1 10 12 1 10 12 1 1 10 7 12 1 1 1 10 7 12 1 1 1 10 12 1 1 10 12 1 1 9 7 12 1 1 1 10 10 12 1 1 10 12 1 1 10 10 12 1 1 10 12 1 1 10 7 12 1 1 1 10 12 1 1 10 12 1 10 12 1 10 7 12 1 1 1 10 7 12 1 1 1 10 12 1 1 10 12 1 10 12 1 10 12 1 10 12 1 1 10 12 1 10 12 1 1 10 12 1 10 12 1 8 1 7 1 10 12 1 10 12 1 1 10 12 1 10 12 1 1 10 12 1 1 7 1 10 12 1 100 1 8 1 10 12 1 10 7 12 1 1 1 8 1 10 12 1 10 7 12 1 1 1 100 1 9 7 1 10 12 1 1 10 12 1 1 9 12 1 10 12 1 1 10 7 12 1 1 10 12 1 1 10 12 1 1 10 12 1 10 12 1 7 1 10 12 1 1 9 12 1 1 10 12 1 9 7 12 1 1 1 11 7 12 1 1 7 1 9 12 1 7 1 10 12 1 10 12 1 1 7 1 10 12 1 1 10 12 1 10 12 1 1 10 7 12 1 1 1 10 12 1 1 10 12 1 10 12 1 1 10 12 1 10 12 1 1 10 12 1 7 1 9 7 12 1 1 1 10 12 1 10 12 1 9 7 12 1 1 1 10 12 1 1 10 12 1 1 10 12 1 10 7 12 1 1 10 7 12 1 1 1 9 12 1 10 12 1 9 12 10 12 1 10 12 1 10 12 1 10 12 1 1 10 12 1 10 12 1 1 10 12 1 10 12 1 1 10 12 1 1 10 12 1 1 10 12 1 10 12 1 10 12 1 1 10 12 1 10 7 12 1 1 10 12 1 10 7 12 1 1 8 1 10 8 1 7 1 10 9 12 1 100 1 10 12 1 8 1 10 10 12 1 10 10 12 1 1 10 12 1 1 10 12 1 10 12 1 7 1 8 1 10 12 1 10 7 12 1 1 1 10 12 1 1 10 12 1 10 12 1 7 1 10 12 1 10 12 1 10 12 1 1 7 1 10 12 1 10 7 12 1 1 10 12 1 9 12 1 10 12 1 1 10 12 1 1 100 1 10 10 12 1 8 1 8 1 9 12 1 8 1 8 1 8 1 9 12 1 10 12 1 1 9 12 1 1 10 12 1 8 1 9 7 1 10 12 1 1 10 12 1 8 1 8 1 8 1 100 1 100 1 8 8 1 8 1 100 1 8 1 7 1 10 12 1 10 12 1 10 12 10 12 1 10 12 1 11 7 12 1 1 1 18 12 1 11 100 12 1 1 1 18 18 12 1 11 12 1 1 10 12 1 1 10 12 1 10 12 1 11 12 1 9 12 1 9 12 10 10 12 1 1 9 12 1 1 11 12 1 1 18 12 1 1 11 12 1 1 11 12 1 1 10 12 1 11 7 1 10 12 1 10 12 1 10 12 1 9 12 1 9 12 10 12 1 10 7 12 1 1 1 10 12 1 10 12 1 1 10 12 1 10 12 9 12 1 1 10 12 1 10 12 1 1 9 12 1 9 12 1 10 12 1 10 12 1 1 10 12 1 100 1 10 12 1 9 12 1 1 11 7 1 9 12 1 9 12 11 12 1 9 12 1 9 12 1 10 12 1 10 12 1 1 9 7 12 1 1 1 8 1 10 12 1 1 8 1 10 12 1 8 1 8 1 8 1 8 1 8 1 8 1 100 1 8 1 8 1 10 12 1 9 12 1 7 1 10 10 7 12 1 1 1 1 1 1 1 3 1 1 3 1 3 1 3 1 3 1 3 1 3 1 3 1 3 1 1 1 1 1 1 1 1 1 3 1 3 1 1 1 1 1 1 1 1 1 1 1 1 1 1 1 1 1 1 1 1 1 1 1 1 1 1 1 1 1 1 1 1 1 1 1 1 1 1 1 1 1 1 1 1 1 1 1 1 1 1 1 1 1 1 1 1 1 1 1 1 1 1 1 1 1 1 1 1 1 1 1 1 1 1 1 1 1 1 1 1 1 1 1 1 1 1 1 1 1 1 1 1 1 1 1 1 1 1 1 1 1 1 1 1 100 1 1 1 1 1 1 1 1 1 1 1 1 1 1 1 1 1 1 1 1 1 1 1 1 1 1 1 1 1 1 1 1 1 1 1 1 1 1 1 1 1 1 1 1 1 1 1 1 1 1 1 1 1 1 1 1 1 1 1 1 1 1 1 1 1 1 1 1 1 1 1 1 1 1 1 1 1 1 1 1 1 1 1 1 1 1 1 1 1 1 1 1 1 1 1 1 1 1 1 1 1 1 1 1 1 1 1 1 1 1 1 1 1 1 1 1 1 1 1 1 1 1 1 1 1 1 1 1 1 1 1 1 1 1 1 1 1 1 1 1 1 1 1 1 1 1 1 1 1 1 1 1 1 1 1 1 1 1 1 1 1 1 1 100 1 100 1 100 1 100 1 100 1 100 1 100 1 1 16 15 10 12 16 15 16 16 1 15 10 12 16 16 15 10 12 16 15 10 100 12 1 1 1 1 1 1 1 1 1 1 1 1 1 1 1 1 1 1 1 1 1 1 1 1
staticfield java/lang/invoke/MethodHandleImpl ARRAYS [Ljava/lang/invoke/MethodHandle; 256 [Ljava/lang/invoke/MethodHandle;
staticfield java/lang/invoke/MethodHandleImpl NFS [Ljava/lang/invoke/LambdaForm$NamedFunction; 7 [Ljava/lang/invoke/LambdaForm$NamedFunction;
staticfield java/lang/invoke/MethodHandleImpl HANDLES [Ljava/lang/invoke/MethodHandle; 9 [Ljava/lang/invoke/MethodHandle;
staticfield java/lang/invoke/MethodHandleImpl $assertionsDisabled Z 1
ciInstanceKlass java/lang/invoke/MethodHandleStatics 1 1 320 10 7 12 1 1 1 9 7 12 1 1 1 9 12 1 1 10 7 12 1 1 1 9 12 1 9 12 1 9 12 1 9 12 1 9 7 12 1 1 1 7 1 10 8 1 10 12 1 1 10 7 12 1 1 1 8 1 10 7 12 1 1 1 10 12 1 1 8 1 8 1 10 12 1 10 100 12 1 1 1 10 7 12 1 1 8 1 10 12 1 1 8 1 8 1 8 1 8 1 10 12 1 1 7 1 10 12 10 12 1 10 12 1 100 1 10 10 12 1 1 100 1 10 10 12 1 7 1 7 1 8 1 8 1 10 12 1 8 1 10 7 12 1 1 1 9 12 1 1 10 7 12 1 1 1 10 12 1 1 9 12 1 1 10 7 12 1 1 1 8 1 10 7 12 1 1 10 7 12 1 1 1 8 1 8 1 8 1 8 1 8 1 10 12 1 10 7 12 1 1 1 9 12 1 8 1 8 1 8 1 8 1 9 12 1 8 1 9 12 1 8 1 8 1 9 12 1 8 1 8 1 9 12 1 8 1 9 12 1 8 1 9 12 1 8 1 8 1 9 12 1 8 1 8 1 10 12 1 1 8 1 10 12 1 1 1 1 1 1 1 1 1 1 1 1 1 1 1 1 1 1 1 1 1 1 1 7 1 7 1 7 1 1 1 1 1 1 1 1 1 1 1 1 1 1 1 1 1 1 1 1 1 1 1 1 1 1 1 1
staticfield java/lang/invoke/MethodHandleStatics UNSAFE Ljdk/internal/misc/Unsafe; jdk/internal/misc/Unsafe
staticfield java/lang/invoke/MethodHandleStatics CLASSFILE_VERSION I 65
staticfield java/lang/invoke/MethodHandleStatics DEBUG_METHOD_HANDLE_NAMES Z 0
staticfield java/lang/invoke/MethodHandleStatics TRACE_INTERPRETER Z 0
staticfield java/lang/invoke/MethodHandleStatics TRACE_METHOD_LINKAGE Z 0
staticfield java/lang/invoke/MethodHandleStatics TRACE_RESOLVE Z 0
staticfield java/lang/invoke/MethodHandleStatics COMPILE_THRESHOLD I 0
staticfield java/lang/invoke/MethodHandleStatics LOG_LF_COMPILATION_FAILURE Z 0
staticfield java/lang/invoke/MethodHandleStatics DONT_INLINE_THRESHOLD I 30
staticfield java/lang/invoke/MethodHandleStatics PROFILE_LEVEL I 0
staticfield java/lang/invoke/MethodHandleStatics PROFILE_GWT Z 1
staticfield java/lang/invoke/MethodHandleStatics CUSTOMIZE_THRESHOLD I 127
staticfield java/lang/invoke/MethodHandleStatics VAR_HANDLE_GUARDS Z 1
staticfield java/lang/invoke/MethodHandleStatics MAX_ARITY I 255
staticfield java/lang/invoke/MethodHandleStatics VAR_HANDLE_IDENTITY_ADAPT Z 0
staticfield java/lang/invoke/MethodHandleStatics DUMP_CLASS_FILES Ljdk/internal/util/ClassFileDumper; jdk/internal/util/ClassFileDumper
ciInstanceKlass java/lang/invoke/LambdaForm$BasicType 1 1 261 7 1 9 12 1 1 9 12 1 9 12 1 9 12 1 9 12 1 9 12 1 9 12 1 1 10 7 12 1 1 10 7 12 1 1 1 10 12 1 1 9 12 1 1 9 12 1 1 9 12 1 1 10 7 12 1 1 1 9 12 1 7 1 10 12 1 8 1 10 12 1 1 10 12 1 8 1 10 12 1 1 10 100 12 1 1 1 10 12 1 1 10 12 1 1 10 12 1 10 12 1 8 1 10 7 12 1 1 1 8 1 9 12 1 1 9 12 1 1 9 12 1 100 1 10 9 12 1 10 7 12 1 1 1 11 7 12 1 1 1 7 1 10 7 12 1 1 1 8 7 1 9 12 1 10 12 1 8 9 7 12 1 1 9 12 1 8 9 7 1 9 12 1 8 9 7 1 9 12 1 8 9 7 1 9 12 1 8 9 7 1 9 12 1 10 12 1 1 10 12 1 10 12 1 1 10 12 1 1 1 1 1 1 1 1 1 1 1 1 1 1 1 1 1 1 1 1 1 1 1 1 1 1 1 1 1 1 1 1 1 1 100 1 1 1 1 1 1 1 1 1 1 1 1 1 1 1 1 1 1
staticfield java/lang/invoke/LambdaForm$BasicType L_TYPE Ljava/lang/invoke/LambdaForm$BasicType; java/lang/invoke/LambdaForm$BasicType
staticfield java/lang/invoke/LambdaForm$BasicType I_TYPE Ljava/lang/invoke/LambdaForm$BasicType; java/lang/invoke/LambdaForm$BasicType
staticfield java/lang/invoke/LambdaForm$BasicType J_TYPE Ljava/lang/invoke/LambdaForm$BasicType; java/lang/invoke/LambdaForm$BasicType
staticfield java/lang/invoke/LambdaForm$BasicType F_TYPE Ljava/lang/invoke/LambdaForm$BasicType; java/lang/invoke/LambdaForm$BasicType
staticfield java/lang/invoke/LambdaForm$BasicType D_TYPE Ljava/lang/invoke/LambdaForm$BasicType; java/lang/invoke/LambdaForm$BasicType
staticfield java/lang/invoke/LambdaForm$BasicType V_TYPE Ljava/lang/invoke/LambdaForm$BasicType; java/lang/invoke/LambdaForm$BasicType
staticfield java/lang/invoke/LambdaForm$BasicType ALL_TYPES [Ljava/lang/invoke/LambdaForm$BasicType; 6 [Ljava/lang/invoke/LambdaForm$BasicType;
staticfield java/lang/invoke/LambdaForm$BasicType ARG_TYPES [Ljava/lang/invoke/LambdaForm$BasicType; 5 [Ljava/lang/invoke/LambdaForm$BasicType;
staticfield java/lang/invoke/LambdaForm$BasicType ARG_TYPE_LIMIT I 5
staticfield java/lang/invoke/LambdaForm$BasicType TYPE_LIMIT I 6
staticfield java/lang/invoke/LambdaForm$BasicType $VALUES [Ljava/lang/invoke/LambdaForm$BasicType; 6 [Ljava/lang/invoke/LambdaForm$BasicType;
staticfield java/lang/invoke/LambdaForm$BasicType $assertionsDisabled Z 1
ciInstanceKlass java/lang/Void 1 1 31 10 7 12 1 1 1 8 1 10 7 12 1 1 1 9 7 12 1 1 1 1 1 1 1 1 1 1 1 1 1
staticfield java/lang/Void TYPE Ljava/lang/Class; java/lang/Class
ciInstanceKlass java/lang/invoke/LambdaForm 1 1 1059 7 1 100 1 10 7 12 1 1 1 9 12 1 1 9 12 1 9 12 1 9 12 1 1 9 12 1 1 9 12 1 1 9 12 1 1 9 12 1 1 9 12 1 10 7 12 1 1 9 12 1 10 12 1 1 100 1 10 10 12 1 1 10 12 1 10 12 1 10 12 1 1 10 12 1 9 12 1 9 12 1 10 12 1 1 10 7 12 1 1 1 10 12 1 1 9 100 12 1 1 1 10 12 1 1 9 7 12 1 1 10 12 1 10 12 1 1 10 12 1 1 10 12 1 1 7 1 10 7 12 1 1 1 10 12 1 1 10 12 1 10 12 1 1 9 12 1 1 9 12 1 9 12 1 1 10 12 1 9 12 1 10 100 12 1 1 1 10 12 1 1 7 1 10 12 1 9 12 1 1 10 7 12 1 1 1 10 12 1 10 12 1 7 1 10 12 1 10 12 1 10 12 1 1 10 12 1 1 10 12 1 10 12 1 10 12 1 10 12 1 1 8 1 10 12 1 10 12 1 10 10 12 1 8 1 8 1 9 12 1 9 12 1 1 10 12 1 1 10 12 1 9 12 1 10 12 1 1 10 7 12 1 1 1 10 12 1 1 10 12 1 10 12 1 10 100 12 1 1 1 9 12 1 10 12 1 8 1 8 1 8 1 8 1 8 1 8 1 8 1 8 1 10 12 1 9 12 1 7 1 10 12 1 1 9 12 1 10 12 1 10 12 1 1 10 12 10 12 1 10 12 1 1 10 12 1 1 10 10 12 1 1 10 12 1 1 7 1 8 1 10 12 1 1 10 12 1 10 12 1 1 10 8 1 10 12 1 1 8 1 8 1 8 1 10 12 1 10 12 1 10 12 1 1 100 1 10 12 1 1 10 12 1 1 10 7 12 1 1 1 10 12 1 1 9 12 1 1 8 1 10 100 12 1 1 1 10 7 12 1 1 10 12 10 12 1 1 10 12 1 1 9 12 1 8 10 12 1 1 100 1 10 12 1 1 10 12 1 9 7 12 1 1 9 7 12 1 1 1 8 1 10 100 12 1 1 10 12 1 1 7 1 7 1 10 10 12 1 1 10 12 1 1 8 1 8 1 7 1 8 1 10 12 10 12 1 10 12 1 10 12 1 1 8 1 8 1 10 12 1 10 12 1 1 8 1 8 1 8 1 7 1 8 1 7 1 8 1 7 1 8 1 10 12 1 8 1 9 10 7 12 1 1 1 10 12 1 9 12 1 1 10 12 1 10 10 12 1 10 12 1 10 12 1 10 12 1 1 10 12 1 10 12 1 1 10 12 1 1 10 12 1 1 10 12 1 1 8 1 100 10 12 1 10 12 1 9 12 1 1 10 7 12 1 1 8 1 8 1 7 1 8 1 8 1 8 1 8 1 8 1 8 1 8 1 8 1 10 12 1 1 10 12 1 1 10 12 1 10 12 1 10 12 1 10 12 1 8 1 8 1 8 1 10 12 1 8 1 10 12 1 8 1 8 1 8 1 8 1 8 1 10 12 1 10 12 1 10 12 1 1 10 7 12 1 1 1 10 12 1 10 12 1 10 12 1 10 12 1 10 12 1 10 12 1 10 12 1 9 12 1 1 8 1 10 12 1 1 9 12 1 1 10 12 1 1 9 12 1 9 12 1 1 9 12 1 9 12 1 1 7 1 10 7 12 1 1 1 9 12 1 10 12 1 10 12 1 8 1 10 12 1 9 12 1 1 7 1 10 7 12 1 1 1 8 1 100 1 10 12 1 9 12 1 9 12 1 10 12 1 10 12 1 10 7 12 1 1 1 10 12 1 9 7 12 1 1 10 12 1 1 10 12 1 10 12 1 10 12 1 9 12 10 12 1 10 10 12 1 9 12 1 9 9 12 1 7 9 12 1 1 10 12 1 1 9 12 1 10 12 1 10 7 1 9 1 1 1 1 3 1 3 1 1 3 1 3 1 1 1 1 1 1 1 1 1 1 1 1 1 1 1 1 1 1 1 1 1 1 1 1 1 1 1 1 1 1 1 1 1 1 1 1 1 1 1 1 1 1 1 1 1 1 1 1 1 1 1 100 1 1 1 1 1 1 1 1 1 1 1 1 1 1 1 1 1 1 1 1 1 1 1 1 1 1 1 1 1 1 1 1 1 1 1 1 1 1 1 1 1 1 1 1 1 1 1 1 1 1 1 1 1 1 1 1 1 1 1 1 1 1 100 1 1 1 1 1 1 1 1 1 1 1 1 1 1 1 1 1 1 1 1 1 1 1 1 1 1 1 1 1 1 1 1 1 1 7 1 1 1 1 1 1 1 1 1 1 1 1 1 1 1 1 1 1 1 1 1 1 100 1 1 1 100 1 1 7 1 1 1 1 1 1 1 1 1 1 1
staticfield java/lang/invoke/LambdaForm DEFAULT_CUSTOMIZED Ljava/lang/invoke/MethodHandle; 
staticfield java/lang/invoke/LambdaForm DEFAULT_KIND Ljava/lang/invoke/LambdaForm$Kind; java/lang/invoke/LambdaForm$Kind
staticfield java/lang/invoke/LambdaForm COMPILE_THRESHOLD I 0
staticfield java/lang/invoke/LambdaForm INTERNED_ARGUMENTS [[Ljava/lang/invoke/LambdaForm$Name; 5 [[Ljava/lang/invoke/LambdaForm$Name;
staticfield java/lang/invoke/LambdaForm IMPL_NAMES Ljava/lang/invoke/MemberName$Factory; java/lang/invoke/MemberName$Factory
staticfield java/lang/invoke/LambdaForm LF_identity [Ljava/lang/invoke/LambdaForm; 6 [Ljava/lang/invoke/LambdaForm;
staticfield java/lang/invoke/LambdaForm LF_zero [Ljava/lang/invoke/LambdaForm; 6 [Ljava/lang/invoke/LambdaForm;
staticfield java/lang/invoke/LambdaForm NF_identity [Ljava/lang/invoke/LambdaForm$NamedFunction; 6 [Ljava/lang/invoke/LambdaForm$NamedFunction;
staticfield java/lang/invoke/LambdaForm NF_zero [Ljava/lang/invoke/LambdaForm$NamedFunction; 6 [Ljava/lang/invoke/LambdaForm$NamedFunction;
staticfield java/lang/invoke/LambdaForm createFormsLock Ljava/lang/Object; java/lang/Object
staticfield java/lang/invoke/LambdaForm DEBUG_NAME_COUNTERS Ljava/util/HashMap; 
staticfield java/lang/invoke/LambdaForm DEBUG_NAMES Ljava/util/HashMap; 
staticfield java/lang/invoke/LambdaForm TRACE_INTERPRETER Z 0
staticfield java/lang/invoke/LambdaForm $assertionsDisabled Z 1
ciMethod java/lang/invoke/LambdaForm toString ()Ljava/lang/String; 0 0 1 0 -1
ciMethod java/lang/invoke/LambdaForm returnType ()Ljava/lang/invoke/LambdaForm$BasicType; 512 0 1104 0 -1
ciMethod java/lang/invoke/LambdaForm parameterType (I)Ljava/lang/invoke/LambdaForm$BasicType; 512 0 2723 0 -1
ciMethod java/lang/invoke/LambdaForm parameter (I)Ljava/lang/invoke/LambdaForm$Name; 516 0 3036 0 -1
ciMethod java/lang/invoke/LambdaForm methodType ()Ljava/lang/invoke/MethodType; 164 560 622 0 -1
ciMethod java/lang/invoke/LambdaForm compileToBytecode ()V 164 0 625 0 0
ciMethod java/lang/invoke/LambdaForm uncustomize ()Ljava/lang/invoke/LambdaForm; 610 0 5441 0 112
ciMethod java/lang/invoke/LambdaForm prepare ()V 514 0 6411 0 176
ciMethod java/lang/invoke/LambdaForm arity ()I 256 0 128 0 -1
ciInstanceKlass java/lang/invoke/MethodTypeForm 1 1 275 9 7 12 1 1 1 9 12 1 9 12 1 1 10 7 12 1 1 1 7 1 10 12 1 1 9 12 1 7 1 10 7 12 1 1 10 7 12 1 1 1 10 7 12 1 1 1 10 12 1 1 10 12 1 9 7 12 1 1 1 10 7 12 1 1 10 12 1 1 8 1 10 100 12 1 1 1 9 12 1 1 9 12 1 10 12 1 1 10 12 1 1 9 12 1 1 100 1 10 10 12 1 1 10 12 1 1 10 12 1 10 12 1 1 10 12 1 10 7 12 1 1 10 12 1 1 10 12 1 9 7 1 7 1 10 8 1 10 12 1 1 10 12 1 10 12 1 1 10 12 1 1 1 1 1 1 3 1 3 1 3 1 3 1 1 1 1 1 1 3 1 3 1 3 1 3 1 3 1 3 1 3 1 3 1 3 1 3 1 3 1 3 1 3 1 3 1 3 1 3 1 3 1 3 1 3 1 3 1 3 1 3 1 3 1 1 1 1 1 1 1 1 1 1 1 1 1 1 1 1 1 1 1 1 1 1 1 1 1 1 1 1 1 1 1 1 1 1 1 1 1 1 1 1 1 1 1 1 1 1 1 1 1 1 1 1 1 1 1 1 1 1 1 1
staticfield java/lang/invoke/MethodTypeForm $assertionsDisabled Z 1
ciInstanceKlass java/lang/invoke/LambdaForm$Name 1 1 355 7 1 10 7 12 1 1 1 9 7 12 1 1 1 9 12 1 1 9 12 1 1 9 12 1 1 9 12 1 1 9 12 1 1 10 12 1 1 100 1 10 10 12 1 1 100 1 7 1 7 1 10 12 1 10 12 1 10 12 1 9 100 12 1 1 10 12 1 10 12 1 1 9 12 1 10 12 1 7 10 7 12 1 1 1 10 12 1 9 12 1 1 10 12 1 1 10 12 1 1 10 12 1 1 10 12 1 1 10 12 1 10 12 1 1 10 12 1 10 12 1 1 10 7 12 1 1 1 7 1 8 1 10 12 1 10 12 1 10 12 1 1 10 12 1 1 8 1 10 7 12 1 1 1 7 1 10 8 1 8 1 10 12 1 1 10 7 12 1 1 1 10 12 1 8 1 10 12 1 1 10 12 1 10 12 1 10 12 1 8 1 10 12 1 10 10 12 1 8 1 10 12 1 10 10 12 1 8 1 8 1 8 1 7 1 8 1 10 12 1 1 8 1 8 1 8 1 10 12 1 10 12 1 10 12 1 1 10 12 1 8 1 8 1 8 1 8 1 10 12 1 7 1 7 1 7 1 10 12 1 1 10 12 1 10 12 1 10 12 1 10 12 1 10 12 1 1 1 1 1 1 1 1 1 1 1 1 1 1 1 1 7 1 1 1 1 1 1 1 1 1 1 1 1 1 1 1 1 1 1 1 1 1 1 1 1 1 1 1 1 1 1 1 1 1 1 1 1 1 1 1 1 1 1 1 1 1 1 1 1 1 1 1 1 1 1 1 1 1 1 1 100 1 1
staticfield java/lang/invoke/LambdaForm$Name EMPTY_ARGS [Ljava/lang/Object; 0 [Ljava/lang/Object;
staticfield java/lang/invoke/LambdaForm$Name $assertionsDisabled Z 1
ciInstanceKlass java/lang/invoke/LambdaForm$NamedFunction 1 1 311 10 7 12 1 1 1 10 7 12 1 1 1 10 7 12 1 1 9 12 1 1 9 12 1 1 9 12 1 1 10 7 12 1 1 1 100 1 10 12 1 10 12 1 1 10 12 1 1 10 7 12 1 1 1 10 12 1 1 10 12 1 1 10 10 7 12 1 1 1 8 1 10 12 1 1 10 7 12 1 1 1 10 12 1 10 12 1 10 12 1 10 7 12 1 1 1 10 12 10 12 1 10 10 100 1 10 12 1 1 10 12 1 1 10 100 12 1 1 1 10 12 1 9 12 1 1 10 10 12 1 10 100 12 1 1 1 10 12 1 1 9 7 12 1 1 10 12 1 1 10 12 1 10 12 10 12 1 8 1 10 12 1 1 8 1 10 12 1 7 1 8 1 8 1 10 12 1 10 12 1 1 9 12 10 12 1 1 10 12 1 10 12 1 1 10 12 1 10 7 12 1 1 10 12 1 1 10 12 1 10 12 1 1 7 1 10 10 7 12 1 1 10 12 1 1 8 1 10 12 1 10 12 1 10 12 1 1 10 10 12 1 10 12 1 1 9 7 12 1 1 1 10 12 1 1 10 12 1 7 1 10 12 1 1 1 1 1 1 1 1 1 1 1 1 1 1 1 1 1 1 1 1 1 1 1 1 1 1 1 1 1 1 1 1 1 1 1 1 1 1 1 1 1 1 1 1 1 100 1 1
staticfield java/lang/invoke/LambdaForm$NamedFunction INVOKER_METHOD_TYPE Ljava/lang/invoke/MethodType; java/lang/invoke/MethodType
staticfield java/lang/invoke/LambdaForm$NamedFunction $assertionsDisabled Z 1
ciInstanceKlass java/lang/invoke/LambdaForm$Kind 1 1 495 7 1 9 12 1 1 9 12 1 9 12 1 9 12 1 9 12 1 9 12 1 9 12 1 9 12 1 9 12 1 9 12 1 9 12 1 9 12 1 9 12 1 9 12 1 9 12 1 9 12 1 9 12 1 9 12 1 9 12 1 9 12 1 9 12 1 9 12 1 9 12 1 9 12 1 9 12 1 9 12 1 9 12 1 9 12 1 9 12 1 9 12 1 9 12 1 9 12 1 9 12 1 9 12 1 9 12 1 9 12 1 9 12 1 9 12 1 9 12 1 9 12 1 9 12 1 9 12 1 9 12 1 9 12 1 9 12 1 9 12 1 9 12 1 9 12 1 9 12 1 9 12 1 9 12 1 9 12 1 9 12 1 9 12 1 9 12 1 9 12 1 9 12 1 9 12 1 9 12 1 9 12 1 9 12 1 9 12 1 9 12 1 9 12 1 9 12 1 9 12 1 9 12 1 9 12 1 9 12 1 1 10 7 12 1 1 10 7 12 1 1 1 10 12 1 1 10 12 1 9 12 1 1 9 12 1 8 8 1 10 12 1 8 8 1 8 8 1 8 8 1 8 1 8 8 1 8 8 1 8 1 8 8 1 8 1 8 8 1 8 1 8 8 1 8 1 8 8 1 8 1 8 8 1 8 8 1 8 8 1 8 1 8 8 1 8 1 8 8 1 8 1 8 8 1 8 1 8 8 1 8 1 8 8 1 8 1 8 8 1 8 1 8 8 1 8 8 1 8 8 1 8 8 1 8 8 1 8 8 1 8 8 1 8 8 1 8 8 1 8 8 1 8 8 1 8 8 1 8 8 1 8 8 1 8 8 1 8 8 1 8 8 1 8 8 1 8 8 1 8 8 1 8 8 1 8 8 1 8 8 1 8 8 1 8 8 1 8 8 1 8 8 1 8 8 1 8 8 1 8 8 1 8 8 1 8 8 1 8 8 1 8 8 1 8 8 1 8 8 1 8 8 1 8 8 1 8 8 1 8 8 1 8 8 1 8 8 1 8 8 1 8 8 1 8 8 1 8 8 1 8 8 1 8 8 1 8 8 1 10 12 1 1 1 1 1 1 1 1 1 1 1 1 1 1 1 1 1 1 1 7 1 1 1
staticfield java/lang/invoke/LambdaForm$Kind GENERIC Ljava/lang/invoke/LambdaForm$Kind; java/lang/invoke/LambdaForm$Kind
staticfield java/lang/invoke/LambdaForm$Kind ZERO Ljava/lang/invoke/LambdaForm$Kind; java/lang/invoke/LambdaForm$Kind
staticfield java/lang/invoke/LambdaForm$Kind IDENTITY Ljava/lang/invoke/LambdaForm$Kind; java/lang/invoke/LambdaForm$Kind
staticfield java/lang/invoke/LambdaForm$Kind BOUND_REINVOKER Ljava/lang/invoke/LambdaForm$Kind; java/lang/invoke/LambdaForm$Kind
staticfield java/lang/invoke/LambdaForm$Kind REINVOKER Ljava/lang/invoke/LambdaForm$Kind; java/lang/invoke/LambdaForm$Kind
staticfield java/lang/invoke/LambdaForm$Kind DELEGATE Ljava/lang/invoke/LambdaForm$Kind; java/lang/invoke/LambdaForm$Kind
staticfield java/lang/invoke/LambdaForm$Kind EXACT_LINKER Ljava/lang/invoke/LambdaForm$Kind; java/lang/invoke/LambdaForm$Kind
staticfield java/lang/invoke/LambdaForm$Kind EXACT_INVOKER Ljava/lang/invoke/LambdaForm$Kind; java/lang/invoke/LambdaForm$Kind
staticfield java/lang/invoke/LambdaForm$Kind GENERIC_LINKER Ljava/lang/invoke/LambdaForm$Kind; java/lang/invoke/LambdaForm$Kind
staticfield java/lang/invoke/LambdaForm$Kind GENERIC_INVOKER Ljava/lang/invoke/LambdaForm$Kind; java/lang/invoke/LambdaForm$Kind
staticfield java/lang/invoke/LambdaForm$Kind LINK_TO_TARGET_METHOD Ljava/lang/invoke/LambdaForm$Kind; java/lang/invoke/LambdaForm$Kind
staticfield java/lang/invoke/LambdaForm$Kind LINK_TO_CALL_SITE Ljava/lang/invoke/LambdaForm$Kind; java/lang/invoke/LambdaForm$Kind
staticfield java/lang/invoke/LambdaForm$Kind DIRECT_INVOKE_VIRTUAL Ljava/lang/invoke/LambdaForm$Kind; java/lang/invoke/LambdaForm$Kind
staticfield java/lang/invoke/LambdaForm$Kind DIRECT_INVOKE_SPECIAL Ljava/lang/invoke/LambdaForm$Kind; java/lang/invoke/LambdaForm$Kind
staticfield java/lang/invoke/LambdaForm$Kind DIRECT_INVOKE_SPECIAL_IFC Ljava/lang/invoke/LambdaForm$Kind; java/lang/invoke/LambdaForm$Kind
staticfield java/lang/invoke/LambdaForm$Kind DIRECT_INVOKE_STATIC Ljava/lang/invoke/LambdaForm$Kind; java/lang/invoke/LambdaForm$Kind
staticfield java/lang/invoke/LambdaForm$Kind DIRECT_NEW_INVOKE_SPECIAL Ljava/lang/invoke/LambdaForm$Kind; java/lang/invoke/LambdaForm$Kind
staticfield java/lang/invoke/LambdaForm$Kind DIRECT_INVOKE_INTERFACE Ljava/lang/invoke/LambdaForm$Kind; java/lang/invoke/LambdaForm$Kind
staticfield java/lang/invoke/LambdaForm$Kind DIRECT_INVOKE_STATIC_INIT Ljava/lang/invoke/LambdaForm$Kind; java/lang/invoke/LambdaForm$Kind
staticfield java/lang/invoke/LambdaForm$Kind GET_REFERENCE Ljava/lang/invoke/LambdaForm$Kind; java/lang/invoke/LambdaForm$Kind
staticfield java/lang/invoke/LambdaForm$Kind PUT_REFERENCE Ljava/lang/invoke/LambdaForm$Kind; java/lang/invoke/LambdaForm$Kind
staticfield java/lang/invoke/LambdaForm$Kind GET_REFERENCE_VOLATILE Ljava/lang/invoke/LambdaForm$Kind; java/lang/invoke/LambdaForm$Kind
staticfield java/lang/invoke/LambdaForm$Kind PUT_REFERENCE_VOLATILE Ljava/lang/invoke/LambdaForm$Kind; java/lang/invoke/LambdaForm$Kind
staticfield java/lang/invoke/LambdaForm$Kind GET_INT Ljava/lang/invoke/LambdaForm$Kind; java/lang/invoke/LambdaForm$Kind
staticfield java/lang/invoke/LambdaForm$Kind PUT_INT Ljava/lang/invoke/LambdaForm$Kind; java/lang/invoke/LambdaForm$Kind
staticfield java/lang/invoke/LambdaForm$Kind GET_INT_VOLATILE Ljava/lang/invoke/LambdaForm$Kind; java/lang/invoke/LambdaForm$Kind
staticfield java/lang/invoke/LambdaForm$Kind PUT_INT_VOLATILE Ljava/lang/invoke/LambdaForm$Kind; java/lang/invoke/LambdaForm$Kind
staticfield java/lang/invoke/LambdaForm$Kind GET_BOOLEAN Ljava/lang/invoke/LambdaForm$Kind; java/lang/invoke/LambdaForm$Kind
staticfield java/lang/invoke/LambdaForm$Kind PUT_BOOLEAN Ljava/lang/invoke/LambdaForm$Kind; java/lang/invoke/LambdaForm$Kind
staticfield java/lang/invoke/LambdaForm$Kind GET_BOOLEAN_VOLATILE Ljava/lang/invoke/LambdaForm$Kind; java/lang/invoke/LambdaForm$Kind
staticfield java/lang/invoke/LambdaForm$Kind PUT_BOOLEAN_VOLATILE Ljava/lang/invoke/LambdaForm$Kind; java/lang/invoke/LambdaForm$Kind
staticfield java/lang/invoke/LambdaForm$Kind GET_BYTE Ljava/lang/invoke/LambdaForm$Kind; java/lang/invoke/LambdaForm$Kind
staticfield java/lang/invoke/LambdaForm$Kind PUT_BYTE Ljava/lang/invoke/LambdaForm$Kind; java/lang/invoke/LambdaForm$Kind
staticfield java/lang/invoke/LambdaForm$Kind GET_BYTE_VOLATILE Ljava/lang/invoke/LambdaForm$Kind; java/lang/invoke/LambdaForm$Kind
staticfield java/lang/invoke/LambdaForm$Kind PUT_BYTE_VOLATILE Ljava/lang/invoke/LambdaForm$Kind; java/lang/invoke/LambdaForm$Kind
staticfield java/lang/invoke/LambdaForm$Kind GET_CHAR Ljava/lang/invoke/LambdaForm$Kind; java/lang/invoke/LambdaForm$Kind
staticfield java/lang/invoke/LambdaForm$Kind PUT_CHAR Ljava/lang/invoke/LambdaForm$Kind; java/lang/invoke/LambdaForm$Kind
staticfield java/lang/invoke/LambdaForm$Kind GET_CHAR_VOLATILE Ljava/lang/invoke/LambdaForm$Kind; java/lang/invoke/LambdaForm$Kind
staticfield java/lang/invoke/LambdaForm$Kind PUT_CHAR_VOLATILE Ljava/lang/invoke/LambdaForm$Kind; java/lang/invoke/LambdaForm$Kind
staticfield java/lang/invoke/LambdaForm$Kind GET_SHORT Ljava/lang/invoke/LambdaForm$Kind; java/lang/invoke/LambdaForm$Kind
staticfield java/lang/invoke/LambdaForm$Kind PUT_SHORT Ljava/lang/invoke/LambdaForm$Kind; java/lang/invoke/LambdaForm$Kind
staticfield java/lang/invoke/LambdaForm$Kind GET_SHORT_VOLATILE Ljava/lang/invoke/LambdaForm$Kind; java/lang/invoke/LambdaForm$Kind
staticfield java/lang/invoke/LambdaForm$Kind PUT_SHORT_VOLATILE Ljava/lang/invoke/LambdaForm$Kind; java/lang/invoke/LambdaForm$Kind
staticfield java/lang/invoke/LambdaForm$Kind GET_LONG Ljava/lang/invoke/LambdaForm$Kind; java/lang/invoke/LambdaForm$Kind
staticfield java/lang/invoke/LambdaForm$Kind PUT_LONG Ljava/lang/invoke/LambdaForm$Kind; java/lang/invoke/LambdaForm$Kind
staticfield java/lang/invoke/LambdaForm$Kind GET_LONG_VOLATILE Ljava/lang/invoke/LambdaForm$Kind; java/lang/invoke/LambdaForm$Kind
staticfield java/lang/invoke/LambdaForm$Kind PUT_LONG_VOLATILE Ljava/lang/invoke/LambdaForm$Kind; java/lang/invoke/LambdaForm$Kind
staticfield java/lang/invoke/LambdaForm$Kind GET_FLOAT Ljava/lang/invoke/LambdaForm$Kind; java/lang/invoke/LambdaForm$Kind
staticfield java/lang/invoke/LambdaForm$Kind PUT_FLOAT Ljava/lang/invoke/LambdaForm$Kind; java/lang/invoke/LambdaForm$Kind
staticfield java/lang/invoke/LambdaForm$Kind GET_FLOAT_VOLATILE Ljava/lang/invoke/LambdaForm$Kind; java/lang/invoke/LambdaForm$Kind
staticfield java/lang/invoke/LambdaForm$Kind PUT_FLOAT_VOLATILE Ljava/lang/invoke/LambdaForm$Kind; java/lang/invoke/LambdaForm$Kind
staticfield java/lang/invoke/LambdaForm$Kind GET_DOUBLE Ljava/lang/invoke/LambdaForm$Kind; java/lang/invoke/LambdaForm$Kind
staticfield java/lang/invoke/LambdaForm$Kind PUT_DOUBLE Ljava/lang/invoke/LambdaForm$Kind; java/lang/invoke/LambdaForm$Kind
staticfield java/lang/invoke/LambdaForm$Kind GET_DOUBLE_VOLATILE Ljava/lang/invoke/LambdaForm$Kind; java/lang/invoke/LambdaForm$Kind
staticfield java/lang/invoke/LambdaForm$Kind PUT_DOUBLE_VOLATILE Ljava/lang/invoke/LambdaForm$Kind; java/lang/invoke/LambdaForm$Kind
staticfield java/lang/invoke/LambdaForm$Kind TRY_FINALLY Ljava/lang/invoke/LambdaForm$Kind; java/lang/invoke/LambdaForm$Kind
staticfield java/lang/invoke/LambdaForm$Kind TABLE_SWITCH Ljava/lang/invoke/LambdaForm$Kind; java/lang/invoke/LambdaForm$Kind
staticfield java/lang/invoke/LambdaForm$Kind COLLECT Ljava/lang/invoke/LambdaForm$Kind; java/lang/invoke/LambdaForm$Kind
staticfield java/lang/invoke/LambdaForm$Kind COLLECTOR Ljava/lang/invoke/LambdaForm$Kind; java/lang/invoke/LambdaForm$Kind
staticfield java/lang/invoke/LambdaForm$Kind CONVERT Ljava/lang/invoke/LambdaForm$Kind; java/lang/invoke/LambdaForm$Kind
staticfield java/lang/invoke/LambdaForm$Kind SPREAD Ljava/lang/invoke/LambdaForm$Kind; java/lang/invoke/LambdaForm$Kind
staticfield java/lang/invoke/LambdaForm$Kind LOOP Ljava/lang/invoke/LambdaForm$Kind; java/lang/invoke/LambdaForm$Kind
staticfield java/lang/invoke/LambdaForm$Kind FIELD Ljava/lang/invoke/LambdaForm$Kind; java/lang/invoke/LambdaForm$Kind
staticfield java/lang/invoke/LambdaForm$Kind GUARD Ljava/lang/invoke/LambdaForm$Kind; java/lang/invoke/LambdaForm$Kind
staticfield java/lang/invoke/LambdaForm$Kind GUARD_WITH_CATCH Ljava/lang/invoke/LambdaForm$Kind; java/lang/invoke/LambdaForm$Kind
staticfield java/lang/invoke/LambdaForm$Kind VARHANDLE_EXACT_INVOKER Ljava/lang/invoke/LambdaForm$Kind; java/lang/invoke/LambdaForm$Kind
staticfield java/lang/invoke/LambdaForm$Kind VARHANDLE_INVOKER Ljava/lang/invoke/LambdaForm$Kind; java/lang/invoke/LambdaForm$Kind
staticfield java/lang/invoke/LambdaForm$Kind VARHANDLE_LINKER Ljava/lang/invoke/LambdaForm$Kind; java/lang/invoke/LambdaForm$Kind
staticfield java/lang/invoke/LambdaForm$Kind $VALUES [Ljava/lang/invoke/LambdaForm$Kind; 68 [Ljava/lang/invoke/LambdaForm$Kind;
ciInstanceKlass java/lang/invoke/MethodHandles 1 1 1711 10 7 12 1 1 1 10 7 12 1 1 1 100 1 8 1 10 12 1 7 1 10 12 1 10 7 12 1 1 1 7 1 10 8 1 10 12 1 1 10 12 1 10 12 1 1 10 7 12 1 1 1 9 12 1 1 9 12 1 1 10 7 12 1 1 1 9 100 12 1 1 1 10 7 12 1 1 1 10 12 1 1 7 1 8 1 10 10 12 1 8 1 10 12 1 1 7 1 8 1 10 9 7 12 1 1 1 10 12 1 100 1 10 10 12 1 10 12 1 1 10 7 12 1 1 1 8 1 10 12 1 10 12 1 10 7 12 1 1 8 1 10 12 1 10 12 1 1 8 1 8 1 10 12 1 1 10 7 12 1 1 1 100 1 8 1 10 12 1 1 8 1 8 1 10 12 1 1 10 100 12 1 1 1 7 1 7 1 7 1 7 1 10 12 1 9 12 1 1 10 7 12 1 1 10 7 12 1 1 1 11 7 1 7 1 10 12 1 11 12 1 1 9 12 1 10 12 1 1 11 100 12 1 1 1 8 1 10 12 1 10 12 1 1 7 1 10 12 1 1 10 12 1 10 7 12 1 1 1 10 12 1 1 10 7 12 1 1 1 10 12 1 1 9 7 12 1 1 1 10 12 1 1 9 12 1 9 12 1 10 7 12 1 1 1 9 7 12 1 1 1 10 12 1 1 10 12 1 10 12 1 8 1 10 7 12 1 1 1 10 12 1 100 1 10 12 1 1 10 12 1 1 10 7 12 1 1 10 12 1 1 10 12 1 10 12 1 1 10 12 1 10 12 1 10 12 1 1 10 12 1 1 10 12 1 10 12 1 1 100 1 8 1 10 10 7 12 1 1 1 10 12 1 1 10 12 1 1 9 7 12 1 1 1 10 12 1 1 10 7 12 1 1 1 10 7 12 1 1 1 10 12 1 1 10 12 1 1 10 7 12 1 1 1 10 12 1 1 10 7 12 1 1 1 10 12 1 1 10 12 1 1 10 12 1 1 10 10 12 1 1 10 12 1 1 5 0 10 7 12 1 1 1 10 12 1 1 100 1 10 12 1 10 12 1 10 12 1 10 12 1 1 10 12 1 8 1 10 12 1 8 1 10 12 1 8 1 8 1 9 7 12 1 1 1 8 1 10 7 12 1 1 1 10 12 1 10 12 1 10 10 12 1 10 12 1 1 10 12 1 1 9 12 1 1 10 12 1 9 12 1 1 10 12 1 10 12 1 10 12 1 1 10 12 10 12 1 1 10 12 1 1 10 12 1 1 10 12 1 1 9 7 12 1 1 1 10 12 1 1 9 12 1 10 12 1 10 12 10 12 1 9 12 1 10 12 1 1 10 12 1 1 10 12 1 10 12 1 1 9 7 12 1 1 10 12 1 10 12 1 1 10 12 1 1 10 12 1 1 7 1 10 12 1 1 10 12 1 1 7 1 10 12 1 1 10 12 1 1 10 7 12 1 1 1 8 1 8 1 11 12 1 1 7 1 10 10 12 1 1 10 12 1 8 1 7 1 10 12 1 1 8 1 10 12 1 1 8 1 10 12 1 10 12 1 8 1 10 12 1 1 10 9 12 1 1 10 12 1 1 10 12 1 1 10 12 1 1 10 12 1 1 10 12 1 1 10 12 1 10 12 1 10 12 1 1 10 12 1 1 10 12 1 10 12 1 1 8 1 8 1 10 12 1 1 10 12 10 12 1 1 8 1 10 12 1 1 10 12 1 1 10 12 1 1 10 12 1 10 12 1 1 10 12 1 1 8 1 10 12 1 10 12 1 1 10 12 1 1 10 12 1 1 10 12 1 8 1 8 1 8 1 10 12 1 8 1 8 1 8 1 8 1 10 8 1 9 7 1 8 1 8 1 10 12 1 1 8 1 8 1 10 12 1 1 7 1 10 8 1 8 1 8 1 10 12 1 1 10 12 1 10 12 1 1 7 1 10 11 100 12 1 1 1 18 12 1 1 11 12 1 1 18 12 1 1 11 12 1 1 18 12 1 1 11 12 1 1 11 12 1 1 11 12 1 11 12 1 11 12 1 10 12 1 1 11 12 1 18 11 12 1 1 10 12 1 1 10 12 1 1 18 18 18 11 12 1 1 10 100 12 1 1 10 12 1 1 10 12 1 11 12 1 1 10 12 1 1 10 12 1 10 12 1 11 12 1 10 12 1 10 12 1 10 12 1 10 12 1 1 10 12 1 1 10 12 1 1 10 12 1 1 18 18 12 1 11 12 1 1 18 11 12 1 18 10 12 1 1 8 1 18 11 12 1 8 1 18 8 1 8 1 8 1 18 12 1 18 12 1 1 11 100 12 1 1 1 11 12 1 1 18 12 1 10 12 1 11 12 10 12 1 1 18 8 1 8 1 8 1 18 12 1 8 1 8 1 11 12 1 8 1 18 8 1 18 8 1 8 1 8 1 8 1 18 12 1 18 10 12 1 1 100 10 12 1 1 10 12 1 11 8 1 11 12 1 1 10 12 1 1 8 1 8 1 10 12 1 1 10 12 1 1 10 12 1 9 8 1 8 1 10 12 1 8 1 8 1 10 12 1 1 7 1 10 10 12 1 1 8 1 8 1 7 1 11 12 1 8 1 10 12 1 10 12 1 10 12 1 1 10 12 1 1 10 12 1 1 8 1 8 1 8 1 8 1 10 10 12 1 1 10 12 1 1 8 1 8 1 8 1 10 100 12 1 1 1 10 12 1 1 10 12 1 1 10 12 1 1 10 12 1 1 10 12 1 1 10 12 1 1 11 12 11 10 12 1 10 7 12 1 1 1 9 12 1 1 1 1 1 1 1 1 1 1 1 1 1 1 1 1 1 1 1 1 1 1 1 1 1 1 1 1 1 1 1 1 1 1 1 1 1 1 1 1 1 1 1 1 1 1 1 1 1 1 1 1 1 1 1 1 1 1 1 1 1 1 1 1 1 1 1 1 1 1 1 1 1 1 1 1 1 1 1 1 1 1 1 1 1 1 1 1 1 1 1 1 1 1 1 1 1 1 1 1 1 1 1 1 1 1 1 1 1 1 1 1 1 1 1 1 1 1 1 1 1 1 1 1 1 1 1 1 1 1 1 1 1 1 1 1 1 1 1 1 1 1 1 1 1 1 1 1 1 1 1 1 1 1 1 1 1 1 1 1 1 1 1 1 1 1 1 1 1 1 1 1 1 1 1 1 1 1 1 1 1 1 1 1 1 1 1 1 1 1 1 1 1 1 1 1 1 1 1 1 1 1 1 1 1 1 1 1 1 1 1 1 1 1 1 1 1 1 1 1 1 1 1 1 1 1 1 1 1 1 1 1 1 100 1 1 1 1 1 1 1 1 1 1 1 1 1 1 1 1 1 1 1 1 1 1 1 1 1 1 1 1 1 1 1 1 1 1 1 1 1 1 1 1 1 1 1 1 1 1 1 1 1 1 1 1 1 1 1 1 1 1 1 1 1 1 1 1 1 1 1 1 1 1 1 1 1 1 1 1 1 1 1 1 1 1 1 1 1 1 1 1 1 1 1 1 1 1 1 1 1 1 1 1 1 1 1 1 1 1 1 1 1 1 1 1 1 100 1 100 1 100 1 1 16 15 10 12 16 16 15 10 12 16 1 16 15 16 1 15 10 12 16 15 10 12 1 16 1 15 16 1 15 16 1 15 16 1 15 10 12 16 1 15 11 7 1 16 1 15 10 12 15 10 12 1 15 10 12 15 10 12 16 16 15 16 1 15 10 12 15 10 12 15 10 12 15 10 12 15 10 12 15 10 12 16 15 15 10 100 12 1 1 1 1 1 1 100 1 7 1 1 1 1 100 1 1 100 1 100 1 1 1 1 1
staticfield java/lang/invoke/MethodHandles IMPL_NAMES Ljava/lang/invoke/MemberName$Factory; java/lang/invoke/MemberName$Factory
staticfield java/lang/invoke/MethodHandles IDENTITY_MHS [Ljava/lang/invoke/MethodHandle; 10 [Ljava/lang/invoke/MethodHandle;
staticfield java/lang/invoke/MethodHandles ZERO_MHS [Ljava/lang/invoke/MethodHandle; 10 [Ljava/lang/invoke/MethodHandle;
staticfield java/lang/invoke/MethodHandles $assertionsDisabled Z 1
ciInstanceKlass java/lang/invoke/MemberName 1 1 724 7 1 7 1 100 1 9 12 1 1 10 7 12 1 1 1 9 12 1 1 10 12 1 1 10 12 1 1 10 12 1 1 10 12 1 10 12 1 1 10 7 12 1 1 1 10 12 1 9 7 12 1 1 10 12 1 7 1 7 1 10 12 1 8 1 10 12 1 1 10 12 1 10 12 1 1 10 12 1 9 12 1 1 8 1 10 100 12 1 1 1 7 1 10 10 12 1 1 100 1 100 1 10 12 1 9 12 1 1 100 1 8 1 10 12 1 10 12 1 10 12 1 10 12 1 10 12 1 1 10 12 1 10 12 1 10 12 1 1 8 1 8 1 10 12 1 8 1 9 12 1 1 3 10 12 1 10 12 1 10 12 1 10 10 7 12 1 1 1 10 12 1 10 12 1 10 12 1 10 12 1 7 1 8 10 12 1 1 10 12 1 1 8 1 9 7 1 8 9 7 1 10 12 1 1 10 12 1 10 12 1 8 1 10 12 1 1 10 12 1 10 12 1 10 12 1 10 12 1 1 7 1 10 12 1 1 10 12 1 8 1 10 12 1 10 12 1 8 1 10 12 1 1 10 12 1 1 7 1 10 12 1 1 10 12 8 1 8 1 7 1 10 12 1 10 100 12 1 1 1 100 1 10 12 10 12 1 10 12 1 10 12 1 10 12 1 10 10 12 1 10 12 1 10 12 1 3 10 12 1 3 10 12 1 3 3 3 3 3 3 10 12 1 3 9 12 1 10 12 1 1 3 10 12 1 10 10 7 12 1 1 1 10 12 1 1 10 7 12 1 1 10 10 12 1 10 12 1 1 10 12 1 10 10 12 1 1 10 12 1 10 12 1 10 12 1 7 1 10 10 10 12 100 1 10 10 10 12 1 1 10 12 1 1 10 10 12 1 8 10 7 1 10 12 1 10 7 1 10 12 1 10 12 1 10 12 1 10 10 12 1 10 12 1 1 10 12 1 1 10 12 1 10 12 1 10 12 1 100 1 10 12 1 1 100 1 8 1 10 7 1 10 12 1 10 12 10 12 1 1 10 12 1 10 12 1 8 1 8 1 8 1 8 1 10 12 1 10 12 1 10 7 12 1 1 1 8 1 8 1 10 12 1 8 1 10 10 10 12 1 10 12 1 8 1 8 1 10 10 12 1 8 1 10 100 12 1 1 1 8 1 100 1 10 12 1 10 12 1 1 10 12 1 8 1 8 1 8 1 8 1 100 1 10 8 1 8 1 8 1 8 1 10 12 1 7 1 100 1 7 1 10 100 1 10 7 1 10 7 12 1 1 1 9 7 12 1 1 1 7 1 7 1 1 1 1 1 1 1 3 1 3 1 3 1 3 1 3 1 3 1 1 1 1 1 1 1 1 3 1 3 1 1 1 1 1 1 1 1 1 1 1 1 1 1 1 1 1 1 1 1 1 1 1 1 1 1 1 1 1 1 1 1 1 1 1 1 1 1 1 1 1 1 1 1 1 1 1 1 1 1 1 1 1 1 1 1 1 1 1 1 1 1 1 1 1 1 1 1 1 1 1 1 1 1 1 1 1 1 1 1 1 1 1 1 1 1 1 1 1 1 1 1 1 1 1 1 7 1 1 1 1 1 1 1 1 1 1 1 1 1 1 1
staticfield java/lang/invoke/MemberName $assertionsDisabled Z 1
ciMethod java/lang/invoke/MemberName toString ()Ljava/lang/String; 0 0 1 0 -1
ciMethod java/lang/invoke/MemberName getName ()Ljava/lang/String; 768 0 5279 0 0
ciMethod java/lang/invoke/MemberName getModifiers ()I 514 0 3829 0 -1
ciMethod java/lang/invoke/MemberName getDeclaringClass ()Ljava/lang/Class; 302 0 151 0 0
instanceKlass java/lang/invoke/VarHandleReferences$Array
instanceKlass java/lang/invoke/VarHandleLongs$FieldInstanceReadOnly
instanceKlass java/lang/invoke/VarHandleBooleans$FieldInstanceReadOnly
instanceKlass java/lang/invoke/VarHandleReferences$FieldInstanceReadOnly
instanceKlass java/lang/invoke/VarHandleByteArrayAsDoubles$ByteArrayViewVarHandle
instanceKlass java/lang/invoke/VarHandleByteArrayAsFloats$ByteArrayViewVarHandle
instanceKlass java/lang/invoke/VarHandleByteArrayAsChars$ByteArrayViewVarHandle
instanceKlass java/lang/invoke/VarHandleByteArrayAsShorts$ByteArrayViewVarHandle
instanceKlass java/lang/invoke/VarHandleInts$FieldInstanceReadOnly
instanceKlass java/lang/invoke/VarHandleByteArrayAsLongs$ByteArrayViewVarHandle
instanceKlass java/lang/invoke/VarHandleByteArrayAsInts$ByteArrayViewVarHandle
instanceKlass java/lang/invoke/VarHandleReferences$FieldStaticReadOnly
ciInstanceKlass java/lang/invoke/VarHandle 1 1 474 10 7 12 1 1 1 10 7 12 1 1 9 12 1 1 9 12 1 1 100 1 10 8 1 10 12 1 1 10 7 12 1 1 1 10 12 1 1 10 7 12 1 1 1 9 100 12 1 1 1 10 12 1 1 10 7 12 1 1 1 10 12 1 1 9 12 1 10 12 1 9 12 1 1 10 7 12 1 1 10 12 1 9 7 12 1 1 1 9 12 1 1 10 12 1 1 100 1 7 1 10 8 1 10 12 1 1 10 12 1 8 1 10 12 1 10 12 1 9 12 1 1 9 12 1 10 12 1 10 12 1 1 10 12 1 10 10 100 12 1 1 1 10 12 1 1 10 12 1 1 10 7 12 1 1 1 10 100 12 1 1 1 10 100 12 1 1 1 9 12 1 1 9 10 12 1 10 12 1 1 10 12 1 1 10 12 1 10 7 12 1 1 1 9 12 1 1 10 12 1 1 9 12 1 10 12 1 10 12 1 10 7 12 1 1 100 1 10 9 7 12 1 1 1 9 12 1 1 10 7 12 1 1 1 10 12 1 10 12 1 10 12 1 10 12 1 10 12 1 10 12 1 1 8 10 12 1 1 7 1 10 12 1 1 7 1 1 1 1 1 1 1 1 1 1 1 1 1 1 1 1 1 1 1 1 1 1 1 1 1 1 1 1 1 1 1 1 1 1 1 1 1 1 1 1 1 1 1 1 1 1 1 1 1 1 1 1 1 1 1 1 1 1 1 1 1 1 1 1 1 1 1 1 100 1 1 1 1 1 1 1 1 100 1 1 1 1 1 1 1 1 1 1 1 1 100 1 100 1 1 100 1 100 1 100 1 100 1 100 1 100 1 100 1 100 1 100 1 100 1 100 1 100 1 100 1 100 1 100 1 100 1 100 1 100 1 100 1 100 1 100 1 100 1 100 1 100 1 100 1 100 1 100 1 100 1 100 1 100 1 100 1 100 1 100 1 100 1 100 1 1 1 1 1 1 100 1 1 1 100 1 1 100 1 100 1 100 1 100 1 100 1 100 1 1 1 1 100 1 100 1 100 1 100 1 100 1 100 1 100 1 100 1
staticfield java/lang/invoke/VarHandle VFORM_OFFSET J 16
staticfield java/lang/invoke/VarHandle $assertionsDisabled Z 1
ciInstanceKlass java/lang/invoke/MethodHandles$Lookup 1 1 1151 7 1 7 1 100 1 10 12 1 1 9 12 1 1 9 12 1 9 12 1 1 10 12 1 1 10 7 12 1 1 9 12 1 1 10 7 12 1 1 1 100 1 10 10 12 1 1 10 12 1 10 12 1 1 10 7 12 1 1 1 100 1 7 1 10 10 12 1 1 8 1 10 12 1 10 12 1 1 10 12 1 8 1 10 12 1 1 10 7 12 1 1 1 10 12 1 10 12 1 10 12 1 1 10 12 1 1 10 12 1 1 10 12 1 8 1 10 12 10 12 1 7 1 8 1 10 10 7 12 1 1 1 10 12 1 1 10 7 12 1 1 1 10 12 1 10 7 12 1 1 1 100 1 8 10 10 7 12 1 1 1 8 1 11 7 12 1 1 1 10 12 1 1 10 12 1 1 10 12 1 9 12 1 1 10 12 1 10 7 12 1 1 1 10 12 1 1 10 12 1 10 12 1 1 11 12 1 10 12 1 10 7 12 1 1 1 10 12 1 1 10 7 12 1 1 1 9 12 1 1 10 7 12 1 1 1 11 7 12 1 1 1 10 12 1 8 1 10 7 12 1 1 1 8 1 10 100 12 1 1 1 8 1 8 1 8 1 8 1 8 1 8 1 8 1 8 1 10 7 12 1 1 1 10 12 1 10 12 1 1 10 12 1 1 10 12 1 1 7 1 10 12 1 1 7 1 10 12 1 10 12 1 8 1 10 12 1 1 10 7 12 1 1 1 8 1 10 12 1 10 7 12 1 1 10 100 12 1 1 1 10 12 1 1 7 1 8 1 10 100 1 8 10 12 1 1 10 12 1 1 10 12 1 1 10 12 1 1 10 12 1 10 7 12 1 1 1 10 12 1 8 1 10 12 1 1 8 1 8 1 8 1 8 1 8 1 10 12 1 10 12 1 1 10 12 1 1 10 12 1 10 12 1 1 10 12 1 1 10 12 1 10 12 1 1 10 12 1 1 10 7 12 1 1 10 12 1 8 1 8 1 10 12 1 1 10 100 12 1 1 1 10 7 12 1 1 10 12 1 1 10 12 1 10 12 1 10 12 1 1 10 12 1 10 12 1 9 12 1 1 10 10 12 1 10 10 7 12 1 1 10 12 1 10 12 1 10 12 1 10 12 1 10 12 1 10 7 1 10 12 1 10 12 1 1 10 12 1 10 12 1 10 12 1 10 12 1 8 1 8 1 10 12 1 10 7 12 1 1 1 10 12 1 10 7 1 10 10 12 1 10 12 1 10 12 1 8 1 10 12 1 1 10 12 1 10 12 1 10 12 1 1 10 12 1 10 12 1 10 12 1 10 12 1 8 1 7 1 10 12 1 10 12 1 9 12 1 1 10 12 1 10 12 1 7 1 10 7 12 1 1 10 12 1 1 10 12 1 10 10 12 1 7 1 10 12 1 1 8 1 10 12 8 1 10 12 1 8 1 10 12 1 8 1 10 12 1 10 100 12 1 1 9 100 12 1 1 1 10 12 9 12 1 8 1 8 1 8 1 8 1 10 12 1 8 1 8 1 10 12 1 10 12 1 8 10 12 1 10 12 1 10 12 1 10 12 1 1 10 12 8 1 10 12 1 1 10 12 1 1 10 12 1 1 10 8 1 8 1 10 12 1 8 1 8 1 8 1 8 1 10 12 8 1 10 7 1 10 12 1 1 10 12 1 1 10 12 1 10 12 1 1 9 12 1 1 10 12 1 1 10 12 1 1 10 12 1 10 12 1 10 12 1 10 12 1 7 1 10 10 10 12 1 1 10 12 1 10 12 1 1 10 12 1 1 10 10 12 1 1 10 12 1 1 10 12 1 10 12 1 10 12 1 1 10 12 1 10 12 1 10 12 1 10 12 1 10 7 12 1 1 1 10 12 1 1 10 12 1 10 8 1 10 12 1 9 12 1 1 10 7 12 1 1 10 12 1 10 12 1 10 12 1 10 12 1 10 12 10 12 1 1 10 7 12 1 1 10 12 1 10 12 100 1 10 12 1 8 1 10 12 1 8 8 11 12 1 10 7 12 1 1 1 8 1 8 1 10 7 12 1 1 1 9 12 1 10 1 1 1 1 3 1 3 1 3 1 3 1 3 1 3 1 3 1 3 1 3 1 3 1 1 1 1 1 1 1 1 1 1 1 1 1 1 1 1 1 1 7 1 1 1 1 1 1 1 1 1 1 1 1 1 1 1 1 1 1 1 1 1 1 1 1 1 1 1 1 1 1 1 1 1 1 1 1 1 1 1 7 1 1 1 1 1 1 1 1 1 1 1 1 1 1 1 1 1 1 1 1 1 1 1 1 7 1 1 1 1 1 1 1 1 1 1 1 1 1 1 1 1 1 1 1 1 1 1 1 1 1 1 1 1 1 1 1 1 1 1 1 1 1 1 1 1 1 1 1 1 1 1 1 1 1 1 1 1 1 1 1 1 1 1 1 1 1 1 1 1 1 1 1 1 1 1 1 1 1 1 1 1 1 1 1 1 1 1 1 1 1 1 1 1 1 1 1 1 1 1 1 1 1 1 1 1 1 1 1 1 1 1 1 1 1 1 1 1 1 1 1 1 1 1 1 1 1 1 1 1 1 1
staticfield java/lang/invoke/MethodHandles$Lookup DEFAULT_DUMPER Ljdk/internal/util/ClassFileDumper; jdk/internal/util/ClassFileDumper
staticfield java/lang/invoke/MethodHandles$Lookup IMPL_LOOKUP Ljava/lang/invoke/MethodHandles$Lookup; java/lang/invoke/MethodHandles$Lookup
staticfield java/lang/invoke/MethodHandles$Lookup PUBLIC_LOOKUP Ljava/lang/invoke/MethodHandles$Lookup; java/lang/invoke/MethodHandles$Lookup
staticfield java/lang/invoke/MethodHandles$Lookup $assertionsDisabled Z 1
ciInstanceKlass java/lang/invoke/MethodHandleImpl$1 1 1 211 10 7 12 1 1 1 7 1 10 10 12 1 1 10 12 1 1 10 12 1 1 10 12 1 10 12 1 1 10 100 12 1 1 1 10 100 12 1 1 1 10 100 12 1 1 1 10 12 1 1 10 12 1 1 10 12 1 1 10 12 1 1 10 12 1 1 10 12 1 1 9 7 12 1 1 1 10 12 1 1 10 12 1 1 10 12 1 10 12 1 1 7 1 10 12 1 10 7 12 1 1 1 10 7 12 1 1 1 10 12 1 1 100 1 100 1 1 1 1 1 1 1 1 1 1 1 1 1 1 1 1 1 1 1 1 1 1 1 1 1 1 1 1 1 1 1 1 1 1 1 1 1 1 1 1 1 1 1 1 1 1 1 1 1 1 1 1 1 1 1 1 1 1 1 1 100 1 1 1 1 1 1 1 1 1 100 1 1 1 1 1 1 1 1 1 1 1 1 1 1 1 1 100 1 1 1 100 1 1 1
ciInstanceKlass jdk/internal/access/JavaLangInvokeAccess 1 0 60 100 1 100 1 1 1 1 1 1 1 1 1 1 1 1 1 1 1 1 1 1 1 1 1 1 1 1 1 1 1 1 1 1 1 1 1 1 1 1 1 1 1 100 1 1 1 1 1 1 1 1 1 1 1 1 1 1 1 1
ciMethod java/lang/invoke/MethodHandleImpl$1 unreflectField (Ljava/lang/reflect/Field;Z)Ljava/lang/invoke/MethodHandle; 1024 0 4243 0 0
instanceKlass jdk/internal/reflect/FieldAccessorImpl
instanceKlass jdk/internal/reflect/ConstructorAccessorImpl
instanceKlass jdk/internal/reflect/MethodAccessorImpl
ciInstanceKlass jdk/internal/reflect/MagicAccessorImpl 1 1 16 10 7 12 1 1 1 100 1 1 1 1 1 1 1 1
instanceKlass jdk/internal/reflect/DirectMethodHandleAccessor
ciInstanceKlass jdk/internal/reflect/MethodAccessorImpl 1 1 38 10 7 12 1 1 1 10 100 12 1 1 1 100 1 1 1 1 1 1 1 100 1 100 1 1 1 1 1 1 1 1 1 1 1 1 1 1
ciInstanceKlass jdk/internal/reflect/MethodAccessor 1 0 17 100 1 100 1 1 1 1 100 1 100 1 1 1 1 1 1
instanceKlass jdk/internal/reflect/SerializationConstructorAccessorImpl
instanceKlass jdk/internal/reflect/DirectConstructorHandleAccessor$NativeAccessor
instanceKlass jdk/internal/reflect/DirectConstructorHandleAccessor
instanceKlass jdk/internal/reflect/NativeConstructorAccessorImpl
ciInstanceKlass jdk/internal/reflect/ConstructorAccessorImpl 1 1 27 10 7 12 1 1 1 100 1 100 1 1 1 1 1 1 1 1 1 100 1 100 1 100 1 1 1
ciInstanceKlass jdk/internal/reflect/ConstructorAccessor 1 0 16 100 1 100 1 1 1 1 100 1 100 1 100 1 1 1
ciInstanceKlass jdk/internal/reflect/DelegatingClassLoader 1 1 18 10 7 12 1 1 1 100 1 1 1 1 1 1 1 1 1 1
ciInstanceKlass jdk/internal/reflect/Reflection 1 1 385 10 7 12 1 1 1 10 7 12 1 1 1 10 12 1 1 10 7 12 1 1 1 10 7 12 1 1 1 10 12 1 10 100 12 1 1 1 11 100 12 1 1 1 10 7 12 1 1 1 10 12 1 1 10 12 1 1 10 7 12 1 1 1 10 12 1 1 10 12 1 10 12 1 10 12 1 10 12 1 10 12 1 1 10 7 12 1 1 1 10 12 1 10 12 1 10 12 1 1 10 12 1 1 9 12 1 1 10 12 1 1 9 12 1 11 7 12 1 1 100 1 7 1 10 8 1 10 12 1 1 10 12 1 10 12 1 10 12 1 7 1 10 12 1 11 7 12 1 1 1 11 12 1 1 10 12 1 1 7 1 7 1 11 7 12 1 1 8 1 11 12 1 1 10 100 12 1 1 1 100 1 11 12 1 10 7 12 1 1 10 7 12 1 1 1 7 1 10 12 1 1 10 12 1 1 11 100 12 1 1 1 10 12 1 8 1 10 12 1 1 8 1 8 1 8 1 8 1 10 12 1 1 8 1 8 1 8 1 100 1 10 8 1 8 1 8 1 10 12 8 1 11 12 1 1 9 12 1 1 7 1 8 1 8 1 11 12 1 7 1 7 1 7 1 8 1 11 12 1 11 12 1 1 1 1 1 1 1 1 1 1 1 1 1 1 1 1 1 1 1 1 1 1 1 1 1 1 1 1 1 1 1 1 1 1 1 1 1 1 1 1 1 1 1 1 1 1 1 1 1 1 1 1 1 1 1 1 1 1 1 1 1 1 1 1 1 1 1 1 1 1 1 1 1 1 1 1 1 1 1 1 1 1 1 1 1 1 1 1 1 1 1 1 1 1 1 7 1 1 1 1 1 1 1
staticfield jdk/internal/reflect/Reflection ALL_MEMBERS Ljava/util/Set; java/util/ImmutableCollections$Set12
ciInstanceKlass java/lang/reflect/Modifier 1 1 133 7 1 10 7 12 1 1 1 100 1 10 7 1 8 1 10 12 1 8 1 10 12 1 1 8 1 8 1 8 1 8 1 8 1 8 1 8 1 8 1 8 1 8 1 8 1 10 12 1 1 3 1 1 1 3 1 3 1 3 1 3 1 3 1 3 1 3 1 3 1 3 1 3 1 3 1 3 1 1 1 3 1 3 1 3 1 1 3 1 3 1 3 1 3 1 3 1 1 1 1 1 1 1 1 1 1 1 1 1 1 1 1 1 1 1 1 1 1 1 1 1 1 1 1 1 1 1 1 1 1 1 1
ciInstanceKlass jdk/internal/reflect/CallerSensitive 1 0 17 100 1 100 1 100 1 1 1 1 1 1 1 1 1 1 1
ciMethod jdk/internal/reflect/Reflection getCallerClass ()Ljava/lang/Class; 256 0 128 0 -1
ciMethod jdk/internal/reflect/Reflection newIllegalAccessException (Ljava/lang/Class;Ljava/lang/Class;Ljava/lang/Class;I)Ljava/lang/IllegalAccessException; 0 0 1 0 -1
ciInstanceKlass jdk/internal/reflect/NativeConstructorAccessorImpl 0 0 125 10 7 12 1 1 1 9 7 12 1 1 1 100 1 10 12 1 9 12 1 1 9 12 1 1 10 100 12 1 1 1 10 7 12 1 1 1 10 7 12 1 1 1 9 12 1 9 12 1 1 9 12 1 1 10 7 12 1 1 1 100 1 10 10 12 1 1 10 12 1 10 12 1 1 10 12 1 7 1 10 12 1 1 10 12 1 1 8 10 12 1 1 1 1 1 1 1 1 1 1 1 1 1 1 1 1 1 1 1 1 1 1 100 1 100 1 100 1 1 1 1 1 1 1
ciInstanceKlass jdk/internal/reflect/ConstantPool 1 1 142 10 7 12 1 1 1 9 7 12 1 1 1 10 12 1 1 10 12 1 1 10 12 1 10 12 1 1 10 12 1 1 10 12 1 10 12 1 1 10 12 1 10 12 1 1 10 12 1 10 12 1 10 12 1 10 12 1 1 10 12 1 1 10 12 1 1 10 12 1 1 10 12 1 10 12 1 1 10 100 12 1 1 1 8 11 7 12 1 1 1 10 7 12 1 1 1 1 1 1 1 1 1 1 1 1 1 1 1 1 1 1 1 1 1 1 1 1 1 1 1 1 1 1 1 1 1 1 1 1 1 1 1 1 1 1 1 1 1 1 1 1
ciInstanceKlass jdk/internal/reflect/UnsafeStaticFieldAccessorImpl 0 0 47 10 7 12 1 1 1 9 7 12 1 1 1 10 7 12 1 1 1 9 12 1 1 8 11 100 12 1 1 1 10 100 12 1 1 1 1 1 1 1 1 1 1 1 1 1 1
ciInstanceKlass jdk/internal/reflect/FieldAccessor 1 0 48 100 1 100 1 1 1 1 100 1 1 1 1 1 1 1 1 1 1 1 1 1 1 1 1 1 1 1 100 1 1 1 1 1 1 1 1 1 1 1 1 1 1 1 1 1 1 1
ciMethod jdk/internal/reflect/FieldAccessor set (Ljava/lang/Object;Ljava/lang/Object;)V 0 0 1 0 -1
instanceKlass jdk/internal/reflect/MethodHandleFieldAccessorImpl
instanceKlass jdk/internal/reflect/UnsafeFieldAccessorImpl
ciInstanceKlass jdk/internal/reflect/FieldAccessorImpl 1 1 269 10 7 12 1 1 1 9 7 12 1 1 1 10 7 12 1 1 1 10 7 12 1 1 10 7 12 1 1 1 10 12 1 1 7 1 10 10 12 1 1 10 12 1 1 8 1 10 10 12 1 100 1 8 1 10 12 1 8 1 10 12 1 8 1 10 12 1 100 1 10 12 1 1 10 8 1 10 12 1 1 8 1 10 7 12 1 1 8 1 10 7 12 1 1 8 1 10 7 12 1 1 8 1 10 7 12 1 1 8 1 10 7 12 1 1 8 1 10 7 12 1 1 8 1 10 7 12 1 1 8 1 10 7 12 1 1 10 12 1 1 8 1 10 12 1 1 10 100 12 1 1 1 8 1 10 12 1 8 1 8 1 8 1 8 1 10 7 12 1 1 1 8 1 8 1 8 1 10 12 7 1 1 1 1 1 1 1 1 1 1 1 1 1 1 1 1 1 1 1 1 1 1 1 1 1 1 1 1 1 1 1 1 1 1 1 1 1 1 1 1 1 1 1 1 1 1 1 1 1 1 1 1 1 1 1 1 1 1 1 1 1 1 1 1 1 1 1 1 1 1 1 1 1 1 1 1 1 1 1 1 1 1 1 1 1 1 1 1
ciMethod jdk/internal/reflect/FieldAccessorImpl throwSetIllegalArgumentException (Ljava/lang/Object;)V 0 0 1 0 -1
ciMethod jdk/internal/reflect/FieldAccessorImpl throwFinalFieldIllegalAccessException (Ljava/lang/Object;)V 0 0 1 0 -1
instanceKlass jdk/internal/reflect/UnsafeStaticFieldAccessorImpl
ciInstanceKlass jdk/internal/reflect/UnsafeFieldAccessorImpl 0 0 62 10 100 12 1 1 1 10 100 12 1 1 1 10 100 12 1 1 1 9 100 12 1 1 10 12 1 9 12 1 1 10 100 12 1 1 1 9 12 1 1 10 12 1 10 12 1 1 1 1 1 1 1 1 1 1 1 1 1 1 1 1
instanceKlass java/lang/invoke/VolatileCallSite
instanceKlass java/lang/invoke/MutableCallSite
instanceKlass java/lang/invoke/ConstantCallSite
ciInstanceKlass java/lang/invoke/CallSite 1 1 296 10 7 12 1 1 1 10 7 12 1 1 1 9 12 1 1 10 7 12 1 1 1 10 12 1 7 1 10 12 1 1 10 12 1 1 9 100 12 1 1 1 10 7 12 1 1 10 12 1 1 100 1 7 1 10 10 7 12 1 1 1 10 12 1 1 8 1 10 12 1 10 12 1 1 10 12 1 10 12 1 1 10 12 1 1 10 10 100 12 1 1 10 12 1 1 9 12 1 9 100 12 1 1 1 8 1 10 7 12 1 1 1 10 12 1 1 7 1 10 12 1 1 9 12 1 8 1 100 1 10 12 1 10 12 1 100 1 8 1 10 10 12 1 10 12 1 1 100 1 10 12 1 1 10 12 1 10 12 1 10 12 1 1 10 12 1 1 9 12 1 1 8 10 12 1 1 9 12 1 1 100 1 10 10 12 1 10 7 12 1 1 1 10 12 1 1 10 12 1 1 10 12 1 10 7 12 1 1 1 7 1 8 1 10 10 12 10 12 1 1 7 1 7 1 7 1 8 1 10 12 1 10 7 12 1 1 1 1 1 1 1 1 1 1 1 1 1 1 1 1 1 1 1 1 1 1 1 1 1 1 1 1 1 1 1 1 1 1 1 1 1 1 1 1 1 1 1 1 1 1 1 1 1 1 1 1 1 1 1 7 1 7 1 1 1
staticfield java/lang/invoke/CallSite $assertionsDisabled Z 1
ciInstanceKlass java/lang/invoke/ConstantCallSite 1 1 65 10 7 12 1 1 1 9 7 12 1 1 1 9 12 1 1 10 7 12 1 1 1 10 12 1 100 1 10 12 9 12 1 1 100 1 10 10 12 1 1 10 12 1 1 1 1 1 1 1 1 1 1 1 1 1 100 1 1 1 1 1 1 1 1
staticfield java/lang/invoke/ConstantCallSite UNSAFE Ljdk/internal/misc/Unsafe; jdk/internal/misc/Unsafe
instanceKlass java/lang/invoke/DirectMethodHandle$StaticAccessor
instanceKlass java/lang/invoke/DirectMethodHandle$Special
instanceKlass java/lang/invoke/DirectMethodHandle$Interface
instanceKlass java/lang/invoke/DirectMethodHandle$Constructor
instanceKlass java/lang/invoke/DirectMethodHandle$Accessor
ciInstanceKlass java/lang/invoke/DirectMethodHandle 1 1 923 7 1 7 1 100 1 7 1 7 1 10 7 12 1 1 1 10 7 12 1 1 1 7 1 10 12 1 10 12 1 1 10 7 12 1 1 10 12 1 1 10 12 1 10 12 1 7 1 10 12 1 1 10 12 1 1 10 12 1 10 12 1 1 10 7 12 1 1 1 10 12 1 9 12 1 1 100 1 10 9 12 1 1 9 12 1 10 12 1 10 12 1 10 12 1 1 10 12 1 10 12 1 10 12 1 10 7 12 1 1 1 10 12 1 10 12 1 1 8 1 10 12 1 1 7 1 10 12 1 7 1 10 10 12 1 10 12 1 10 12 1 10 7 12 1 1 1 10 12 1 1 7 1 10 12 1 10 12 1 7 1 10 12 1 10 12 1 1 10 12 1 1 10 12 1 8 10 7 12 1 1 1 10 12 1 10 12 1 10 12 1 1 10 12 1 9 7 12 1 1 1 7 1 10 12 1 10 7 12 1 1 1 10 12 1 10 12 1 1 9 12 1 1 7 1 10 8 1 10 12 1 1 10 12 1 1 8 1 10 12 1 10 12 1 10 10 12 1 10 12 1 10 12 1 10 12 1 10 12 1 1 10 12 1 10 12 1 1 10 12 1 10 12 1 1 10 10 7 12 1 1 1 10 12 1 10 12 1 1 10 12 1 10 12 1 1 8 1 9 7 12 1 1 1 8 1 9 12 1 9 12 1 8 1 9 12 1 9 12 1 8 1 9 12 1 9 12 1 8 1 10 12 1 10 12 1 1 9 12 1 1 7 1 10 12 1 1 7 1 10 7 12 1 1 1 10 12 1 1 10 12 1 10 12 1 1 7 1 10 12 1 1 10 12 1 10 12 1 1 7 1 10 12 1 1 10 12 1 10 7 12 1 1 1 10 12 1 10 12 1 1 10 12 1 9 12 1 1 10 7 1 9 12 9 12 1 10 7 12 1 1 1 10 12 1 7 1 7 1 7 1 9 12 1 1 10 7 12 1 1 1 10 12 10 12 1 7 1 10 12 1 10 12 1 1 8 1 9 12 1 9 12 1 10 12 1 1 9 12 1 1 10 7 12 1 1 1 9 12 1 1 9 12 1 1 10 12 1 10 12 1 10 12 1 10 12 1 1 10 12 1 9 12 1 10 12 1 10 12 1 10 12 1 10 12 1 1 10 12 1 1 9 12 1 1 10 12 1 1 9 7 12 1 1 1 9 12 1 9 12 1 9 12 1 9 12 1 9 12 1 9 12 1 9 12 1 9 12 1 9 12 1 9 12 1 9 12 1 9 12 1 9 12 1 9 12 1 9 12 1 9 12 1 9 12 1 9 12 1 9 12 1 9 12 1 9 12 1 9 12 1 9 12 1 9 12 1 9 12 1 9 12 1 9 12 1 9 12 1 9 12 1 9 12 1 9 12 1 9 12 1 9 12 1 9 12 1 9 12 1 9 12 1 8 1 9 12 1 1 9 12 1 1 10 12 1 10 12 1 1 9 7 1 10 12 1 9 12 1 1 10 12 10 12 1 10 12 1 10 12 1 10 12 1 10 8 1 8 1 8 1 8 1 10 12 1 1 9 12 1 1 10 12 1 10 100 12 1 1 1 8 9 12 1 1 10 12 1 1 8 1 8 8 9 12 1 8 1 8 8 8 8 8 1 8 10 12 1 7 1 10 12 1 8 1 8 1 10 12 1 10 12 1 10 12 1 10 12 1 1 7 1 1 1 1 3 1 3 1 3 1 3 1 3 1 3 1 3 1 3 1 3 1 3 1 1 1 1 1 1 1 1 1 1 3 1 3 1 1 1 1 3 1 1 1 1 1 1 1 1 1 1 1 1 1 1 1 1 1 1 1 1 1 1 1 1 1 1 1 1 1 1 1 1 1 1 1 1 1 1 1 1 1 1 1 1 1 1 1 1 1 1 1 1 1 1 1 1 1 100 1 1 1 1 1 1 1 1 1 100 1 1 1 1 1 1 1 1 1 1 1 1 1 1 1 1 1 1 1 1 1 1 1 1 1 1 1 1 1 1 1 1 1 1 1 1 1 1 1 1 1 1 1 1 1 1 1 1 1 1 1 1
staticfield java/lang/invoke/DirectMethodHandle IMPL_NAMES Ljava/lang/invoke/MemberName$Factory; java/lang/invoke/MemberName$Factory
staticfield java/lang/invoke/DirectMethodHandle FT_UNCHECKED_REF I 8
staticfield java/lang/invoke/DirectMethodHandle ACCESSOR_FORMS [Ljava/lang/invoke/LambdaForm; 132 [Ljava/lang/invoke/LambdaForm;
staticfield java/lang/invoke/DirectMethodHandle ALL_WRAPPERS [Lsun/invoke/util/Wrapper; 10 [Lsun/invoke/util/Wrapper;
staticfield java/lang/invoke/DirectMethodHandle NFS [Ljava/lang/invoke/LambdaForm$NamedFunction; 12 [Ljava/lang/invoke/LambdaForm$NamedFunction;
staticfield java/lang/invoke/DirectMethodHandle OBJ_OBJ_TYPE Ljava/lang/invoke/MethodType; java/lang/invoke/MethodType
staticfield java/lang/invoke/DirectMethodHandle LONG_OBJ_TYPE Ljava/lang/invoke/MethodType; java/lang/invoke/MethodType
staticfield java/lang/invoke/DirectMethodHandle $assertionsDisabled Z 1
ciMethod java/lang/invoke/DirectMethodHandle <init> (Ljava/lang/invoke/MethodType;Ljava/lang/invoke/LambdaForm;Ljava/lang/invoke/MemberName;Z)V 512 0 5377 0 1408
ciMethod java/lang/invoke/DirectMethodHandle make (BLjava/lang/Class;Ljava/lang/invoke/MemberName;Ljava/lang/Class;)Ljava/lang/invoke/DirectMethodHandle; 512 0 5279 0 0
ciMethod java/lang/invoke/DirectMethodHandle make (Ljava/lang/Class;Ljava/lang/invoke/MemberName;)Ljava/lang/invoke/DirectMethodHandle; 112 0 4380 0 0
ciMethod java/lang/invoke/DirectMethodHandle preparedLambdaForm (Ljava/lang/invoke/MemberName;Z)Ljava/lang/invoke/LambdaForm; 512 0 2257 0 0
ciMethod java/lang/invoke/DirectMethodHandle preparedLambdaForm (Ljava/lang/invoke/MethodType;I)Ljava/lang/invoke/LambdaForm; 512 0 2341 0 0
ciMethod java/lang/invoke/DirectMethodHandle preparedLambdaForm (Ljava/lang/invoke/MemberName;)Ljava/lang/invoke/LambdaForm; 512 0 2121 0 0
ciMethod java/lang/invoke/DirectMethodHandle preparedFieldLambdaForm (Ljava/lang/invoke/MemberName;)Ljava/lang/invoke/LambdaForm; 48 0 4311 0 0
ciMethod java/lang/invoke/DirectMethodHandle preparedFieldLambdaForm (BZLjava/lang/Class;)Ljava/lang/invoke/LambdaForm; 852 0 5590 0 432
ciMethod java/lang/invoke/DirectMethodHandle shouldBeInitialized (Ljava/lang/invoke/MemberName;)Z 228 0 4918 0 0
ciMethod java/lang/invoke/DirectMethodHandle maybeCompile (Ljava/lang/invoke/LambdaForm;Ljava/lang/invoke/MemberName;)V 512 0 6570 0 0
ciMethod java/lang/invoke/DirectMethodHandle makePreparedLambdaForm (Ljava/lang/invoke/MethodType;I)Ljava/lang/invoke/LambdaForm; 154 0 204 0 0
ciMethod java/lang/invoke/DirectMethodHandle getFunction (B)Ljava/lang/invoke/LambdaForm$NamedFunction; 512 0 307 0 -1
ciMethod java/lang/invoke/DirectMethodHandle findDirectMethodHandle (Ljava/lang/invoke/LambdaForm$Name;)Ljava/lang/Object; 0 0 1 0 -1
ciMethod java/lang/invoke/DirectMethodHandle ftypeKind (Ljava/lang/Class;)I 852 0 5590 0 0
ciMethod java/lang/invoke/DirectMethodHandle afIndex (BZI)I 854 0 5591 0 0
ciMethod java/lang/invoke/DirectMethodHandle makePreparedFieldLambdaForm (BZI)Ljava/lang/invoke/LambdaForm; 14 138 20 0 0
ciMethod java/lang/invoke/DirectMethodHandle getFieldKind (ZZLsun/invoke/util/Wrapper;)Ljava/lang/invoke/LambdaForm$Kind; 40 0 20 0 -1
ciInstanceKlass java/lang/invoke/MutableCallSite 0 0 63 10 100 12 1 1 1 10 12 1 9 100 12 1 1 1 10 12 1 10 12 1 1 9 12 1 1 10 100 12 1 1 1 10 100 12 1 1 1 10 12 1 1 1 1 1 1 1 1 1 1 1 1 1 1 1 1 1 1 100 1 1 1
ciInstanceKlass java/lang/invoke/VolatileCallSite 0 0 37 10 100 12 1 1 1 10 12 1 10 100 12 1 1 1 10 12 1 10 12 1 1 1 1 1 1 1 1 1 1 1 1 1 1 1 1
ciInstanceKlass java/lang/invoke/ResolvedMethodName 1 1 16 10 100 12 1 1 1 100 1 1 1 1 1 1 1 1
ciInstanceKlass java/lang/invoke/MethodHandleNatives 1 1 685 100 1 10 7 12 1 1 1 9 7 12 1 1 1 10 12 1 1 100 1 10 10 12 1 1 10 12 1 10 12 1 8 1 8 1 8 1 8 1 8 1 8 1 8 1 8 1 8 1 8 1 10 12 1 1 7 1 10 7 12 1 1 1 10 7 12 1 1 1 7 1 10 10 12 1 1 8 1 10 12 1 8 1 10 12 1 1 8 1 10 12 1 1 9 7 12 1 1 1 8 1 10 100 12 1 1 1 7 1 10 12 100 1 100 1 8 1 7 1 10 10 12 1 7 1 9 7 12 1 1 10 12 1 1 10 12 1 10 7 12 1 1 1 10 12 1 1 9 12 1 8 1 10 12 1 1 10 12 1 8 1 10 12 1 1 7 1 10 12 1 10 7 12 1 1 1 10 12 1 10 12 1 1 10 12 1 1 8 1 10 12 1 1 8 1 10 12 1 8 1 8 1 8 1 7 1 10 12 1 8 1 10 7 12 1 1 1 10 12 1 1 10 7 12 1 1 10 10 12 1 1 10 12 1 10 100 12 1 1 1 100 1 8 1 10 100 12 1 1 1 7 1 8 1 10 12 1 8 1 8 1 8 1 8 1 8 1 10 12 1 1 10 12 1 1 10 12 1 10 12 1 1 10 12 1 1 7 1 10 12 1 7 1 7 1 10 12 1 10 12 1 8 1 8 1 10 10 12 1 1 10 12 1 1 8 1 10 7 12 1 1 8 1 8 1 10 12 1 1 10 7 12 1 1 1 100 1 10 12 1 1 7 1 9 12 1 1 10 7 12 1 1 1 10 10 12 1 9 12 1 10 12 1 9 12 1 9 12 1 10 12 1 1 10 12 1 10 12 1 1 7 1 7 1 10 12 1 1 10 12 1 10 12 1 1 10 7 12 1 1 1 10 12 1 8 1 10 12 1 10 12 1 10 12 1 1 10 12 1 10 7 12 1 1 1 10 12 1 1 100 1 8 1 10 9 7 12 1 1 1 10 12 1 1 10 12 1 1 7 1 10 12 1 1 10 12 1 1 100 1 100 1 10 10 100 1 100 1 10 100 1 10 10 12 1 1 10 7 1 10 12 1 10 12 1 1 10 12 1 1 10 12 1 1 10 12 1 10 12 1 1 10 8 1 10 12 1 10 12 1 10 12 1 10 12 1 10 12 1 1 10 12 1 10 12 1 10 12 1 10 10 7 12 1 1 10 12 1 1 1 1 1 1 1 1 1 1 1 1 1 7 1 1 1 1 1 1 1 1 1 1 1 1 1 1 1 1 1 1 1 1 1 1 1 1 1 1 1 1 1 1 1 1 1 1 1 1 1 1 1 1 1 1 1 1 1 1 1 1 1 1 1 1 1 1 1 1 1 1 1 1 1 1 1 100 1 1 1 1 1 1 1 1 1 1 1 1 1 1 1 1 1 1 1 1 1 1 1 1 1 1 1 1 1 1 1 1 1 100 1 1 1 1 1 1 1 1 1 1 1 1 1 1 1 1 1 1 1 1 1 1 1 1 1 1 1 1 1 1 1 1 100 1 1
staticfield java/lang/invoke/MethodHandleNatives $assertionsDisabled Z 1
ciInstanceKlass java/lang/invoke/Invokers 1 1 786 100 1 10 7 12 1 1 1 9 7 12 1 1 1 7 1 9 12 1 1 9 12 1 1 10 12 1 1 10 12 1 1 10 12 1 1 10 7 12 1 1 1 10 12 1 10 12 1 1 10 12 1 1 7 1 10 12 1 10 12 1 1 10 7 12 1 1 1 9 12 1 1 10 12 1 1 100 1 10 10 12 1 10 12 1 1 10 12 1 1 10 12 1 1 9 12 1 10 7 12 1 1 1 10 12 1 10 12 1 1 10 7 12 1 1 1 8 1 8 1 10 7 12 1 1 1 10 12 1 1 10 12 1 1 7 1 7 1 10 12 1 1 10 12 1 1 100 1 9 12 1 1 10 100 1 10 12 1 10 12 1 1 10 12 1 10 12 1 10 12 1 10 12 1 9 12 1 10 7 12 1 1 9 7 12 1 1 1 8 1 10 12 1 1 7 1 7 1 10 8 1 10 12 1 1 10 12 1 10 12 1 10 7 12 1 1 1 10 12 1 10 12 1 1 7 1 10 7 12 1 1 1 10 12 1 10 12 1 1 10 12 1 10 12 1 1 10 12 1 1 10 12 1 10 12 1 10 12 1 1 10 12 1 1 10 100 12 1 1 1 9 100 12 1 1 1 10 7 12 1 1 1 10 12 1 1 10 12 1 1 10 12 1 7 1 10 12 1 1 8 1 10 12 1 1 10 100 12 1 1 1 10 12 1 1 8 1 10 7 12 1 1 10 7 1 8 1 10 12 1 9 12 1 1 9 7 12 1 1 1 9 12 1 9 12 1 9 12 1 10 10 12 1 1 9 12 1 10 12 1 1 10 12 1 1 7 1 10 7 12 1 1 10 12 1 1 10 7 12 1 1 1 10 7 12 1 1 1 10 12 1 10 12 1 1 10 12 1 1 10 12 1 10 12 1 10 12 1 1 10 12 1 10 12 1 1 8 1 10 12 1 10 12 1 10 12 1 1 10 100 12 1 1 10 12 1 1 10 12 1 9 12 1 10 12 1 8 1 10 12 1 1 10 12 1 1 10 12 1 1 9 12 1 9 12 1 8 1 8 1 10 12 1 10 12 1 9 12 10 12 1 1 9 12 1 10 12 1 1 9 12 1 10 12 1 9 12 1 10 12 1 100 1 8 1 8 1 10 10 12 1 1 10 12 1 7 1 10 7 12 1 1 1 9 12 1 9 12 1 10 12 1 10 7 12 1 1 9 12 1 10 12 1 10 12 9 12 1 1 10 12 1 7 1 10 100 12 1 1 1 8 1 9 7 12 1 1 1 10 12 1 1 10 12 1 1 8 1 8 1 10 12 1 8 1 8 1 8 1 8 1 8 1 10 12 1 10 12 1 10 12 1 1 7 1 10 7 12 1 1 10 12 1 10 12 1 9 12 1 9 12 1 1 7 1 10 7 12 1 1 1 1 1 1 1 3 1 3 1 3 1 3 1 1 1 1 1 1 1 3 1 3 1 3 1 3 1 1 1 1 1 1 1 1 1 1 1 1 1 1 1 1 1 1 1 1 1 1 1 1 1 1 1 1 1 1 1 1 1 1 1 1 1 1 1 1 1 1 1 1 1 1 1 1 1 1 1 1 1 1 1 1 1 1 1 1 1 1 1 1 1 1 1 1 1 1 1 1 1 100 1 1 1 1 1 1 1 1 1 1 1 1 1 1 1 1 1 1 1 1 1 1 1 1 1 100 1 1 1 1 1 1 1 1 1 1 1 1 1 1 7 1 1 1 1 1 1 1 1 1 1 1 1 1 1
staticfield java/lang/invoke/Invokers VH_INV_GENERIC I 34
staticfield java/lang/invoke/Invokers INV_LIMIT I 65
staticfield java/lang/invoke/Invokers NFS [Ljava/lang/invoke/LambdaForm$NamedFunction; 7 [Ljava/lang/invoke/LambdaForm$NamedFunction;
staticfield java/lang/invoke/Invokers $assertionsDisabled Z 1
ciMethod java/lang/invoke/MethodHandleNatives objectFieldOffset (Ljava/lang/invoke/MemberName;)J 258 0 129 0 -1
ciMethod java/lang/invoke/MethodHandleNatives init (Ljava/lang/invoke/MemberName;Ljava/lang/Object;)V 256 0 128 0 -1
ciMethod java/lang/invoke/MethodHandleNatives staticFieldBase (Ljava/lang/invoke/MemberName;)Ljava/lang/Object; 258 0 129 0 -1
ciMethod java/lang/invoke/MethodHandleNatives staticFieldOffset (Ljava/lang/invoke/MemberName;)J 258 0 129 0 -1
ciMethod java/lang/invoke/MethodHandleNatives refKindIsField (B)Z 268 0 5352 0 -1
ciMethod java/lang/invoke/MethodHandleNatives refKindIsValid (I)Z 0 0 1 0 -1
ciMethod java/lang/invoke/MethodHandleNatives refKindIsGetter (B)Z 94 0 3847 0 -1
ciMethod java/lang/invoke/MethodHandleNatives refKindIsSetter (B)Z 8 0 1082 0 -1
ciMethod java/lang/invoke/MethodHandleNatives refKindHasReceiver (B)Z 512 0 9536 0 0
ciInstanceKlass jdk/internal/foreign/abi/NativeEntryPoint 0 0 194 10 7 12 1 1 1 9 7 12 1 1 1 9 12 1 1 100 1 8 1 10 12 1 10 12 1 1 100 1 10 100 12 1 1 1 10 12 1 9 12 1 1 18 12 1 1 10 100 12 1 1 1 10 7 12 1 1 1 9 7 12 1 1 1 7 1 10 8 1 10 12 1 1 10 12 1 10 12 1 1 8 1 10 12 1 1 7 1 8 1 10 12 1 10 12 1 1 10 12 1 9 12 1 1 18 12 1 1 10 100 12 1 1 1 10 12 1 1 10 12 1 10 100 12 1 1 1 10 1 1 1 1 1 1 1 1 1 1 1 1 1 1 1 1 1 1 1 1 1 1 1 1 1 1 1 1 1 1 1 1 1 1 1 1 1 16 1 15 10 12 16 1 16 15 10 12 15 10 100 12 1 1 1 1 1 100 1 1 100 1 100 1 1
ciInstanceKlass jdk/internal/foreign/abi/ABIDescriptor 0 0 55 10 100 12 1 1 1 9 100 12 1 1 1 9 12 1 1 9 12 1 9 12 1 9 12 1 1 9 12 1 9 12 1 1 9 12 1 9 12 1 9 12 1 9 12 1 1 1 1 1 1 1 1 1 1
ciInstanceKlass jdk/internal/foreign/abi/VMStorage 0 0 91 10 7 12 1 1 1 9 7 12 1 1 1 9 12 1 1 9 12 1 1 9 12 1 1 7 1 10 8 1 10 12 1 1 10 12 1 10 12 1 1 10 12 1 18 12 1 18 12 1 1 18 12 1 1 1 1 1 1 1 1 1 1 1 1 1 1 1 1 1 1 1 8 1 15 15 15 15 15 10 100 12 1 1 1 1 100 1 100 1 1
ciInstanceKlass jdk/internal/foreign/abi/UpcallLinker$CallRegs 0 0 66 10 7 12 1 1 1 9 7 12 1 1 1 9 12 1 18 12 1 1 18 12 1 1 18 12 1 1 1 1 1 1 1 1 1 1 1 1 1 1 1 1 1 1 100 1 1 1 8 1 15 15 15 10 100 12 1 1 1 1 1 100 1 100 1 1
ciInstanceKlass java/lang/StackWalker 1 1 271 9 7 12 1 1 1 7 1 10 7 12 1 1 1 10 12 1 1 10 7 12 1 1 1 10 12 1 1 10 12 1 11 7 12 1 1 1 10 12 1 1 10 12 1 1 10 12 1 1 100 1 8 1 10 12 1 10 12 1 10 12 1 10 7 12 1 1 9 12 1 1 9 12 1 1 9 12 1 1 9 12 1 1 10 12 1 1 9 12 1 1 9 12 1 1 9 12 1 1 10 7 12 1 1 1 11 12 1 1 100 1 8 1 10 10 7 12 1 1 9 12 1 1 10 12 1 1 10 7 12 1 1 1 10 7 12 1 1 1 18 12 1 1 100 1 8 1 10 8 1 10 12 1 1 10 100 12 1 1 1 10 12 1 1 9 7 12 1 1 11 100 12 1 1 1 10 12 1 1 1 1 1 1 1 1 1 1 1 1 1 1 1 1 1 1 1 1 1 1 1 1 1 1 1 1 1 1 1 1 1 1 1 1 1 1 1 1 1 1 1 1 1 1 1 1 1 1 1 1 1 1 1 1 1 1 1 1 1 1 1 1 1 1 7 1 1 16 15 10 12 16 1 15 10 100 12 1 1 1 1 1 1 1 1 1 100 1 100 1 1
staticfield java/lang/StackWalker DEFAULT_EMPTY_OPTION Ljava/util/EnumSet; java/util/RegularEnumSet
staticfield java/lang/StackWalker DEFAULT_WALKER Ljava/lang/StackWalker; java/lang/StackWalker
ciInstanceKlass java/lang/StackWalker$StackFrame 1 1 41 100 1 10 12 1 1 100 1 100 1 1 1 1 1 1 1 1 1 1 1 1 1 1 1 1 1 1 1 1 1 1 1 1 1 1 1 100 1 1 1
instanceKlass java/lang/LiveStackFrameInfo
ciInstanceKlass java/lang/StackFrameInfo 1 1 142 10 7 12 1 1 1 9 7 12 1 1 1 9 7 1 9 12 1 1 11 7 12 1 1 1 9 12 1 1 11 12 1 1 10 12 1 1 10 7 12 1 1 1 10 12 1 11 12 1 11 12 1 1 11 12 1 10 12 1 1 9 12 1 1 10 12 1 1 10 7 12 1 1 10 12 1 1 11 12 1 1 9 12 1 1 10 7 1 10 12 1 9 12 1 1 10 12 1 1 100 1 8 1 10 12 1 10 7 12 1 1 1 7 1 1 1 1 1 1 1 1 1 1 1 1 1 1 1 1 1 1 7 1 1 7 1 1 1 1 1 1
staticfield java/lang/StackFrameInfo JLIA Ljdk/internal/access/JavaLangInvokeAccess; java/lang/invoke/MethodHandleImpl$1
ciInstanceKlass java/lang/LiveStackFrameInfo 0 0 97 10 7 12 1 1 1 9 7 12 1 1 1 9 12 1 9 12 1 9 12 1 9 12 1 1 7 1 10 12 1 1 10 12 1 8 1 10 12 1 1 8 1 8 1 8 1 10 100 1 10 12 1 100 1 10 12 1 7 1 7 1 1 1 3 1 3 1 1 1 1 1 1 1 1 1 1 1 1 1 1 1 1 1 1 1 1 1 1 1 1 1 1 1 100 1 1
ciInstanceKlass java/lang/LiveStackFrame 0 0 135 100 1 10 100 12 1 1 1 11 7 12 1 1 1 11 12 1 10 7 12 1 1 1 100 1 8 1 10 12 1 1 10 7 12 1 1 1 9 100 12 1 1 1 10 7 12 1 1 1 10 7 12 1 1 1 11 12 1 10 12 1 7 1 7 1 1 1 1 1 1 1 1 1 1 1 1 1 1 1 1 1 1 1 1 1 1 1 1 1 1 1 1 100 1 1 1 1 1 1 1 100 1 8 1 1 12 10 1 1 1 8 1 1 1 8 1 1 1 8 1 1 1 8 1 1 8 1 1 1 8 1 1 8 1
instanceKlass java/lang/StackStreamFactory$StackFrameTraverser
ciInstanceKlass java/lang/StackStreamFactory$AbstractStackWalker 1 1 375 7 1 7 1 3 10 7 12 1 1 1 10 7 12 1 1 10 7 12 1 1 1 9 12 1 1 10 12 1 1 9 12 1 1 9 12 1 1 9 12 1 1 9 12 1 10 7 12 1 1 1 10 12 1 1 10 7 12 1 1 9 12 1 1 9 12 1 1 10 12 1 1 9 7 12 1 1 1 10 12 1 1 10 12 1 9 12 1 1 10 7 12 1 1 1 10 12 1 1 9 12 1 1 9 7 12 1 1 1 7 1 10 8 1 10 12 1 1 10 12 1 8 1 10 12 1 1 10 100 12 1 1 1 100 1 8 1 10 12 1 8 1 10 12 10 7 12 1 1 9 12 1 8 1 5 0 8 1 8 1 9 12 1 1 10 12 1 1 18 12 1 1 10 7 12 1 1 1 10 12 1 1 10 12 1 10 12 1 9 12 1 10 12 1 10 12 1 10 12 1 10 12 1 10 12 1 10 12 1 1 8 1 10 12 1 10 12 1 10 12 1 10 12 1 1 8 1 10 12 1 1 10 12 1 1 10 12 1 1 10 12 1 10 12 1 10 7 12 1 1 1 10 12 1 10 12 1 9 12 1 8 1 10 12 1 10 12 1 10 12 1 1 10 12 1 10 12 1 10 12 1 1 10 12 1 10 12 1 10 12 1 10 12 1 10 12 1 10 12 1 1 10 12 1 1 10 12 1 8 1 1 1 1 1 1 1 1 1 1 1 1 1 7 1 1 1 1 1 1 1 7 1 1 1 1 7 1 1 1 1 1 1 1 1 1 1 1 1 1 1 1 1 1 1 1 16 15 15 10 100 12 1 1 1 1 1 1 1 1 100 1 100 1 1
ciInstanceKlass jdk/internal/module/Modules 1 1 504 10 7 12 1 1 1 9 7 12 1 1 1 11 7 12 1 1 1 11 12 1 1 11 12 1 1 11 12 1 1 11 12 1 11 12 1 11 12 1 11 12 1 11 12 1 1 10 7 12 1 1 1 10 100 12 1 1 1 18 12 1 1 10 7 12 1 1 1 7 1 10 7 12 1 1 1 10 100 12 1 1 1 10 100 12 1 1 10 12 1 1 11 12 1 9 12 1 1 11 7 12 1 1 1 10 12 1 1 10 10 12 1 10 9 12 1 1 10 100 12 1 1 10 12 1 1 10 100 12 1 1 100 1 11 100 12 1 1 1 10 100 12 1 1 1 11 100 12 1 1 10 12 1 1 10 100 12 1 1 10 100 12 1 1 1 10 12 1 1 10 12 1 1 11 12 1 1 18 12 1 1 11 100 12 1 1 10 100 12 1 1 1 11 100 12 1 1 1 7 1 11 12 1 1 11 7 12 1 1 1 11 12 1 1 10 12 1 1 10 100 12 1 1 18 12 1 1 11 12 1 1 18 12 1 1 11 12 1 1 10 12 1 18 18 10 12 1 1 9 12 1 1 11 7 12 1 1 1 100 1 10 11 12 1 11 12 1 1 11 12 1 1 10 100 1 10 12 1 1 10 100 12 1 1 10 12 1 1 11 12 10 12 1 1 7 1 10 18 12 1 10 12 1 1 7 1 8 1 10 12 1 10 100 12 1 1 18 12 1 11 11 12 10 12 1 10 10 100 1 18 12 1 10 10 10 7 12 1 1 10 7 12 1 1 1 10 12 1 1 1 1 1 1 1 1 1 1 1 1 1 1 1 1 1 1 1 1 1 1 1 1 1 1 1 1 1 1 1 1 1 100 1 1 1 1 1 1 1 1 1 1 1 1 1 1 1 1 1 1 1 1 1 1 1 1 1 1 1 1 1 1 1 1 1 1 1 7 1 1 1 1 1 1 1 1 1 1 1 1 1 1 1 1 1 1 1 1 1 1 1 16 15 10 12 1 16 16 15 10 12 1 16 1 16 1 15 10 12 1 16 1 16 1 15 10 12 16 1 15 10 16 1 15 10 12 16 1 15 10 12 16 15 10 12 16 15 10 12 15 10 100 12 1 1 1 1 1 1 100 1 100 1 1
staticfield jdk/internal/module/Modules JLA Ljdk/internal/access/JavaLangAccess; java/lang/System$2
staticfield jdk/internal/module/Modules JLMA Ljdk/internal/access/JavaLangModuleAccess; java/lang/module/ModuleDescriptor$1
staticfield jdk/internal/module/Modules $assertionsDisabled Z 1
instanceKlass org/eclipse/sisu/bean/BeanScheduler$Pending
instanceKlass org/apache/maven/artifact/versioning/ComparableVersion$ListItem
ciInstanceKlass java/util/ArrayList 1 1 509 10 7 12 1 1 1 7 1 9 7 12 1 1 1 9 12 1 100 1 7 1 10 8 1 10 12 1 1 10 12 1 10 12 1 1 10 12 1 9 12 1 11 7 12 1 1 1 9 12 1 1 11 12 1 1 7 10 7 12 1 1 1 9 12 1 10 12 1 10 12 1 1 10 7 12 1 1 1 10 7 12 1 1 1 10 12 1 1 10 12 1 1 10 12 1 1 10 12 1 10 12 1 1 100 1 7 1 10 12 1 10 10 7 12 1 1 1 10 7 12 1 1 10 12 1 100 1 10 10 12 10 12 1 1 10 12 1 1 10 12 1 10 12 10 12 1 1 7 1 10 12 1 1 10 12 1 1 10 12 1 100 1 10 11 12 1 1 11 7 12 1 1 1 11 12 1 10 12 1 10 12 1 10 12 1 1 100 1 10 12 1 1 10 10 12 1 1 10 12 1 8 1 8 1 8 1 8 1 10 12 1 1 10 12 1 1 11 12 1 7 1 10 100 12 1 1 10 12 1 10 12 1 1 10 7 12 1 1 10 12 1 10 7 12 1 1 1 11 7 12 1 1 1 10 12 1 100 1 8 1 10 7 1 10 12 1 7 1 10 12 1 10 12 1 1 7 1 10 12 1 10 12 1 1 11 7 12 1 1 7 1 10 12 1 10 12 1 1 11 7 12 1 1 10 12 1 1 10 12 1 1 10 12 1 1 10 12 1 1 11 100 12 1 1 10 12 1 1 7 1 7 1 7 1 1 1 1 5 0 1 3 1 1 1 1 1 1 1 1 1 1 1 1 1 1 1 1 1 1 1 1 1 1 1 1 1 1 1 1 1 1 1 1 1 1 1 1 1 1 1 1 1 1 1 1 1 1 1 1 1 1 1 1 1 1 1 1 1 1 1 1 1 1 1 1 1 1 1 1 1 1 1 1 1 1 1 1 1 1 1 1 1 1 1 1 1 1 1 1 1 1 1 1 1 1 1 1 1 1 1 1 1 1 1 1 7 1 1 1 1 7 1 1 1 1 1 1 1 1 1 1 1 1 1 1 1 1 1 1 1 1 1 1 1 1 1 1 1 1 1 100 1 1 1 1 1 1 1 1 1 1 1 1 1 1 1 1 1 1 100 1 100 1 1 1 1 1 1
staticfield java/util/ArrayList EMPTY_ELEMENTDATA [Ljava/lang/Object; 0 [Ljava/lang/Object;
staticfield java/util/ArrayList DEFAULTCAPACITY_EMPTY_ELEMENTDATA [Ljava/lang/Object; 0 [Ljava/lang/Object;
ciInstanceKlass java/util/RandomAccess 1 0 7 100 1 100 1 1 1
ciInstanceKlass jdk/internal/reflect/ReflectionFactory 1 1 622 7 1 10 7 12 1 1 1 10 7 12 1 1 1 9 12 1 1 10 7 12 1 1 1 9 100 12 1 1 1 10 7 12 1 1 1 9 12 1 1 11 7 12 1 1 1 7 1 10 12 1 1 10 7 12 1 1 1 11 12 1 1 10 12 1 1 10 7 12 1 1 1 10 100 12 1 1 7 1 10 12 1 10 12 1 1 10 12 1 10 12 1 1 10 7 12 1 1 10 12 1 1 100 1 10 12 1 10 12 1 1 7 1 10 10 12 1 1 10 12 1 1 10 12 1 10 10 12 1 1 7 1 10 7 1 10 10 12 1 100 1 10 12 1 8 1 10 12 1 1 7 1 10 100 12 1 1 1 100 1 10 12 1 10 10 10 12 1 1 7 1 10 10 12 1 11 12 1 1 11 12 1 1 11 12 1 1 11 12 1 1 11 12 1 11 12 1 1 11 12 1 1 11 12 1 1 11 12 1 1 11 12 1 1 100 1 10 12 1 1 10 12 1 1 10 12 1 1 100 1 10 12 1 10 12 1 9 12 1 1 7 1 100 1 10 10 12 1 10 12 1 1 10 12 1 10 12 1 10 12 1 10 12 1 10 12 1 1 10 12 1 11 12 1 1 11 12 1 1 11 12 1 1 11 12 1 10 10 8 1 100 1 10 12 1 1 8 1 8 1 100 1 10 12 1 1 9 100 12 1 1 1 10 12 1 10 12 1 10 10 100 12 1 1 1 10 100 12 1 1 1 100 1 7 1 8 1 10 12 1 8 1 10 12 1 1 8 1 10 12 1 10 12 1 9 12 1 1 100 1 8 1 7 1 10 8 1 10 12 1 1 10 12 1 10 12 1 10 12 1 1 7 1 10 12 1 100 1 8 1 100 1 9 8 1 10 12 1 1 9 7 12 1 1 1 9 12 9 12 1 9 12 1 9 12 9 12 1 10 7 12 1 1 9 12 1 10 12 1 10 7 12 1 1 1 8 1 10 7 12 1 1 1 8 1 10 7 12 1 1 1 8 1 10 7 12 1 1 1 100 1 7 1 8 1 10 8 1 8 1 8 1 8 1 8 1 8 1 10 12 1 10 12 1 10 12 1 1 10 12 1 10 12 1 10 1 1 3 1 3 1 3 1 1 1 1 1 1 1 1 1 1 1 1 1 1 1 1 1 1 1 1 1 1 1 1 1 1 1 1 1 1 1 1 1 1 1 1 1 1 1 1 1 1 1 1 1 1 1 1 1 1 1 1 1 1 1 1 100 1 1 1 1 1 1 1 1 1 1 1 1 100 1 1 1 1 1 1 1 1 1 1 1 1 1 1 1 1 1 1 1 1 1 1 1 1 7 1 1 1 1 1 1 1 1 1 1 1 1 1 1 1 1 1 1 100 1 1 1 1 1
staticfield jdk/internal/reflect/ReflectionFactory soleInstance Ljdk/internal/reflect/ReflectionFactory; jdk/internal/reflect/ReflectionFactory
staticfield jdk/internal/reflect/ReflectionFactory DEFAULT_CONFIG Ljdk/internal/reflect/ReflectionFactory$Config; jdk/internal/reflect/ReflectionFactory$Config
staticfield jdk/internal/reflect/ReflectionFactory $assertionsDisabled Z 1
ciMethod jdk/internal/reflect/ReflectionFactory newFieldAccessor (Ljava/lang/reflect/Field;Z)Ljdk/internal/reflect/FieldAccessor; 768 0 2235 0 0
ciMethod jdk/internal/reflect/ReflectionFactory useFieldHandleAccessor ()Z 768 0 2235 0 0
ciMethod jdk/internal/reflect/ReflectionFactory config ()Ljdk/internal/reflect/ReflectionFactory$Config; 906 0 3401 0 0
ciMethod jdk/internal/reflect/ReflectionFactory loadConfig ()Ljdk/internal/reflect/ReflectionFactory$Config; 2 0 1 0 -1
ciInstanceKlass java/lang/annotation/Annotation 1 0 17 100 1 100 1 1 1 1 1 1 1 1 1 1 1 1 1
ciInstanceKlass sun/invoke/util/Wrapper 1 1 535 7 1 9 12 1 1 9 12 1 9 12 1 9 12 1 9 12 1 9 12 1 9 12 1 9 12 1 9 12 1 9 12 1 9 12 1 1 10 7 12 1 1 10 7 12 1 1 1 10 12 1 1 9 12 1 1 9 12 1 9 12 1 1 10 7 12 1 1 9 12 1 1 9 12 1 1 9 12 1 1 9 12 1 9 12 1 7 1 10 12 1 10 12 1 1 7 1 10 7 12 1 1 10 12 1 8 1 10 7 12 1 1 1 10 12 1 1 10 100 12 1 1 1 10 12 1 7 1 10 12 1 1 10 12 1 10 12 1 10 12 1 1 10 12 1 9 12 1 1 10 12 1 10 12 1 100 1 10 10 12 1 1 10 12 1 1 10 12 1 1 9 7 12 1 1 1 10 12 1 10 7 12 1 1 10 7 12 1 1 10 7 12 1 1 9 12 1 9 12 1 10 12 1 1 9 12 1 9 9 9 9 9 9 7 1 9 7 1 9 7 1 8 1 10 12 1 1 9 12 1 10 12 1 1 10 12 1 10 12 1 1 10 12 1 1 7 1 10 8 1 8 1 10 7 12 1 1 10 12 1 1 10 12 1 1 7 1 8 1 10 12 1 10 12 1 10 12 1 10 12 1 10 12 1 10 12 1 10 12 1 10 12 1 1 10 12 1 1 10 12 1 10 12 1 10 12 1 1 10 7 12 1 1 10 12 1 1 10 12 1 1 10 12 1 10 12 1 1 10 12 1 10 12 1 1 10 12 1 1 10 12 1 8 1 10 10 12 1 10 12 1 100 1 10 10 100 12 1 1 1 10 12 1 10 12 1 1 10 12 1 1 10 12 1 8 8 1 8 1 10 12 1 1 10 12 1 8 8 1 8 1 10 12 1 8 8 1 8 1 8 8 1 8 1 8 8 1 8 1 8 8 1 8 1 8 8 1 8 1 10 12 1 8 8 1 8 1 8 8 1 10 12 1 8 8 1 8 1 10 12 1 10 12 1 1 1 3 1 1 1 1 1 1 1 1 1 1 1 1 1 1 1 1 1 1 1 1 1 1 1 1 1 1 1 1 1 1 1 1 1 1 1 1 1 1 1 1 1 1 1 1 1 1 1 1 1 1 1 1 1 1 1 1 1 1 1 1 1 1 1 1 1 1 1 1 1 1 1 1 1 1 1 1 1 1 1 1 1 1 1 1 1 1 1
staticfield sun/invoke/util/Wrapper BOOLEAN Lsun/invoke/util/Wrapper; sun/invoke/util/Wrapper
staticfield sun/invoke/util/Wrapper BYTE Lsun/invoke/util/Wrapper; sun/invoke/util/Wrapper
staticfield sun/invoke/util/Wrapper SHORT Lsun/invoke/util/Wrapper; sun/invoke/util/Wrapper
staticfield sun/invoke/util/Wrapper CHAR Lsun/invoke/util/Wrapper; sun/invoke/util/Wrapper
staticfield sun/invoke/util/Wrapper INT Lsun/invoke/util/Wrapper; sun/invoke/util/Wrapper
staticfield sun/invoke/util/Wrapper LONG Lsun/invoke/util/Wrapper; sun/invoke/util/Wrapper
staticfield sun/invoke/util/Wrapper FLOAT Lsun/invoke/util/Wrapper; sun/invoke/util/Wrapper
staticfield sun/invoke/util/Wrapper DOUBLE Lsun/invoke/util/Wrapper; sun/invoke/util/Wrapper
staticfield sun/invoke/util/Wrapper OBJECT Lsun/invoke/util/Wrapper; sun/invoke/util/Wrapper
staticfield sun/invoke/util/Wrapper VOID Lsun/invoke/util/Wrapper; sun/invoke/util/Wrapper
staticfield sun/invoke/util/Wrapper DOUBLE_ZERO Ljava/lang/Object; java/lang/Double
staticfield sun/invoke/util/Wrapper FLOAT_ZERO Ljava/lang/Object; java/lang/Float
staticfield sun/invoke/util/Wrapper FROM_CHAR [Lsun/invoke/util/Wrapper; 16 [Lsun/invoke/util/Wrapper;
staticfield sun/invoke/util/Wrapper $VALUES [Lsun/invoke/util/Wrapper; 10 [Lsun/invoke/util/Wrapper;
staticfield sun/invoke/util/Wrapper $assertionsDisabled Z 1
ciMethod sun/invoke/util/Wrapper forPrimitiveType (Ljava/lang/Class;)Lsun/invoke/util/Wrapper; 52 0 2944 0 0
ciMethod sun/invoke/util/Wrapper primitiveType ()Ljava/lang/Class; 148 0 74 0 -1
ciMethod sun/invoke/util/Wrapper newIllegalArgumentException (Ljava/lang/String;)Ljava/lang/RuntimeException; 0 0 1 0 -1
ciInstanceKlass java/util/Properties$LineReader 1 1 94 10 7 12 1 1 1 9 7 12 1 1 1 9 12 1 1 9 12 1 9 12 1 1 9 12 1 1 9 12 1 1 9 12 1 10 7 12 1 1 1 10 7 12 1 1 10 100 12 1 1 1 10 100 12 1 1 1 1 1 1 1 1 1 1 1 1 1 1 1 1 1 1 1 1 1 1 1 1 1 1 1 100 100 1 100 1 1 1 1 100 1 1 1
ciMethod java/util/Properties$LineReader readLine ()I 98 122916 2383 0 -1
ciInstanceKlass java/lang/reflect/ReflectAccess 1 1 191 10 7 12 1 1 1 7 1 10 12 1 10 7 12 1 1 1 10 12 1 1 10 12 1 1 10 12 1 1 10 12 1 1 10 12 1 1 10 12 1 1 10 12 1 10 7 12 1 1 10 12 1 1 10 12 1 1 10 12 1 10 7 12 1 1 10 12 1 10 7 12 1 1 1 10 12 1 1 10 12 1 1 10 100 12 1 1 1 100 1 100 1 1 1 1 1 1 1 1 1 1 1 1 1 1 1 1 1 1 1 1 1 1 1 1 1 1 1 1 1 1 1 1 1 1 1 1 1 1 1 1 1 1 1 1 1 1 1 1 1 1 1 1 1 1 1 1 1 1 1 1 1 1 1 1 1 1 1 1 1 1 1 1 1 1 1 1 1 1 1 1 1 1 1 1 100 1 100 1 100 1 1 1 1 1 100 1 1 1 1
ciInstanceKlass jdk/internal/access/JavaLangReflectAccess 1 0 64 100 1 100 1 1 1 1 1 1 1 1 1 1 1 1 1 1 1 1 1 1 1 1 1 1 1 1 1 1 1 1 1 1 1 1 1 1 1 1 1 1 1 1 1 1 1 1 1 1 100 1 100 1 100 1 1 1 1 100 1 1 1 1
ciMethod jdk/internal/access/JavaLangReflectAccess getRoot (Ljava/lang/reflect/AccessibleObject;)Ljava/lang/reflect/AccessibleObject; 0 0 1 0 -1
ciMethod jdk/internal/access/JavaLangReflectAccess isTrustedFinalField (Ljava/lang/reflect/Field;)Z 0 0 1 0 -1
ciMethod java/lang/reflect/ReflectAccess getRoot (Ljava/lang/reflect/AccessibleObject;)Ljava/lang/reflect/AccessibleObject; 794 0 2802 0 0
ciInstanceKlass java/lang/invoke/MemberName$Factory 1 1 130 100 1 10 7 12 1 1 1 10 7 12 1 1 1 9 7 12 1 1 1 10 12 1 1 100 1 10 10 7 12 1 1 1 10 12 1 1 10 12 1 1 9 12 1 1 7 1 7 1 10 12 1 1 10 12 1 10 12 1 1 10 12 1 10 12 1 10 12 1 1 100 1 10 7 12 1 1 1 100 1 10 12 1 10 9 12 1 1 1 1 1 1 1 1 1 1 1 1 1 1 1 1 1 1 1 1 1 100 1 1 1 1 1 1 1 1 1 1 1 1 1 1 1 1 1 1 1 1 1
staticfield java/lang/invoke/MemberName$Factory INSTANCE Ljava/lang/invoke/MemberName$Factory; java/lang/invoke/MemberName$Factory
staticfield java/lang/invoke/MemberName$Factory $assertionsDisabled Z 1
ciMethod java/lang/invoke/MemberName$Factory resolveOrNull (BLjava/lang/invoke/MemberName;Ljava/lang/Class;I)Ljava/lang/invoke/MemberName; 230 0 442 0 0
ciMethod java/lang/invoke/MemberName$Factory resolveOrFail (BLjava/lang/invoke/MemberName;Ljava/lang/Class;ILjava/lang/Class;)Ljava/lang/invoke/MemberName; 512 0 2691 0 -1
ciMethod java/lang/invoke/MemberName$Factory resolve (BLjava/lang/invoke/MemberName;Ljava/lang/Class;IZ)Ljava/lang/invoke/MemberName; 514 0 3133 0 -1
ciInstanceKlass java/lang/invoke/DirectMethodHandle$Interface 1 1 128 10 7 12 1 1 1 9 7 12 1 1 1 10 7 12 1 1 1 100 1 10 12 1 9 12 1 1 9 12 1 1 9 12 1 10 12 1 10 12 1 1 10 12 1 9 12 1 1 10 12 1 1 8 1 7 1 10 12 1 1 10 12 1 1 10 7 12 1 1 1 100 1 10 12 1 8 1 100 1 10 10 12 1 1 10 12 1 1 1 1 1 1 1 1 1 1 1 1 7 1 7 1 7 1 1 1 1 1 1 1 1 1 1 1 1 1 1 1 1 1 1 1 1 1 1 1 1
staticfield java/lang/invoke/DirectMethodHandle$Interface $assertionsDisabled Z 1
ciMethod java/lang/invoke/DirectMethodHandle$Interface <init> (Ljava/lang/invoke/MethodType;Ljava/lang/invoke/LambdaForm;Ljava/lang/invoke/MemberName;ZLjava/lang/Class;)V 20 0 49 0 0
ciInstanceKlass java/lang/invoke/DirectMethodHandle$Accessor 1 1 93 10 7 12 1 1 1 10 7 12 1 1 1 9 7 12 1 1 1 9 12 1 1 10 7 12 1 1 1 9 12 1 1 9 12 1 1 10 12 1 9 12 1 10 12 1 1 100 1 10 12 1 9 12 1 1 10 12 1 1 10 12 1 1 1 1 1 1 1 1 1 1 1 1 1 1 1 1 1 1 1 1 1 1 1 1 1 1 1 1 1 1 1
staticfield java/lang/invoke/DirectMethodHandle$Accessor $assertionsDisabled Z 1
ciMethod java/lang/invoke/DirectMethodHandle$Accessor <init> (Ljava/lang/invoke/MethodType;Ljava/lang/invoke/LambdaForm;Ljava/lang/invoke/MemberName;ZI)V 48 0 1229 0 0
ciInstanceKlass java/lang/invoke/DirectMethodHandle$Constructor 1 1 91 10 7 12 1 1 1 9 7 12 1 1 1 9 12 1 1 9 12 1 1 10 100 12 1 1 1 100 1 10 12 1 9 12 1 9 12 1 10 12 1 10 12 1 1 9 12 1 1 10 12 1 1 10 7 12 1 1 1 1 1 1 1 1 1 1 1 1 1 1 100 1 100 1 1 1 1 1 1 1 1 1 1 1 1 1 1 1 1 1 1
staticfield java/lang/invoke/DirectMethodHandle$Constructor $assertionsDisabled Z 1
ciInstanceKlass sun/invoke/util/VerifyAccess 1 1 266 100 1 7 1 7 1 10 7 12 1 1 1 9 12 1 1 100 1 10 10 12 1 1 10 7 12 1 1 1 10 12 1 1 10 12 1 10 12 1 10 7 12 1 1 100 1 7 1 10 8 1 10 12 1 1 10 12 1 1 10 12 1 10 12 1 10 12 1 1 10 12 1 10 12 1 10 12 1 1 10 12 1 1 10 12 1 10 12 1 1 10 12 1 1 10 12 1 10 7 12 1 1 1 10 12 1 1 10 100 12 1 1 10 12 1 1 10 12 1 10 12 1 1 10 12 1 1 10 12 1 8 1 10 7 12 1 1 7 1 10 12 1 10 7 12 1 1 1 10 7 12 1 1 10 12 1 10 12 1 10 12 1 1 10 12 1 1 10 12 1 10 7 12 1 1 10 12 1 1 10 12 1 1 1 1 3 1 3 1 3 1 3 1 3 1 3 1 3 1 1 1 1 1 1 1 1 1 1 1 1 1 1 1 1 1 1 1 1 1 1 1 1 1 1 1 1 1 1 1 1 1 1 1 1 1 1 1 1 1 1 1 1 1 1 1 1 1 1 1 1 1 1 1 1 1 1 1 1 1 1 1 1 100 1 1
staticfield sun/invoke/util/VerifyAccess $assertionsDisabled Z 1
ciMethod sun/invoke/util/VerifyAccess isSamePackage (Ljava/lang/Class;Ljava/lang/Class;)Z 512 0 5768 0 4056
ciMethod sun/invoke/util/VerifyAccess isMemberAccessible (Ljava/lang/Class;Ljava/lang/Class;ILjava/lang/Class;Ljava/lang/Class;I)Z 398 0 2311 0 -1
ciInstanceKlass java/lang/invoke/InvokerBytecodeGenerator 1 1 1551 7 1 100 1 9 12 1 1 9 7 12 1 1 1 10 7 12 1 1 1 100 1 10 7 12 1 1 1 10 7 12 1 1 1 7 1 10 9 12 1 1 10 7 12 1 1 1 10 12 1 1 10 12 1 10 12 1 1 10 7 12 1 1 1 10 12 1 1 9 12 1 1 7 1 10 8 1 10 12 1 1 10 12 1 1 9 12 1 9 12 1 1 9 12 1 9 12 1 1 9 12 1 1 7 1 9 12 1 1 10 7 12 1 1 1 10 12 1 10 12 1 1 10 12 1 1 10 7 12 1 1 1 10 12 1 10 7 12 1 1 10 12 1 9 12 1 1 10 7 12 1 1 1 10 7 12 1 1 9 12 1 1 10 100 12 1 1 1 7 1 10 12 1 1 10 12 1 10 12 1 1 10 10 12 1 8 1 8 7 1 8 1 8 8 1 10 12 1 1 10 12 1 10 12 1 8 1 10 12 1 8 1 11 7 12 1 1 10 12 1 8 1 7 1 10 12 1 11 12 1 1 10 12 1 1 10 7 1 10 12 1 10 9 12 1 11 7 12 1 1 1 10 12 1 1 10 12 1 1 10 7 12 1 1 1 10 12 1 1 10 12 1 9 12 1 1 7 1 10 7 12 1 1 1 7 1 10 12 1 10 12 1 1 9 12 1 1 100 1 8 10 12 1 1 8 1 10 12 1 1 10 12 1 9 12 1 1 10 12 1 1 9 12 1 1 10 7 12 1 1 1 10 12 1 11 12 1 9 12 1 11 12 1 11 12 1 11 12 1 11 12 1 11 12 1 11 12 1 1 11 7 12 1 1 11 12 1 9 9 12 1 10 12 1 1 10 7 1 8 1 8 10 12 1 8 1 8 1 10 7 12 1 1 1 10 12 1 1 8 8 8 1 10 12 1 1 10 12 1 1 10 12 1 1 8 10 12 1 10 12 1 1 8 8 10 12 1 10 12 7 1 10 12 1 1 7 1 10 12 1 1 7 1 10 12 1 1 7 1 10 12 1 1 7 1 10 12 1 1 7 1 10 12 1 1 7 1 10 12 1 10 12 1 10 12 1 1 9 7 12 1 1 10 12 1 7 1 8 1 10 12 1 10 12 1 9 12 1 1 10 12 1 1 10 12 1 10 12 1 9 12 1 10 10 9 12 1 1 100 1 10 8 1 10 12 1 8 8 1 10 12 1 10 12 1 8 1 10 12 1 8 1 8 1 10 12 1 1 10 12 1 1 10 12 1 10 7 12 1 1 1 9 12 1 9 12 1 10 12 1 1 10 12 1 10 12 1 1 8 1 8 1 10 12 1 10 12 1 10 12 1 1 10 12 1 1 10 12 1 1 10 12 1 10 12 1 1 10 12 1 8 8 1 8 7 1 8 10 12 1 8 1 8 10 7 12 1 1 1 10 12 1 10 12 9 12 1 9 12 1 10 12 1 1 9 12 1 1 10 7 12 1 1 8 1 10 12 1 1 10 12 1 1 10 12 1 1 9 12 1 9 12 1 1 9 7 12 1 1 9 12 1 10 10 7 12 1 1 1 10 7 12 1 1 7 1 10 12 1 1 10 12 1 10 7 1 7 1 7 1 10 12 1 1 8 1 10 12 1 10 12 1 1 10 12 1 1 8 1 8 1 8 1 10 12 1 1 8 1 10 12 1 10 12 1 10 12 1 1 7 1 10 12 1 1 10 12 1 10 12 1 1 10 12 1 10 12 1 10 12 1 9 12 1 10 12 1 1 9 12 1 9 12 1 9 12 1 9 12 1 10 12 1 9 12 1 10 12 1 1 9 12 1 1 10 7 12 1 1 1 9 12 1 10 7 1 10 12 1 1 9 12 1 9 12 1 100 8 1 10 12 1 1 9 12 1 10 12 1 1 10 12 1 10 12 1 1 10 12 1 10 12 1 10 12 1 10 12 1 10 12 1 1 10 12 1 10 12 1 10 12 1 10 12 1 10 12 1 10 12 1 1 9 12 10 12 1 10 12 1 8 1 10 12 1 10 12 1 1 10 12 1 1 10 12 1 10 12 1 10 12 1 10 7 1 100 1 10 12 1 10 12 1 10 12 1 10 12 1 10 12 1 1 10 12 1 1 10 12 1 10 12 1 1 10 12 1 8 1 10 12 10 12 1 10 12 1 10 12 1 10 12 1 10 12 1 1 10 12 1 10 12 1 10 12 1 1 10 12 1 10 12 1 10 12 1 10 12 10 12 1 1 10 12 1 10 7 12 1 9 12 1 10 12 1 10 10 12 1 10 12 1 10 12 1 10 12 1 10 12 1 10 12 1 1 10 12 1 10 12 1 10 12 1 8 1 10 12 1 7 1 10 10 12 1 10 12 1 1 10 7 12 1 10 12 10 12 1 1 10 7 12 1 1 1 10 12 10 12 1 1 10 12 1 1 8 1 10 12 1 1 8 1 8 7 10 12 1 1 9 100 1 10 12 1 1 10 12 1 1 10 12 1 10 12 1 8 1 8 1 8 1 100 10 12 1 1 100 1 11 100 12 1 1 18 12 1 1 11 12 1 1 18 12 1 1 11 12 1 1 18 12 1 11 12 1 1 100 1 9 10 12 8 8 1 8 1 10 12 1 1 10 7 12 1 1 1 10 12 1 10 12 1 10 12 1 10 12 1 1 10 12 1 9 12 1 9 12 1 10 12 1 10 12 1 10 12 1 1 10 12 1 10 12 1 100 1 8 1 8 1 10 10 12 1 1 10 12 1 8 1 10 12 1 10 12 1 1 8 1 10 12 1 10 12 1 10 12 1 8 1 8 8 1 8 1 10 12 1 9 12 1 8 1 10 100 12 1 1 10 12 1 8 1 10 12 1 1 9 12 1 1 8 1 10 12 1 10 12 1 1 10 8 1 10 12 8 1 8 1 8 1 8 1 1 1 1 1 8 1 1 1 1 1 1 1 1 8 1 1 1 1 1 1 1 1 1 1 1 1 1 1 1 1 1 1 1 1 1 1 1 1 100 1 1 1 1 1 1 1 1 1 1 1 1 1 1 1 1 1 1 1 1 1 1 1 1 1 1 1 1 1 1 1 1 1 1 1 1 1 1 1 1 1 1 1 1 1 1 1 1 1 1 1 1 1 1 1 1 1 1 1 1 1 1 1 1 1 1 1 1 1 1 1 100 1 1 1 1 1 1 1 1 1 1 1 1 1 1 1 1 1 1 1 1 1 1 1 1 1 1 1 1 1 1 1 1 1 1 1 1 1 1 100 1 1 1 1 1 1 1 1 1 1 1 1 1 1 1 1 1 1 1 1 1 1 1 1 1 1 1 1 1 1 1 1 1 1 1 1 1 1 1 1 1 1 1 1 1 1 1 1 1 1 1 1 1 1 1 1 1 1 1 1 1 1 16 15 10 12 16 16 15 16 1 16 15 10 12 16 15 10 100 12 1 1 1 1 7 1 1 1 1 1 1 1 1 1 1 100 1 1 100 1 7 1 1 1 1 1
staticfield java/lang/invoke/InvokerBytecodeGenerator MEMBERNAME_FACTORY Ljava/lang/invoke/MemberName$Factory; java/lang/invoke/MemberName$Factory
staticfield java/lang/invoke/InvokerBytecodeGenerator HOST_CLASS Ljava/lang/Class; java/lang/Class
staticfield java/lang/invoke/InvokerBytecodeGenerator LOOKUP Ljava/lang/invoke/MethodHandles$Lookup; java/lang/invoke/MethodHandles$Lookup
staticfield java/lang/invoke/InvokerBytecodeGenerator DUMP_CLASS_FILES_COUNTERS Ljava/util/HashMap; 
staticfield java/lang/invoke/InvokerBytecodeGenerator DONTINLINE_SIG Ljava/lang/String; "Ljdk/internal/vm/annotation/DontInline;"
staticfield java/lang/invoke/InvokerBytecodeGenerator FORCEINLINE_SIG Ljava/lang/String; "Ljdk/internal/vm/annotation/ForceInline;"
staticfield java/lang/invoke/InvokerBytecodeGenerator HIDDEN_SIG Ljava/lang/String; "Ljdk/internal/vm/annotation/Hidden;"
staticfield java/lang/invoke/InvokerBytecodeGenerator INJECTEDPROFILE_SIG Ljava/lang/String; "Ljava/lang/invoke/InjectedProfile;"
staticfield java/lang/invoke/InvokerBytecodeGenerator LF_COMPILED_SIG Ljava/lang/String; "Ljava/lang/invoke/LambdaForm$Compiled;"
staticfield java/lang/invoke/InvokerBytecodeGenerator STATICALLY_INVOCABLE_PACKAGES [Ljava/lang/Class; 3 [Ljava/lang/Class;
staticfield java/lang/invoke/InvokerBytecodeGenerator $assertionsDisabled Z 1
ciMethod java/lang/invoke/InvokerBytecodeGenerator generateLambdaFormInterpreterEntryPoint (Ljava/lang/invoke/MethodType;)Ljava/lang/invoke/MemberName; 0 0 1 0 -1
ciMethod java/lang/invoke/InvokerBytecodeGenerator generateCustomizedCode (Ljava/lang/invoke/LambdaForm;Ljava/lang/invoke/MethodType;)Ljava/lang/invoke/MemberName; 512 0 622 0 -1
ciInstanceKlass jdk/internal/util/ReferencedKeySet 1 1 118 10 7 12 1 1 1 9 7 12 1 1 1 10 12 1 1 10 7 12 1 1 10 12 1 10 12 1 10 12 1 1 11 100 12 1 1 1 10 12 1 1 10 12 1 1 10 12 1 1 10 12 1 1 10 12 1 1 10 12 1 10 12 1 7 1 11 12 1 10 12 1 1 10 12 1 1 1 1 1 1 1 1 1 1 1 1 1 1 1 1 1 1 1 1 1 1 1 1 1 1 1 1 1 1 1 1 100 1 1 1 1 1 1 1 1 1 1
ciMethod jdk/internal/util/ReferencedKeySet get (Ljava/lang/Object;)Ljava/lang/Object; 512 0 12701 0 -1
ciMethod jdk/internal/util/ReferencedKeySet intern (Ljava/lang/Object;)Ljava/lang/Object; 238 0 3053 0 -1
ciInstanceKlass jdk/internal/reflect/MethodHandleAccessorFactory 1 1 367 10 7 12 1 1 1 10 7 12 1 1 1 10 7 12 1 1 1 10 7 12 1 1 1 10 12 1 1 10 12 1 1 10 12 1 1 10 12 1 1 10 12 1 100 1 7 1 10 12 1 10 7 12 1 1 10 7 1 9 7 12 1 1 1 11 7 12 1 1 1 10 7 12 1 1 1 10 7 12 1 1 1 10 12 1 1 10 12 1 1 7 1 10 12 1 1 10 12 1 1 10 12 1 1 10 7 12 1 1 1 7 1 10 10 7 1 10 7 12 1 1 1 10 12 1 1 8 1 10 8 1 10 12 1 10 12 1 11 12 1 1 10 12 1 9 7 12 1 1 1 10 7 12 1 1 1 9 7 1 10 100 1 9 7 1 10 7 1 9 7 1 10 100 1 9 7 1 10 7 1 9 7 1 10 7 1 9 7 1 10 100 1 9 7 1 10 100 1 10 7 1 10 12 1 10 12 1 1 10 12 1 1 10 12 1 10 7 12 1 1 1 10 11 12 1 1 11 12 1 10 12 1 1 10 12 1 10 12 1 1 10 12 1 1 10 12 1 10 7 12 1 1 1 10 12 1 10 12 1 10 12 1 9 12 1 1 10 7 12 1 1 1 10 10 7 1 10 12 1 10 7 12 1 1 10 12 1 10 12 1 10 10 12 1 10 12 1 1 10 12 1 1 1 1 1 3 1 3 1 1 1 1 1 1 1 1 1 1 1 1 1 1 1 1 1 1 1 1 1 1 1 1 1 1 1 1 1 1 1 1 1 1 1 1 1 1 7 1 1 1 1 1 1 1 1 1 1 1 1 100 1 1 1 1 1 1
staticfield jdk/internal/reflect/MethodHandleAccessorFactory UNSAFE Ljdk/internal/misc/Unsafe; jdk/internal/misc/Unsafe
ciInstanceKlass jdk/internal/reflect/MethodHandleAccessorFactory$LazyStaticHolder 1 1 32 10 100 12 1 1 1 10 7 12 1 1 1 9 7 12 1 1 1 1 1 1 1 1 1 1 1 1 100 1 1 1
staticfield jdk/internal/reflect/MethodHandleAccessorFactory$LazyStaticHolder JLIA Ljdk/internal/access/JavaLangInvokeAccess; java/lang/invoke/MethodHandleImpl$1
ciMethod jdk/internal/reflect/MethodHandleAccessorFactory ensureClassInitialized (Ljava/lang/Class;)V 808 0 2801 0 0
ciMethod jdk/internal/reflect/MethodHandleAccessorFactory newFieldAccessor (Ljava/lang/reflect/Field;Z)Ljdk/internal/reflect/FieldAccessorImpl; 768 0 2235 0 0
ciInstanceKlass jdk/internal/reflect/ReflectionFactory$Config 1 1 79 10 7 12 1 1 1 9 7 12 1 1 1 9 12 1 1 9 12 1 9 12 1 9 12 1 18 12 1 1 18 12 1 1 18 12 1 1 1 1 1 1 1 1 1 1 1 1 1 1 1 1 1 1 7 1 1 1 8 1 15 15 15 15 15 15 10 100 12 1 1 1 1 1 100 1 100 1 1
ciInstanceKlass jdk/internal/reflect/MethodHandleObjectFieldAccessorImpl 1 1 225 10 7 12 1 1 1 10 7 12 1 1 1 7 1 10 7 12 1 1 1 10 7 12 1 1 1 9 7 12 1 1 1 10 12 1 7 1 10 12 1 7 1 10 12 1 1 10 7 1 10 12 1 9 12 1 1 10 12 1 1 10 12 1 100 1 100 1 100 1 10 12 1 1 100 1 100 1 10 12 1 10 12 1 1 10 12 1 10 12 1 10 12 1 10 12 1 10 12 1 10 12 1 10 12 1 10 12 1 1 10 12 1 10 12 1 9 12 1 10 12 10 12 1 10 12 1 10 12 1 10 12 1 10 12 1 10 12 1 10 12 1 10 12 1 10 12 1 10 12 1 1 1 1 1 1 1 1 1 1 1 1 1 1 1 1 1 1 1 100 1 1 1 1 1 1 1 1 1 1 1 1 1 1 1 1 1 1 1 1 100 1 1 1 1 1 1 1 1 1 1 1 1 1 1 1 1 1 1 1 1 1 1 1 1 1 1 1 1 1 1 1 1 1 1
instanceKlass jdk/internal/reflect/MethodHandleBooleanFieldAccessorImpl
instanceKlass jdk/internal/reflect/MethodHandleLongFieldAccessorImpl
instanceKlass jdk/internal/reflect/MethodHandleShortFieldAccessorImpl
instanceKlass jdk/internal/reflect/MethodHandleIntegerFieldAccessorImpl
instanceKlass jdk/internal/reflect/MethodHandleObjectFieldAccessorImpl
ciInstanceKlass jdk/internal/reflect/MethodHandleFieldAccessorImpl 1 1 144 10 7 12 1 1 1 7 1 3 9 12 1 1 9 12 1 1 9 12 1 10 12 1 1 9 12 1 1 10 7 12 1 1 1 10 7 12 1 1 10 7 12 1 1 1 10 12 1 1 7 1 10 12 1 8 1 10 12 1 1 8 1 8 1 10 12 1 1 10 12 1 1 10 100 12 1 1 8 1 10 12 1 8 1 8 1 10 12 1 10 12 1 8 1 10 12 1 8 1 100 1 10 12 1 1 10 12 1 1 1 3 1 3 1 1 1 1 1 1 1 1 1 1 7 1 1 1 1 1 1 1 1 1 1 7 1 1 1 1 1 1 1 1
ciMethod jdk/internal/reflect/MethodHandleFieldAccessorImpl ensureObj (Ljava/lang/Object;)V 768 0 2536 0 -1
ciMethod jdk/internal/reflect/MethodHandleFieldAccessorImpl <init> (Ljava/lang/reflect/Field;Ljava/lang/invoke/MethodHandle;Ljava/lang/invoke/MethodHandle;ZZ)V 768 0 2235 0 -1
ciMethod jdk/internal/reflect/MethodHandleFieldAccessorImpl isStatic ()Z 1024 0 9455 0 -1
ciMethod jdk/internal/reflect/MethodHandleFieldAccessorImpl isReadOnly ()Z 768 0 2570 0 -1
ciMethod jdk/internal/reflect/MethodHandleObjectFieldAccessorImpl set (Ljava/lang/Object;Ljava/lang/Object;)V 768 0 2502 0 -1
ciMethod jdk/internal/reflect/MethodHandleObjectFieldAccessorImpl <init> (Ljava/lang/reflect/Field;Ljava/lang/invoke/MethodHandle;Ljava/lang/invoke/MethodHandle;ZZ)V 768 0 2184 0 -1
ciMethod jdk/internal/reflect/MethodHandleObjectFieldAccessorImpl fieldAccessor (Ljava/lang/reflect/Field;Ljava/lang/invoke/MethodHandle;Ljava/lang/invoke/MethodHandle;Z)Ljdk/internal/reflect/FieldAccessorImpl; 750 0 2184 0 -1
ciInstanceKlass java/lang/invoke/BoundMethodHandle$Species_L 1 1 126 10 7 12 1 1 1 9 7 12 1 1 1 9 12 1 1 10 12 1 9 7 12 1 1 1 10 7 12 1 1 1 10 12 1 1 10 7 12 1 1 1 100 1 10 100 12 1 1 1 9 12 1 10 12 1 9 12 1 10 12 1 9 12 1 10 12 1 9 12 1 10 12 1 10 12 1 1 10 12 1 1 1 1 1 1 1 1 1 1 1 1 1 1 1 1 1 1 1 1 1 1 1 1 1 1 1 1 1 1 1 1 1 1 1 1 1 1 1 1 1 1 1 100 1 1
ciInstanceKlass java/lang/invoke/BoundMethodHandle$Species_LLL 1 1 76 1 7 1 7 1 1 1 1 1 1 1 1 1 12 9 1 1 1 12 10 12 9 12 9 12 9 1 1 12 10 1 1 1 100 1 7 1 1 12 10 1 7 1 1 12 10 1 1 1 12 10 1 1 1 12 10 1 1 1 12 10 1 1 1 12 10 1 1 1 12 10 1 1 1 1
ciMethod java/lang/invoke/Invokers checkCustomized (Ljava/lang/invoke/MethodHandle;)V 512 0 18287 0 -1
ciMethod java/lang/invoke/Invokers checkExactType (Ljava/lang/invoke/MethodHandle;Ljava/lang/invoke/MethodType;)V 512 0 18273 0 -1
ciMethod java/lang/invoke/Invokers newWrongMethodTypeException (Ljava/lang/invoke/MethodType;Ljava/lang/invoke/MethodType;)Ljava/lang/invoke/WrongMethodTypeException; 0 0 1 0 -1
ciMethod java/lang/reflect/Modifier isVolatile (I)Z 1024 0 4342 0 0
ciMethod java/lang/reflect/Modifier isAbstract (I)Z 38 0 4824 0 -1
ciMethod java/lang/reflect/Modifier isProtected (I)Z 514 0 9760 0 0
ciMethod java/lang/reflect/Modifier isPublic (I)Z 514 0 10719 0 -1
ciMethod java/lang/reflect/Modifier isStatic (I)Z 520 0 49304 0 88
ciMethod java/lang/reflect/Modifier isFinal (I)Z 402 0 6572 0 0
ciMethod jdk/internal/access/JavaLangInvokeAccess unreflectField (Ljava/lang/reflect/Field;Z)Ljava/lang/invoke/MethodHandle; 0 0 1 0 -1
ciMethod java/lang/invoke/MethodHandles$Lookup unreflectSetter (Ljava/lang/reflect/Field;)Ljava/lang/invoke/MethodHandle; 548 0 2008 0 0
ciMethod java/lang/invoke/MethodHandles$Lookup unreflectGetter (Ljava/lang/reflect/Field;)Ljava/lang/invoke/MethodHandle; 550 0 2235 0 0
ciMethod java/lang/invoke/MethodHandles$Lookup checkField (BLjava/lang/Class;Ljava/lang/invoke/MemberName;)V 864 0 4380 0 0
ciMethod java/lang/invoke/MethodHandles$Lookup getDirectFieldCommon (BLjava/lang/Class;Ljava/lang/invoke/MemberName;Z)Ljava/lang/invoke/MethodHandle; 1024 0 4310 0 0
ciMethod java/lang/invoke/MethodHandles$Lookup restrictReceiver (Ljava/lang/invoke/MemberName;Ljava/lang/invoke/DirectMethodHandle;Ljava/lang/Class;)Ljava/lang/invoke/MethodHandle; 30 0 91 0 -1
ciMethod java/lang/invoke/MethodHandles$Lookup restrictProtectedReceiver (Ljava/lang/invoke/MemberName;)Z 204 0 1469 0 0
ciMethod java/lang/invoke/MethodHandles$Lookup accessFailedMessage (Ljava/lang/Class;Ljava/lang/invoke/MemberName;)Ljava/lang/String; 0 0 1 0 -1
ciMethod java/lang/invoke/MethodHandles$Lookup fixmods (I)I 398 0 1553 0 -1
ciMethod java/lang/invoke/MethodHandles$Lookup isArrayClone (BLjava/lang/Class;Ljava/lang/invoke/MemberName;)Z 398 0 1556 0 -1
ciMethod java/lang/invoke/MethodHandles$Lookup getDirectFieldNoSecurityManager (BLjava/lang/Class;Ljava/lang/invoke/MemberName;)Ljava/lang/invoke/MethodHandle; 1024 0 4267 0 0
ciMethod java/lang/invoke/MethodHandles$Lookup checkSecurityManager (Ljava/lang/Class;Ljava/lang/invoke/MemberName;)V 512 0 1640 0 -1
ciMethod java/lang/invoke/MethodHandles$Lookup unreflectField (Ljava/lang/reflect/Field;Z)Ljava/lang/invoke/MethodHandle; 1024 0 4243 0 0
ciMethod java/lang/invoke/MethodHandles$Lookup previousLookupClass ()Ljava/lang/Class; 256 0 128 0 -1
ciMethod java/lang/invoke/MethodHandles$Lookup lookupClass ()Ljava/lang/Class; 256 0 128 0 -1
ciMethod java/lang/invoke/MethodHandles$Lookup checkAccess (BLjava/lang/Class;Ljava/lang/invoke/MemberName;)V 512 0 5390 0 752
ciMethod java/lang/invoke/MemberName makeAccessException (Ljava/lang/String;Ljava/lang/Object;)Ljava/lang/IllegalAccessException; 0 0 1 0 0
ciMethod java/lang/invoke/MemberName isTrustedFinalField ()Z 0 0 13 0 0
ciMethod java/lang/invoke/MemberName initResolved (Z)V 512 0 6407 0 0
ciMethod java/lang/invoke/MemberName referenceKindIsConsistentWith (I)Z 0 0 1 0 -1
ciMethod java/lang/invoke/MemberName changeReferenceKind (BB)Ljava/lang/invoke/MemberName; 512 0 4600 0 0
ciMethod java/lang/invoke/MemberName flagsMods (IIB)I 512 0 3440 0 0
ciMethod java/lang/invoke/MemberName anyFlagSet (I)Z 522 0 25947 0 0
ciMethod java/lang/invoke/MemberName allFlagsSet (I)Z 518 0 22806 0 0
ciMethod java/lang/invoke/MemberName isSetter ()Z 0 0 1049 0 -1
ciMethod java/lang/invoke/MemberName expandFromVM ()V 0 0 1 0 -1
ciMethod java/lang/invoke/MemberName isGetter ()Z 94 0 2774 0 -1
ciMethod java/lang/invoke/MemberName isVolatile ()Z 1024 0 4311 0 0
ciMethod java/lang/invoke/MemberName getFieldType ()Ljava/lang/Class; 222 0 6383 0 176
ciMethod java/lang/invoke/MemberName isMethodHandleInvoke ()Z 0 0 1 0 -1
ciMethod java/lang/invoke/MemberName getInvocationType ()Ljava/lang/invoke/MethodType; 366 0 4039 0 0
ciMethod java/lang/invoke/MemberName isInvocable ()Z 518 0 25947 0 0
ciMethod java/lang/invoke/MemberName asSpecial ()Ljava/lang/invoke/MemberName; 388 0 1373 0 0
ciMethod java/lang/invoke/MemberName isField ()Z 512 0 5283 0 0
ciMethod java/lang/invoke/MemberName getMethodOrFieldType ()Ljava/lang/invoke/MethodType; 512 0 5402 0 18280
ciMethod java/lang/invoke/MemberName getMethodType ()Ljava/lang/invoke/MethodType; 512 0 6439 0 968
ciMethod java/lang/invoke/MemberName isAbstract ()Z 8 0 46 0 0
ciMethod java/lang/invoke/MemberName getReferenceKind ()B 554 0 32732 0 88
ciMethod java/lang/invoke/MemberName isResolved ()Z 456 0 8350 0 0
ciMethod java/lang/invoke/MemberName isProtected ()Z 458 0 1469 0 0
ciMethod java/lang/invoke/MemberName isPublic ()Z 90 0 660 0 0
ciMethod java/lang/invoke/MemberName init (Ljava/lang/Class;Ljava/lang/String;Ljava/lang/Object;I)V 514 0 3440 0 0
ciMethod java/lang/invoke/MemberName isStatic ()Z 536 0 17687 0 0
ciMethod java/lang/invoke/MemberName isFinal ()Z 618 0 2078 0 0
ciMethod java/lang/invoke/MemberName isConstructor ()Z 790 0 9839 0 0
ciMethod java/lang/invoke/MemberName getFactory ()Ljava/lang/invoke/MemberName$Factory; 246 0 382 0 0
ciMethod java/lang/invoke/MemberName isMethod ()Z 560 0 2899 0 0
ciMethod java/lang/invoke/MemberName getClassLoader ()Ljava/lang/ClassLoader; 0 0 1 0 -1
ciMethod java/lang/invoke/MemberName clone ()Ljava/lang/invoke/MemberName; 512 0 5724 0 -1
ciMethod java/lang/invoke/MemberName <init> (Ljava/lang/Class;Ljava/lang/String;Ljava/lang/invoke/MethodType;B)V 512 0 2025 0 0
ciMethod java/lang/invoke/MemberName <init> (Ljava/lang/reflect/Field;Z)V 1024 0 4243 0 0
ciMethod java/lang/invoke/MethodHandles publicLookup ()Ljava/lang/invoke/MethodHandles$Lookup; 98 0 68 0 -1
ciMethod java/lang/invoke/LambdaForm$Name <init> (Ljava/lang/invoke/LambdaForm$NamedFunction;)V 62 0 31 0 -1
ciMethod java/lang/invoke/LambdaForm$Name <init> (Ljava/lang/invoke/MemberName;[Ljava/lang/Object;)V 448 0 224 0 -1
ciMethod java/lang/invoke/LambdaForm$Name <init> (Ljava/lang/invoke/LambdaForm$NamedFunction;Ljava/lang/Object;)V 468 0 542 0 -1
ciMethod java/lang/invoke/LambdaForm$Name <init> (Ljava/lang/invoke/LambdaForm$NamedFunction;Ljava/lang/Object;Ljava/lang/Object;)V 164 0 82 0 -1
ciMethod java/lang/invoke/MethodTypeForm parameterSlotCount ()I 284 0 142 0 0
ciMethod java/lang/invoke/MethodTypeForm findForm (Ljava/lang/invoke/MethodType;)Ljava/lang/invoke/MethodTypeForm; 236 0 3052 0 -1
ciMethod java/lang/invoke/MethodTypeForm setCachedLambdaForm (ILjava/lang/invoke/LambdaForm;)Ljava/lang/invoke/LambdaForm; 116 0 299 0 0
ciMethod java/lang/invoke/MethodTypeForm cachedLambdaForm (I)Ljava/lang/invoke/LambdaForm; 296 0 8850 0 0
ciMethod java/lang/invoke/MethodTypeForm basicType ()Ljava/lang/invoke/MethodType; 262 0 131 0 0
ciMethod java/lang/invoke/LambdaForm traceInterpreter (Ljava/lang/String;Ljava/lang/Object;)V 0 0 1 0 -1
ciMethod java/lang/invoke/LambdaForm createBlankForType (Ljava/lang/invoke/MethodType;)Ljava/lang/invoke/LambdaForm; 0 0 1 0 -1
ciMethod java/lang/invoke/LambdaForm forceInterpretation ()Z 522 0 7036 0 0
ciMethod java/lang/invoke/LambdaForm isValidSignature (Ljava/lang/String;)Z 0 0 1 0 -1
ciMethod java/lang/invoke/LambdaForm basicTypeSignature ()Ljava/lang/String; 0 0 1 0 -1
ciMethod java/lang/invoke/LambdaForm associateWithDebugName (Ljava/lang/invoke/LambdaForm;Ljava/lang/String;)V 0 0 1 0 -1
ciMethod java/lang/invoke/LambdaForm debugNames ()Z 40 0 20 0 -1
ciMethod java/lang/invoke/LambdaForm create (I[Ljava/lang/invoke/LambdaForm$Name;ILjava/lang/invoke/LambdaForm$Kind;)Ljava/lang/invoke/LambdaForm; 450 0 225 0 -1
ciMethod java/lang/invoke/LambdaForm create (I[Ljava/lang/invoke/LambdaForm$Name;I)Ljava/lang/invoke/LambdaForm; 512 0 283 0 -1
ciMethod java/lang/invoke/LambdaForm arguments (ILjava/lang/invoke/MethodType;)[Ljava/lang/invoke/LambdaForm$Name; 310 1166 319 0 -1
ciMethod java/lang/invoke/LambdaForm$BasicType basicTypeChar ()C 232 0 116 0 -1
ciMethod java/lang/invoke/MethodHandleStatics newIllegalArgumentException (Ljava/lang/String;)Ljava/lang/RuntimeException; 0 0 1 0 -1
ciMethod java/lang/invoke/MethodHandleStatics newInternalError (Ljava/lang/String;Ljava/lang/Exception;)Ljava/lang/InternalError; 0 0 1 0 -1
ciMethod java/lang/invoke/MethodHandleStatics newInternalError (Ljava/lang/Exception;)Ljava/lang/InternalError; 0 0 1 0 -1
ciMethod java/util/concurrent/ConcurrentHashMap putVal (Ljava/lang/Object;Ljava/lang/Object;Z)Ljava/lang/Object; 530 18 17803 0 -1
ciMethod java/lang/invoke/MethodHandle asType (Ljava/lang/invoke/MethodType;)Ljava/lang/invoke/MethodHandle; 120 0 5746 0 -1
ciMethod java/lang/invoke/MethodHandle <init> (Ljava/lang/invoke/MethodType;Ljava/lang/invoke/LambdaForm;)V 512 0 6401 0 288
ciMethod java/lang/invoke/MethodType parameterSlotCount ()I 604 0 10363 0 0
ciMethod java/lang/invoke/MethodType newIndexOutOfBoundsException (Ljava/lang/Object;)Ljava/lang/IndexOutOfBoundsException; 0 0 1 0 -1
ciMethod java/lang/invoke/MethodType checkPtypes ([Ljava/lang/Class;)I 376 594 5628 0 288
ciMethod java/lang/invoke/MethodType makeImpl (Ljava/lang/Class;[Ljava/lang/Class;Z)Ljava/lang/invoke/MethodType; 512 0 12904 0 19896
ciMethod java/lang/invoke/MethodType checkSlotCount (I)V 546 0 18322 0 104
ciMethod java/lang/invoke/MethodType fromDescriptor (Ljava/lang/String;Ljava/lang/ClassLoader;)Ljava/lang/invoke/MethodType; 0 0 18 0 -1
ciMethod java/lang/invoke/MethodType invokerType ()Ljava/lang/invoke/MethodType; 288 0 297 0 -1
ciMethod java/lang/invoke/MethodType appendParameterTypes ([Ljava/lang/Class;)Ljava/lang/invoke/MethodType; 484 0 284 0 -1
ciMethod java/lang/invoke/MethodType dropParameterTypes (II)Ljava/lang/invoke/MethodType; 568 0 4324 0 -1
ciMethod java/lang/invoke/MethodType methodType (Ljava/lang/Class;)Ljava/lang/invoke/MethodType; 152 0 3765 0 -1
ciMethod java/lang/invoke/MethodType methodType (Ljava/lang/Class;[Ljava/lang/Class;Z)Ljava/lang/invoke/MethodType; 512 0 10519 0 -1
ciMethod java/lang/invoke/MethodType methodType (Ljava/lang/Class;Ljava/lang/Class;)Ljava/lang/invoke/MethodType; 58 0 4541 0 -1
ciMethod java/lang/invoke/MethodType methodType (Ljava/lang/Class;Ljava/lang/Class;[Ljava/lang/Class;)Ljava/lang/invoke/MethodType; 176 0 655 0 -1
ciMethod java/lang/invoke/MethodType form ()Ljava/lang/invoke/MethodTypeForm; 256 0 128 0 0
ciMethod java/lang/invoke/MethodType changeReturnType (Ljava/lang/Class;)Ljava/lang/invoke/MethodType; 330 0 3300 0 0
ciMethod java/lang/invoke/MethodType insertParameterTypes (I[Ljava/lang/Class;)Ljava/lang/invoke/MethodType; 512 0 4209 0 0
ciMethod java/lang/invoke/MethodType basicType ()Ljava/lang/invoke/MethodType; 512 0 14840 0 0
ciMethod java/lang/invoke/MethodType <init> (Ljava/lang/Class;[Ljava/lang/Class;)V 512 0 12965 0 -1
ciMethod java/lang/invoke/MethodType returnType ()Ljava/lang/Class; 256 0 128 0 -1
ciMethod java/lang/Enum ordinal ()I 256 0 128 0 0
ciMethod java/lang/Integer valueOf (I)Ljava/lang/Integer; 152 0 14791 0 -1
ciMethod java/util/Arrays copyOfRange ([Ljava/lang/Object;IILjava/lang/Class;)[Ljava/lang/Object; 512 0 5308 0 -1
ciMethod java/util/Arrays copyOf ([Ljava/lang/Object;I)[Ljava/lang/Object; 14 0 14243 0 -1
ciMethod jdk/internal/util/ArraysSupport newLength (III)I 462 0 8484 0 -1
ciMethod java/lang/reflect/AccessibleObject getRoot ()Ljava/lang/reflect/AccessibleObject; 0 0 1 0 -1
ciMethod java/lang/reflect/AccessibleObject checkAccess (Ljava/lang/Class;Ljava/lang/Class;Ljava/lang/Class;I)V 492 0 5393 0 4856
ciMethod java/lang/reflect/AccessibleObject printStackTraceWhenAccessFails ()Z 0 0 1 0 -1
ciMethod java/lang/reflect/AccessibleObject verifyAccess (Ljava/lang/Class;Ljava/lang/Class;Ljava/lang/Class;I)Z 512 0 5393 0 -1
ciMethod jdk/internal/misc/Unsafe ensureClassInitialized0 (Ljava/lang/Class;)V 256 0 128 0 -1
ciMethod jdk/internal/misc/Unsafe shouldBeInitialized0 (Ljava/lang/Class;)Z 256 0 128 0 -1
ciMethod jdk/internal/misc/Unsafe shouldBeInitialized (Ljava/lang/Class;)Z 530 0 7850 0 0
ciMethod jdk/internal/misc/Unsafe ensureClassInitialized (Ljava/lang/Class;)V 532 0 4042 0 0
ciMethod java/lang/InternalError <init> ()V 0 0 1 0 -1
ciMethod java/lang/InternalError <init> (Ljava/lang/String;)V 2 0 1 0 0
ciMethod java/lang/InternalError <init> (Ljava/lang/Throwable;)V 0 0 1 0 -1
ciMethod java/lang/VirtualMachineError <init> (Ljava/lang/Throwable;)V 0 0 1 0 -1
ciMethod java/lang/VirtualMachineError <init> (Ljava/lang/String;)V 2 0 1 0 -1
ciMethod jdk/internal/misc/VM isJavaLangInvokeInited ()Z 768 0 3041 0 88
ciMethod jdk/internal/misc/VM isModuleSystemInited ()Z 38 0 27869 0 -1
ciMethod java/lang/String <init> ([CII)V 282 0 6361 0 -1
ciMethod java/util/Properties loadConvert ([CIILjava/lang/StringBuilder;)Ljava/lang/String; 216 9042 3189 0 -1
ciMethod java/util/Properties load0 (Ljava/util/Properties$LineReader;)V 152 121804 370 0 -1
ciMethod java/lang/StringBuilder append (I)Ljava/lang/StringBuilder; 10 0 10280 0 -1
ciMethod java/lang/StringBuilder append (C)Ljava/lang/StringBuilder; 784 0 466812 0 -1
ciMethod java/lang/StringBuilder append (Ljava/lang/String;)Ljava/lang/StringBuilder; 14 0 379998 0 -1
ciMethod java/lang/StringBuilder append (Ljava/lang/Object;)Ljava/lang/StringBuilder; 4 0 6178 0 -1
ciMethod java/lang/StringBuilder append ([CII)Ljava/lang/StringBuilder; 2 0 2879 0 -1
ciMethod java/lang/StringBuilder <init> ()V 12 0 97587 0 256
ciMethod java/lang/StringBuilder <init> (I)V 410 0 38601 0 -1
ciMethod java/lang/StringBuilder <init> (Ljava/lang/String;)V 512 0 32455 0 -1
ciMethod java/lang/AbstractStringBuilder <init> (I)V 14 0 8210 0 400
ciMethod java/lang/Class getPackageName ()Ljava/lang/String; 512 0 6416 0 -1
ciMethod java/lang/Class getClassLoader ()Ljava/lang/ClassLoader; 562 0 44310 0 -1
ciMethod java/lang/Class isInterface ()Z 256 0 128 0 -1
ciMethod java/lang/Class isAssignableFrom (Ljava/lang/Class;)Z 256 0 128 0 -1
ciMethod java/lang/Class getModule ()Ljava/lang/Module; 256 0 128 0 -1
ciMethod java/lang/Class getName ()Ljava/lang/String; 364 0 45455 0 -1
ciMethod java/util/Map get (Ljava/lang/Object;)Ljava/lang/Object; 0 0 1 0 -1
ciMethod java/lang/Object getClass ()Ljava/lang/Class; 256 0 128 0 -1
ciMethod java/lang/Object <init> ()V 1024 0 1659029 0 136
ciInstanceKlass java/lang/invoke/DirectMethodHandle$Special 1 1 117 10 7 12 1 1 1 9 7 12 1 1 1 9 12 1 1 9 12 1 1 10 12 1 9 12 1 10 12 1 1 100 1 10 12 1 9 12 1 1 10 7 12 1 1 1 8 1 100 1 10 12 1 1 10 12 1 1 10 100 12 1 1 1 100 1 10 12 1 8 1 100 1 10 10 12 1 1 10 12 1 1 1 1 1 1 1 1 1 1 1 1 1 1 1 1 1 1 1 1 1 1 1 1 1 1 1 1 1 1 1 1 1 1 1 1 1
staticfield java/lang/invoke/DirectMethodHandle$Special $assertionsDisabled Z 1
instanceKlass org/objectweb/asm/MethodTooLargeException
instanceKlass org/objectweb/asm/ClassTooLargeException
instanceKlass java/lang/StringIndexOutOfBoundsException
instanceKlass org/objectweb/asm/MethodTooLargeException
instanceKlass org/objectweb/asm/ClassTooLargeException
instanceKlass org/lombokweb/asm/MethodTooLargeException
instanceKlass org/lombokweb/asm/ClassTooLargeException
instanceKlass java/lang/ArrayIndexOutOfBoundsException
ciInstanceKlass java/lang/IndexOutOfBoundsException 0 0 49 10 100 12 1 1 1 10 12 1 100 1 10 8 1 10 12 1 1 10 12 1 10 12 1 1 10 12 1 100 1 1 1 1 5 0 1 1 1 1 1 1 1 1 1 1 1 1 1
instanceKlass com/google/common/io/CharSequenceReader
instanceKlass org/eclipse/core/internal/filebuffers/DocumentReader
instanceKlass com/google/gson/internal/bind/JsonTreeReader$1
instanceKlass org/apache/commons/lang3/text/StrBuilder$StrBuilderReader
instanceKlass java/io/FilterReader
instanceKlass org/codehaus/plexus/util/xml/XmlReader
instanceKlass java/io/StringReader
instanceKlass com/sun/org/apache/xerces/internal/impl/io/UTF8Reader
instanceKlass sun/nio/cs/StreamDecoder
instanceKlass java/io/BufferedReader
instanceKlass java/io/InputStreamReader
ciInstanceKlass java/io/Reader 1 1 205 100 1 10 12 1 1 10 7 1 9 7 12 1 1 1 9 12 1 1 100 1 10 10 12 1 1 7 1 7 1 7 1 10 7 12 1 1 1 10 100 12 1 1 1 100 1 10 10 12 1 10 12 1 1 10 12 1 1 10 12 1 10 100 12 1 1 1 10 12 1 10 12 1 1 10 12 1 10 12 1 10 12 1 1 100 1 8 1 10 12 1 10 12 10 12 1 1 10 12 1 5 0 10 12 1 1 100 1 8 1 10 8 1 8 1 10 100 12 1 1 1 10 100 12 1 1 1 100 1 5 0 10 12 1 100 1 100 1 100 1 1 1 1 3 1 1 1 1 1 1 1 1 1 1 1 1 1 1 1 1 100 1 1 1 1 1 1 1 1 1 1 1 1 100 1 1 1 1 1 1 100 1 1 1 1 1 1 1 1 1 1 1 1 1 1 1 1 1 1 1 1 1 1 1
instanceKlass java/io/FileReader
ciInstanceKlass java/io/InputStreamReader 1 1 126 10 7 12 1 1 1 7 1 100 1 10 7 12 1 1 1 10 7 12 1 1 1 10 7 12 1 1 1 10 12 1 1 10 7 12 1 1 1 9 12 1 1 100 1 8 1 10 12 1 10 12 1 8 1 8 1 10 12 1 10 12 1 1 10 12 1 1 10 12 1 10 12 1 10 12 1 1 10 12 1 1 1 1 1 1 1 1 1 1 1 1 100 1 1 1 1 1 1 1 1 1 100 1 100 1 1 100 1 1 1 1 1 100 1 1 1 100 1 1 1 1 1 1 1 1
ciInstanceKlass java/lang/AssertionError 0 0 79 10 100 12 1 1 1 10 12 1 10 100 12 1 1 1 10 100 1 100 1 10 12 1 1 10 12 1 10 12 1 10 12 1 10 12 1 10 12 1 10 12 1 10 12 1 1 1 1 5 0 1 1 1 1 1 1 1 1 1 1 100 1 1 1 1 1 1 1 1 1 1 1 1 1 1 1 1 1
ciInstanceKlass java/lang/IllegalAccessException 0 0 26 10 100 12 1 1 1 10 12 1 100 1 1 1 1 5 0 1 1 1 1 1 1 1 1 1
ciInstanceKlass java/lang/invoke/WrongMethodTypeException 0 0 34 10 100 12 1 1 1 10 12 1 10 12 1 10 12 1 100 1 1 1 1 5 0 1 1 1 1 1 1 1 1 1 1 1
instanceKlass java/security/AccessControlException
ciInstanceKlass java/lang/SecurityException 0 0 35 10 100 12 1 1 1 10 12 1 10 12 1 10 12 1 100 1 1 1 1 5 0 1 1 1 1 1 1 1 1 1 1 1 1
ciInstanceKlass java/lang/invoke/DirectMethodHandle$StaticAccessor 1 1 96 10 7 12 1 1 1 10 7 12 1 1 1 9 7 12 1 1 1 9 12 1 1 9 12 1 1 10 7 12 1 1 1 9 12 1 1 9 12 1 1 10 12 1 9 12 1 10 12 1 1 100 1 10 12 1 9 12 1 1 10 12 1 1 10 12 1 1 1 1 1 1 1 1 1 1 1 1 1 1 1 1 1 1 1 1 1 1 1 1 1 1 1 1 1 1
staticfield java/lang/invoke/DirectMethodHandle$StaticAccessor $assertionsDisabled Z 1
ciInstanceKlass  @bci jdk/internal/reflect/MethodHandleObjectFieldAccessorImpl set (Ljava/lang/Object;Ljava/lang/Object;)V 29 <adapter> ; 1 1 47 1 7 1 100 1 1 1 1 1 1 1 7 1 7 1 7 1 1 12 10 1 1 12 10 1 1 12 10 1 1 1 1 1 7 1 1 12 10 1 7 12 9 1 1 1 1
staticfield  @bci jdk/internal/reflect/MethodHandleObjectFieldAccessorImpl set (Ljava/lang/Object;Ljava/lang/Object;)V 29 <adapter> ; _D_0 Ljava/lang/invoke/LambdaForm; java/lang/invoke/LambdaForm
ciInstanceKlass  @bci jdk/internal/reflect/MethodHandleObjectFieldAccessorImpl set (Ljava/lang/Object;Ljava/lang/Object;)V 41 <adapter> ; 1 1 47 1 7 1 100 1 1 1 1 1 1 1 7 1 7 1 7 1 1 12 10 1 1 12 10 1 1 12 10 1 1 1 1 1 7 1 1 12 10 1 7 12 9 1 1 1 1
staticfield  @bci jdk/internal/reflect/MethodHandleObjectFieldAccessorImpl set (Ljava/lang/Object;Ljava/lang/Object;)V 41 <adapter> ; _D_0 Ljava/lang/invoke/LambdaForm; java/lang/invoke/LambdaForm
ciInstanceKlass jdk/internal/reflect/MethodHandleIntegerFieldAccessorImpl 1 1 242 10 7 12 1 1 1 10 7 12 1 1 1 9 7 12 1 1 1 10 7 12 1 1 1 10 7 12 1 1 1 9 7 1 10 12 1 7 1 7 1 10 12 1 7 1 10 12 1 1 10 7 1 10 12 1 1 10 12 1 1 10 12 1 1 10 12 1 10 12 1 10 12 1 10 12 1 9 12 1 1 10 12 1 10 12 100 1 100 1 100 1 10 12 1 1 100 1 100 1 10 12 1 10 12 1 1 10 12 1 10 12 1 10 12 1 7 1 10 12 1 1 10 12 1 1 7 1 10 12 1 1 7 1 10 12 1 1 10 12 1 10 12 1 10 12 1 9 12 1 10 12 10 12 10 12 1 10 12 1 10 12 1 10 12 1 1 1 1 1 1 1 1 1 1 1 1 1 1 1 1 1 1 1 1 1 1 1 1 1 1 1 1 1 100 1 1 1 1 1 1 1 1 1 1 1 1 1 1 1 1 1 1 100 1 1 1 1 1 1 1 1 1 1 1 1 1 1 1 1 1 1 1 1 1 1 1 1 1 1 1 1
ciInstanceKlass jdk/internal/reflect/MethodHandleShortFieldAccessorImpl 1 1 232 10 7 12 1 1 1 10 7 12 1 1 1 9 7 12 1 1 1 10 7 12 1 1 1 10 7 12 1 1 1 9 7 1 10 12 1 7 1 7 1 10 12 1 7 1 10 12 1 1 10 7 1 10 12 1 1 10 12 1 1 10 12 1 1 10 12 1 10 12 1 10 12 1 9 12 1 1 10 12 1 1 10 12 100 1 100 1 100 1 10 12 1 1 100 1 100 1 10 12 1 10 12 1 1 10 12 1 10 12 1 10 12 1 7 1 10 12 1 1 10 12 1 1 10 12 1 10 12 1 10 12 1 10 12 1 9 12 1 10 12 10 12 10 12 1 10 12 1 10 12 1 10 12 1 10 12 1 1 1 1 1 1 1 1 1 1 1 1 1 1 1 1 1 1 1 1 1 1 1 1 1 1 1 100 1 1 1 1 1 1 1 1 1 1 1 1 1 1 1 1 100 1 1 1 1 1 1 1 1 1 1 1 1 1 1 1 1 1 1 1 1 1 1 1 1 1 1 1 1 1 1
ciInstanceKlass jdk/internal/reflect/MethodHandleLongFieldAccessorImpl 1 1 249 10 7 12 1 1 1 10 7 12 1 1 1 9 7 12 1 1 1 10 7 12 1 1 1 10 7 12 1 1 1 9 100 1 10 12 1 100 1 100 1 10 12 1 7 1 10 12 1 1 10 7 1 10 12 1 1 10 12 1 1 10 12 1 1 10 12 1 10 12 1 10 12 1 10 12 1 10 12 1 9 12 1 1 10 12 1 1 10 12 100 1 100 1 100 1 10 12 1 1 100 1 100 1 10 12 1 10 12 1 1 10 12 1 10 12 1 10 12 1 100 1 10 12 1 1 10 12 1 1 100 1 10 12 1 1 100 1 10 12 1 1 100 1 10 12 1 10 12 1 10 12 1 10 12 1 9 12 1 10 12 10 12 10 12 1 10 12 1 10 12 1 1 1 1 1 1 1 1 1 1 1 1 1 1 1 1 1 1 1 1 1 1 1 1 1 1 1 1 1 1 1 100 1 1 1 1 1 1 1 1 1 1 1 1 1 1 1 1 1 1 100 1 1 1 1 1 1 1 1 1 1 1 1 1 1 1 1 1 1 1 1 1 1 1 1 1 1 1
ciInstanceKlass jdk/internal/reflect/MethodHandleBooleanFieldAccessorImpl 1 1 239 10 7 12 1 1 1 10 7 12 1 1 1 9 7 12 1 1 1 10 7 12 1 1 1 10 7 12 1 1 1 9 7 1 10 12 1 7 1 7 1 10 12 1 7 1 10 12 1 1 10 7 1 10 12 1 1 10 12 1 1 10 12 1 9 12 1 1 10 12 1 10 12 100 1 100 1 100 1 10 12 1 1 100 1 100 1 10 12 1 10 12 1 1 10 12 1 10 12 1 10 12 1 10 12 1 10 12 1 10 12 1 10 12 1 1 10 12 1 10 12 1 10 12 1 10 12 1 10 12 1 1 10 12 1 9 12 1 10 12 10 12 10 12 1 10 12 1 10 12 1 10 12 1 10 12 1 10 12 1 10 12 1 10 12 1 1 1 1 1 1 1 1 1 1 1 1 1 1 1 1 1 1 1 1 1 100 1 1 1 1 1 1 1 1 1 1 1 1 1 1 1 1 1 1 1 1 100 1 1 1 1 1 1 1 1 1 1 1 1 1 1 1 1 1 1 1 1 1 1 1 1 1 1 1 1 1 1 1
ciInstanceKlass org/eclipse/jdt/internal/compiler/util/Messages$MessagesProperties 1 1 88 7 1 7 1 1 1 1 3 1 3 1 1 5 0 1 1 100 1 1 1 1 10 12 1 7 1 10 12 1 9 12 10 7 1 12 1 1 11 7 1 12 1 1 1 1 1 1 1 1 1 1 1 1 1 100 100 1 11 12 1 1 10 12 1 1 10 12 1 1 100 1 100 1 1 1 1 1 1 100 1 1 1 1 100 1 1 1
ciMethodData java/lang/Object <init> ()V 2 1658522 orig 80 1 0 0 0 0 0 0 0 0 0 0 0 0 0 0 0 0 0 0 0 0 0 0 0 0 0 0 0 0 0 0 0 0 0 0 0 0 0 0 0 0 0 0 0 0 0 0 0 0 0 0 0 0 0 0 0 0 0 0 0 0 0 0 0 0 0 0 0 0 0 0 0 0 0 0 0 0 0 0 0 data 4 0x0 0x9 0x1 0x0 oops 0 methods 0
ciMethodData java/lang/StringBuilder <init> ()V 2 97804 orig 80 0 0 0 0 0 0 0 0 0 0 0 0 111 1 0 0 0 0 0 0 0 0 0 0 0 0 0 0 0 0 0 0 0 0 0 0 0 0 0 0 0 0 0 0 0 0 0 0 0 0 0 0 0 0 0 0 0 0 0 0 0 0 0 0 0 0 0 0 0 0 0 0 0 0 0 0 0 0 0 0 data 7 0x30002 0x17e0c 0x0 0x0 0x9 0x1 0xc oops 0 methods 0
ciMethodData java/lang/AbstractStringBuilder <init> (I)V 2 8203 orig 80 0 0 0 0 0 0 0 0 0 0 0 0 111 1 0 0 0 0 0 0 0 0 0 0 0 0 0 0 0 0 0 0 0 0 0 0 0 0 0 0 0 0 0 0 0 0 0 0 0 0 0 0 0 0 0 0 0 0 0 0 0 0 0 0 0 0 0 0 0 0 0 0 0 0 0 0 0 0 0 0 data 21 0x10002 0x200b 0x70007 0x0 0x38 0x200b 0x160003 0x200b 0x28 0x1b0002 0x0 0x0 0x0 0x0 0x0 0x0 0x0 0x9 0x2 0xc 0x0 oops 0 methods 0
ciMethodData java/lang/String equals (Ljava/lang/Object;)Z 2 6900 orig 80 0 0 0 0 0 0 0 0 0 0 0 0 111 1 0 0 0 0 0 0 0 0 0 0 0 0 0 0 0 0 0 0 0 0 0 0 0 0 0 0 0 0 0 0 0 0 0 0 0 0 0 0 0 0 0 0 0 0 0 0 0 0 0 0 0 0 0 0 0 0 0 0 0 0 0 0 0 0 0 0 data 49 0x20007 0x1801 0x20 0x2f3 0x80104 0x0 0x0 0x16fef16e6d8 0x1800 0x0 0x0 0xb0007 0x1 0xe0 0x1800 0xf0004 0x0 0x0 0x16fef16e6d8 0x1800 0x0 0x0 0x160007 0x0 0x40 0x1800 0x210007 0x0 0x68 0x1800 0x2c0002 0x1800 0x2f0007 0x1749 0x38 0xb7 0x330003 0xb7 0x18 0x0 0x0 0x0 0x0 0x0 0x0 0x9 0x2 0x0 0x0 oops 2 7 java/lang/String 18 java/lang/String methods 0
ciMethodData java/util/Objects requireNonNull (Ljava/lang/Object;)Ljava/lang/Object; 2 435597 orig 80 0 0 0 0 0 0 0 0 0 0 0 0 111 1 0 0 0 0 0 0 0 0 0 0 0 0 0 0 0 0 0 0 0 0 0 0 0 0 0 0 0 0 0 0 0 0 0 0 0 0 0 0 0 0 0 0 0 0 0 0 0 0 0 0 0 0 0 0 0 0 0 0 0 0 0 0 0 0 0 0 data 15 0x10007 0x6a592 0x30 0x0 0x80002 0x0 0x0 0x0 0x0 0x0 0x0 0x0 0x9 0x1 0x0 oops 0 methods 0
ciMethodData sun/invoke/util/Wrapper forPrimitiveType (Ljava/lang/Class;)Lsun/invoke/util/Wrapper; 2 2918 orig 80 0 0 0 0 0 0 0 0 0 0 0 0 111 1 0 0 0 0 0 0 0 0 0 0 0 0 0 0 0 0 0 0 0 0 0 0 0 0 0 0 0 0 0 0 0 0 0 0 0 0 0 0 0 0 0 0 0 0 0 0 0 0 0 0 0 0 0 0 0 0 0 0 0 0 0 0 0 0 0 0 data 76 0x40007 0x6e2 0x20 0x484 0xf0007 0x250 0x20 0x492 0x1a0007 0x19b 0x20 0xb5 0x250007 0x17e 0x20 0x1d 0x300007 0x172 0x20 0xc 0x3b0007 0x159 0x20 0x19 0x460007 0x129 0x20 0x30 0x510007 0xf7 0x20 0x32 0x5c0007 0x0 0x20 0xf7 0x670002 0x0 0x6c0005 0x0 0x0 0x0 0x0 0x0 0x0 0x700005 0x0 0x0 0x0 0x0 0x0 0x0 0x730005 0x0 0x0 0x0 0x0 0x0 0x0 0x760002 0x0 0x0 0x0 0x0 0x0 0x0 0x0 0x0 0x0 0x0 0x0 0x0 0x0 0x9 0x1 0xffffffffffffffff oops 0 methods 0
ciMethodData java/lang/invoke/MethodType checkSlotCount (I)V 2 18049 orig 80 0 0 0 0 0 0 0 0 0 0 0 0 111 1 0 0 0 0 0 0 0 0 0 0 0 0 0 0 0 0 0 0 0 0 0 0 0 0 0 0 0 0 0 0 0 0 0 0 0 0 0 0 0 0 0 0 0 0 0 0 0 0 0 0 0 0 0 0 0 0 0 0 0 0 0 0 0 0 0 0 data 38 0x60007 0x4681 0xe8 0x0 0xd0002 0x0 0x120005 0x0 0x0 0x0 0x0 0x0 0x0 0x160005 0x0 0x0 0x0 0x0 0x0 0x0 0x190005 0x0 0x0 0x0 0x0 0x0 0x0 0x1c0002 0x0 0x0 0x0 0x0 0x0 0x0 0x0 0x9 0x1 0x0 oops 0 methods 0
ciMethodData java/lang/invoke/MemberName isInvocable ()Z 2 25688 orig 80 0 0 0 0 0 0 0 0 0 0 0 0 111 1 0 0 0 0 0 0 0 0 0 0 0 0 0 0 0 0 0 0 0 0 0 0 0 0 0 0 0 0 0 0 0 0 0 0 0 0 0 0 0 0 0 0 0 0 0 0 0 0 0 0 0 0 0 0 0 0 0 0 0 0 0 0 0 0 0 0 data 16 0x40005 0x6458 0x0 0x0 0x0 0x0 0x0 0x0 0x0 0x0 0x0 0x0 0x0 0x9 0x1 0x0 oops 0 methods 0
ciMethodData java/lang/invoke/MemberName anyFlagSet (I)Z 2 25686 orig 80 0 0 0 0 0 0 0 0 0 0 0 0 111 1 0 0 0 0 0 0 0 0 0 0 0 0 0 0 0 0 0 0 0 0 0 0 0 0 0 0 0 0 0 0 0 0 0 0 0 0 0 0 0 0 0 0 0 0 0 0 0 0 0 0 0 0 0 0 0 0 0 0 0 0 0 0 0 0 0 0 data 14 0x60007 0x247d 0x38 0x3fd9 0xa0003 0x3fd9 0x18 0x0 0x0 0x0 0x9 0x2 0x0 0x0 oops 0 methods 0
ciMethodData java/lang/invoke/MemberName allFlagsSet (I)Z 2 22547 orig 80 0 0 0 0 0 0 0 0 0 0 0 0 111 1 0 0 0 0 0 0 0 0 0 0 0 0 0 0 0 0 0 0 0 0 0 0 0 0 0 0 0 0 0 0 0 0 0 0 0 0 0 0 0 0 0 0 0 0 0 0 0 0 0 0 0 0 0 0 0 0 0 0 0 0 0 0 0 0 0 0 data 14 0x70007 0x34b3 0x38 0x2360 0xb0003 0x2360 0x18 0x0 0x0 0x0 0x9 0x2 0x0 0x0 oops 0 methods 0
ciMethodData java/lang/invoke/MethodType makeImpl (Ljava/lang/Class;[Ljava/lang/Class;Z)Ljava/lang/invoke/MethodType; 2 12648 orig 80 2 0 0 0 0 0 0 0 0 0 0 0 111 1 0 0 0 0 0 0 0 0 0 0 0 0 0 0 0 0 0 0 0 0 0 0 0 0 0 0 0 0 0 0 0 0 0 0 0 0 0 0 0 0 0 0 0 0 0 0 0 0 0 0 0 0 0 0 0 0 0 0 0 0 0 0 0 0 0 0 data 75 0x20007 0x2548 0x20 0xc22 0x110002 0x316a 0x190005 0x3169 0x0 0x0 0x0 0x0 0x0 0x1c0104 0x0 0x0 0x16fef170f68 0x25f2 0x0 0x0 0x230007 0xb77 0x20 0x25f2 0x2a0002 0xb77 0x2f0007 0x3b 0x48 0xb3c 0x330002 0xb3c 0x3a0003 0xb3c 0x80 0x400002 0x3b 0x430004 0x0 0x0 0x16ff9bb74b0 0x3b 0x0 0x0 0x480002 0x3b 0x520002 0x3b 0x5b0002 0xb77 0x660005 0xb78 0x0 0x0 0x0 0x0 0x0 0x690004 0x0 0x0 0x16fef170f68 0xb7a 0x0 0x0 0x0 0x0 0x0 0x0 0x0 0x0 0x9 0x3 0x0 0x0 0x0 oops 3 16 java/lang/invoke/MethodType 40 [Ljava/lang/Class; 60 java/lang/invoke/MethodType methods 0
ciMethodData java/lang/invoke/MethodType checkPtypes ([Ljava/lang/Class;)I 2 5440 orig 80 0 0 0 0 0 0 0 0 0 0 0 0 111 1 0 0 0 0 0 0 0 0 0 0 0 0 0 0 0 0 0 0 0 0 0 0 0 0 0 0 0 0 0 0 0 0 0 0 0 0 0 0 0 0 0 0 0 0 0 0 0 0 0 0 0 0 0 0 0 0 0 0 0 0 0 0 0 0 0 0 data 34 0xd0007 0x1540 0xb8 0x201c 0x180002 0x201c 0x210007 0x201c 0x30 0x0 0x260002 0x0 0x2f0007 0xc 0x40 0x2010 0x370007 0x1eae 0x20 0x162 0x400003 0x201c 0xffffffffffffff60 0x470002 0x1540 0x0 0x0 0x0 0x0 0x0 0x0 0x9 0x1 0x0 oops 0 methods 0
ciMethodData java/lang/invoke/MemberName initResolved (Z)V 2 6151 orig 80 0 0 0 0 0 0 0 0 0 0 0 0 111 1 0 0 0 0 0 0 0 0 0 0 0 0 0 0 0 0 0 0 0 0 0 0 0 0 0 0 0 0 0 0 0 0 0 0 0 0 0 0 0 0 0 0 0 0 0 0 0 0 0 0 0 0 0 0 0 0 0 0 0 0 0 0 0 0 0 0 data 41 0x30007 0x1807 0x50 0x0 0xa0007 0x0 0x30 0x0 0x110002 0x0 0x160007 0xb1f 0x20 0xce8 0x210007 0x1807 0x88 0x0 0x250005 0x0 0x0 0x0 0x0 0x0 0x0 0x290007 0x0 0x30 0x0 0x300002 0x0 0x0 0x0 0x0 0x0 0x0 0x0 0x9 0x2 0x20 0x0 oops 0 methods 0
ciMethodData java/lang/invoke/MemberName getMethodType ()Ljava/lang/invoke/MethodType; 2 6183 orig 80 0 0 0 0 0 0 0 0 0 0 0 0 111 1 0 0 0 0 0 0 0 0 0 0 0 0 0 0 0 0 0 0 0 0 0 0 0 0 0 0 0 0 0 0 0 0 0 0 0 0 0 0 0 0 0 0 0 0 0 0 0 0 0 0 0 0 0 0 0 0 0 0 0 0 0 0 0 0 0 0 data 175 0x40007 0x1827 0x78 0x0 0x80005 0x0 0x0 0x0 0x0 0x0 0x0 0xf0007 0x0 0x20 0x0 0x150005 0x1827 0x0 0x0 0x0 0x0 0x0 0x180007 0x1827 0x30 0x0 0x1d0002 0x0 0x270004 0xfffffffffffffeac 0x0 0x16fef170f68 0x16d3 0x0 0x0 0x2a0007 0x154 0x58 0x16d3 0x2e0004 0x0 0x0 0x16fef170f68 0x16d3 0x0 0x0 0x3e0004 0xfffffffffffffeac 0x0 0x0 0x0 0x0 0x0 0x410007 0x154 0xb8 0x0 0x460004 0x0 0x0 0x0 0x0 0x0 0x0 0x4c0005 0x0 0x0 0x0 0x0 0x0 0x0 0x4f0002 0x0 0x5a0003 0x0 0x128 0x650004 0x0 0x0 0x16ff4986748 0x154 0x0 0x0 0x680007 0x0 0xd8 0x154 0x6d0004 0x0 0x0 0x16ff4986748 0x154 0x0 0x0 0x740004 0x0 0x0 0x16ff9bb74b0 0x154 0x0 0x0 0x7c0004 0x0 0x0 0x16fef16e768 0x154 0x0 0x0 0x860002 0x154 0x940007 0x154 0x140 0x0 0x9b0004 0x0 0x0 0x0 0x0 0x0 0x0 0x9e0007 0x0 0xe8 0x0 0xa90002 0x0 0xae0005 0x0 0x0 0x0 0x0 0x0 0x0 0xb50005 0x0 0x0 0x0 0x0 0x0 0x0 0xb80005 0x0 0x0 0x0 0x0 0x0 0x0 0xbb0002 0x0 0xc10003 0x154 0x18 0xcf0004 0x0 0x0 0x16fef170f68 0x154 0x0 0x0 0x0 0x0 0x0 0x0 0x0 0x0 0x0 0x0 0x0 0x0 0x0 0x0 0x9 0x1 0x0 oops 7 31 java/lang/invoke/MethodType 42 java/lang/invoke/MethodType 79 [Ljava/lang/Object; 90 [Ljava/lang/Object; 97 [Ljava/lang/Class; 104 java/lang/Class 156 java/lang/invoke/MethodType methods 0
ciMethodData java/lang/invoke/MemberName isResolved ()Z 2 8122 orig 80 0 0 0 0 0 0 0 0 0 0 0 0 111 1 0 0 0 0 0 0 0 0 0 0 0 0 0 0 0 0 0 0 0 0 0 0 0 0 0 0 0 0 0 0 0 0 0 0 0 0 0 0 0 0 0 0 0 0 0 0 0 0 0 0 0 0 0 0 0 0 0 0 0 0 0 0 0 0 0 0 data 16 0x40007 0x3 0x38 0x1fb7 0x80003 0x1fb7 0x18 0x0 0x0 0x0 0x0 0x0 0x0 0x9 0x1 0x0 oops 0 methods 0
ciMethodData java/lang/invoke/MemberName getReferenceKind ()B 2 32455 orig 80 0 0 0 0 0 0 0 0 0 0 0 0 111 1 0 0 0 0 0 0 0 0 0 0 0 0 0 0 0 0 0 0 0 0 0 0 0 0 0 0 0 0 0 0 0 0 0 0 0 0 0 0 0 0 0 0 0 0 0 0 0 0 0 0 0 0 0 0 0 0 0 0 0 0 0 0 0 0 0 0 data 6 0x0 0x0 0x0 0x9 0x1 0x0 oops 0 methods 0
ciMethod java/io/Reader read ([C)I 458 0 389 0 -1
ciMethod java/lang/AssertionError <init> ()V 0 0 1 0 -1
ciMethodData java/lang/InternalError <init> (Ljava/lang/String;)V 1 0 orig 80 0 0 0 0 0 0 0 0 0 0 0 0 111 1 0 0 0 0 0 0 0 0 0 0 0 0 0 0 0 0 0 0 0 0 0 0 0 0 0 0 0 0 0 0 0 0 0 0 0 0 0 0 0 0 0 0 0 0 0 0 0 0 0 0 0 0 0 0 0 0 0 0 0 0 0 0 0 0 0 0 data 8 0x20002 0x0 0x0 0x0 0x9 0x2 0x1c 0x0 oops 0 methods 0
ciMethodData java/lang/reflect/Modifier isStatic (I)Z 2 49044 orig 80 0 0 0 0 0 0 0 0 0 0 0 0 111 1 0 0 0 0 0 0 0 0 0 0 0 0 0 0 0 0 0 0 0 0 0 0 0 0 0 0 0 0 0 0 0 0 0 0 0 0 0 0 0 0 0 0 0 0 0 0 0 0 0 0 0 0 0 0 0 0 0 0 0 0 0 0 0 0 0 0 data 11 0x40007 0x721d 0x38 0x4d76 0x80003 0x4d77 0x18 0x0 0x9 0x1 0x0 oops 0 methods 0
ciMethodData java/lang/InternalError <init> (Ljava/lang/Throwable;)V 1 0 orig 80 0 0 0 0 0 0 0 0 0 0 0 0 111 1 0 0 0 0 0 0 0 0 0 0 0 0 0 0 0 0 0 0 0 0 0 0 0 0 0 0 0 0 0 0 0 0 0 0 0 0 0 0 0 0 0 0 0 0 0 0 0 0 0 0 0 0 0 0 0 0 0 0 0 0 0 0 0 0 0 0 data 8 0x20002 0x0 0x0 0x0 0x9 0x2 0x1c 0xffffffffffffffff oops 0 methods 0
ciMethodData java/lang/invoke/MemberName isStatic ()Z 2 17419 orig 80 0 0 0 0 0 0 0 0 0 0 0 0 111 1 0 0 0 0 0 0 0 0 0 0 0 0 0 0 0 0 0 0 0 0 0 0 0 0 0 0 0 0 0 0 0 0 0 0 0 0 0 0 0 0 0 0 0 0 0 0 0 0 0 0 0 0 0 0 0 0 0 0 0 0 0 0 0 0 0 0 data 11 0x40002 0x440b 0x0 0x0 0x0 0x0 0x0 0x0 0x9 0x1 0x0 oops 0 methods 0
ciMethodData java/lang/invoke/MemberName getMethodOrFieldType ()Ljava/lang/invoke/MethodType; 2 5146 orig 80 0 0 0 0 0 0 0 0 0 0 0 0 111 1 0 0 0 0 0 0 0 0 0 0 0 0 0 0 0 0 0 0 0 0 0 0 0 0 0 0 0 0 0 0 0 0 0 0 0 0 0 0 0 0 0 0 0 0 0 0 0 0 0 0 0 0 0 0 0 0 0 0 0 0 0 0 0 0 0 0 data 92 0x10005 0x141a 0x0 0x0 0x0 0x0 0x0 0x40007 0xaa7 0x58 0x973 0x80005 0x973 0x0 0x0 0x0 0x0 0x0 0xd0005 0xaa7 0x0 0x0 0x0 0x0 0x0 0x100007 0x419 0x68 0x68e 0x140005 0x68e 0x0 0x0 0x0 0x0 0x0 0x170002 0x68e 0x1c0005 0x419 0x0 0x0 0x0 0x0 0x0 0x1f0007 0x0 0x68 0x419 0x260005 0x419 0x0 0x0 0x0 0x0 0x0 0x290002 0x419 0x350002 0x0 0x3a0005 0x0 0x0 0x0 0x0 0x0 0x0 0x3e0005 0x0 0x0 0x0 0x0 0x0 0x0 0x410005 0x0 0x0 0x0 0x0 0x0 0x0 0x440002 0x0 0x0 0x0 0x0 0x0 0x0 0x0 0x9 0x1 0xffffffffffffffff oops 0 methods 0
ciMethodData java/lang/invoke/MemberName getFieldType ()Ljava/lang/Class; 2 6272 orig 80 0 0 0 0 0 0 0 0 0 0 0 0 111 1 0 0 0 0 0 0 0 0 0 0 0 0 0 0 0 0 0 0 0 0 0 0 0 0 0 0 0 0 0 0 0 0 0 0 0 0 0 0 0 0 0 0 0 0 0 0 0 0 0 0 0 0 0 0 0 0 0 0 0 0 0 0 0 0 0 0 data 166 0x40007 0x1880 0x78 0x0 0x80005 0x0 0x0 0x0 0x0 0x0 0x0 0xf0007 0x0 0x20 0x0 0x150005 0x1880 0x0 0x0 0x0 0x0 0x0 0x180007 0x1880 0x30 0x0 0x1d0002 0x0 0x270004 0x0 0x0 0x16fef16e768 0x1880 0x0 0x0 0x2a0007 0x0 0x58 0x1880 0x2e0004 0x0 0x0 0x16fef16e768 0x1880 0x0 0x0 0x3c0004 0x0 0x0 0x0 0x0 0x0 0x0 0x3f0007 0x0 0x190 0x0 0x430004 0x0 0x0 0x0 0x0 0x0 0x0 0x4b0002 0x0 0x500005 0x0 0x0 0x0 0x0 0x0 0x0 0x540005 0x0 0x0 0x0 0x0 0x0 0x0 0x570005 0x0 0x0 0x0 0x0 0x0 0x0 0x5b0005 0x0 0x0 0x0 0x0 0x0 0x0 0x5e0002 0x0 0x630005 0x0 0x0 0x0 0x0 0x0 0x0 0x710007 0x0 0x140 0x0 0x780004 0x0 0x0 0x0 0x0 0x0 0x0 0x7b0007 0x0 0xe8 0x0 0x860002 0x0 0x8b0005 0x0 0x0 0x0 0x0 0x0 0x0 0x920005 0x0 0x0 0x0 0x0 0x0 0x0 0x950005 0x0 0x0 0x0 0x0 0x0 0x0 0x980002 0x0 0x9e0003 0x0 0x18 0xac0004 0x0 0x0 0x0 0x0 0x0 0x0 0x0 0x0 0x0 0x0 0x0 0x0 0x0 0x0 0x0 0x0 0x9 0x1 0x0 oops 2 31 java/lang/Class 42 java/lang/Class methods 0
ciMethodData java/lang/invoke/LambdaForm forceInterpretation ()Z 2 6775 orig 80 0 0 0 0 0 0 0 0 0 0 0 0 111 1 0 0 0 0 0 0 0 0 0 0 0 0 0 0 0 0 0 0 0 0 0 0 0 0 0 0 0 0 0 0 0 0 0 0 0 0 0 0 0 0 0 0 0 0 0 0 0 0 0 0 0 0 0 0 0 0 0 0 0 0 0 0 0 0 0 0 data 13 0x50007 0x1a77 0x38 0x0 0x90003 0x0 0x18 0x0 0x0 0x0 0x9 0x1 0x0 oops 0 methods 0
ciMethodData java/lang/invoke/MemberName getInvocationType ()Ljava/lang/invoke/MethodType; 2 3856 orig 80 0 0 0 0 0 0 0 0 0 0 0 0 111 1 0 0 0 0 0 0 0 0 0 0 0 0 0 0 0 0 0 0 0 0 0 0 0 0 0 0 0 0 0 0 0 0 0 0 0 0 0 0 0 0 0 0 0 0 0 0 0 0 0 0 0 0 0 0 0 0 0 0 0 0 0 0 0 0 0 0 data 70 0x10005 0xf10 0x0 0x0 0x0 0x0 0x0 0x60005 0xf11 0x0 0x0 0x0 0x0 0x0 0x90007 0xa23 0xb0 0x4ee 0xd0005 0x4ee 0x0 0x0 0x0 0x0 0x0 0x120007 0x0 0x58 0x4ee 0x1a0005 0x4ee 0x0 0x0 0x0 0x0 0x0 0x1f0005 0xa23 0x0 0x0 0x0 0x0 0x0 0x220007 0x3bd 0x90 0x666 0x310004 0x0 0x0 0x16fef16e768 0x666 0x0 0x0 0x320005 0x666 0x0 0x0 0x0 0x0 0x0 0x0 0x0 0x0 0x0 0x0 0x0 0x9 0x1 0xffffffffffffffff oops 1 50 java/lang/Class methods 0
ciMethodData java/lang/invoke/MemberName isConstructor ()Z 2 9444 orig 80 0 0 0 0 0 0 0 0 0 0 0 0 111 1 0 0 0 0 0 0 0 0 0 0 0 0 0 0 0 0 0 0 0 0 0 0 0 0 0 0 0 0 0 0 0 0 0 0 0 0 0 0 0 0 0 0 0 0 0 0 0 0 0 0 0 0 0 0 0 0 0 0 0 0 0 0 0 0 0 0 data 16 0x40005 0x24e4 0x0 0x0 0x0 0x0 0x0 0x0 0x0 0x0 0x0 0x0 0x0 0x9 0x1 0x0 oops 0 methods 0
ciMethodData java/lang/invoke/LambdaForm parameter (I)Ljava/lang/invoke/LambdaForm$Name; 2 2778 orig 80 0 0 0 0 0 0 0 0 0 0 0 0 111 1 0 0 0 0 0 0 0 0 0 0 0 0 0 0 0 0 0 0 0 0 0 0 0 0 0 0 0 0 0 0 0 0 0 0 0 0 0 0 0 0 0 0 0 0 0 0 0 0 0 0 0 0 0 0 0 0 0 0 0 0 0 0 0 0 0 0 data 31 0xa0007 0xada 0xa8 0x0 0x120007 0x0 0x78 0x0 0x160005 0x0 0x0 0x0 0x0 0x0 0x0 0x190007 0x0 0x30 0x0 0x200002 0x0 0x0 0x0 0x0 0x0 0x0 0x0 0x9 0x2 0x0 0x0 oops 0 methods 0
ciMethodData java/lang/invoke/MemberName flagsMods (IIB)I 2 3184 orig 80 0 0 0 0 0 0 0 0 0 0 0 0 111 1 0 0 0 0 0 0 0 0 0 0 0 0 0 0 0 0 0 0 0 0 0 0 0 0 0 0 0 0 0 0 0 0 0 0 0 0 0 0 0 0 0 0 0 0 0 0 0 0 0 0 0 0 0 0 0 0 0 0 0 0 0 0 0 0 0 0 data 27 0x30007 0xc70 0x90 0x0 0xa0007 0x0 0x60 0x0 0x120007 0x0 0x40 0x0 0x190007 0x0 0x30 0x0 0x200002 0x0 0x0 0x0 0x0 0x0 0x9 0x3 0x0 0x0 0x0 oops 0 methods 0
ciMethodData java/lang/invoke/MemberName init (Ljava/lang/Class;Ljava/lang/String;Ljava/lang/Object;I)V 2 3183 orig 80 0 0 0 0 0 0 0 0 0 0 0 0 111 1 0 0 0 0 0 0 0 0 0 0 0 0 0 0 0 0 0 0 0 0 0 0 0 0 0 0 0 0 0 0 0 0 0 0 0 0 0 0 0 0 0 0 0 0 0 0 0 0 0 0 0 0 0 0 0 0 0 0 0 0 0 0 0 0 0 0 data 34 0x180007 0xc6e 0xa8 0x0 0x1f0005 0x0 0x0 0x0 0x0 0x0 0x0 0x220007 0x0 0x40 0x0 0x290007 0x0 0x30 0x0 0x300002 0x0 0x0 0x0 0x0 0x0 0x0 0x0 0x9 0x5 0x1e 0x0 0x0 0x0 0x0 oops 0 methods 0
ciMethodData java/lang/invoke/LambdaForm parameterType (I)Ljava/lang/invoke/LambdaForm$BasicType; 2 2467 orig 80 0 0 0 0 0 0 0 0 0 0 0 0 111 1 0 0 0 0 0 0 0 0 0 0 0 0 0 0 0 0 0 0 0 0 0 0 0 0 0 0 0 0 0 0 0 0 0 0 0 0 0 0 0 0 0 0 0 0 0 0 0 0 0 0 0 0 0 0 0 0 0 0 0 0 0 0 0 0 0 0 data 17 0x20005 0x0 0x0 0x16fef170ed8 0x9a3 0x0 0x0 0x0 0x0 0x0 0x0 0x0 0x0 0x9 0x2 0x0 0x0 oops 1 3 java/lang/invoke/LambdaForm methods 0
ciMethodData java/lang/invoke/MethodType insertParameterTypes (I[Ljava/lang/Class;)Ljava/lang/invoke/MethodType; 2 3953 orig 80 0 0 0 0 0 0 0 0 0 0 0 0 111 1 0 0 0 0 0 0 0 0 0 0 0 0 0 0 0 0 0 0 0 0 0 0 0 0 0 0 0 0 0 0 0 0 0 0 0 0 0 0 0 0 0 0 0 0 0 0 0 0 0 0 0 0 0 0 0 0 0 0 0 0 0 0 0 0 0 0 data 54 0x70007 0x0 0x40 0xf71 0xc0007 0xf71 0x40 0x0 0x100002 0x0 0x130002 0x0 0x180002 0xf71 0x1e0005 0xf71 0x0 0x0 0x0 0x0 0x0 0x270002 0xf71 0x300007 0xf71 0x20 0x0 0x3f0007 0xe13 0x30 0x15e 0x4b0002 0x15e 0x550002 0xf71 0x5a0007 0x7d4 0x30 0x79d 0x6b0002 0x79d 0x750002 0xf71 0x0 0x0 0x0 0x0 0x0 0x0 0x9 0x3 0x0 0x0 0xffffffffffffffff oops 0 methods 0
ciMethodData java/lang/invoke/MethodType parameterSlotCount ()I 2 10061 orig 80 0 0 0 0 0 0 0 0 0 0 0 0 111 1 0 0 0 0 0 0 0 0 0 0 0 0 0 0 0 0 0 0 0 0 0 0 0 0 0 0 0 0 0 0 0 0 0 0 0 0 0 0 0 0 0 0 0 0 0 0 0 0 0 0 0 0 0 0 0 0 0 0 0 0 0 0 0 0 0 0 data 16 0x40005 0x274d 0x0 0x0 0x0 0x0 0x0 0x0 0x0 0x0 0x0 0x0 0x0 0x9 0x1 0x0 oops 0 methods 0
ciMethodData java/util/Properties$LineReader readLine ()I 2 2334 orig 80 3 0 0 0 0 0 0 0 0 0 0 0 111 1 0 0 0 0 0 0 0 0 0 4 0 0 0 0 0 0 0 0 0 0 0 0 0 0 0 2 0 0 0 0 0 0 0 0 0 0 0 0 0 0 0 0 0 0 0 0 0 0 0 0 0 0 0 0 0 0 0 0 0 0 0 0 0 0 0 0 data 301 0x190007 0x596 0x38 0x388 0x1d0003 0x388 0x18 0x370007 0x25284 0x140 0x28f 0x3d0007 0x64 0x70 0x22b 0x460005 0x220 0x0 0x16ff90e5a90 0x9 0x16fef171918 0x2 0x490003 0x22a 0x50 0x520005 0x0 0x0 0x16ff90e5b20 0x64 0x0 0x0 0x5b0007 0x147 0x78 0x147 0x5f0007 0x7 0x20 0x13f 0x660007 0x7 0x38 0x0 0x6c0003 0x0 0x18 0x750007 0x181f6 0x38 0xd1d2 0x840003 0xd1d9 0x18 0x920007 0x23d8d 0x110 0x163d 0x990007 0x12a 0xfffffffffffffe68 0x1514 0xa00007 0xc9 0xfffffffffffffe48 0x144b 0xa70007 0x144b 0x38 0x0 0xaa0003 0x0 0xfffffffffffffe08 0xaf0007 0x1eb 0x78 0x1260 0x8000000600b60007 0xa 0xfffffffffffffdd0 0x1257 0xbd0007 0xd77 0x38 0x4e0 0xc00003 0x4e0 0xfffffffffffffd90 0xca0007 0x23f7a 0x2e8 0xd77 0xd10007 0x598 0x40 0x7df 0xd80007 0x7df 0x2a8 0x0 0xdd0007 0x2d8 0x148 0x2c2 0xe20007 0x0 0x98 0xaa2f 0xf20007 0xa76d 0xffffffffffffffe0 0x2c4 0xf90007 0x215 0x210 0xaf 0x1000007 0x2 0xffffffffffffffa0 0xad 0x1030003 0xad 0x1d0 0x1080007 0x0 0xffffffffffffff48 0x0 0x1120005 0x0 0x0 0x0 0x0 0x0 0x0 0x11b0007 0x0 0x20 0x0 0x1220003 0x0 0xfffffffffffffed0 0x1270007 0x2 0x98 0x8d1e 0x1370007 0x8931 0xffffffffffffffe0 0x3ed 0x13e0007 0x0 0xe8 0x3ed 0x8000000601450007 0x117 0xffffffffffffffa0 0x2d7 0x1480003 0x2d7 0xa8 0x14d0007 0x0 0xfffffffffffffe20 0x2 0x1570005 0x0 0x0 0x16ff90e5b20 0x2 0x0 0x0 0x1600007 0x2 0x20 0x0 0x1670003 0x2 0xfffffffffffffda8 0x16d0003 0x598 0xfffffffffffffaa8 0x1740007 0x7f4 0x108 0x23f66 0x17b0007 0x1b5 0xe8 0x23db4 0x18b0007 0x23dab 0x40 0x8 0x1910002 0x8 0x1a10002 0x8 0x1ae0007 0x239c1 0x70 0x3f3 0x1b30007 0xb 0x38 0x3e8 0x1b70003 0x3e8 0x30 0x1bb0003 0xb 0x18 0x1c10003 0x23db3 0xfffffffffffff9a0 0x1c50007 0x9a9 0x38 0x0 0x1cb0003 0x0 0xfffffffffffff968 0x1d00007 0x97c 0x120 0x2d 0x1d60007 0x22 0x70 0xb 0x8000000701df0005 0xc 0x0 0x16ff90e5a90 0x2 0x16fef171918 0x1 0x1e20003 0xf 0x50 0x1eb0005 0x0 0x0 0x16ff90e5b20 0x22 0x0 0x0 0x1f60007 0x0 0x58 0x31 0x1fb0007 0x31 0x38 0x0 0x2010003 0x0 0x18 0x2080007 0x791 0xd0 0x1eb 0x21b0007 0x1eb 0xfffffffffffff810 0x0 0x2200007 0x0 0x58 0x0 0x2290007 0x0 0xfffffffffffff7d0 0x0 0x22f0003 0x0 0xfffffffffffff7b0 0x2380007 0x0 0xfffffffffffff798 0x0 0x23e0003 0x0 0xfffffffffffff778 0x0 0x0 0x0 0x0 0x0 0x0 0x0 0x0 0x0 0x0 0x0 0x0 0x0 0x0 0x0 0x9 0x1 0x0 oops 7 18 java/io/FileInputStream 20 java/io/ByteArrayInputStream 28 java/io/InputStreamReader 167 java/io/InputStreamReader 232 java/io/FileInputStream 234 java/io/ByteArrayInputStream 242 java/io/InputStreamReader methods 0
ciMethodData java/util/concurrent/ConcurrentHashMap put (Ljava/lang/Object;Ljava/lang/Object;)Ljava/lang/Object; 2 10423 orig 80 0 0 0 0 0 0 0 0 0 0 0 0 111 1 0 0 0 0 0 0 0 0 0 0 0 0 0 0 0 0 0 0 0 0 0 0 0 0 0 0 0 0 0 0 0 0 0 0 0 0 0 0 0 0 0 0 0 0 0 0 0 0 0 0 0 0 0 0 0 0 0 0 0 0 0 0 0 0 0 0 data 18 0x40005 0x28b7 0x0 0x0 0x0 0x0 0x0 0x0 0x0 0x0 0x0 0x0 0x0 0x9 0x3 0xffffffffffffffff 0xffffffffffffffff 0xffffffffffffffff oops 0 methods 0
ciMethodData java/util/Properties put (Ljava/lang/Object;Ljava/lang/Object;)Ljava/lang/Object; 2 6264 orig 80 0 0 0 0 0 0 0 0 0 0 0 0 111 1 0 0 0 0 0 0 0 0 0 0 0 0 0 0 0 0 0 0 0 0 0 0 0 0 0 0 0 0 0 0 0 0 0 0 0 0 0 0 0 0 0 0 0 0 0 0 0 0 0 0 0 0 0 0 0 0 0 0 0 0 0 0 0 0 0 0 data 18 0x60005 0x0 0x0 0x16fef171ed8 0x1878 0x0 0x0 0x0 0x0 0x0 0x0 0x0 0x0 0x9 0x3 0x0 0x0 0x0 oops 1 3 java/util/concurrent/ConcurrentHashMap methods 0
ciMethodData java/lang/invoke/MethodHandle <init> (Ljava/lang/invoke/MethodType;Ljava/lang/invoke/LambdaForm;)V 2 6145 orig 80 0 0 0 0 0 0 0 0 0 0 0 0 111 1 0 0 0 0 0 0 0 0 0 0 0 0 0 0 0 0 0 0 0 0 0 0 0 0 0 0 0 0 0 0 0 0 0 0 0 0 0 0 0 0 0 0 0 0 0 0 0 0 0 0 0 0 0 0 0 0 0 0 0 0 0 0 0 0 0 0 data 45 0x10002 0x1801 0x60002 0x1801 0x90004 0x0 0x0 0x16fef170f68 0x1 0x0 0x0 0x110002 0x1801 0x140004 0x0 0x0 0x16fef170ed8 0x1 0x0 0x0 0x170005 0x0 0x0 0x16fef170ed8 0x1801 0x0 0x0 0x210005 0x0 0x0 0x16fef170ed8 0x1801 0x0 0x0 0x0 0x0 0x0 0x0 0x0 0x0 0x9 0x3 0xc 0x0 0x0 oops 4 7 java/lang/invoke/MethodType 16 java/lang/invoke/LambdaForm 23 java/lang/invoke/LambdaForm 30 java/lang/invoke/LambdaForm methods 0
ciMethodData java/lang/invoke/LambdaForm uncustomize ()Ljava/lang/invoke/LambdaForm; 2 5136 orig 80 0 0 0 0 0 0 0 0 0 0 0 0 111 1 0 0 0 0 0 0 0 0 0 0 0 0 0 0 0 0 0 0 0 0 0 0 0 0 0 0 0 0 0 0 0 0 0 0 0 0 0 0 0 0 0 0 0 0 0 0 0 0 0 0 0 0 0 0 0 0 0 0 0 0 0 0 0 0 0 0 data 45 0x40007 0x0 0x20 0x1410 0xc0007 0x0 0x50 0x0 0x130007 0x0 0x30 0x0 0x1a0002 0x0 0x220004 0x0 0x0 0x0 0x0 0x0 0x0 0x290007 0x0 0x78 0x0 0x300007 0x0 0x58 0x0 0x340005 0x0 0x0 0x0 0x0 0x0 0x0 0x0 0x0 0x0 0x0 0x0 0x0 0x9 0x1 0x0 oops 0 methods 0
ciMethodData java/lang/invoke/LambdaForm prepare ()V 2 6154 orig 80 0 0 0 0 0 0 0 0 0 0 0 0 111 1 0 0 0 0 0 0 0 0 0 0 0 0 0 0 0 0 0 0 0 0 0 0 0 0 0 0 0 0 0 0 0 0 0 0 0 0 0 0 0 0 0 0 0 0 0 0 0 0 0 0 0 0 0 0 0 0 0 0 0 0 0 0 0 0 0 0 data 101 0x30007 0x0 0xd0 0x180a 0x70005 0x180a 0x0 0x0 0x0 0x0 0x0 0xa0007 0x0 0x78 0x180a 0x110007 0x172d 0x58 0xdd 0x150005 0x0 0x0 0x16fef170ed8 0xdd 0x0 0x0 0x1c0007 0x0 0x20 0x180a 0x210005 0x0 0x0 0x0 0x0 0x0 0x0 0x260005 0x0 0x0 0x0 0x0 0x0 0x0 0x2b0005 0x0 0x0 0x0 0x0 0x0 0x0 0x300007 0x0 0x148 0x0 0x360007 0x0 0x98 0x0 0x3a0005 0x0 0x0 0x0 0x0 0x0 0x0 0x3d0002 0x0 0x400007 0x0 0x30 0x0 0x470002 0x0 0x4c0002 0x0 0x520002 0x0 0x590005 0x0 0x0 0x0 0x0 0x0 0x0 0x5f0005 0x0 0x0 0x0 0x0 0x0 0x0 0x0 0x0 0x0 0x0 0x0 0x0 0x9 0x1 0x0 oops 1 22 java/lang/invoke/LambdaForm methods 0
ciMethodData java/lang/invoke/LambdaForm compileToBytecode ()V 1 543 orig 80 0 0 0 0 0 0 0 0 0 0 0 0 111 1 0 0 0 0 0 0 0 0 0 0 0 0 0 0 0 0 0 0 0 0 0 0 0 0 0 0 0 0 0 0 0 0 0 0 0 0 0 0 0 0 0 0 0 0 0 0 0 0 0 0 0 0 0 0 0 0 0 0 0 0 0 0 0 0 0 0 data 147 0x10005 0x21f 0x0 0x0 0x0 0x0 0x0 0x40007 0x21f 0x20 0x0 0xc0007 0x21c 0x40 0x3 0x130007 0x0 0x20 0x3 0x180005 0x0 0x0 0x16fef170ed8 0x21c 0x0 0x0 0x1f0007 0x21c 0x118 0x0 0x260007 0x0 0xf8 0x0 0x2d0005 0x0 0x0 0x0 0x0 0x0 0x0 0x300005 0x0 0x0 0x0 0x0 0x0 0x0 0x340005 0x0 0x0 0x0 0x0 0x0 0x0 0x370007 0x0 0x30 0x0 0x3e0002 0x0 0x450002 0x21c 0x4e0007 0x21c 0x30 0x0 0x550002 0x0 0x5d0003 0x21c 0x208 0x660002 0x0 0x690005 0x0 0x0 0x0 0x0 0x0 0x0 0x6f0007 0x0 0x148 0x0 0x790002 0x0 0x7f0005 0x0 0x0 0x0 0x0 0x0 0x0 0x830005 0x0 0x0 0x0 0x0 0x0 0x0 0x860005 0x0 0x0 0x0 0x0 0x0 0x0 0x890005 0x0 0x0 0x0 0x0 0x0 0x0 0x900005 0x0 0x0 0x0 0x0 0x0 0x0 0x930003 0x0 0x60 0x9b0005 0x0 0x0 0x0 0x0 0x0 0x0 0x9f0002 0x0 0x0 0x0 0x0 0x0 0x0 0x0 0x0 0x0 0x0 0x0 0x9 0x1 0x0 oops 1 22 java/lang/invoke/LambdaForm methods 0
ciMethodData java/lang/invoke/LambdaForm methodType ()Ljava/lang/invoke/MethodType; 1 540 orig 80 0 0 0 0 0 0 0 0 0 0 0 0 111 1 0 0 0 0 0 0 0 0 0 0 0 0 0 0 0 0 0 0 0 0 0 0 0 0 0 0 0 0 0 0 0 0 0 0 0 0 0 0 0 0 0 0 0 0 0 0 0 0 0 0 0 0 0 0 0 0 0 0 0 0 0 0 0 0 0 0 data 39 0xf0007 0x21c 0xa8 0x91a 0x160005 0x0 0x0 0x16fef170ed8 0x91a 0x0 0x0 0x1c0004 0x0 0x0 0x16fef16e768 0x91a 0x0 0x0 0x200003 0x91a 0xffffffffffffff70 0x240005 0x0 0x0 0x16fef170ed8 0x21c 0x0 0x0 0x2c0002 0x21c 0x0 0x0 0x0 0x0 0x0 0x0 0x9 0x1 0x0 oops 3 7 java/lang/invoke/LambdaForm 14 java/lang/Class 24 java/lang/invoke/LambdaForm methods 0
ciMethodData java/lang/invoke/MethodTypeForm cachedLambdaForm (I)Ljava/lang/invoke/LambdaForm; 2 8702 orig 80 0 0 0 0 0 0 0 0 0 0 0 0 111 1 0 0 0 0 0 0 0 0 0 0 0 0 0 0 0 0 0 0 0 0 0 0 0 0 0 0 0 0 0 0 0 0 0 0 0 0 0 0 0 0 0 0 0 0 0 0 0 0 0 0 0 0 0 0 0 0 0 0 0 0 0 0 0 0 0 0 data 31 0x80007 0xf0 0xa8 0x210e 0xc0005 0x0 0x0 0x16fef16f6b8 0x210e 0x0 0x0 0xf0004 0x0 0x0 0x16fef170ed8 0x210f 0x0 0x0 0x120003 0x210f 0x18 0x0 0x0 0x0 0x0 0x0 0x0 0x9 0x2 0x0 0x0 oops 2 7 java/lang/ref/SoftReference 14 java/lang/invoke/LambdaForm methods 0
ciMethodData java/lang/invoke/MethodTypeForm setCachedLambdaForm (ILjava/lang/invoke/LambdaForm;)Ljava/lang/invoke/LambdaForm; 1 241 orig 80 0 0 0 0 0 0 0 0 0 0 0 0 111 1 0 0 0 0 0 0 0 0 0 0 0 0 0 0 0 0 0 0 0 0 0 0 0 0 0 0 0 0 0 0 0 0 0 0 0 0 0 0 0 0 0 0 0 0 0 0 0 0 0 0 0 0 0 0 0 0 0 0 0 0 0 0 0 0 0 0 data 42 0x80007 0xf1 0xb0 0x0 0xc0005 0x0 0x0 0x0 0x0 0x0 0x0 0xf0004 0x0 0x0 0x0 0x0 0x0 0x0 0x160007 0x0 0x20 0x0 0x260002 0xf1 0x290004 0x0 0x0 0x16fef16f6b8 0xf1 0x0 0x0 0x0 0x0 0x0 0x0 0x0 0x0 0x9 0x3 0x0 0x0 0x0 oops 1 27 java/lang/ref/SoftReference methods 0
ciMethodData java/lang/reflect/Modifier isProtected (I)Z 2 9503 orig 80 0 0 0 0 0 0 0 0 0 0 0 0 111 1 0 0 0 0 0 0 0 0 0 0 0 0 0 0 0 0 0 0 0 0 0 0 0 0 0 0 0 0 0 0 0 0 0 0 0 0 0 0 0 0 0 0 0 0 0 0 0 0 0 0 0 0 0 0 0 0 0 0 0 0 0 0 0 0 0 0 data 11 0x30007 0x24f2 0x38 0x2d 0x70003 0x2d 0x18 0x0 0x9 0x1 0x0 oops 0 methods 0
ciMethodData sun/invoke/util/VerifyAccess isSamePackage (Ljava/lang/Class;Ljava/lang/Class;)Z 2 5512 orig 80 0 0 0 0 0 0 0 0 0 0 0 0 111 1 0 0 0 0 0 0 0 0 0 0 0 0 0 0 0 0 0 0 0 0 0 0 0 0 0 0 0 0 0 0 0 0 0 0 0 0 0 0 0 0 0 0 0 0 0 0 0 0 0 0 0 0 0 0 0 0 0 0 0 0 0 0 0 0 0 0 data 53 0x20007 0x1285 0x20 0x303 0x80005 0x1285 0x0 0x0 0x0 0x0 0x0 0xc0005 0x1285 0x0 0x0 0x0 0x0 0x0 0xf0007 0x53c 0x20 0xd49 0x150005 0x53c 0x0 0x0 0x0 0x0 0x0 0x190005 0x53c 0x0 0x0 0x0 0x0 0x0 0x1c0007 0x24e 0x38 0x2ee 0x200003 0x2ee 0x18 0x0 0x0 0x0 0x0 0x0 0x0 0x9 0x2 0xffffffffffffffff 0xffffffffffffffff oops 0 methods 0
ciMethodData java/lang/invoke/MethodHandle asType (Ljava/lang/invoke/MethodType;)Ljava/lang/invoke/MethodHandle; 2 5686 orig 80 0 0 0 0 0 0 0 0 0 0 0 0 111 1 0 0 0 0 0 0 0 0 0 0 0 0 0 0 0 0 0 0 0 0 0 0 0 0 0 0 0 0 0 0 0 0 0 0 0 0 0 0 0 0 0 0 0 0 0 0 0 0 0 0 0 0 0 0 0 0 0 0 0 0 0 0 0 0 0 0 data 39 0x50007 0x1609 0x20 0x2d 0xc0005 0x1609 0x0 0x0 0x0 0x0 0x0 0x110007 0x15f3 0x20 0x16 0x190005 0x1100 0x0 0x16ff4b1ccf8 0x31 0x16ff4b1cda8 0x4c2 0x1c0005 0x15f2 0x0 0x0 0x0 0x0 0x0 0x0 0x0 0x0 0x0 0x0 0x0 0x9 0x2 0xffffffffffffffff 0xffffffffffffffff oops 2 18 java/lang/invoke/BoundMethodHandle$Species_L 20 java/lang/invoke/DirectMethodHandle$Constructor methods 0
ciMethodData java/util/Properties loadConvert ([CIILjava/lang/StringBuilder;)Ljava/lang/String; 2 3081 orig 80 2 0 0 0 0 0 0 0 0 0 0 0 111 1 0 0 0 0 0 0 0 0 0 0 0 0 0 0 0 0 0 0 0 0 0 0 0 0 0 2 0 0 0 0 0 0 0 0 0 0 0 0 0 0 0 0 0 0 0 0 0 0 0 0 0 0 0 0 0 0 0 0 0 0 0 0 0 0 0 0 data 256 0xb0007 0xbb2 0x58 0x1f27c 0x1a0007 0x1f225 0xffffffffffffffe0 0x57 0x1d0003 0x57 0x18 0x230007 0x57 0x30 0xbb2 0x2e0002 0xbb2 0x350005 0x57 0x0 0x0 0x0 0x0 0x0 0x440005 0x57 0x0 0x0 0x0 0x0 0x0 0x4b0007 0x59 0x668 0x2d4a 0x5a0007 0x2b84 0x5f8 0x1c6 0x690007 0x1c6 0x4c0 0x0 0x710007 0x0 0x30 0x0 0x7a0002 0x0 0x870007 0x0 0x420 0x0 0x940008 0x70 0x0 0x3d8 0x0 0x390 0x0 0x390 0x0 0x390 0x0 0x390 0x0 0x390 0x0 0x390 0x0 0x390 0x0 0x390 0x0 0x390 0x0 0x390 0x0 0x3d8 0x0 0x3d8 0x0 0x3d8 0x0 0x3d8 0x0 0x3d8 0x0 0x3d8 0x0 0x3d8 0x0 0x3c0 0x0 0x3c0 0x0 0x3c0 0x0 0x3c0 0x0 0x3c0 0x0 0x3c0 0x0 0x3d8 0x0 0x3d8 0x0 0x3d8 0x0 0x3d8 0x0 0x3d8 0x0 0x3d8 0x0 0x3d8 0x0 0x3d8 0x0 0x3d8 0x0 0x3d8 0x0 0x3d8 0x0 0x3d8 0x0 0x3d8 0x0 0x3d8 0x0 0x3d8 0x0 0x3d8 0x0 0x3d8 0x0 0x3d8 0x0 0x3d8 0x0 0x3d8 0x0 0x3d8 0x0 0x3d8 0x0 0x3d8 0x0 0x3d8 0x0 0x3d8 0x0 0x3d8 0x0 0x3a8 0x0 0x3a8 0x0 0x3a8 0x0 0x3a8 0x0 0x3a8 0x0 0x3a8 0x18a0003 0x0 0x58 0x19a0003 0x0 0x40 0x1aa0003 0x0 0x28 0x1b30002 0x0 0x1bc0003 0x0 0xfffffffffffffbf8 0x1c40005 0x0 0x0 0x0 0x0 0x0 0x0 0x1c80003 0x0 0xfffffffffffffb18 0x8000000601cf0007 0x1c2 0x38 0x5 0x1d60003 0x5 0xa8 0x1dd0007 0x1b7 0x38 0xb 0x1e40003 0xb 0x70 0x8000000601eb0007 0x1a6 0x38 0x12 0x1f20003 0x12 0x38 0x1f90007 0x1a6 0x20 0x0 0x2040005 0x1c8 0x0 0x0 0x0 0x0 0x0 0x2080003 0x1c8 0xfffffffffffffa00 0x20f0005 0x2b84 0x0 0x0 0x0 0x0 0x0 0x2130003 0x2b84 0xfffffffffffff9b0 0x2180005 0x59 0x0 0x0 0x0 0x0 0x0 0x0 0x0 0x0 0x0 0x0 0x0 0x9 0x5 0x0 0x0 0x0 0x0 0x0 oops 0 methods 0
ciMethodData java/lang/invoke/MethodType basicType ()Ljava/lang/invoke/MethodType; 2 14584 orig 80 0 0 0 0 0 0 0 0 0 0 0 0 111 1 0 0 0 0 0 0 0 0 0 0 0 0 0 0 0 0 0 0 0 0 0 0 0 0 0 0 0 0 0 0 0 0 0 0 0 0 0 0 0 0 0 0 0 0 0 0 0 0 0 0 0 0 0 0 0 0 0 0 0 0 0 0 0 0 0 0 data 16 0x40005 0x38f8 0x0 0x0 0x0 0x0 0x0 0x0 0x0 0x0 0x0 0x0 0x0 0x9 0x1 0x0 oops 0 methods 0
ciMethodData java/lang/invoke/MemberName <init> (Ljava/lang/Class;Ljava/lang/String;Ljava/lang/invoke/MethodType;B)V 2 1769 orig 80 0 0 0 0 0 0 0 0 0 0 0 0 111 1 0 0 0 0 0 0 0 0 0 0 0 0 0 0 0 0 0 0 0 0 0 0 0 0 0 0 0 0 0 0 0 0 0 0 0 0 0 0 0 0 0 0 0 0 0 0 0 0 0 0 0 0 0 0 0 0 0 0 0 0 0 0 0 0 0 0 data 49 0x10002 0x6e9 0x50007 0x0 0x90 0x6ea 0xc0005 0x6ea 0x0 0x0 0x0 0x0 0x0 0xf0007 0x49b 0x38 0x24f 0x150003 0x24f 0x18 0x260002 0x6ea 0x290005 0x6eb 0x0 0x0 0x0 0x0 0x0 0x2e0005 0x6ea 0x0 0x0 0x0 0x0 0x0 0x0 0x0 0x0 0x0 0x0 0x0 0x9 0x5 0x3e 0x0 0x0 0x0 0x0 oops 0 methods 0
ciMethodData java/lang/invoke/MethodType changeReturnType (Ljava/lang/Class;)Ljava/lang/invoke/MethodType; 2 3135 orig 80 0 0 0 0 0 0 0 0 0 0 0 0 111 1 0 0 0 0 0 0 0 0 0 0 0 0 0 0 0 0 0 0 0 0 0 0 0 0 0 0 0 0 0 0 0 0 0 0 0 0 0 0 0 0 0 0 0 0 0 0 0 0 0 0 0 0 0 0 0 0 0 0 0 0 0 0 0 0 0 0 data 23 0x10005 0xc40 0x0 0x0 0x0 0x0 0x0 0x50007 0xc3d 0x20 0x2 0x100002 0xc3e 0x0 0x0 0x0 0x0 0x0 0x0 0x9 0x2 0x0 0x0 oops 0 methods 0
ciMethodData java/lang/invoke/MemberName getName ()Ljava/lang/String; 2 4895 orig 80 0 0 0 0 0 0 0 0 0 0 0 0 111 1 0 0 0 0 0 0 0 0 0 0 0 0 0 0 0 0 0 0 0 0 0 0 0 0 0 0 0 0 0 0 0 0 0 0 0 0 0 0 0 0 0 0 0 0 0 0 0 0 0 0 0 0 0 0 0 0 0 0 0 0 0 0 0 0 0 0 data 24 0x40007 0x131e 0x78 0x1 0x80005 0x1 0x0 0x0 0x0 0x0 0x0 0xf0007 0x1 0x20 0x0 0x0 0x0 0x0 0x0 0x0 0x0 0x9 0x1 0xffffffffffffffff oops 0 methods 0
ciMethodData java/lang/invoke/MemberName isMethod ()Z 2 2619 orig 80 0 0 0 0 0 0 0 0 0 0 0 0 111 1 0 0 0 0 0 0 0 0 0 0 0 0 0 0 0 0 0 0 0 0 0 0 0 0 0 0 0 0 0 0 0 0 0 0 0 0 0 0 0 0 0 0 0 0 0 0 0 0 0 0 0 0 0 0 0 0 0 0 0 0 0 0 0 0 0 0 data 16 0x40005 0xa3b 0x0 0x0 0x0 0x0 0x0 0x0 0x0 0x0 0x0 0x0 0x0 0x9 0x1 0x0 oops 0 methods 0
ciMethod java/lang/invoke/DirectMethodHandle$Special <init> (Ljava/lang/invoke/MethodType;Ljava/lang/invoke/LambdaForm;Ljava/lang/invoke/MemberName;ZLjava/lang/Class;)V 26 0 88 0 -1
ciMethodData java/lang/invoke/MemberName isPublic ()Z 1 615 orig 80 0 0 0 0 0 0 0 0 0 0 0 0 111 1 0 0 0 0 0 0 0 0 0 0 0 0 0 0 0 0 0 0 0 0 0 0 0 0 0 0 0 0 0 0 0 0 0 0 0 0 0 0 0 0 0 0 0 0 0 0 0 0 0 0 0 0 0 0 0 0 0 0 0 0 0 0 0 0 0 0 data 11 0x40002 0x267 0x0 0x0 0x0 0x0 0x0 0x0 0x9 0x1 0x0 oops 0 methods 0
ciMethodData java/lang/invoke/DirectMethodHandle <init> (Ljava/lang/invoke/MethodType;Ljava/lang/invoke/LambdaForm;Ljava/lang/invoke/MemberName;Z)V 2 5121 orig 80 0 0 0 0 0 0 0 0 0 0 0 0 111 1 0 0 0 0 0 0 0 0 0 0 0 0 0 0 0 0 0 0 0 0 0 0 0 0 0 0 0 0 0 0 0 0 0 0 0 0 0 0 0 0 0 0 0 0 0 0 0 0 0 0 0 0 0 0 0 0 0 0 0 0 0 0 0 0 0 0 data 157 0x30002 0x1401 0x70005 0x1401 0x0 0x0 0x0 0x0 0x0 0xa0007 0x1401 0x30 0x0 0x110002 0x0 0x160005 0x1401 0x0 0x0 0x0 0x0 0x0 0x190005 0x1401 0x0 0x0 0x0 0x0 0x0 0x1c0007 0x13e7 0x398 0x1a 0x200005 0x1a 0x0 0x0 0x0 0x0 0x0 0x250007 0x5 0x340 0x15 0x290005 0x15 0x0 0x0 0x0 0x0 0x0 0x2c0007 0x0 0x2e8 0x15 0x300005 0x15 0x0 0x0 0x0 0x0 0x0 0x330007 0x13 0x290 0x2 0x3d0005 0x2 0x0 0x0 0x0 0x0 0x0 0x410005 0x2 0x0 0x0 0x0 0x0 0x0 0x450005 0x2 0x0 0x0 0x0 0x0 0x0 0x480002 0x2 0x4d0002 0x2 0x520005 0x2 0x0 0x0 0x0 0x0 0x0 0x590005 0x0 0x0 0x16ffb5dd470 0x2 0x0 0x0 0x600007 0x2 0x138 0x0 0x650005 0x0 0x0 0x0 0x0 0x0 0x0 0x680007 0x0 0xe0 0x0 0x6e0007 0x0 0xc0 0x0 0x720005 0x0 0x0 0x0 0x0 0x0 0x0 0x770005 0x0 0x0 0x0 0x0 0x0 0x0 0x7a0007 0x0 0x30 0x0 0x810002 0x0 0x0 0x0 0x0 0x0 0x0 0x0 0x9 0x5 0x1e 0x0 0x0 0x0 0x0 oops 1 101 java/lang/invoke/MemberName$Factory methods 0
ciMethodData java/lang/invoke/MemberName isAbstract ()Z 1 42 orig 80 0 0 0 0 0 0 0 0 0 0 0 0 111 1 0 0 0 0 0 0 0 0 0 0 0 0 0 0 0 0 0 0 0 0 0 0 0 0 0 0 0 0 0 0 0 0 0 0 0 0 0 0 0 0 0 0 0 0 0 0 0 0 0 0 0 0 0 0 0 0 0 0 0 0 0 0 0 0 0 0 data 11 0x40002 0x2a 0x0 0x0 0x0 0x0 0x0 0x0 0x9 0x1 0x0 oops 0 methods 0
ciMethodData java/lang/invoke/MemberName getFactory ()Ljava/lang/invoke/MemberName$Factory; 1 259 orig 80 0 0 0 0 0 0 0 0 0 0 0 0 111 1 0 0 0 0 0 0 0 0 0 0 0 0 0 0 0 0 0 0 0 0 0 0 0 0 0 0 0 0 0 0 0 0 0 0 0 0 0 0 0 0 0 0 0 0 0 0 0 0 0 0 0 0 0 0 0 0 0 0 0 0 0 0 0 0 0 0 data 4 0x0 0x0 0x9 0x0 oops 0 methods 0
ciMethodData java/lang/invoke/MemberName$Factory resolveOrNull (BLjava/lang/invoke/MemberName;Ljava/lang/Class;I)Ljava/lang/invoke/MemberName; 1 327 orig 80 0 0 0 0 0 0 0 0 0 0 0 0 111 1 0 0 0 0 0 0 0 0 0 0 0 0 0 0 0 0 0 0 0 0 0 0 0 0 0 0 0 0 0 0 0 0 0 0 0 0 0 0 0 0 0 0 0 0 0 0 0 0 0 0 0 0 0 0 0 0 0 0 0 0 0 0 0 0 0 0 data 49 0x30007 0x147 0x70 0x0 0x70007 0x0 0x50 0x0 0xd0007 0x0 0x30 0x0 0x140002 0x0 0x1f0005 0x147 0x0 0x0 0x0 0x0 0x0 0x260007 0x8d 0x78 0xba 0x2b0005 0xba 0x0 0x0 0x0 0x0 0x0 0x2e0007 0x0 0x20 0xba 0x0 0x0 0x0 0x0 0x0 0x0 0x9 0x5 0xffffffffffffffff 0x0 0xffffffffffffffff 0xffffffffffffffff 0x0 oops 0 methods 0
ciMethodData java/lang/invoke/MethodHandles$Lookup checkAccess (BLjava/lang/Class;Ljava/lang/invoke/MemberName;)V 2 5134 orig 80 0 0 0 0 0 0 0 0 0 0 0 0 111 1 0 0 0 0 0 0 0 0 0 0 0 0 0 0 0 0 0 0 0 0 0 0 0 0 0 0 0 0 0 0 0 0 0 0 0 0 0 0 0 0 0 0 0 0 0 0 0 0 0 0 0 0 0 0 0 0 0 0 0 0 0 0 0 0 0 0 data 174 0x30007 0x140e 0x120 0x0 0x80005 0x0 0x0 0x0 0x0 0x0 0x0 0xb0007 0x0 0xb8 0x0 0xf0002 0x0 0x120007 0x0 0x88 0x0 0x160002 0x0 0x1a0005 0x0 0x0 0x0 0x0 0x0 0x0 0x1d0007 0x0 0x30 0x0 0x240002 0x0 0x310007 0x54a 0x20 0xec4 0x360005 0x54a 0x0 0x0 0x0 0x0 0x0 0x3f0005 0x54a 0x0 0x0 0x0 0x0 0x0 0x420007 0x54a 0x20 0x0 0x4d0002 0x54a 0x500007 0x545 0x40 0x5 0x560007 0x5 0x20 0x0 0x610002 0x54a 0x640007 0x532 0x88 0x18 0x680002 0x18 0x6b0007 0x18 0x58 0x0 0x730005 0x0 0x0 0x0 0x0 0x0 0x0 0x790002 0x54a 0x830007 0x0 0xf8 0x54a 0x880005 0x54a 0x0 0x0 0x0 0x0 0x0 0x8e0005 0x54a 0x0 0x0 0x0 0x0 0x0 0x920005 0x54a 0x0 0x0 0x0 0x0 0x0 0x970002 0x54a 0x9a0007 0x0 0x100 0x54a 0xa20007 0x0 0xe0 0x0 0xaa0007 0x0 0xc0 0x0 0xae0005 0x0 0x0 0x0 0x0 0x0 0x0 0xb20005 0x0 0x0 0x0 0x0 0x0 0x0 0xb50002 0x0 0xb80007 0x0 0x20 0x0 0xc00005 0x0 0x0 0x0 0x0 0x0 0x0 0xc40005 0x0 0x0 0x0 0x0 0x0 0x0 0x0 0x0 0x0 0x0 0x0 0x0 0x9 0x4 0x0 0x0 0x0 0x0 oops 0 methods 0
ciMethodData java/lang/reflect/Modifier isFinal (I)Z 2 6371 orig 80 0 0 0 0 0 0 0 0 0 0 0 0 111 1 0 0 0 0 0 0 0 0 0 0 0 0 0 0 0 0 0 0 0 0 0 0 0 0 0 0 0 0 0 0 0 0 0 0 0 0 0 0 0 0 0 0 0 0 0 0 0 0 0 0 0 0 0 0 0 0 0 0 0 0 0 0 0 0 0 0 data 11 0x40007 0x17ce 0x38 0x115 0x80003 0x115 0x18 0x0 0x9 0x1 0x0 oops 0 methods 0
ciMethodData java/lang/invoke/MemberName makeAccessException (Ljava/lang/String;Ljava/lang/Object;)Ljava/lang/IllegalAccessException; 1 0 orig 80 0 0 0 0 0 0 0 0 0 0 0 0 111 1 0 0 0 0 0 0 0 0 0 0 0 0 0 0 0 0 0 0 0 0 0 0 0 0 0 0 0 0 0 0 0 0 0 0 0 0 0 0 0 0 0 0 0 0 0 0 0 0 0 0 0 0 0 0 0 0 0 0 0 0 0 0 0 0 0 0 data 262 0x40002 0x0 0x80005 0x0 0x0 0x0 0x0 0x0 0x0 0xe0005 0x0 0x0 0x0 0x0 0x0 0x0 0x120005 0x0 0x0 0x0 0x0 0x0 0x0 0x150005 0x0 0x0 0x0 0x0 0x0 0x0 0x1a0007 0x0 0x6d8 0x0 0x1e0002 0x0 0x210007 0x0 0xf0 0x0 0x280002 0x0 0x2c0005 0x0 0x0 0x0 0x0 0x0 0x0 0x320005 0x0 0x0 0x0 0x0 0x0 0x0 0x350005 0x0 0x0 0x0 0x0 0x0 0x0 0x390003 0x0 0x5d0 0x3d0004 0x0 0x0 0x0 0x0 0x0 0x0 0x400007 0x0 0x150 0x0 0x440004 0x0 0x0 0x0 0x0 0x0 0x0 0x4b0005 0x0 0x0 0x0 0x0 0x0 0x0 0x510005 0x0 0x0 0x0 0x0 0x0 0x0 0x540005 0x0 0x0 0x0 0x0 0x0 0x0 0x5a0005 0x0 0x0 0x0 0x0 0x0 0x0 0x5f0003 0x0 0x88 0x630004 0x0 0x0 0x0 0x0 0x0 0x0 0x660005 0x0 0x0 0x0 0x0 0x0 0x0 0x710002 0x0 0x750005 0x0 0x0 0x0 0x0 0x0 0x0 0x7b0005 0x0 0x0 0x0 0x0 0x0 0x0 0x7f0005 0x0 0x0 0x0 0x0 0x0 0x0 0x850005 0x0 0x0 0x0 0x0 0x0 0x0 0x890005 0x0 0x0 0x0 0x0 0x0 0x0 0x8f0005 0x0 0x0 0x0 0x0 0x0 0x0 0x920005 0x0 0x0 0x0 0x0 0x0 0x0 0x980007 0x0 0x228 0x0 0x9f0002 0x0 0xa30005 0x0 0x0 0x0 0x0 0x0 0x0 0xa90005 0x0 0x0 0x0 0x0 0x0 0x0 0xae0005 0x0 0x0 0x0 0x0 0x0 0x0 0xb10005 0x0 0x0 0x0 0x0 0x0 0x0 0xb70005 0x0 0x0 0x0 0x0 0x0 0x0 0xbc0005 0x0 0x0 0x0 0x0 0x0 0x0 0xbf0005 0x0 0x0 0x0 0x0 0x0 0x0 0xc50005 0x0 0x0 0x0 0x0 0x0 0x0 0xc80005 0x0 0x0 0x0 0x0 0x0 0x0 0xd10002 0x0 0x0 0x0 0x0 0x0 0x0 0x0 0x9 0x3 0x0 0x0 0x0 oops 0 methods 0
ciMethodData java/lang/invoke/LambdaForm returnType ()Ljava/lang/invoke/LambdaForm$BasicType; 1 848 orig 80 0 0 0 0 0 0 0 0 0 0 0 0 111 1 0 0 0 0 0 0 0 0 0 0 0 0 0 0 0 0 0 0 0 0 0 0 0 0 0 0 0 0 0 0 0 0 0 0 0 0 0 0 0 0 0 0 0 0 0 0 0 0 0 0 0 0 0 0 0 0 0 0 0 0 0 0 0 0 0 0 data 11 0x40007 0x2ef 0x20 0x61 0x0 0x0 0x0 0x0 0x9 0x1 0x0 oops 0 methods 0
ciMethodData java/lang/invoke/Invokers checkExactType (Ljava/lang/invoke/MethodHandle;Ljava/lang/invoke/MethodType;)V 2 18017 orig 80 0 0 0 0 0 0 0 0 0 0 0 0 111 1 0 0 0 0 0 0 0 0 0 0 0 0 0 0 0 0 0 0 0 0 0 0 0 0 0 0 0 0 0 0 0 0 0 0 0 0 0 0 0 0 0 0 0 0 0 0 0 0 0 0 0 0 0 0 0 0 0 0 0 0 0 0 0 0 0 0 data 23 0x10005 0x3c6b 0x0 0x16ff4b1cda8 0x992 0x16ff4b1ccf8 0x65 0x70007 0x4662 0x30 0x0 0xc0002 0x0 0x0 0x0 0x0 0x0 0x0 0x0 0x9 0x2 0x0 0x0 oops 2 3 java/lang/invoke/DirectMethodHandle$Constructor 5 java/lang/invoke/BoundMethodHandle$Species_L methods 0
ciMethodData java/lang/invoke/Invokers newWrongMethodTypeException (Ljava/lang/invoke/MethodType;Ljava/lang/invoke/MethodType;)Ljava/lang/invoke/WrongMethodTypeException; 1 0 orig 80 0 0 0 0 0 0 0 0 0 0 0 0 111 1 0 0 0 0 0 0 0 0 0 0 0 0 0 0 0 0 0 0 0 0 0 0 0 0 0 0 0 0 0 0 0 0 0 0 0 0 0 0 0 0 0 0 0 0 0 0 0 0 0 0 0 0 0 0 0 0 0 0 0 0 0 0 0 0 0 0 data 49 0x80002 0x0 0xe0005 0x0 0x0 0x0 0x0 0x0 0x0 0x120005 0x0 0x0 0x0 0x0 0x0 0x0 0x180005 0x0 0x0 0x0 0x0 0x0 0x0 0x1c0005 0x0 0x0 0x0 0x0 0x0 0x0 0x1f0005 0x0 0x0 0x0 0x0 0x0 0x0 0x220002 0x0 0x0 0x0 0x0 0x0 0x0 0x0 0x9 0x2 0xffffffffffffffff 0xffffffffffffffff oops 0 methods 0
ciMethodData java/lang/invoke/Invokers checkCustomized (Ljava/lang/invoke/MethodHandle;)V 2 18031 orig 80 0 0 0 0 0 0 0 0 0 0 0 0 111 1 0 0 0 0 0 0 0 0 0 0 0 0 0 0 0 0 0 0 0 0 0 0 0 0 0 0 0 0 0 0 0 0 0 0 0 0 0 0 0 0 0 0 0 0 0 0 0 0 0 0 0 0 0 0 0 0 0 0 0 0 0 0 0 0 0 0 data 21 0x10002 0x466f 0x40007 0x4671 0x20 0x0 0xf0007 0x1938 0x30 0x2d38 0x130002 0x2d38 0x0 0x0 0x0 0x0 0x0 0x0 0x9 0x1 0xffffffffffffffff oops 0 methods 0
ciMethodData java/lang/invoke/DirectMethodHandle maybeCompile (Ljava/lang/invoke/LambdaForm;Ljava/lang/invoke/MemberName;)V 2 6314 orig 80 0 0 0 0 0 0 0 0 0 0 0 0 111 1 0 0 0 0 0 0 0 0 0 0 0 0 0 0 0 0 0 0 0 0 0 0 0 0 0 0 0 0 0 0 0 0 0 0 0 0 0 0 0 0 0 0 0 0 0 0 0 0 0 0 0 0 0 0 0 0 0 0 0 0 0 0 0 0 0 0 data 34 0x40007 0x1899 0xc0 0x11 0x80005 0x11 0x0 0x0 0x0 0x0 0x0 0xd0002 0x11 0x100007 0x11 0x58 0x0 0x140005 0x0 0x0 0x0 0x0 0x0 0x0 0x0 0x0 0x0 0x0 0x0 0x0 0x9 0x2 0x0 0x0 oops 0 methods 0
ciMethodData java/lang/reflect/AccessibleObject checkAccess (Ljava/lang/Class;Ljava/lang/Class;Ljava/lang/Class;I)V 2 5147 orig 80 0 0 0 0 0 0 0 0 0 0 0 0 111 1 0 0 0 0 0 0 0 0 0 0 0 0 0 0 0 0 0 0 0 0 0 0 0 0 0 0 0 0 0 0 0 0 0 0 0 0 0 0 0 0 0 0 0 0 0 0 0 0 0 0 0 0 0 0 0 0 0 0 0 0 0 0 0 0 0 0 data 39 0x60005 0x141b 0x0 0x0 0x0 0x0 0x0 0x90007 0x141b 0x98 0x0 0x110002 0x0 0x160002 0x0 0x190007 0x0 0x58 0x0 0x210005 0x0 0x0 0x0 0x0 0x0 0x0 0x0 0x0 0x0 0x0 0x0 0x0 0x9 0x5 0x4 0xffffffffffffffff 0xffffffffffffffff 0xffffffffffffffff 0x0 oops 0 methods 0
ciMethodData java/lang/invoke/DirectMethodHandle preparedLambdaForm (Ljava/lang/invoke/MethodType;I)Ljava/lang/invoke/LambdaForm; 2 2085 orig 80 0 0 0 0 0 0 0 0 0 0 0 0 111 1 0 0 0 0 0 0 0 0 0 0 0 0 0 0 0 0 0 0 0 0 0 0 0 0 0 0 0 0 0 0 0 0 0 0 0 0 0 0 0 0 0 0 0 0 0 0 0 0 0 0 0 0 0 0 0 0 0 0 0 0 0 0 0 0 0 0 data 44 0x10005 0x825 0x0 0x0 0x0 0x0 0x0 0x50005 0x825 0x0 0x0 0x0 0x0 0x0 0xa0007 0x7f 0x20 0x7a6 0x110002 0x7f 0x160005 0x7f 0x0 0x0 0x0 0x0 0x0 0x1b0005 0x7f 0x0 0x0 0x0 0x0 0x0 0x0 0x0 0x0 0x0 0x0 0x0 0x9 0x2 0x0 0x0 oops 0 methods 0
ciMethodData java/lang/invoke/DirectMethodHandle makePreparedLambdaForm (Ljava/lang/invoke/MethodType;I)Ljava/lang/invoke/LambdaForm; 1 127 orig 80 0 0 0 0 0 0 0 0 0 0 0 0 111 1 0 0 0 0 0 0 0 0 0 0 0 0 0 0 0 0 0 0 0 0 0 0 0 0 0 0 0 0 0 0 0 0 0 0 0 0 0 0 0 0 0 0 0 0 0 0 0 0 0 0 0 0 0 0 0 0 0 0 0 0 0 0 0 0 0 0 data 379 0x20007 0x6e 0x38 0x11 0x60003 0x11 0x18 0xd0007 0x6f 0x38 0x10 0x110003 0x10 0x18 0x180007 0x4 0x40 0x7b 0x1e0007 0x79 0x38 0x2 0x220003 0x6 0x18 0x290008 0x2c 0x0 0x218 0x5 0x170 0x22 0x188 0x31 0x1d0 0x10 0x200 0x4 0x1e8 0x11 0x1a0 0x0 0x218 0x0 0x218 0x0 0x218 0x0 0x218 0x0 0x218 0x0 0x218 0x0 0x218 0x0 0x218 0x0 0x218 0x0 0x218 0x0 0x218 0x0 0x218 0x0 0x218 0x0 0x218 0x2 0x1b8 0x960003 0x5 0x170 0xa30003 0x22 0x158 0xb00003 0x11 0x140 0xbd0003 0x2 0x128 0xca0003 0x31 0x110 0xd70003 0x4 0xf8 0xe40003 0x10 0xe0 0xef0002 0x0 0xf50005 0x0 0x0 0x0 0x0 0x0 0x0 0xf90005 0x0 0x0 0x0 0x0 0x0 0x0 0xfc0005 0x0 0x0 0x0 0x0 0x0 0x0 0xff0002 0x0 0x10c0004 0x0 0x0 0x16fef16e768 0x7f 0x0 0x0 0x10d0005 0x7f 0x0 0x0 0x0 0x0 0x0 0x1130007 0x6f 0xc8 0x10 0x1210004 0x0 0x0 0x16fef16e768 0x10 0x0 0x0 0x1220005 0x10 0x0 0x0 0x0 0x0 0x0 0x1280005 0x10 0x0 0x0 0x0 0x0 0x0 0x1390002 0x7f 0x14a0005 0x0 0x0 0x16ffb5dd470 0x7f 0x0 0x0 0x14f0003 0x7f 0x28 0x1560002 0x0 0x1620005 0x7f 0x0 0x0 0x0 0x0 0x0 0x16d0007 0x6f 0x38 0x10 0x1750003 0x10 0x18 0x1840007 0x79 0x38 0x6 0x18c0003 0x6 0x18 0x19f0005 0x7f 0x0 0x0 0x0 0x0 0x0 0x1a20002 0x7f 0x1aa0007 0x7f 0x50 0x0 0x1b20007 0x0 0x30 0x0 0x1b90002 0x0 0x1be0007 0x6f 0xe8 0x10 0x1cb0002 0x10 0x1d20002 0x10 0x1d50004 0x0 0x0 0x16ffb5deea0 0x10 0x0 0x0 0x1e00002 0x10 0x1e70002 0x10 0x1ea0004 0x0 0x0 0x16ffb5deea0 0x10 0x0 0x0 0x1eb0003 0x10 0x100 0x1ef0007 0x5e 0x90 0x11 0x1fb0002 0x11 0x2020002 0x11 0x2050004 0x0 0x0 0x16ffb5deea0 0x11 0x0 0x0 0x2060003 0x11 0x70 0x2120002 0x5e 0x2190002 0x5e 0x21c0004 0x0 0x0 0x16ffb5deea0 0x5e 0x0 0x0 0x2200007 0x7f 0x60 0x0 0x2280002 0x0 0x22f0007 0x0 0x30 0x0 0x2360002 0x0 0x2440002 0x7f 0x24b0007 0x79 0xb0 0x6 0x2580002 0x6 0x2630002 0x6 0x2660004 0x0 0x0 0x16ffb5deea0 0x6 0x0 0x0 0x26f0004 0x0 0x0 0x16ffb5deea0 0x6 0x0 0x0 0x2730007 0x7f 0x50 0x0 0x2830007 0x0 0x30 0x0 0x28a0002 0x0 0x2930007 0x6f 0xb8 0x10 0x2990007 0x10 0x50 0x0 0x2a90007 0x0 0x30 0x0 0x2b00002 0x0 0x2bf0002 0x10 0x2ca0004 0x0 0x0 0x16ffb5deea0 0x10 0x0 0x0 0x2db0002 0x7f 0x2de0004 0x0 0x0 0x16ffb5deea0 0x7f 0x0 0x0 0x2e70002 0x7f 0x2ee0005 0x0 0x0 0x16fef170ed8 0x7f 0x0 0x0 0x0 0x0 0x0 0x0 0x0 0x0 0x0 0x0 0x0 0x0 0x0 0x0 0x0 0x0 0x0 0x0 0x0 0x0 0x0 0x0 0x9 0x2 0x0 0x0 oops 12 120 java/lang/Class 138 java/lang/Class 161 java/lang/invoke/MemberName$Factory 221 java/lang/invoke/LambdaForm$Name 232 java/lang/invoke/LambdaForm$Name 250 java/lang/invoke/LambdaForm$Name 264 java/lang/invoke/LambdaForm$Name 293 java/lang/invoke/LambdaForm$Name 300 java/lang/invoke/LambdaForm$Name 333 java/lang/invoke/LambdaForm$Name 342 java/lang/invoke/LambdaForm$Name 351 java/lang/invoke/LambdaForm methods 0
ciMethodData java/lang/invoke/DirectMethodHandle preparedLambdaForm (Ljava/lang/invoke/MemberName;Z)Ljava/lang/invoke/LambdaForm; 2 2001 orig 80 0 0 0 0 0 0 0 0 0 0 0 0 111 1 0 0 0 0 0 0 0 0 0 0 0 0 0 0 0 0 0 0 0 0 0 0 0 0 0 0 0 0 0 0 0 0 0 0 0 0 0 0 0 0 0 0 0 0 0 0 0 0 0 0 0 0 0 0 0 0 0 0 0 0 0 0 0 0 0 0 data 224 0x30007 0x7d1 0x88 0x0 0x70005 0x0 0x0 0x0 0x0 0x0 0x0 0xa0007 0x0 0x30 0x0 0x120002 0x0 0x170005 0x7d1 0x0 0x0 0x0 0x0 0x0 0x1a0005 0x7d2 0x0 0x0 0x0 0x0 0x0 0x210007 0x7d2 0x88 0x0 0x250005 0x0 0x0 0x0 0x0 0x0 0x0 0x280007 0x0 0x30 0x0 0x300002 0x0 0x350005 0x7d2 0x0 0x0 0x0 0x0 0x0 0x380008 0xc 0x0 0xe8 0x44 0x70 0x205 0x88 0xbe 0xa0 0x4a2 0xd0 0x29 0xb8 0x5d0003 0x44 0xc0 0x610003 0x205 0xa8 0x650003 0xbe 0x90 0x690003 0x29 0x78 0x6d0003 0x4a2 0x60 0x750005 0x0 0x0 0x0 0x0 0x0 0x0 0x780002 0x0 0x7f0007 0x5cd 0x60 0x205 0x830002 0x205 0x860007 0x1b6 0x30 0x4f 0x8b0002 0x4f 0x930007 0x714 0x40 0xbe 0x970007 0xbc 0x20 0x2 0x9f0002 0x7d2 0xa70002 0x7d3 0xad0007 0x7d3 0x300 0x0 0xb20005 0x0 0x0 0x0 0x0 0x0 0x0 0xb70005 0x0 0x0 0x0 0x0 0x0 0x0 0xbb0005 0x0 0x0 0x0 0x0 0x0 0x0 0xbe0005 0x0 0x0 0x0 0x0 0x0 0x0 0xc10005 0x0 0x0 0x0 0x0 0x0 0x0 0xc40007 0x0 0x1c8 0x0 0xd20004 0x0 0x0 0x0 0x0 0x0 0x0 0xd60005 0x0 0x0 0x0 0x0 0x0 0x0 0xd90005 0x0 0x0 0x0 0x0 0x0 0x0 0xdc0004 0x0 0x0 0x0 0x0 0x0 0x0 0xe10004 0x0 0x0 0x0 0x0 0x0 0x0 0xe60005 0x0 0x0 0x0 0x0 0x0 0x0 0xe90004 0x0 0x0 0x0 0x0 0x0 0x0 0xea0002 0x0 0xed0002 0x0 0x0 0x0 0x0 0x0 0x0 0x0 0x0 0x9 0x2 0x0 0x0 oops 0 methods 0
ciMethodData java/lang/invoke/DirectMethodHandle shouldBeInitialized (Ljava/lang/invoke/MemberName;)Z 2 4804 orig 80 0 0 0 0 0 0 0 0 0 0 0 0 111 1 0 0 0 0 0 0 0 0 0 0 0 0 0 0 0 0 0 0 0 0 0 0 0 0 0 0 0 0 0 0 0 0 0 0 0 0 0 0 0 0 0 0 0 0 0 0 0 0 0 0 0 0 0 0 0 0 0 0 0 0 0 0 0 0 0 0 data 82 0x10005 0x12c4 0x0 0x0 0x0 0x0 0x0 0x40008 0x10 0x270 0xa8 0x677 0x90 0x245 0xa8 0x593 0x90 0x0 0xa8 0x205 0x90 0x0 0xa8 0x0 0x90 0x300003 0xe0f 0x18 0x360005 0xe0f 0x0 0x0 0x0 0x0 0x0 0x3e0007 0x3 0x60 0xe0c 0x450007 0x1 0x40 0xe0b 0x4c0007 0xe0b 0x20 0x0 0x540002 0xe0b 0x570007 0x62 0x50 0xda9 0x5e0002 0xda9 0x610007 0xda9 0x58 0x0 0x680005 0x62 0x0 0x0 0x0 0x0 0x0 0x710005 0xda9 0x0 0x0 0x0 0x0 0x0 0x0 0x0 0x0 0x0 0x0 0x0 0x9 0x1 0x0 oops 0 methods 0
ciMethodData java/lang/invoke/DirectMethodHandle preparedLambdaForm (Ljava/lang/invoke/MemberName;)Ljava/lang/invoke/LambdaForm; 2 1865 orig 80 0 0 0 0 0 0 0 0 0 0 0 0 111 1 0 0 0 0 0 0 0 0 0 0 0 0 0 0 0 0 0 0 0 0 0 0 0 0 0 0 0 0 0 0 0 0 0 0 0 0 0 0 0 0 0 0 0 0 0 0 0 0 0 0 0 0 0 0 0 0 0 0 0 0 0 0 0 0 0 0 data 11 0x20002 0x749 0x0 0x0 0x0 0x0 0x0 0x0 0x9 0x1 0x0 oops 0 methods 0
ciMethodData java/lang/invoke/MemberName changeReferenceKind (BB)Ljava/lang/invoke/MemberName; 2 4344 orig 80 0 0 0 0 0 0 0 0 0 0 0 0 111 1 0 0 0 0 0 0 0 0 0 0 0 0 0 0 0 0 0 0 0 0 0 0 0 0 0 0 0 0 0 0 0 0 0 0 0 0 0 0 0 0 0 0 0 0 0 0 0 0 0 0 0 0 0 0 0 0 0 0 0 0 0 0 0 0 0 0 data 34 0x30007 0x10f8 0xb8 0x0 0x70005 0x0 0x0 0x0 0x0 0x0 0x0 0xb0007 0x0 0x50 0x0 0xf0002 0x0 0x120007 0x0 0x30 0x0 0x190002 0x0 0x0 0x0 0x0 0x0 0x0 0x0 0x9 0x3 0x0 0x0 0x0 oops 0 methods 0
ciMethodData java/lang/invoke/MethodHandleNatives refKindHasReceiver (B)Z 2 9280 orig 80 0 0 0 0 0 0 0 0 0 0 0 0 111 1 0 0 0 0 0 0 0 0 0 0 0 0 0 0 0 0 0 0 0 0 0 0 0 0 0 0 0 0 0 0 0 0 0 0 0 0 0 0 0 0 0 0 0 0 0 0 0 0 0 0 0 0 0 0 0 0 0 0 0 0 0 0 0 0 0 0 data 28 0x30007 0x2440 0x60 0x0 0x70002 0x0 0xa0007 0x0 0x30 0x0 0x110002 0x0 0x180007 0x19fd 0x38 0xa43 0x1c0003 0xa43 0x18 0x0 0x0 0x0 0x0 0x0 0x0 0x9 0x1 0x0 oops 0 methods 0
ciMethodData java/lang/invoke/DirectMethodHandle make (BLjava/lang/Class;Ljava/lang/invoke/MemberName;Ljava/lang/Class;)Ljava/lang/invoke/DirectMethodHandle; 2 5023 orig 80 0 0 0 0 0 0 0 0 0 0 0 0 111 1 0 0 0 0 0 0 0 0 0 0 0 0 0 0 0 0 0 0 0 0 0 0 0 0 0 0 0 0 0 0 0 0 0 0 0 0 0 0 0 0 0 0 0 0 0 0 0 0 0 0 0 0 0 0 0 0 0 0 0 0 0 0 0 0 0 0 data 175 0x10005 0x139f 0x0 0x0 0x0 0x0 0x0 0x70005 0x139f 0x0 0x0 0x0 0x0 0x0 0xa0007 0xdda 0x1c0 0x5c5 0xe0005 0x5c5 0x0 0x0 0x0 0x0 0x0 0x120005 0x5c5 0x0 0x0 0x0 0x0 0x0 0x150007 0x0 0x78 0x5c5 0x190005 0x5c5 0x0 0x0 0x0 0x0 0x0 0x1c0007 0x5c5 0x68 0x0 0x240005 0x0 0x0 0x0 0x0 0x0 0x0 0x270002 0x0 0x350004 0x0 0x0 0x16fef16e768 0x5c5 0x0 0x0 0x360005 0x5c5 0x0 0x0 0x0 0x0 0x0 0x3c0005 0x139f 0x0 0x0 0x0 0x0 0x0 0x3f0007 0x10be 0x1a8 0x2e1 0x430008 0x6 0x26f 0x150 0x4b 0x40 0x27 0x118 0x5d0005 0x4b 0x0 0x0 0x0 0x0 0x0 0x620007 0x4b 0x30 0x0 0x6b0002 0x0 0x710005 0x4b 0x0 0x0 0x0 0x0 0x0 0x740002 0x4b 0x840002 0x4b 0x870003 0x4b 0x88 0x8c0002 0x27 0x9c0002 0x27 0x9f0003 0x27 0x50 0xa30002 0x26f 0xb20002 0x26f 0xb50003 0x26f 0x18 0xba0002 0x10be 0xc00005 0x10be 0x0 0x0 0x0 0x0 0x0 0xc30007 0x4b5 0x50 0xc09 0xc70002 0xc09 0xcd0002 0xc09 0xe00002 0xc09 0xe50002 0x4b5 0xed0007 0x4b5 0x50 0x0 0xf70007 0x0 0x30 0x0 0xfe0002 0x0 0x10f0002 0x4b5 0x0 0x0 0x0 0x0 0x0 0x0 0x9 0x4 0x0 0x0 0x0 0x0 oops 1 59 java/lang/Class methods 0
ciMethodData java/lang/invoke/MemberName isField ()Z 2 5027 orig 80 0 0 0 0 0 0 0 0 0 0 0 0 111 1 0 0 0 0 0 0 0 0 0 0 0 0 0 0 0 0 0 0 0 0 0 0 0 0 0 0 0 0 0 0 0 0 0 0 0 0 0 0 0 0 0 0 0 0 0 0 0 0 0 0 0 0 0 0 0 0 0 0 0 0 0 0 0 0 0 0 data 16 0x40005 0x13a3 0x0 0x0 0x0 0x0 0x0 0x0 0x0 0x0 0x0 0x0 0x0 0x9 0x1 0x0 oops 0 methods 0
ciMethodData java/lang/invoke/MemberName asSpecial ()Ljava/lang/invoke/MemberName; 2 1179 orig 80 0 0 0 0 0 0 0 0 0 0 0 0 111 1 0 0 0 0 0 0 0 0 0 0 0 0 0 0 0 0 0 0 0 0 0 0 0 0 0 0 0 0 0 0 0 0 0 0 0 0 0 0 0 0 0 0 0 0 0 0 0 0 0 0 0 0 0 0 0 0 0 0 0 0 0 0 0 0 0 0 data 81 0x10005 0x49b 0x0 0x0 0x0 0x0 0x0 0x40008 0xc 0x0 0x1c0 0x0 0x70 0x0 0x1c0 0x4b 0x70 0x451 0x150 0x0 0xe0 0x2b0005 0x0 0x0 0x0 0x0 0x0 0x0 0x310005 0x0 0x0 0x0 0x0 0x0 0x0 0x360005 0x0 0x0 0x0 0x0 0x0 0x0 0x3d0005 0x0 0x0 0x0 0x0 0x0 0x0 0x420005 0x450 0x0 0x0 0x0 0x0 0x0 0x490005 0x451 0x0 0x0 0x0 0x0 0x0 0x520005 0x0 0x0 0x0 0x0 0x0 0x0 0x550002 0x0 0x0 0x0 0x0 0x0 0x0 0x0 0x9 0x1 0xffffffffffffffff oops 0 methods 0
ciMethodData java/lang/invoke/DirectMethodHandle$Interface <init> (Ljava/lang/invoke/MethodType;Ljava/lang/invoke/LambdaForm;Ljava/lang/invoke/MemberName;ZLjava/lang/Class;)V 1 39 orig 80 0 0 0 0 0 0 0 0 0 0 0 0 111 1 0 0 0 0 0 0 0 0 0 0 0 0 0 0 0 0 0 0 0 0 0 0 0 0 0 0 0 0 0 0 0 0 0 0 0 0 0 0 0 0 0 0 0 0 0 0 0 0 0 0 0 0 0 0 0 0 0 0 0 0 0 0 0 0 0 0 data 33 0x60002 0x27 0xc0007 0x27 0x88 0x0 0x110005 0x0 0x0 0x0 0x0 0x0 0x0 0x140007 0x0 0x30 0x0 0x1d0002 0x0 0x0 0x0 0x0 0x0 0x0 0x0 0x9 0x6 0x3e 0x0 0x0 0x0 0x0 0x0 oops 0 methods 0
ciMethodData java/lang/invoke/DirectMethodHandle preparedFieldLambdaForm (Ljava/lang/invoke/MemberName;)Ljava/lang/invoke/LambdaForm; 2 4287 orig 80 0 0 0 0 0 0 0 0 0 0 0 0 111 1 0 0 0 0 0 0 0 0 0 0 0 0 0 0 0 0 0 0 0 0 0 0 0 0 0 0 0 0 0 0 0 0 0 0 0 0 0 0 0 0 0 0 0 0 0 0 0 0 0 0 0 0 0 0 0 0 0 0 0 0 0 0 0 0 0 0 data 171 0x10005 0x10bf 0x0 0x0 0x0 0x0 0x0 0x60005 0x10bf 0x0 0x0 0x0 0x0 0x0 0xb0005 0x10bf 0x0 0x0 0x0 0x0 0x0 0xe0008 0xa 0x0 0xc0 0x270 0x60 0x677 0x90 0x245 0x78 0x593 0xa8 0x2d0003 0x270 0xa8 0x310003 0x245 0x90 0x350003 0x677 0x78 0x390003 0x593 0x60 0x410005 0x0 0x0 0x0 0x0 0x0 0x0 0x440002 0x0 0x4a0002 0x10bf 0x4d0007 0x59d 0x30 0xb22 0x530002 0xb22 0x5f0002 0x10bf 0x670002 0x10bf 0x6d0007 0x10bf 0x300 0x0 0x720005 0x0 0x0 0x0 0x0 0x0 0x0 0x770005 0x0 0x0 0x0 0x0 0x0 0x0 0x7b0005 0x0 0x0 0x0 0x0 0x0 0x0 0x7e0005 0x0 0x0 0x0 0x0 0x0 0x0 0x810005 0x0 0x0 0x0 0x0 0x0 0x0 0x840007 0x0 0x1c8 0x0 0x920004 0x0 0x0 0x0 0x0 0x0 0x0 0x960005 0x0 0x0 0x0 0x0 0x0 0x0 0x990005 0x0 0x0 0x0 0x0 0x0 0x0 0x9c0004 0x0 0x0 0x0 0x0 0x0 0x0 0xa10004 0x0 0x0 0x0 0x0 0x0 0x0 0xa60005 0x0 0x0 0x0 0x0 0x0 0x0 0xa90004 0x0 0x0 0x0 0x0 0x0 0x0 0xaa0002 0x0 0xad0002 0x0 0x0 0x0 0x0 0x0 0x0 0x0 0x9 0x1 0x0 oops 0 methods 0
ciMethodData java/lang/invoke/DirectMethodHandle$Accessor <init> (Ljava/lang/invoke/MethodType;Ljava/lang/invoke/LambdaForm;Ljava/lang/invoke/MemberName;ZI)V 2 1205 orig 80 0 0 0 0 0 0 0 0 0 0 0 0 111 1 0 0 0 0 0 0 0 0 0 0 0 0 0 0 0 0 0 0 0 0 0 0 0 0 0 0 0 0 0 0 0 0 0 0 0 0 0 0 0 0 0 0 0 0 0 0 0 0 0 0 0 0 0 0 0 0 0 0 0 0 0 0 0 0 0 0 data 23 0x60002 0x4b5 0xb0005 0x4b5 0x0 0x0 0x0 0x0 0x0 0x0 0x0 0x0 0x0 0x0 0x0 0x9 0x6 0x3e 0x0 0x0 0x0 0x0 0x0 oops 0 methods 0
ciMethodData java/lang/invoke/DirectMethodHandle make (Ljava/lang/Class;Ljava/lang/invoke/MemberName;)Ljava/lang/invoke/DirectMethodHandle; 2 4324 orig 80 0 0 0 0 0 0 0 0 0 0 0 0 111 1 0 0 0 0 0 0 0 0 0 0 0 0 0 0 0 0 0 0 0 0 0 0 0 0 0 0 0 0 0 0 0 0 0 0 0 0 0 0 0 0 0 0 0 0 0 0 0 0 0 0 0 0 0 0 0 0 0 0 0 0 0 0 0 0 0 0 data 23 0x10005 0x10e4 0x0 0x0 0x0 0x0 0x0 0x80007 0x10be 0x20 0x26 0x110002 0x10e4 0x0 0x0 0x0 0x0 0x0 0x0 0x9 0x2 0x0 0x0 oops 0 methods 0
ciMethodData java/lang/invoke/MethodHandles$Lookup restrictProtectedReceiver (Ljava/lang/invoke/MemberName;)Z 2 1367 orig 80 0 0 0 0 0 0 0 0 0 0 0 0 111 1 0 0 0 0 0 0 0 0 0 0 0 0 0 0 0 0 0 0 0 0 0 0 0 0 0 0 0 0 0 0 0 0 0 0 0 0 0 0 0 0 0 0 0 0 0 0 0 0 0 0 0 0 0 0 0 0 0 0 0 0 0 0 0 0 0 0 data 74 0x10005 0x557 0x0 0x0 0x0 0x0 0x0 0x40007 0x539 0x1c8 0x1e 0x80005 0x1e 0x0 0x0 0x0 0x0 0x0 0xb0007 0x0 0x170 0x1e 0x130007 0x19 0x150 0x5 0x170005 0x5 0x0 0x0 0x0 0x0 0x0 0x1b0005 0x5 0x0 0x0 0x0 0x0 0x0 0x1e0007 0x1 0xc0 0x4 0x220005 0x4 0x0 0x0 0x0 0x0 0x0 0x260005 0x4 0x0 0x0 0x0 0x0 0x0 0x290002 0x4 0x2c0007 0x3 0x20 0x1 0x0 0x0 0x0 0x0 0x0 0x0 0x9 0x2 0x0 0x0 oops 0 methods 0
ciMethod java/lang/invoke/DirectMethodHandle$StaticAccessor <init> (Ljava/lang/invoke/MethodType;Ljava/lang/invoke/LambdaForm;Ljava/lang/invoke/MemberName;ZLjava/lang/Object;J)V 810 0 4711 0 0
ciMethodData jdk/internal/misc/Unsafe shouldBeInitialized (Ljava/lang/Class;)Z 2 7585 orig 80 0 0 0 0 0 0 0 0 0 0 0 0 111 1 0 0 0 0 0 0 0 0 0 0 0 0 0 0 0 0 0 0 0 0 0 0 0 0 0 0 0 0 0 0 0 0 0 0 0 0 0 0 0 0 0 0 0 0 0 0 0 0 0 0 0 0 0 0 0 0 0 0 0 0 0 0 0 0 0 0 data 23 0x10007 0x1da1 0x30 0x0 0x80002 0x0 0xe0005 0x1da1 0x0 0x0 0x0 0x0 0x0 0x0 0x0 0x0 0x0 0x0 0x0 0x9 0x2 0xffffffffffffffff 0xffffffffffffffff oops 0 methods 0
ciMethodData jdk/internal/misc/Unsafe ensureClassInitialized (Ljava/lang/Class;)V 2 3776 orig 80 0 0 0 0 0 0 0 0 0 0 0 0 111 1 0 0 0 0 0 0 0 0 0 0 0 0 0 0 0 0 0 0 0 0 0 0 0 0 0 0 0 0 0 0 0 0 0 0 0 0 0 0 0 0 0 0 0 0 0 0 0 0 0 0 0 0 0 0 0 0 0 0 0 0 0 0 0 0 0 0 data 23 0x10007 0xec0 0x30 0x0 0x80002 0x0 0xe0005 0xec0 0x0 0x0 0x0 0x0 0x0 0x0 0x0 0x0 0x0 0x0 0x0 0x9 0x2 0xffffffffffffffff 0xffffffffffffffff oops 0 methods 0
ciMethodData java/lang/invoke/DirectMethodHandle afIndex (BZI)I 2 5164 orig 80 0 0 0 0 0 0 0 0 0 0 0 0 111 1 0 0 0 0 0 0 0 0 0 0 0 0 0 0 0 0 0 0 0 0 0 0 0 0 0 0 0 0 0 0 0 0 0 0 0 0 0 0 0 0 0 0 0 0 0 0 0 0 0 0 0 0 0 0 0 0 0 0 0 0 0 0 0 0 0 0 data 13 0x70007 0x1428 0x38 0x4 0xc0003 0x4 0x18 0x0 0x9 0x3 0x0 0x0 0x0 oops 0 methods 0
ciMethodData java/lang/invoke/DirectMethodHandle preparedFieldLambdaForm (BZLjava/lang/Class;)Ljava/lang/invoke/LambdaForm; 2 5164 orig 80 0 0 0 0 0 0 0 0 0 0 0 0 111 1 0 0 0 0 0 0 0 0 0 0 0 0 0 0 0 0 0 0 0 0 0 0 0 0 0 0 0 0 0 0 0 0 0 0 0 0 0 0 0 0 0 0 0 0 0 0 0 0 0 0 0 0 0 0 0 0 0 0 0 0 0 0 0 0 0 0 data 28 0x10002 0x142c 0x80002 0x142c 0x170007 0xd 0x20 0x141f 0x200002 0xd 0x2c0004 0x0 0x0 0x16fef170ed8 0xd 0x0 0x0 0x0 0x0 0x0 0x0 0x0 0x0 0x9 0x3 0x0 0x0 0x0 oops 1 13 java/lang/invoke/LambdaForm methods 0
ciMethodData java/lang/invoke/DirectMethodHandle ftypeKind (Ljava/lang/Class;)I 2 5164 orig 80 0 0 0 0 0 0 0 0 0 0 0 0 111 1 0 0 0 0 0 0 0 0 0 0 0 0 0 0 0 0 0 0 0 0 0 0 0 0 0 0 0 0 0 0 0 0 0 0 0 0 0 0 0 0 0 0 0 0 0 0 0 0 0 0 0 0 0 0 0 0 0 0 0 0 0 0 0 0 0 0 data 51 0x10005 0x142c 0x0 0x0 0x0 0x0 0x0 0x40007 0x1402 0x68 0x2a 0x80002 0x2a 0xb0005 0x2a 0x0 0x0 0x0 0x0 0x0 0x100005 0x1402 0x0 0x0 0x0 0x0 0x0 0x130007 0x3a 0x78 0x13c8 0x190005 0x13c8 0x0 0x0 0x0 0x0 0x0 0x1c0007 0x13b9 0x20 0xf 0x0 0x0 0x0 0x0 0x0 0x0 0x9 0x1 0x0 oops 0 methods 0
ciMethodData java/lang/invoke/DirectMethodHandle makePreparedFieldLambdaForm (BZI)Ljava/lang/invoke/LambdaForm; 1 13 orig 80 0 0 0 0 0 0 0 0 0 0 0 0 111 1 0 0 0 0 0 0 0 0 0 0 0 0 0 0 0 0 0 0 0 0 0 0 0 0 0 0 0 0 0 0 0 0 0 0 0 0 0 0 0 0 0 0 0 0 0 0 0 0 0 0 0 0 0 0 0 0 0 0 0 0 0 0 0 0 0 0 data 552 0x30007 0x7 0x38 0x6 0x70003 0x6 0x18 0xe0007 0xa 0x38 0x3 0x120003 0x3 0x18 0x1a0007 0xd 0x38 0x0 0x1e0003 0x0 0x18 0x270007 0x7 0x38 0x6 0x2b0003 0x6 0x18 0x330007 0x7 0x38 0x6 0x390003 0x6 0x18 0x450005 0xd 0x0 0x0 0x0 0x0 0x0 0x4d0007 0xd 0x98 0x0 0x520007 0x0 0x38 0x0 0x570003 0x0 0x18 0x5c0002 0x0 0x600007 0x0 0x30 0x0 0x670002 0x0 0x6f0002 0xd 0x750007 0x7 0x80 0x6 0x850004 0x0 0x0 0x16fef16e768 0x6 0x0 0x0 0x860002 0x6 0x8b0003 0x6 0x98 0x9c0004 0x0 0x0 0x16fef16e768 0x7 0x0 0x0 0xa10004 0x0 0x0 0x16fef16e768 0x7 0x0 0x0 0xa20002 0x7 0xb60002 0xd 0xc60005 0x0 0x0 0x16ffb5dd470 0xd 0x0 0x0 0xcb0003 0xd 0x28 0xd20002 0x0 0xd70007 0x7 0x48 0x6 0xdc0002 0x6 0xe10003 0x6 0x28 0xe90002 0x7 0xf00005 0xd 0x0 0x0 0x0 0x0 0x0 0xf70007 0x3 0x90 0xa 0x1050004 0x0 0x0 0x16fef16e768 0xa 0x0 0x0 0x1060005 0xa 0x0 0x0 0x0 0x0 0x0 0x1140005 0xd 0x0 0x0 0x0 0x0 0x0 0x11c0007 0xa 0x38 0x3 0x1200003 0x3 0x18 0x1270007 0x7 0x38 0x6 0x12b0003 0x6 0x18 0x13a0007 0xa 0x38 0x3 0x1420003 0x3 0x18 0x1510007 0x3 0x38 0xa 0x1590003 0xa 0x18 0x1680007 0xd 0x38 0x0 0x1700003 0x0 0x18 0x1780007 0x7 0x58 0x6 0x17c0007 0x3 0x38 0x3 0x1840003 0x3 0x18 0x1930007 0x7 0x58 0x6 0x1970007 0x3 0x38 0x3 0x19f0003 0x3 0x18 0x1b20005 0xd 0x0 0x0 0x0 0x0 0x0 0x1b50002 0xd 0x1bc0007 0xd 0x78 0x0 0x1c80002 0x0 0x1cf0002 0x0 0x1d20004 0x0 0x0 0x0 0x0 0x0 0x0 0x1d50007 0x7 0x98 0x6 0x1d90007 0x3 0x78 0x3 0x1e60002 0x3 0x1f20002 0x3 0x1f50004 0x0 0x0 0x16ffb5deea0 0x3 0x0 0x0 0x1f90005 0xd 0x0 0x0 0x0 0x0 0x0 0x2050007 0xd 0x88 0x0 0x20c0007 0x0 0x38 0x0 0x2100003 0x0 0x18 0x2140007 0x0 0x30 0x0 0x21b0002 0x0 0x22c0002 0xd 0x22f0002 0xd 0x2330004 0x0 0x0 0x16ffb5deea0 0xd 0x0 0x0 0x2340004 0x0 0x0 0x16ffb5deea0 0xd 0x0 0x0 0x2370007 0xa 0x158 0x3 0x2460002 0x3 0x24d0002 0x3 0x2510004 0x0 0x0 0x16ffb5deea0 0x3 0x0 0x0 0x2520004 0x0 0x0 0x16ffb5deea0 0x3 0x0 0x0 0x2600002 0x3 0x2670002 0x3 0x26b0004 0x0 0x0 0x16ffb5deea0 0x3 0x0 0x0 0x26c0004 0x0 0x0 0x16ffb5deea0 0x3 0x0 0x0 0x26d0003 0x3 0x138 0x27c0002 0xa 0x2840002 0xa 0x2880004 0x0 0x0 0x16ffb5deea0 0xa 0x0 0x0 0x2890004 0x0 0x0 0x16ffb5deea0 0xa 0x0 0x0 0x2960002 0xa 0x29d0002 0xa 0x2a10004 0x0 0x0 0x16ffb5deea0 0xa 0x0 0x0 0x2a20004 0x0 0x0 0x16ffb5deea0 0xa 0x0 0x0 0x2a40007 0x6 0x90 0x7 0x2ac0007 0x4 0x38 0x3 0x2b40003 0x3 0x18 0x2bc0004 0x0 0x0 0x16ffb5deea0 0x7 0x0 0x0 0x2cd0007 0xd 0x88 0x2e 0x2da0007 0x2e 0x50 0x0 0x2df0007 0x0 0x30 0x0 0x2e60002 0x0 0x2ed0003 0x2e 0xffffffffffffff90 0x2fc0002 0xd 0x2ff0004 0x0 0x0 0x16ffb5deea0 0xd 0x0 0x0 0x3020007 0x7 0x98 0x6 0x3060007 0x3 0x78 0x3 0x3130002 0x3 0x31f0002 0x3 0x3220004 0x0 0x0 0x16ffb5deea0 0x3 0x0 0x0 0x3330007 0xd 0x88 0x58 0x3400007 0x58 0x50 0x0 0x3450007 0x0 0x30 0x0 0x34c0002 0x0 0x3530003 0x58 0xffffffffffffff90 0x3580007 0x6 0x40 0x7 0x35d0007 0x7 0x48 0x0 0x3660002 0x6 0x36b0003 0x6 0x28 0x3760002 0x7 0x37b0002 0xd 0x37e0007 0xd 0x1d0 0x0 0x38a0002 0x0 0x3910007 0x0 0x70 0x0 0x3990005 0x0 0x0 0x0 0x0 0x0 0x0 0x39d0003 0x0 0x50 0x3a50005 0x0 0x0 0x0 0x0 0x0 0x0 0x3ab0007 0x0 0x58 0x0 0x3b30005 0x0 0x0 0x0 0x0 0x0 0x0 0x3b90007 0x0 0x58 0x0 0x3c10005 0x0 0x0 0x0 0x0 0x0 0x0 0x3c90005 0x0 0x0 0x0 0x0 0x0 0x0 0x3cc0002 0x0 0x0 0x0 0x0 0x0 0x0 0x0 0x0 0x0 0x0 0x0 0x0 0x0 0x0 0x0 0x0 0x0 0x0 0x0 0x0 0x9 0x3 0x0 0x0 0x0 oops 19 70 java/lang/Class 82 java/lang/Class 89 java/lang/Class 100 java/lang/invoke/MemberName$Factory 134 java/lang/Class 248 java/lang/invoke/LambdaForm$Name 283 java/lang/invoke/LambdaForm$Name 290 java/lang/invoke/LambdaForm$Name 305 java/lang/invoke/LambdaForm$Name 312 java/lang/invoke/LambdaForm$Name 323 java/lang/invoke/LambdaForm$Name 330 java/lang/invoke/LambdaForm$Name 344 java/lang/invoke/LambdaForm$Name 351 java/lang/invoke/LambdaForm$Name 362 java/lang/invoke/LambdaForm$Name 369 java/lang/invoke/LambdaForm$Name 387 java/lang/invoke/LambdaForm$Name 413 java/lang/invoke/LambdaForm$Name 432 java/lang/invoke/LambdaForm$Name methods 0
ciMethodData java/lang/invoke/DirectMethodHandle$StaticAccessor <init> (Ljava/lang/invoke/MethodType;Ljava/lang/invoke/LambdaForm;Ljava/lang/invoke/MemberName;ZLjava/lang/Object;J)V 2 4306 orig 80 0 0 0 0 0 0 0 0 0 0 0 0 111 1 0 0 0 0 0 0 0 0 0 0 0 0 0 0 0 0 0 0 0 0 0 0 0 0 0 0 0 0 0 0 0 0 0 0 0 0 0 0 0 0 0 0 0 0 0 0 0 0 0 0 0 0 0 0 0 0 0 0 0 0 0 0 0 0 0 0 data 25 0x60002 0x10d2 0xb0005 0x10d2 0x0 0x0 0x0 0x0 0x0 0x0 0x0 0x0 0x0 0x0 0x0 0x9 0x8 0x7e 0x0 0x0 0x0 0x0 0x0 0x0 0x0 oops 0 methods 0
ciMethodData java/lang/invoke/MethodHandles$Lookup checkField (BLjava/lang/Class;Ljava/lang/invoke/MemberName;)V 2 3948 orig 80 0 0 0 0 0 0 0 0 0 0 0 0 111 1 0 0 0 0 0 0 0 0 0 0 0 0 0 0 0 0 0 0 0 0 0 0 0 0 0 0 0 0 0 0 0 0 0 0 0 0 0 0 0 0 0 0 0 0 0 0 0 0 0 0 0 0 0 0 0 0 0 0 0 0 0 0 0 0 0 0 data 56 0x10002 0xf6c 0x40007 0x4d9 0x38 0xa93 0x80003 0xa93 0x18 0x110005 0xf6c 0x0 0x0 0x0 0x0 0x0 0x140007 0xf6c 0x70 0x0 0x190007 0x0 0x38 0x0 0x1f0003 0x0 0x18 0x270003 0x0 0x50 0x2e0005 0xf6c 0x0 0x0 0x0 0x0 0x0 0x360005 0x0 0x0 0x0 0x0 0x0 0x0 0x0 0x0 0x0 0x0 0x0 0x0 0x9 0x4 0x0 0x0 0x0 0x0 oops 0 methods 0
ciMethodData jdk/internal/misc/VM isJavaLangInvokeInited ()Z 2 2657 orig 80 0 0 0 0 0 0 0 0 0 0 0 0 111 1 0 0 0 0 0 0 0 0 0 0 0 0 0 0 0 0 0 0 0 0 0 0 0 0 0 0 0 0 0 0 0 0 0 0 0 0 0 0 0 0 0 0 0 0 0 0 0 0 0 0 0 0 0 0 0 0 0 0 0 0 0 0 0 0 0 0 data 4 0x0 0x0 0x9 0x0 oops 0 methods 0
ciMethodData java/lang/invoke/MethodHandles$Lookup getDirectFieldCommon (BLjava/lang/Class;Ljava/lang/invoke/MemberName;Z)Ljava/lang/invoke/MethodHandle; 2 3798 orig 80 0 0 0 0 0 0 0 0 0 0 0 0 0 0 0 0 0 0 0 0 0 0 0 0 0 0 0 0 0 0 0 0 0 0 0 0 0 0 0 0 0 0 0 0 0 0 0 0 0 0 0 0 0 0 0 0 0 0 0 0 0 0 0 0 0 0 0 0 0 0 0 0 0 0 0 0 0 0 0 0 data 71 0x40005 0xed7 0x0 0x0 0x0 0x0 0x0 0x90007 0xec6 0x58 0x11 0xf0005 0x11 0x0 0x0 0x0 0x0 0x0 0x140002 0xed7 0x1a0002 0xed7 0x1d0007 0xa24 0x90 0x4b3 0x220005 0x4b3 0x0 0x0 0x0 0x0 0x0 0x250007 0x4b3 0x38 0x0 0x290003 0x0 0x18 0x310007 0xed7 0x90 0x0 0x390005 0x0 0x0 0x0 0x0 0x0 0x0 0x3c0005 0x0 0x0 0x0 0x0 0x0 0x0 0x0 0x0 0x0 0x0 0x0 0x0 0x9 0x5 0x0 0x0 0x0 0x0 0x0 oops 0 methods 0
ciMethodData java/lang/invoke/MemberName isVolatile ()Z 2 3799 orig 80 0 0 0 0 0 0 0 0 0 0 0 0 0 0 0 0 0 0 0 0 0 0 0 0 0 0 0 0 0 0 0 0 0 0 0 0 0 0 0 0 0 0 0 0 0 0 0 0 0 0 0 0 0 0 0 0 0 0 0 0 0 0 0 0 0 0 0 0 0 0 0 0 0 0 0 0 0 0 0 0 data 11 0x40002 0xed8 0x0 0x0 0x0 0x0 0x0 0x0 0x9 0x1 0x0 oops 0 methods 0
ciMethodData java/lang/reflect/Modifier isVolatile (I)Z 2 3830 orig 80 0 0 0 0 0 0 0 0 0 0 0 0 0 0 0 0 0 0 0 0 0 0 0 0 0 0 0 0 0 0 0 0 0 0 0 0 0 0 0 0 0 0 0 0 0 0 0 0 0 0 0 0 0 0 0 0 0 0 0 0 0 0 0 0 0 0 0 0 0 0 0 0 0 0 0 0 0 0 0 0 data 11 0x40007 0xef1 0x38 0x6 0x80003 0x6 0x18 0x0 0x9 0x1 0x0 oops 0 methods 0
ciMethodData java/lang/invoke/MethodHandleImpl$1 unreflectField (Ljava/lang/reflect/Field;Z)Ljava/lang/invoke/MethodHandle; 2 3731 orig 80 0 0 0 0 0 0 0 0 0 0 0 0 0 0 0 0 0 0 0 0 0 0 0 0 0 0 0 0 0 0 0 0 0 0 0 0 0 0 0 0 0 0 0 0 0 0 0 0 0 0 0 0 0 0 0 0 0 0 0 0 0 0 0 0 0 0 0 0 0 0 0 0 0 0 0 0 0 0 0 0 data 32 0x10007 0x7bb 0x70 0x6d9 0x80005 0x6d9 0x0 0x0 0x0 0x0 0x0 0xb0003 0x6d9 0x50 0x120005 0x7bb 0x0 0x0 0x0 0x0 0x0 0x0 0x0 0x0 0x0 0x0 0x0 0x9 0x3 0x0 0x0 0x0 oops 0 methods 0
ciMethodData java/lang/invoke/MethodHandles$Lookup unreflectField (Ljava/lang/reflect/Field;Z)Ljava/lang/invoke/MethodHandle; 2 3731 orig 80 0 0 0 0 0 0 0 0 0 0 0 0 0 0 0 0 0 0 0 0 0 0 0 0 0 0 0 0 0 0 0 0 0 0 0 0 0 0 0 0 0 0 0 0 0 0 0 0 0 0 0 0 0 0 0 0 0 0 0 0 0 0 0 0 0 0 0 0 0 0 0 0 0 0 0 0 0 0 0 0 data 134 0x60002 0xe94 0xb0007 0x7bb 0x178 0x6d9 0xf0005 0x6d9 0x0 0x0 0x0 0x0 0x0 0x120007 0x6cc 0x120 0xd 0x160005 0xd 0x0 0x0 0x0 0x0 0x0 0x190007 0xd 0xc8 0x0 0x1d0005 0x0 0x0 0x0 0x0 0x0 0x0 0x200007 0x0 0x38 0x0 0x260003 0x0 0x18 0x320005 0x0 0x0 0x0 0x0 0x0 0x0 0x390007 0xe94 0x138 0x0 0x3d0007 0x0 0xa0 0x0 0x410005 0x0 0x0 0x0 0x0 0x0 0x0 0x440002 0x0 0x470007 0x0 0xa0 0x0 0x4a0003 0x0 0x90 0x4e0005 0x0 0x0 0x0 0x0 0x0 0x0 0x510002 0x0 0x540007 0x0 0x30 0x0 0x5b0002 0x0 0x600005 0x0 0x0 0x16fef170068 0xe94 0x0 0x0 0x630007 0xe94 0x38 0x0 0x690003 0x0 0x18 0x720005 0xe94 0x0 0x0 0x0 0x0 0x0 0x760005 0xe94 0x0 0x0 0x0 0x0 0x0 0x7a0005 0xe94 0x0 0x0 0x0 0x0 0x0 0x0 0x0 0x0 0x0 0x0 0x0 0x9 0x3 0x0 0x0 0x0 oops 1 91 java/lang/reflect/Field methods 0
ciMethodData java/lang/invoke/MemberName <init> (Ljava/lang/reflect/Field;Z)V 2 3731 orig 80 0 0 0 0 0 0 0 0 0 0 0 0 0 0 0 0 0 0 0 0 0 0 0 0 0 0 0 0 0 0 0 0 0 0 0 0 0 0 0 0 0 0 0 0 0 0 0 0 0 0 0 0 0 0 0 0 0 0 0 0 0 0 0 0 0 0 0 0 0 0 0 0 0 0 0 0 0 0 0 0 data 94 0x10002 0xe94 0x50002 0xe94 0xb0002 0xe94 0x110007 0xe94 0xa8 0x0 0x150005 0x0 0x0 0x0 0x0 0x0 0x0 0x180007 0x0 0x40 0x0 0x1f0007 0x0 0x30 0x0 0x260002 0x0 0x2c0005 0xe94 0x0 0x0 0x0 0x0 0x0 0x340005 0xe94 0x0 0x0 0x0 0x0 0x0 0x3b0005 0xe94 0x0 0x0 0x0 0x0 0x0 0x420007 0xe94 0xc0 0x0 0x470005 0x0 0x0 0x0 0x0 0x0 0x0 0x4a0007 0x0 0x38 0x0 0x4e0003 0x0 0x18 0x520007 0x0 0x30 0x0 0x590002 0x0 0x5e0007 0x7bb 0x58 0x6d9 0x670005 0x6d9 0x0 0x0 0x0 0x0 0x0 0x0 0x0 0x0 0x0 0x0 0x0 0x9 0x3 0x0 0x0 0x0 oops 0 methods 0
ciMethodData java/lang/invoke/MethodHandles$Lookup getDirectFieldNoSecurityManager (BLjava/lang/Class;Ljava/lang/invoke/MemberName;)Ljava/lang/invoke/MethodHandle; 2 3755 orig 80 0 0 0 0 0 0 0 0 0 0 0 0 0 0 0 0 0 0 0 0 0 0 0 0 0 0 0 0 0 0 0 0 0 0 0 0 0 0 0 0 0 0 0 0 0 0 0 0 0 0 0 0 0 0 0 0 0 0 0 0 0 0 0 0 0 0 0 0 0 0 0 0 0 0 0 0 0 0 0 0 data 19 0x80005 0xeac 0x0 0x0 0x0 0x0 0x0 0x0 0x0 0x0 0x0 0x0 0x0 0x9 0x4 0x0 0x0 0x0 0x0 oops 0 methods 0
ciMethodData java/lang/reflect/Field setFieldAccessor (Ljdk/internal/reflect/FieldAccessor;)V 2 2748 orig 80 0 0 0 0 0 0 0 0 0 0 0 0 0 0 0 0 0 0 0 0 0 0 0 0 0 0 0 0 0 0 0 0 0 0 0 0 0 0 0 0 0 0 0 0 0 0 0 0 0 0 0 0 0 0 0 0 0 0 0 0 0 0 0 0 0 0 0 0 0 0 0 0 0 0 0 0 0 0 0 0 data 21 0xb0007 0x55f 0x58 0x55e 0x100005 0x55e 0x0 0x0 0x0 0x0 0x0 0x0 0x0 0x0 0x0 0x0 0x0 0x9 0x2 0xc0 0x0 oops 0 methods 0
ciMethodData jdk/internal/reflect/MethodHandleFieldAccessorImpl isStatic ()Z 2 8943 orig 80 0 0 0 0 0 0 0 0 0 0 0 0 0 0 0 0 0 0 0 0 0 0 0 0 0 0 0 0 0 0 0 0 0 0 0 0 0 0 0 0 0 0 0 0 0 0 0 0 0 0 0 0 0 0 0 0 0 0 0 0 0 0 0 0 0 0 0 0 0 0 0 0 0 0 0 0 0 0 0 0 data 13 0x70007 0x18a6 0x38 0xa4a 0xb0003 0xa4a 0x18 0x0 0x0 0x0 0x9 0x1 0x0 oops 0 methods 0
ciMethodData java/lang/invoke/MethodHandles$Lookup unreflectSetter (Ljava/lang/reflect/Field;)Ljava/lang/invoke/MethodHandle; 2 1734 orig 80 0 0 0 0 0 0 0 0 0 0 0 0 111 1 0 0 0 0 0 0 0 0 0 0 0 0 0 0 0 0 0 0 0 0 0 0 0 0 0 0 0 0 0 0 0 0 0 0 0 0 0 0 0 0 0 0 0 0 0 0 0 0 0 0 0 0 0 0 0 0 0 0 0 0 0 0 0 0 0 0 data 17 0x30005 0x6c6 0x0 0x0 0x0 0x0 0x0 0x0 0x0 0x0 0x0 0x0 0x0 0x9 0x2 0x0 0x0 oops 0 methods 0
ciMethodData java/lang/invoke/MethodHandles$Lookup unreflectGetter (Ljava/lang/reflect/Field;)Ljava/lang/invoke/MethodHandle; 2 1960 orig 80 0 0 0 0 0 0 0 0 0 0 0 0 111 1 0 0 0 0 0 0 0 0 0 0 0 0 0 0 0 0 0 0 0 0 0 0 0 0 0 0 0 0 0 0 0 0 0 0 0 0 0 0 0 0 0 0 0 0 0 0 0 0 0 0 0 0 0 0 0 0 0 0 0 0 0 0 0 0 0 0 data 17 0x30005 0x7a8 0x0 0x0 0x0 0x0 0x0 0x0 0x0 0x0 0x0 0x0 0x0 0x9 0x2 0x0 0x0 oops 0 methods 0
ciMethodData java/lang/invoke/MemberName isFinal ()Z 2 1769 orig 80 0 0 0 0 0 0 0 0 0 0 0 0 111 1 0 0 0 0 0 0 0 0 0 0 0 0 0 0 0 0 0 0 0 0 0 0 0 0 0 0 0 0 0 0 0 0 0 0 0 0 0 0 0 0 0 0 0 0 0 0 0 0 0 0 0 0 0 0 0 0 0 0 0 0 0 0 0 0 0 0 data 11 0x40002 0x6e9 0x0 0x0 0x0 0x0 0x0 0x0 0x9 0x1 0x0 oops 0 methods 0
ciMethodData java/lang/invoke/MemberName isTrustedFinalField ()Z 1 13 orig 80 0 0 0 0 0 0 0 0 0 0 0 0 111 1 0 0 0 0 0 0 0 0 0 0 0 0 0 0 0 0 0 0 0 0 0 0 0 0 0 0 0 0 0 0 0 0 0 0 0 0 0 0 0 0 0 0 0 0 0 0 0 0 0 0 0 0 0 0 0 0 0 0 0 0 0 0 0 0 0 0 data 16 0x40005 0xd 0x0 0x0 0x0 0x0 0x0 0x0 0x0 0x0 0x0 0x0 0x0 0x9 0x1 0x0 oops 0 methods 0
ciMethodData jdk/internal/reflect/ReflectionFactory config ()Ljdk/internal/reflect/ReflectionFactory$Config; 2 2948 orig 80 0 0 0 0 0 0 0 0 0 0 0 0 111 1 0 0 0 0 0 0 0 0 0 0 0 0 0 0 0 0 0 0 0 0 0 0 0 0 0 0 0 0 0 0 0 0 0 0 0 0 0 0 0 0 0 0 0 0 0 0 0 0 0 0 0 0 0 0 0 0 0 0 0 0 0 0 0 0 0 0 data 20 0x50007 0x0 0x20 0xb84 0xa0002 0x0 0xd0007 0x0 0x20 0x0 0x140002 0x0 0x0 0x0 0x0 0x0 0x0 0x0 0x9 0x0 oops 0 methods 0
ciMethodData java/lang/reflect/ReflectAccess getRoot (Ljava/lang/reflect/AccessibleObject;)Ljava/lang/reflect/AccessibleObject; 2 2405 orig 80 0 0 0 0 0 0 0 0 0 0 0 0 111 1 0 0 0 0 0 0 0 0 0 0 0 0 0 0 0 0 0 0 0 0 0 0 0 0 0 0 0 0 0 0 0 0 0 0 0 0 0 0 0 0 0 0 0 0 0 0 0 0 0 0 0 0 0 0 0 0 0 0 0 0 0 0 0 0 0 0 data 17 0x10005 0x850 0x0 0x16fef170068 0x3a 0x16fef1702c8 0xdb 0x0 0x0 0x0 0x0 0x0 0x0 0x9 0x2 0x0 0x0 oops 2 3 java/lang/reflect/Field 5 java/lang/reflect/Constructor methods 0
ciMethodData jdk/internal/reflect/MethodHandleAccessorFactory ensureClassInitialized (Ljava/lang/Class;)V 2 2397 orig 80 0 0 0 0 0 0 0 0 0 0 0 0 111 1 0 0 0 0 0 0 0 0 0 0 0 0 0 0 0 0 0 0 0 0 0 0 0 0 0 0 0 0 0 0 0 0 0 0 0 0 0 0 0 0 0 0 0 0 0 0 0 0 0 0 0 0 0 0 0 0 0 0 0 0 0 0 0 0 0 0 data 27 0x40005 0x95d 0x0 0x0 0x0 0x0 0x0 0x70007 0x321 0x58 0x63c 0xe0005 0x63c 0x0 0x0 0x0 0x0 0x0 0x0 0x0 0x0 0x0 0x0 0x0 0x9 0x1 0x0 oops 0 methods 0
ciMethod jdk/internal/reflect/MethodHandleIntegerFieldAccessorImpl fieldAccessor (Ljava/lang/reflect/Field;Ljava/lang/invoke/MethodHandle;Ljava/lang/invoke/MethodHandle;Z)Ljdk/internal/reflect/FieldAccessorImpl; 14 0 21 0 -1
ciMethod jdk/internal/reflect/MethodHandleIntegerFieldAccessorImpl <init> (Ljava/lang/reflect/Field;Ljava/lang/invoke/MethodHandle;Ljava/lang/invoke/MethodHandle;ZZ)V 42 0 21 0 -1
ciMethodData java/lang/reflect/Field checkAccess (Ljava/lang/Class;Ljava/lang/Object;)V 2 1630 orig 80 0 0 0 0 0 0 0 0 0 0 0 0 111 1 0 0 0 0 0 0 0 0 0 0 0 0 0 0 0 0 0 0 0 0 0 0 0 0 0 0 0 0 0 0 0 0 0 0 0 0 0 0 0 0 0 0 0 0 0 0 0 0 0 0 0 0 0 0 0 0 0 0 0 0 0 0 0 0 0 0 data 34 0xa0002 0x65e 0xd0007 0x14d 0x38 0x511 0x110003 0x511 0x50 0x150005 0x14d 0x0 0x0 0x0 0x0 0x0 0x1c0005 0x65e 0x0 0x0 0x0 0x0 0x0 0x0 0x0 0x0 0x0 0x0 0x0 0x9 0x3 0x0 0x0 0x0 oops 0 methods 0
ciMethodData java/lang/reflect/Field getFieldAccessor ()Ljdk/internal/reflect/FieldAccessor; 2 1630 orig 80 0 0 0 0 0 0 0 0 0 0 0 0 111 1 0 0 0 0 0 0 0 0 0 0 0 0 0 0 0 0 0 0 0 0 0 0 0 0 0 0 0 0 0 0 0 0 0 0 0 0 0 0 0 0 0 0 0 0 0 0 0 0 0 0 0 0 0 0 0 0 0 0 0 0 0 0 0 0 0 0 data 23 0x60007 0x4ed 0x38 0x171 0xa0003 0x171 0x50 0xe0005 0x4ed 0x0 0x0 0x0 0x0 0x0 0x0 0x0 0x0 0x0 0x0 0x0 0x9 0x1 0x0 oops 0 methods 0
ciMethodData java/lang/reflect/Field acquireFieldAccessor ()Ljdk/internal/reflect/FieldAccessor; 2 1261 orig 80 0 0 0 0 0 0 0 0 0 0 0 0 111 1 0 0 0 0 0 0 0 0 0 0 0 0 0 0 0 0 0 0 0 0 0 0 0 0 0 0 0 0 0 0 0 0 0 0 0 0 0 0 0 0 0 0 0 0 0 0 0 0 0 0 0 0 0 0 0 0 0 0 0 0 0 0 0 0 0 0 data 37 0x60007 0x4ed 0x38 0x0 0xa0003 0x0 0x18 0x130007 0x4ed 0x38 0x0 0x1b0003 0x0 0x88 0x230005 0x0 0x0 0x16ff739a500 0x4ed 0x0 0x0 0x290005 0x4ed 0x0 0x0 0x0 0x0 0x0 0x0 0x0 0x0 0x0 0x0 0x0 0x9 0x1 0x0 oops 1 17 jdk/internal/reflect/ReflectionFactory methods 0
ciMethod jdk/internal/reflect/MethodHandleShortFieldAccessorImpl fieldAccessor (Ljava/lang/reflect/Field;Ljava/lang/invoke/MethodHandle;Ljava/lang/invoke/MethodHandle;Z)Ljdk/internal/reflect/FieldAccessorImpl; 4 0 2 0 -1
ciMethodData java/lang/reflect/Field set (Ljava/lang/Object;Ljava/lang/Object;)V 2 2152 orig 80 0 0 0 0 0 0 0 0 0 0 0 0 111 1 0 0 0 0 0 0 0 0 0 0 0 0 0 0 0 0 0 0 0 0 0 0 0 0 0 0 0 0 0 0 0 0 0 0 0 0 0 0 0 0 0 0 0 0 0 0 0 0 0 0 0 0 0 0 0 0 0 0 0 0 0 0 0 0 0 0 data 55 0x40007 0x412 0xf0 0x456 0x70002 0x456 0xe0005 0x456 0x0 0x0 0x0 0x0 0x0 0x120005 0x456 0x0 0x0 0x0 0x0 0x0 0x170005 0x3 0x0 0x16ff73eb578 0x17 0x16ff73eb628 0x43c 0x1c0003 0x456 0x88 0x200005 0x412 0x0 0x0 0x0 0x0 0x0 0x250005 0x5 0x0 0x16ff73eb628 0x40b 0x16ff73eb6d8 0x2 0x0 0x0 0x0 0x0 0x0 0x0 0x9 0x3 0x0 0x0 0x0 oops 4 23 jdk/internal/reflect/MethodHandleShortFieldAccessorImpl 25 jdk/internal/reflect/MethodHandleObjectFieldAccessorImpl 40 jdk/internal/reflect/MethodHandleObjectFieldAccessorImpl 42 jdk/internal/reflect/MethodHandleBooleanFieldAccessorImpl methods 0
ciMethodData java/lang/reflect/Field getOverrideFieldAccessor ()Ljdk/internal/reflect/FieldAccessor; 2 4905 orig 80 0 0 0 0 0 0 0 0 0 0 0 0 111 1 0 0 0 0 0 0 0 0 0 0 0 0 0 0 0 0 0 0 0 0 0 0 0 0 0 0 0 0 0 0 0 0 0 0 0 0 0 0 0 0 0 0 0 0 0 0 0 0 0 0 0 0 0 0 0 0 0 0 0 0 0 0 0 0 0 0 data 23 0x60007 0x283 0x38 0x10a6 0xa0003 0x10a6 0x50 0xe0005 0x283 0x0 0x0 0x0 0x0 0x0 0x0 0x0 0x0 0x0 0x0 0x0 0x9 0x1 0xffffffffffffffff oops 0 methods 0
ciMethodData jdk/internal/reflect/MethodHandleFieldAccessorImpl ensureObj (Ljava/lang/Object;)V 2 2152 orig 80 0 0 0 0 0 0 0 0 0 0 0 0 111 1 0 0 0 0 0 0 0 0 0 0 0 0 0 0 0 0 0 0 0 0 0 0 0 0 0 0 0 0 0 0 0 0 0 0 0 0 0 0 0 0 0 0 0 0 0 0 0 0 0 0 0 0 0 0 0 0 0 0 0 0 0 0 0 0 0 0 data 53 0x10005 0x868 0x0 0x0 0x0 0x0 0x0 0x40007 0x425 0x120 0x443 0xb0005 0x443 0x0 0x0 0x0 0x0 0x0 0xf0005 0x443 0x0 0x0 0x0 0x0 0x0 0x120005 0x443 0x0 0x0 0x0 0x0 0x0 0x150007 0x443 0x58 0x0 0x1a0005 0x0 0x0 0x0 0x0 0x0 0x0 0x0 0x0 0x0 0x0 0x0 0x0 0x9 0x2 0x0 0x0 oops 0 methods 0
ciMethodData jdk/internal/reflect/FieldAccessorImpl throwSetIllegalArgumentException (Ljava/lang/Object;)V 1 0 orig 80 0 0 0 0 0 0 0 0 0 0 0 0 111 1 0 0 0 0 0 0 0 0 0 0 0 0 0 0 0 0 0 0 0 0 0 0 0 0 0 0 0 0 0 0 0 0 0 0 0 0 0 0 0 0 0 0 0 0 0 0 0 0 0 0 0 0 0 0 0 0 0 0 0 0 0 0 0 0 0 0 data 38 0x20007 0x0 0xa8 0x0 0x60005 0x0 0x0 0x0 0x0 0x0 0x0 0x90005 0x0 0x0 0x0 0x0 0x0 0x0 0xc0003 0x0 0x18 0x130005 0x0 0x0 0x0 0x0 0x0 0x0 0x0 0x0 0x0 0x0 0x0 0x0 0x9 0x2 0xffffffffffffffff 0x0 oops 0 methods 0
ciMethodData jdk/internal/reflect/MethodHandleObjectFieldAccessorImpl set (Ljava/lang/Object;Ljava/lang/Object;)V 2 2118 orig 80 0 0 0 0 0 0 0 0 0 0 0 0 111 1 0 0 0 0 0 0 0 0 0 0 0 0 0 0 0 0 0 0 0 0 0 0 0 0 0 0 0 0 0 0 0 0 0 0 0 0 0 0 0 0 0 0 0 0 0 0 0 0 0 0 0 0 0 0 0 0 0 0 0 0 0 0 0 0 0 0 data 87 0x20005 0x846 0x0 0x0 0x0 0x0 0x0 0x60005 0x846 0x0 0x0 0x0 0x0 0x0 0x90007 0x846 0x58 0x0 0xe0005 0x0 0x0 0x0 0x0 0x0 0x0 0x120005 0x846 0x0 0x0 0x0 0x0 0x0 0x150007 0x421 0x88 0x425 0x1d000b 0x425 0x0 0x0 0x0 0x0 0x0 0x2 0x1 0x16fef16e6d8 0x200003 0x425 0x78 0x29000b 0x421 0x0 0x0 0x0 0x0 0x0 0x4 0x1 0x2 0x2 0x0 0x2c0003 0x846 0x78 0x350005 0x0 0x0 0x0 0x0 0x0 0x0 0x380003 0x0 0x28 0x410002 0x0 0x0 0x0 0x0 0x0 0x0 0x0 0x9 0x3 0x0 0x0 0x0 oops 1 45 java/lang/String methods 0
ciMethodData jdk/internal/reflect/ReflectionFactory newFieldAccessor (Ljava/lang/reflect/Field;Z)Ljdk/internal/reflect/FieldAccessor; 2 1851 orig 80 0 0 0 0 0 0 0 0 0 0 0 0 111 1 0 0 0 0 0 0 0 0 0 0 0 0 0 0 0 0 0 0 0 0 0 0 0 0 0 0 0 0 0 0 0 0 0 0 0 0 0 0 0 0 0 0 0 0 0 0 0 0 0 0 0 0 0 0 0 0 0 0 0 0 0 0 0 0 0 0 data 92 0x50005 0x0 0x0 0x16ff739eb10 0x73b 0x0 0x0 0xa0004 0x0 0x0 0x0 0x0 0x0 0x0 0xf0007 0x0 0xd0 0x73b 0x130005 0x73b 0x0 0x0 0x0 0x0 0x0 0x170005 0x73b 0x0 0x0 0x0 0x0 0x0 0x1a0007 0x73b 0x40 0x0 0x1e0007 0x0 0x20 0x0 0x240005 0x73b 0x0 0x0 0x0 0x0 0x0 0x270002 0x73b 0x2e0007 0x64c 0xb0 0xef 0x320007 0xc9 0x78 0x26 0x3a0005 0x0 0x0 0x16ff739eb10 0x26 0x0 0x0 0x3f0007 0xd 0x38 0x19 0x430003 0xe2 0x18 0x490002 0x73b 0x4c0007 0x0 0x30 0x73b 0x520002 0x73b 0x590002 0x0 0x0 0x0 0x0 0x0 0x0 0x0 0x9 0x3 0x0 0xffffffffffffffff 0x0 oops 2 3 java/lang/reflect/ReflectAccess 60 java/lang/reflect/ReflectAccess methods 0
ciMethodData java/lang/reflect/Field getRoot ()Ljava/lang/reflect/AccessibleObject; 2 1851 orig 80 0 0 0 0 0 0 0 0 0 0 0 0 111 1 0 0 0 0 0 0 0 0 0 0 0 0 0 0 0 0 0 0 0 0 0 0 0 0 0 0 0 0 0 0 0 0 0 0 0 0 0 0 0 0 0 0 0 0 0 0 0 0 0 0 0 0 0 0 0 0 0 0 0 0 0 0 0 0 0 0 data 16 0x10005 0x73b 0x0 0x0 0x0 0x0 0x0 0x0 0x0 0x0 0x0 0x0 0x0 0x9 0x1 0x0 oops 0 methods 0
ciMethodData jdk/internal/reflect/ReflectionFactory useFieldHandleAccessor ()Z 2 1851 orig 80 0 0 0 0 0 0 0 0 0 0 0 0 111 1 0 0 0 0 0 0 0 0 0 0 0 0 0 0 0 0 0 0 0 0 0 0 0 0 0 0 0 0 0 0 0 0 0 0 0 0 0 0 0 0 0 0 0 0 0 0 0 0 0 0 0 0 0 0 0 0 0 0 0 0 0 0 0 0 0 0 data 17 0x2 0x73b 0x90007 0x0 0x38 0x73b 0xd0003 0x73b 0x18 0x0 0x0 0x0 0x0 0x0 0x0 0x9 0x0 oops 0 methods 0
ciMethodData jdk/internal/reflect/MethodHandleAccessorFactory newFieldAccessor (Ljava/lang/reflect/Field;Z)Ljdk/internal/reflect/FieldAccessorImpl; 2 1851 orig 80 0 0 0 0 0 0 0 0 0 0 0 0 111 1 0 0 0 0 0 0 0 0 0 0 0 0 0 0 0 0 0 0 0 0 0 0 0 0 0 0 0 0 0 0 0 0 0 0 0 0 0 0 0 0 0 0 0 0 0 0 0 0 0 0 0 0 0 0 0 0 0 0 0 0 0 0 0 0 0 0 data 171 0x2 0x73b 0x30007 0x73b 0x200 0x0 0xe0002 0x0 0x120005 0x0 0x0 0x0 0x0 0x0 0x0 0x150005 0x0 0x0 0x0 0x0 0x0 0x0 0x180005 0x0 0x0 0x0 0x0 0x0 0x0 0x1d0005 0x0 0x0 0x0 0x0 0x0 0x0 0x210005 0x0 0x0 0x0 0x0 0x0 0x0 0x240005 0x0 0x0 0x0 0x0 0x0 0x0 0x290005 0x0 0x0 0x0 0x0 0x0 0x0 0x2c0005 0x0 0x0 0x0 0x0 0x0 0x0 0x2f0002 0x0 0x340005 0x73b 0x0 0x0 0x0 0x0 0x0 0x370002 0x73b 0x3f0005 0x0 0x0 0x16ff9c37598 0x73b 0x0 0x0 0x460007 0x659 0x38 0xe2 0x4a0003 0xe2 0x50 0x520005 0x0 0x0 0x16ff9c37598 0x659 0x0 0x0 0x590005 0x73b 0x0 0x0 0x0 0x0 0x0 0x630007 0x737 0x30 0x4 0x6a0002 0x0 0x730007 0x737 0x30 0x0 0x7a0002 0x0 0x830007 0x737 0x30 0x0 0x8a0002 0x0 0x930007 0x737 0x30 0x0 0x9a0002 0x0 0xa30007 0x729 0x30 0xe 0xaa0002 0xe 0xb30007 0x711 0x30 0x18 0xba0002 0x0 0xc30007 0x711 0x30 0x0 0xca0002 0x0 0xd30007 0x711 0x30 0x0 0xda0002 0x0 0xe20002 0x711 0xec0002 0x0 0x0 0x0 0x0 0x0 0x0 0x0 0x0 0x0 0x0 0x0 0x0 0x0 0x9 0x2 0x0 0x0 oops 2 78 java/lang/invoke/MethodHandleImpl$1 92 java/lang/invoke/MethodHandleImpl$1 methods 0
ciMethodData jdk/internal/reflect/MethodHandleIntegerFieldAccessorImpl fieldAccessor (Ljava/lang/reflect/Field;Ljava/lang/invoke/MethodHandle;Ljava/lang/invoke/MethodHandle;Z)Ljdk/internal/reflect/FieldAccessorImpl; 1 14 orig 80 0 0 0 0 0 0 0 0 0 0 0 0 111 1 0 0 0 0 0 0 0 0 0 0 0 0 0 0 0 0 0 0 0 0 0 0 0 0 0 0 0 0 0 0 0 0 0 0 0 0 0 0 0 0 0 0 0 0 0 0 0 0 0 0 0 0 0 0 0 0 0 0 0 0 0 0 0 0 0 0 data 81 0x10005 0xe 0x0 0x0 0x0 0x0 0x0 0x40002 0xe 0xb0007 0xe 0xe8 0x0 0x120002 0x0 0x150005 0x0 0x0 0x0 0x0 0x0 0x0 0x1a0007 0x0 0x168 0x0 0x240002 0x0 0x270005 0x0 0x0 0x0 0x0 0x0 0x0 0x2b0003 0x0 0x100 0x340002 0xe 0x370005 0xe 0x0 0x0 0x0 0x0 0x0 0x3c0007 0x0 0xa0 0xe 0x4e0004 0x0 0x0 0x16fef16e768 0xe 0x0 0x0 0x4f0002 0xe 0x520005 0xe 0x0 0x0 0x0 0x0 0x0 0x600002 0xe 0x0 0x0 0x0 0x0 0x0 0x0 0x9 0x4 0x0 0xffffffffffffffff 0x0 0x0 oops 1 54 java/lang/Class methods 0
ciMethodData jdk/internal/reflect/MethodHandleObjectFieldAccessorImpl fieldAccessor (Ljava/lang/reflect/Field;Ljava/lang/invoke/MethodHandle;Ljava/lang/invoke/MethodHandle;Z)Ljdk/internal/reflect/FieldAccessorImpl; 2 1809 orig 80 0 0 0 0 0 0 0 0 0 0 0 0 111 1 0 0 0 0 0 0 0 0 0 0 0 0 0 0 0 0 0 0 0 0 0 0 0 0 0 0 0 0 0 0 0 0 0 0 0 0 0 0 0 0 0 0 0 0 0 0 0 0 0 0 0 0 0 0 0 0 0 0 0 0 0 0 0 0 0 0 data 81 0x10005 0x711 0x0 0x0 0x0 0x0 0x0 0x40002 0x711 0xb0007 0x221 0xe8 0x4f0 0x110002 0x4f0 0x140005 0x4f0 0x0 0x0 0x0 0x0 0x0 0x190007 0xca 0x168 0x426 0x220002 0x426 0x250005 0x426 0x0 0x0 0x0 0x0 0x0 0x290003 0x426 0x100 0x310002 0x221 0x340005 0x221 0x0 0x0 0x0 0x0 0x0 0x390007 0x0 0xa0 0x221 0x4a0004 0x0 0x0 0x16fef16e768 0x221 0x0 0x0 0x4b0002 0x221 0x4e0005 0x221 0x0 0x0 0x0 0x0 0x0 0x5c0002 0x711 0x0 0x0 0x0 0x0 0x0 0x0 0x9 0x4 0x0 0xffffffffffffffff 0x0 0x0 oops 1 54 java/lang/Class methods 0
ciMethodData jdk/internal/reflect/MethodHandleFieldAccessorImpl <init> (Ljava/lang/reflect/Field;Ljava/lang/invoke/MethodHandle;Ljava/lang/invoke/MethodHandle;ZZ)V 2 1851 orig 80 0 0 0 0 0 0 0 0 0 0 0 0 111 1 0 0 0 0 0 0 0 0 0 0 0 0 0 0 0 0 0 0 0 0 0 0 0 0 0 0 0 0 0 0 0 0 0 0 0 0 0 0 0 0 0 0 0 0 0 0 0 0 0 0 0 0 0 0 0 0 0 0 0 0 0 0 0 0 0 0 data 28 0x20002 0x73b 0x80007 0x659 0x38 0xe2 0xc0003 0xe2 0x18 0x120007 0x233 0x38 0x508 0x160003 0x508 0x18 0x0 0x0 0x0 0x0 0x9 0x6 0xe 0x0 0x0 0x0 0x0 0x0 oops 0 methods 0
ciMethod  @bci jdk/internal/reflect/MethodHandleObjectFieldAccessorImpl set (Ljava/lang/Object;Ljava/lang/Object;)V 29 <adapter> ; invokeExact_MT (Ljava/lang/Object;Ljava/lang/Object;Ljava/lang/Object;)V 730 0 1426 0 -1
ciMethod  @bci jdk/internal/reflect/MethodHandleObjectFieldAccessorImpl set (Ljava/lang/Object;Ljava/lang/Object;)V 41 <adapter> ; invokeExact_MT (Ljava/lang/Object;Ljava/lang/Object;Ljava/lang/Object;Ljava/lang/Object;)V 36 0 1076 0 -1
ciMethodData  @bci jdk/internal/reflect/MethodHandleObjectFieldAccessorImpl set (Ljava/lang/Object;Ljava/lang/Object;)V 41 <adapter> ; invokeExact_MT (Ljava/lang/Object;Ljava/lang/Object;Ljava/lang/Object;Ljava/lang/Object;)V 2 1058 orig 80 0 0 0 0 0 0 0 0 0 0 0 0 111 1 0 0 0 0 0 0 0 0 0 0 0 0 0 0 0 0 0 0 0 0 0 0 0 0 0 0 0 0 0 0 0 0 0 0 0 0 0 0 0 0 0 0 0 0 0 0 0 0 0 0 0 0 0 0 0 0 0 0 0 0 0 0 0 0 0 0 data 56 0x10004 0x0 0x0 0x16ffb0f3180 0x1 0x0 0x0 0x70004 0x0 0x0 0x16fef170f68 0x1 0x0 0x0 0xa000a 0x422 0x4 0x0 0x2 0x1 0x16fef170f68 0xe000a 0x422 0x2 0x0 0x2 0x14000b 0x422 0x0 0x0 0x0 0x0 0x0 0x4 0x1 0x2 0x2 0x3 0x0 0x0 0x0 0x0 0x0 0x0 0x9 0x4 0x0 0x0 0x0 0x0 0xc 0x4 0x0 0x2 0x1 0x2 oops 3 3 java/lang/invoke/BoundMethodHandle$Species_LLL 10 java/lang/invoke/MethodType 20 java/lang/invoke/MethodType methods 0
ciMethod jdk/internal/reflect/MethodHandleLongFieldAccessorImpl fieldAccessor (Ljava/lang/reflect/Field;Ljava/lang/invoke/MethodHandle;Ljava/lang/invoke/MethodHandle;Z)Ljdk/internal/reflect/FieldAccessorImpl; 48 0 24 0 -1
ciMethod jdk/internal/reflect/MethodHandleLongFieldAccessorImpl <init> (Ljava/lang/reflect/Field;Ljava/lang/invoke/MethodHandle;Ljava/lang/invoke/MethodHandle;ZZ)V 48 0 24 0 -1
ciMethodData java/lang/invoke/MemberName isProtected ()Z 2 1240 orig 80 0 0 0 0 0 0 0 0 0 0 0 0 111 1 0 0 0 0 0 0 0 0 0 0 0 0 0 0 0 0 0 0 0 0 0 0 0 0 0 0 0 0 0 0 0 0 0 0 0 0 0 0 0 0 0 0 0 0 0 0 0 0 0 0 0 0 0 0 0 0 0 0 0 0 0 0 0 0 0 0 data 11 0x40002 0x4d8 0x0 0x0 0x0 0x0 0x0 0x0 0x9 0x1 0x0 oops 0 methods 0
ciMethod jdk/internal/reflect/MethodHandleBooleanFieldAccessorImpl fieldAccessor (Ljava/lang/reflect/Field;Ljava/lang/invoke/MethodHandle;Ljava/lang/invoke/MethodHandle;Z)Ljdk/internal/reflect/FieldAccessorImpl; 8 0 4 0 -1
ciMethod jdk/internal/reflect/MethodHandleBooleanFieldAccessorImpl <init> (Ljava/lang/reflect/Field;Ljava/lang/invoke/MethodHandle;Ljava/lang/invoke/MethodHandle;ZZ)V 8 0 4 0 -1
ciMethodData java/util/Properties load0 (Ljava/util/Properties$LineReader;)V 2 294 orig 80 0 0 0 0 0 0 0 0 0 0 0 0 111 1 0 0 0 0 0 0 0 0 0 0 0 0 0 0 0 0 0 0 0 0 0 0 0 0 0 0 0 0 0 0 0 0 0 0 0 0 0 0 0 0 0 0 0 0 0 0 0 0 0 0 0 0 0 0 0 0 0 0 0 0 0 0 0 0 0 0 data 133 0x40002 0x126 0x90005 0x0 0x0 0x16ff91a2158 0x9d7 0x0 0x0 0xe0007 0x123 0x390 0x8b1 0x200007 0x26 0x1b8 0xb5bb 0x300007 0x459 0x40 0xb164 0x370007 0xb173 0x58 0x0 0x3c0007 0x0 0x38 0x459 0x480003 0x459 0x138 0x4f0007 0x432 0x60 0xad30 0x560007 0x0 0x40 0xad37 0x5d0007 0xad3a 0x58 0x0 0x620007 0x0 0x38 0x432 0x6b0003 0x432 0xa0 0x720007 0xad35 0x70 0x0 0x770007 0x0 0x38 0x0 0x7b0003 0x0 0x18 0x810003 0x0 0x18 0x8a0003 0xad38 0xfffffffffffffe60 0x900007 0x1a9 0xf8 0xf9d 0xa00007 0x463 0xc0 0xb3a 0xa70007 0x0 0xa0 0xb3a 0xae0007 0x0 0x80 0xb3a 0xb30007 0x708 0x78 0x432 0xba0007 0x432 0x40 0x0 0xc10007 0x0 0x38 0x0 0xca0003 0x895 0xffffffffffffff20 0xd60005 0x8b0 0x0 0x0 0x0 0x0 0x0 0xe70005 0x8b0 0x0 0x0 0x0 0x0 0x0 0xf10005 0x0 0x0 0x16fef16fd78 0x87e 0x16ff91a26e0 0x32 0xf50003 0x8b1 0xfffffffffffffc50 0x0 0x0 0x0 0x0 0x0 0x0 0x9 0x2 0x0 0x0 oops 3 5 java/util/Properties$LineReader 116 java/util/Properties 118 org/eclipse/jdt/internal/compiler/util/Messages$MessagesProperties methods 0
ciMethod org/eclipse/jdt/internal/compiler/util/Messages$MessagesProperties put (Ljava/lang/Object;Ljava/lang/Object;)Ljava/lang/Object; 100 0 50 0 0
compile java/util/Properties load0 (Ljava/util/Properties$LineReader;)V -1 4 inline 278 0 -1 0 java/util/Properties load0 (Ljava/util/Properties$LineReader;)V 1 4 0 java/lang/StringBuilder <init> ()V 2 3 0 java/lang/AbstractStringBuilder <init> (I)V 3 1 0 java/lang/Object <init> ()V 1 241 0 java/util/Properties put (Ljava/lang/Object;Ljava/lang/Object;)Ljava/lang/Object; 1 241 0 org/eclipse/jdt/internal/compiler/util/Messages$MessagesProperties put (Ljava/lang/Object;Ljava/lang/Object;)Ljava/lang/Object; 2 21 0 java/lang/reflect/Field getModifiers ()I 2 37 0 java/lang/reflect/Field set (Ljava/lang/Object;Ljava/lang/Object;)V 3 14 0 java/lang/reflect/Field checkAccess (Ljava/lang/Class;Ljava/lang/Object;)V 4 10 0 java/lang/reflect/Modifier isStatic (I)Z 3 18 0 java/lang/reflect/Field getFieldAccessor ()Ljdk/internal/reflect/FieldAccessor; 4 14 0 java/lang/reflect/Field acquireFieldAccessor ()Ljdk/internal/reflect/FieldAccessor; 5 35 0 jdk/internal/reflect/ReflectionFactory newFieldAccessor (Ljava/lang/reflect/Field;Z)Ljdk/internal/reflect/FieldAccessor; 6 5 0 java/lang/reflect/ReflectAccess getRoot (Ljava/lang/reflect/AccessibleObject;)Ljava/lang/reflect/AccessibleObject; 7 1 0 java/lang/reflect/Field getRoot ()Ljava/lang/reflect/AccessibleObject; 8 1 0 java/lang/reflect/Field getRoot ()Ljava/lang/reflect/Field; 6 19 0 java/lang/reflect/Field getModifiers ()I 6 23 0 java/lang/reflect/Field getModifiers ()I 6 36 0 java/lang/reflect/Field getModifiers ()I 6 39 0 java/lang/reflect/Modifier isFinal (I)Z 6 73 0 jdk/internal/reflect/ReflectionFactory useFieldHandleAccessor ()Z 7 0 0 jdk/internal/reflect/ReflectionFactory config ()Ljdk/internal/reflect/ReflectionFactory$Config; 6 82 0 jdk/internal/reflect/MethodHandleAccessorFactory newFieldAccessor (Ljava/lang/reflect/Field;Z)Ljdk/internal/reflect/FieldAccessorImpl; 7 0 0 jdk/internal/misc/VM isJavaLangInvokeInited ()Z 7 52 0 java/lang/reflect/Field getDeclaringClass ()Ljava/lang/Class; 7 55 0 jdk/internal/reflect/MethodHandleAccessorFactory ensureClassInitialized (Ljava/lang/Class;)V 8 4 0 jdk/internal/misc/Unsafe shouldBeInitialized (Ljava/lang/Class;)Z 8 14 0 jdk/internal/misc/Unsafe ensureClassInitialized (Ljava/lang/Class;)V 7 63 0 java/lang/invoke/MethodHandleImpl$1 unreflectField (Ljava/lang/reflect/Field;Z)Ljava/lang/invoke/MethodHandle; 8 18 0 java/lang/invoke/MethodHandles$Lookup unreflectGetter (Ljava/lang/reflect/Field;)Ljava/lang/invoke/MethodHandle; 9 3 0 java/lang/invoke/MethodHandles$Lookup unreflectField (Ljava/lang/reflect/Field;Z)Ljava/lang/invoke/MethodHandle; 10 6 0 java/lang/invoke/MemberName <init> (Ljava/lang/reflect/Field;Z)V 11 1 0 java/lang/Object <init> ()V 11 5 0 java/util/Objects requireNonNull (Ljava/lang/Object;)Ljava/lang/Object; 11 44 0 java/lang/reflect/Field getName ()Ljava/lang/String; 11 52 0 java/lang/reflect/Field getType ()Ljava/lang/Class; 11 59 0 java/lang/invoke/MemberName getReferenceKind ()B 10 96 0 java/lang/reflect/AccessibleObject isAccessible ()Z 10 114 0 java/lang/invoke/MemberName getReferenceKind ()B 10 118 0 java/lang/reflect/Field getDeclaringClass ()Ljava/lang/Class; 10 122 0 java/lang/invoke/MethodHandles$Lookup getDirectFieldNoSecurityManager (BLjava/lang/Class;Ljava/lang/invoke/MemberName;)Ljava/lang/invoke/MethodHandle; 11 8 0 java/lang/invoke/MethodHandles$Lookup getDirectFieldCommon (BLjava/lang/Class;Ljava/lang/invoke/MemberName;Z)Ljava/lang/invoke/MethodHandle; 12 4 0 java/lang/invoke/MethodHandles$Lookup checkField (BLjava/lang/Class;Ljava/lang/invoke/MemberName;)V 13 1 0 java/lang/invoke/MethodHandleNatives refKindHasReceiver (B)Z 13 17 0 java/lang/invoke/MemberName isStatic ()Z 14 4 0 java/lang/reflect/Modifier isStatic (I)Z 13 46 0 java/lang/invoke/MethodHandles$Lookup checkAccess (BLjava/lang/Class;Ljava/lang/invoke/MemberName;)V 12 20 0 java/lang/invoke/DirectMethodHandle make (Ljava/lang/Class;Ljava/lang/invoke/MemberName;)Ljava/lang/invoke/DirectMethodHandle; 13 1 0 java/lang/invoke/MemberName getReferenceKind ()B 13 17 0 java/lang/invoke/DirectMethodHandle make (BLjava/lang/Class;Ljava/lang/invoke/MemberName;Ljava/lang/Class;)Ljava/lang/invoke/DirectMethodHandle; 14 7 0 java/lang/invoke/MemberName isStatic ()Z 15 4 0 java/lang/reflect/Modifier isStatic (I)Z 14 14 0 java/lang/invoke/MemberName getDeclaringClass ()Ljava/lang/Class; 14 25 0 java/lang/invoke/MemberName isConstructor ()Z 15 4 0 java/lang/invoke/MemberName allFlagsSet (I)Z 14 54 0 java/lang/invoke/MethodType insertParameterTypes (I[Ljava/lang/Class;)Ljava/lang/invoke/MethodType; 15 24 0 java/lang/invoke/MethodType checkPtypes ([Ljava/lang/Class;)I 16 24 0 java/util/Objects requireNonNull (Ljava/lang/Object;)Ljava/lang/Object; 16 71 0 java/lang/invoke/MethodType checkSlotCount (I)V 15 30 0 java/lang/invoke/MethodType parameterSlotCount ()I 16 4 0 java/lang/invoke/MethodTypeForm parameterSlotCount ()I 15 39 0 java/lang/invoke/MethodType checkSlotCount (I)V 14 60 0 java/lang/invoke/MemberName isField ()Z 15 4 0 java/lang/invoke/MemberName allFlagsSet (I)Z 14 163 0 java/lang/invoke/DirectMethodHandle preparedLambdaForm (Ljava/lang/invoke/MemberName;)Ljava/lang/invoke/LambdaForm; 15 2 0 java/lang/invoke/DirectMethodHandle preparedLambdaForm (Ljava/lang/invoke/MemberName;Z)Ljava/lang/invoke/LambdaForm; 16 23 0 java/lang/invoke/MemberName getInvocationType ()Ljava/lang/invoke/MethodType; 16 26 0 java/lang/invoke/MethodType basicType ()Ljava/lang/invoke/MethodType; 17 4 0 java/lang/invoke/MethodTypeForm basicType ()Ljava/lang/invoke/MethodType; 16 53 0 java/lang/invoke/MemberName getReferenceKind ()B 16 131 0 java/lang/invoke/DirectMethodHandle shouldBeInitialized (Ljava/lang/invoke/MemberName;)Z 17 54 0 java/lang/invoke/MemberName getDeclaringClass ()Ljava/lang/Class; 16 139 0 java/lang/invoke/DirectMethodHandle preparedLambdaForm (Ljava/lang/invoke/MethodType;I)Ljava/lang/invoke/LambdaForm; 17 1 0 java/lang/invoke/MethodType form ()Ljava/lang/invoke/MethodTypeForm; 17 22 0 java/lang/invoke/MethodType form ()Ljava/lang/invoke/MethodTypeForm; 16 159 0 java/lang/invoke/DirectMethodHandle preparedLambdaForm (Ljava/lang/invoke/MethodType;I)Ljava/lang/invoke/LambdaForm; 17 1 0 java/lang/invoke/MethodType form ()Ljava/lang/invoke/MethodTypeForm; 17 22 0 java/lang/invoke/MethodType form ()Ljava/lang/invoke/MethodTypeForm; 16 167 0 java/lang/invoke/DirectMethodHandle maybeCompile (Ljava/lang/invoke/LambdaForm;Ljava/lang/invoke/MemberName;)V 17 8 0 java/lang/invoke/MemberName getDeclaringClass ()Ljava/lang/Class; 14 178 0 java/lang/invoke/DirectMethodHandle <init> (Ljava/lang/invoke/MethodType;Ljava/lang/invoke/LambdaForm;Ljava/lang/invoke/MemberName;Z)V 15 3 0 java/lang/invoke/MethodHandle <init> (Ljava/lang/invoke/MethodType;Ljava/lang/invoke/LambdaForm;)V 16 1 0 java/lang/Object <init> ()V 16 6 0 java/util/Objects requireNonNull (Ljava/lang/Object;)Ljava/lang/Object; 16 17 0 java/util/Objects requireNonNull (Ljava/lang/Object;)Ljava/lang/Object; 16 23 0 java/lang/invoke/LambdaForm uncustomize ()Ljava/lang/invoke/LambdaForm; 16 33 0 java/lang/invoke/LambdaForm prepare ()V 15 7 0 java/lang/invoke/MemberName isResolved ()Z 15 22 0 java/lang/invoke/MemberName getDeclaringClass ()Ljava/lang/Class; 15 72 0 java/lang/invoke/MemberName <init> (Ljava/lang/Class;Ljava/lang/String;Ljava/lang/invoke/MethodType;B)V 16 1 0 java/lang/Object <init> ()V 16 12 0 java/lang/String equals (Ljava/lang/Object;)Z 16 38 0 java/lang/invoke/MemberName flagsMods (IIB)I 16 41 0 java/lang/invoke/MemberName init (Ljava/lang/Class;Ljava/lang/String;Ljava/lang/Object;I)V 16 46 0 java/lang/invoke/MemberName initResolved (Z)V 15 77 0 java/lang/invoke/MemberName getFactory ()Ljava/lang/invoke/MemberName$Factory; 14 156 0 java/lang/invoke/DirectMethodHandle$Interface <init> (Ljava/lang/invoke/MethodType;Ljava/lang/invoke/LambdaForm;Ljava/lang/invoke/MemberName;ZLjava/lang/Class;)V 15 6 0 java/lang/invoke/DirectMethodHandle <init> (Ljava/lang/invoke/MethodType;Ljava/lang/invoke/LambdaForm;Ljava/lang/invoke/MemberName;Z)V 16 3 0 java/lang/invoke/MethodHandle <init> (Ljava/lang/invoke/MethodType;Ljava/lang/invoke/LambdaForm;)V 17 6 1 java/util/Objects requireNonNull (Ljava/lang/Object;)Ljava/lang/Object; 17 17 1 java/util/Objects requireNonNull (Ljava/lang/Object;)Ljava/lang/Object; 16 7 0 java/lang/invoke/MemberName isResolved ()Z 16 22 0 java/lang/invoke/MemberName getDeclaringClass ()Ljava/lang/Class; 16 72 0 java/lang/invoke/MemberName <init> (Ljava/lang/Class;Ljava/lang/String;Ljava/lang/invoke/MethodType;B)V 16 77 0 java/lang/invoke/MemberName getFactory ()Ljava/lang/invoke/MemberName$Factory; 14 186 0 java/lang/invoke/DirectMethodHandle preparedFieldLambdaForm (Ljava/lang/invoke/MemberName;)Ljava/lang/invoke/LambdaForm; 15 1 0 java/lang/invoke/MemberName getFieldType ()Ljava/lang/Class; 16 21 0 java/lang/invoke/MemberName isInvocable ()Z 15 6 0 java/lang/invoke/MemberName isVolatile ()Z 16 4 0 java/lang/reflect/Modifier isVolatile (I)Z 15 11 0 java/lang/invoke/MemberName getReferenceKind ()B 15 74 0 java/lang/invoke/DirectMethodHandle shouldBeInitialized (Ljava/lang/invoke/MemberName;)Z 16 1 0 java/lang/invoke/MemberName getReferenceKind ()B 16 54 0 java/lang/invoke/MemberName getDeclaringClass ()Ljava/lang/Class; 16 113 0 jdk/internal/misc/Unsafe shouldBeInitialized (Ljava/lang/Class;)Z 16 104 0 jdk/internal/misc/Unsafe ensureClassInitialized (Ljava/lang/Class;)V 15 83 0 java/lang/invoke/DirectMethodHandle preparedFieldLambdaForm (BZLjava/lang/Class;)Ljava/lang/invoke/LambdaForm; 16 1 0 java/lang/invoke/DirectMethodHandle ftypeKind (Ljava/lang/Class;)I 17 11 0 java/lang/Enum ordinal ()I 16 8 0 java/lang/invoke/DirectMethodHandle afIndex (BZI)I 15 95 0 java/lang/invoke/DirectMethodHandle preparedFieldLambdaForm (BZLjava/lang/Class;)Ljava/lang/invoke/LambdaForm; 16 1 0 java/lang/invoke/DirectMethodHandle ftypeKind (Ljava/lang/Class;)I 17 11 0 java/lang/Enum ordinal ()I 16 8 0 java/lang/invoke/DirectMethodHandle afIndex (BZI)I 15 103 0 java/lang/invoke/DirectMethodHandle maybeCompile (Ljava/lang/invoke/LambdaForm;Ljava/lang/invoke/MemberName;)V 16 8 0 java/lang/invoke/MemberName getDeclaringClass ()Ljava/lang/Class; 14 192 0 java/lang/invoke/MemberName isStatic ()Z 15 4 0 java/lang/reflect/Modifier isStatic (I)Z 14 224 0 java/lang/invoke/DirectMethodHandle$StaticAccessor <init> (Ljava/lang/invoke/MethodType;Ljava/lang/invoke/LambdaForm;Ljava/lang/invoke/MemberName;ZLjava/lang/Object;J)V 15 6 0 java/lang/invoke/DirectMethodHandle <init> (Ljava/lang/invoke/MethodType;Ljava/lang/invoke/LambdaForm;Ljava/lang/invoke/MemberName;Z)V 16 3 0 java/lang/invoke/MethodHandle <init> (Ljava/lang/invoke/MethodType;Ljava/lang/invoke/LambdaForm;)V 17 6 1 java/util/Objects requireNonNull (Ljava/lang/Object;)Ljava/lang/Object; 17 17 1 java/util/Objects requireNonNull (Ljava/lang/Object;)Ljava/lang/Object; 16 7 0 java/lang/invoke/MemberName isResolved ()Z 16 22 0 java/lang/invoke/MemberName getDeclaringClass ()Ljava/lang/Class; 16 72 0 java/lang/invoke/MemberName <init> (Ljava/lang/Class;Ljava/lang/String;Ljava/lang/invoke/MethodType;B)V 16 77 0 java/lang/invoke/MemberName getFactory ()Ljava/lang/invoke/MemberName$Factory; 15 11 0 java/lang/invoke/MemberName getFieldType ()Ljava/lang/Class; 16 21 0 java/lang/invoke/MemberName isInvocable ()Z 14 271 0 java/lang/invoke/DirectMethodHandle$Accessor <init> (Ljava/lang/invoke/MethodType;Ljava/lang/invoke/LambdaForm;Ljava/lang/invoke/MemberName;ZI)V 15 6 0 java/lang/invoke/DirectMethodHandle <init> (Ljava/lang/invoke/MethodType;Ljava/lang/invoke/LambdaForm;Ljava/lang/invoke/MemberName;Z)V 16 3 0 java/lang/invoke/MethodHandle <init> (Ljava/lang/invoke/MethodType;Ljava/lang/invoke/LambdaForm;)V 17 6 1 java/util/Objects requireNonNull (Ljava/lang/Object;)Ljava/lang/Object; 17 17 1 java/util/Objects requireNonNull (Ljava/lang/Object;)Ljava/lang/Object; 16 7 0 java/lang/invoke/MemberName isResolved ()Z 16 22 0 java/lang/invoke/MemberName getDeclaringClass ()Ljava/lang/Class; 16 72 0 java/lang/invoke/MemberName <init> (Ljava/lang/Class;Ljava/lang/String;Ljava/lang/invoke/MethodType;B)V 16 77 0 java/lang/invoke/MemberName getFactory ()Ljava/lang/invoke/MemberName$Factory; 15 11 0 java/lang/invoke/MemberName getFieldType ()Ljava/lang/Class; 16 21 0 java/lang/invoke/MemberName isInvocable ()Z 12 26 0 java/lang/invoke/MethodHandleNatives refKindHasReceiver (B)Z 12 34 0 java/lang/invoke/MethodHandles$Lookup restrictProtectedReceiver (Ljava/lang/invoke/MemberName;)Z 13 1 0 java/lang/invoke/MemberName isProtected ()Z 14 4 0 java/lang/reflect/Modifier isProtected (I)Z 13 8 0 java/lang/invoke/MemberName isStatic ()Z 14 4 0 java/lang/reflect/Modifier isStatic (I)Z 7 82 0 java/lang/invoke/MethodHandleImpl$1 unreflectField (Ljava/lang/reflect/Field;Z)Ljava/lang/invoke/MethodHandle; 8 8 0 java/lang/invoke/MethodHandles$Lookup unreflectSetter (Ljava/lang/reflect/Field;)Ljava/lang/invoke/MethodHandle; 9 3 0 java/lang/invoke/MethodHandles$Lookup unreflectField (Ljava/lang/reflect/Field;Z)Ljava/lang/invoke/MethodHandle; 10 6 0 java/lang/invoke/MemberName <init> (Ljava/lang/reflect/Field;Z)V 11 1 0 java/lang/Object <init> ()V 11 5 0 java/util/Objects requireNonNull (Ljava/lang/Object;)Ljava/lang/Object; 11 44 0 java/lang/reflect/Field getName ()Ljava/lang/String; 11 52 0 java/lang/reflect/Field getType ()Ljava/lang/Class; 11 59 0 java/lang/invoke/MemberName getReferenceKind ()B 11 103 0 java/lang/invoke/MemberName changeReferenceKind (BB)Ljava/lang/invoke/MemberName; 10 15 0 java/lang/invoke/MemberName isFinal ()Z 11 4 0 java/lang/reflect/Modifier isFinal (I)Z 10 96 0 java/lang/reflect/AccessibleObject isAccessible ()Z 10 114 0 java/lang/invoke/MemberName getReferenceKind ()B 10 118 0 java/lang/reflect/Field getDeclaringClass ()Ljava/lang/Class; 10 122 0 java/lang/invoke/MethodHandles$Lookup getDirectFieldNoSecurityManager (BLjava/lang/Class;Ljava/lang/invoke/MemberName;)Ljava/lang/invoke/MethodHandle; 11 8 0 java/lang/invoke/MethodHandles$Lookup getDirectFieldCommon (BLjava/lang/Class;Ljava/lang/invoke/MemberName;Z)Ljava/lang/invoke/MethodHandle; 12 4 0 java/lang/invoke/MethodHandles$Lookup checkField (BLjava/lang/Class;Ljava/lang/invoke/MemberName;)V 13 1 0 java/lang/invoke/MethodHandleNatives refKindHasReceiver (B)Z 13 17 0 java/lang/invoke/MemberName isStatic ()Z 14 4 0 java/lang/reflect/Modifier isStatic (I)Z 13 46 0 java/lang/invoke/MethodHandles$Lookup checkAccess (BLjava/lang/Class;Ljava/lang/invoke/MemberName;)V 12 20 0 java/lang/invoke/DirectMethodHandle make (Ljava/lang/Class;Ljava/lang/invoke/MemberName;)Ljava/lang/invoke/DirectMethodHandle; 13 1 0 java/lang/invoke/MemberName getReferenceKind ()B 13 17 0 java/lang/invoke/DirectMethodHandle make (BLjava/lang/Class;Ljava/lang/invoke/MemberName;Ljava/lang/Class;)Ljava/lang/invoke/DirectMethodHandle; 14 7 0 java/lang/invoke/MemberName isStatic ()Z 15 4 0 java/lang/reflect/Modifier isStatic (I)Z 14 14 0 java/lang/invoke/MemberName getDeclaringClass ()Ljava/lang/Class; 14 25 0 java/lang/invoke/MemberName isConstructor ()Z 15 4 0 java/lang/invoke/MemberName allFlagsSet (I)Z 14 54 0 java/lang/invoke/MethodType insertParameterTypes (I[Ljava/lang/Class;)Ljava/lang/invoke/MethodType; 15 24 0 java/lang/invoke/MethodType checkPtypes ([Ljava/lang/Class;)I 16 24 0 java/util/Objects requireNonNull (Ljava/lang/Object;)Ljava/lang/Object; 16 71 0 java/lang/invoke/MethodType checkSlotCount (I)V 15 30 0 java/lang/invoke/MethodType parameterSlotCount ()I 16 4 0 java/lang/invoke/MethodTypeForm parameterSlotCount ()I 15 39 0 java/lang/invoke/MethodType checkSlotCount (I)V 14 60 0 java/lang/invoke/MemberName isField ()Z 15 4 0 java/lang/invoke/MemberName allFlagsSet (I)Z 14 163 0 java/lang/invoke/DirectMethodHandle preparedLambdaForm (Ljava/lang/invoke/MemberName;)Ljava/lang/invoke/LambdaForm; 15 2 0 java/lang/invoke/DirectMethodHandle preparedLambdaForm (Ljava/lang/invoke/MemberName;Z)Ljava/lang/invoke/LambdaForm; 16 23 0 java/lang/invoke/MemberName getInvocationType ()Ljava/lang/invoke/MethodType; 16 26 0 java/lang/invoke/MethodType basicType ()Ljava/lang/invoke/MethodType; 17 4 0 java/lang/invoke/MethodTypeForm basicType ()Ljava/lang/invoke/MethodType; 16 53 0 java/lang/invoke/MemberName getReferenceKind ()B 16 131 0 java/lang/invoke/DirectMethodHandle shouldBeInitialized (Ljava/lang/invoke/MemberName;)Z 17 54 0 java/lang/invoke/MemberName getDeclaringClass ()Ljava/lang/Class; 16 139 0 java/lang/invoke/DirectMethodHandle preparedLambdaForm (Ljava/lang/invoke/MethodType;I)Ljava/lang/invoke/LambdaForm; 17 1 0 java/lang/invoke/MethodType form ()Ljava/lang/invoke/MethodTypeForm; 17 22 0 java/lang/invoke/MethodType form ()Ljava/lang/invoke/MethodTypeForm; 16 159 0 java/lang/invoke/DirectMethodHandle preparedLambdaForm (Ljava/lang/invoke/MethodType;I)Ljava/lang/invoke/LambdaForm; 17 1 0 java/lang/invoke/MethodType form ()Ljava/lang/invoke/MethodTypeForm; 17 22 0 java/lang/invoke/MethodType form ()Ljava/lang/invoke/MethodTypeForm; 16 167 0 java/lang/invoke/DirectMethodHandle maybeCompile (Ljava/lang/invoke/LambdaForm;Ljava/lang/invoke/MemberName;)V 17 8 0 java/lang/invoke/MemberName getDeclaringClass ()Ljava/lang/Class; 14 178 0 java/lang/invoke/DirectMethodHandle <init> (Ljava/lang/invoke/MethodType;Ljava/lang/invoke/LambdaForm;Ljava/lang/invoke/MemberName;Z)V 15 3 0 java/lang/invoke/MethodHandle <init> (Ljava/lang/invoke/MethodType;Ljava/lang/invoke/LambdaForm;)V 16 1 0 java/lang/Object <init> ()V 16 6 0 java/util/Objects requireNonNull (Ljava/lang/Object;)Ljava/lang/Object; 16 17 0 java/util/Objects requireNonNull (Ljava/lang/Object;)Ljava/lang/Object; 16 23 0 java/lang/invoke/LambdaForm uncustomize ()Ljava/lang/invoke/LambdaForm; 16 33 0 java/lang/invoke/LambdaForm prepare ()V 15 7 0 java/lang/invoke/MemberName isResolved ()Z 15 22 0 java/lang/invoke/MemberName getDeclaringClass ()Ljava/lang/Class; 15 72 0 java/lang/invoke/MemberName <init> (Ljava/lang/Class;Ljava/lang/String;Ljava/lang/invoke/MethodType;B)V 16 1 0 java/lang/Object <init> ()V 16 12 0 java/lang/String equals (Ljava/lang/Object;)Z 16 38 0 java/lang/invoke/MemberName flagsMods (IIB)I 16 41 0 java/lang/invoke/MemberName init (Ljava/lang/Class;Ljava/lang/String;Ljava/lang/Object;I)V 16 46 0 java/lang/invoke/MemberName initResolved (Z)V 15 77 0 java/lang/invoke/MemberName getFactory ()Ljava/lang/invoke/MemberName$Factory; 14 156 0 java/lang/invoke/DirectMethodHandle$Interface <init> (Ljava/lang/invoke/MethodType;Ljava/lang/invoke/LambdaForm;Ljava/lang/invoke/MemberName;ZLjava/lang/Class;)V 15 6 0 java/lang/invoke/DirectMethodHandle <init> (Ljava/lang/invoke/MethodType;Ljava/lang/invoke/LambdaForm;Ljava/lang/invoke/MemberName;Z)V 16 3 0 java/lang/invoke/MethodHandle <init> (Ljava/lang/invoke/MethodType;Ljava/lang/invoke/LambdaForm;)V 17 6 1 java/util/Objects requireNonNull (Ljava/lang/Object;)Ljava/lang/Object; 17 17 1 java/util/Objects requireNonNull (Ljava/lang/Object;)Ljava/lang/Object; 16 7 0 java/lang/invoke/MemberName isResolved ()Z 16 22 0 java/lang/invoke/MemberName getDeclaringClass ()Ljava/lang/Class; 16 72 0 java/lang/invoke/MemberName <init> (Ljava/lang/Class;Ljava/lang/String;Ljava/lang/invoke/MethodType;B)V 16 77 0 java/lang/invoke/MemberName getFactory ()Ljava/lang/invoke/MemberName$Factory; 14 186 0 java/lang/invoke/DirectMethodHandle preparedFieldLambdaForm (Ljava/lang/invoke/MemberName;)Ljava/lang/invoke/LambdaForm; 15 1 0 java/lang/invoke/MemberName getFieldType ()Ljava/lang/Class; 16 21 0 java/lang/invoke/MemberName isInvocable ()Z 15 6 0 java/lang/invoke/MemberName isVolatile ()Z 16 4 0 java/lang/reflect/Modifier isVolatile (I)Z 15 11 0 java/lang/invoke/MemberName getReferenceKind ()B 15 74 0 java/lang/invoke/DirectMethodHandle shouldBeInitialized (Ljava/lang/invoke/MemberName;)Z 16 1 0 java/lang/invoke/MemberName getReferenceKind ()B 16 54 0 java/lang/invoke/MemberName getDeclaringClass ()Ljava/lang/Class; 16 113 0 jdk/internal/misc/Unsafe shouldBeInitialized (Ljava/lang/Class;)Z 16 104 0 jdk/internal/misc/Unsafe ensureClassInitialized (Ljava/lang/Class;)V 15 83 0 java/lang/invoke/DirectMethodHandle preparedFieldLambdaForm (BZLjava/lang/Class;)Ljava/lang/invoke/LambdaForm; 16 1 0 java/lang/invoke/DirectMethodHandle ftypeKind (Ljava/lang/Class;)I 17 11 0 java/lang/Enum ordinal ()I 16 8 0 java/lang/invoke/DirectMethodHandle afIndex (BZI)I 15 95 0 java/lang/invoke/DirectMethodHandle preparedFieldLambdaForm (BZLjava/lang/Class;)Ljava/lang/invoke/LambdaForm; 16 1 0 java/lang/invoke/DirectMethodHandle ftypeKind (Ljava/lang/Class;)I 17 11 0 java/lang/Enum ordinal ()I 16 8 0 java/lang/invoke/DirectMethodHandle afIndex (BZI)I 15 103 0 java/lang/invoke/DirectMethodHandle maybeCompile (Ljava/lang/invoke/LambdaForm;Ljava/lang/invoke/MemberName;)V 16 8 0 java/lang/invoke/MemberName getDeclaringClass ()Ljava/lang/Class; 14 192 0 java/lang/invoke/MemberName isStatic ()Z 15 4 0 java/lang/reflect/Modifier isStatic (I)Z 14 224 0 java/lang/invoke/DirectMethodHandle$StaticAccessor <init> (Ljava/lang/invoke/MethodType;Ljava/lang/invoke/LambdaForm;Ljava/lang/invoke/MemberName;ZLjava/lang/Object;J)V 15 6 0 java/lang/invoke/DirectMethodHandle <init> (Ljava/lang/invoke/MethodType;Ljava/lang/invoke/LambdaForm;Ljava/lang/invoke/MemberName;Z)V 16 3 0 java/lang/invoke/MethodHandle <init> (Ljava/lang/invoke/MethodType;Ljava/lang/invoke/LambdaForm;)V 17 6 1 java/util/Objects requireNonNull (Ljava/lang/Object;)Ljava/lang/Object; 17 17 1 java/util/Objects requireNonNull (Ljava/lang/Object;)Ljava/lang/Object; 16 7 0 java/lang/invoke/MemberName isResolved ()Z 16 22 0 java/lang/invoke/MemberName getDeclaringClass ()Ljava/lang/Class; 16 72 0 java/lang/invoke/MemberName <init> (Ljava/lang/Class;Ljava/lang/String;Ljava/lang/invoke/MethodType;B)V 16 77 0 java/lang/invoke/MemberName getFactory ()Ljava/lang/invoke/MemberName$Factory; 15 11 0 java/lang/invoke/MemberName getFieldType ()Ljava/lang/Class; 16 21 0 java/lang/invoke/MemberName isInvocable ()Z 14 271 0 java/lang/invoke/DirectMethodHandle$Accessor <init> (Ljava/lang/invoke/MethodType;Ljava/lang/invoke/LambdaForm;Ljava/lang/invoke/MemberName;ZI)V 15 6 0 java/lang/invoke/DirectMethodHandle <init> (Ljava/lang/invoke/MethodType;Ljava/lang/invoke/LambdaForm;Ljava/lang/invoke/MemberName;Z)V 16 3 0 java/lang/invoke/MethodHandle <init> (Ljava/lang/invoke/MethodType;Ljava/lang/invoke/LambdaForm;)V 17 6 1 java/util/Objects requireNonNull (Ljava/lang/Object;)Ljava/lang/Object; 17 17 1 java/util/Objects requireNonNull (Ljava/lang/Object;)Ljava/lang/Object; 16 7 0 java/lang/invoke/MemberName isResolved ()Z 16 22 0 java/lang/invoke/MemberName getDeclaringClass ()Ljava/lang/Class; 16 77 0 java/lang/invoke/MemberName getFactory ()Ljava/lang/invoke/MemberName$Factory;
